  0.999990666769142E+000  0.231428399686525E+002 -0.192176140486235E+002  0.680835764136116E+002 -0.181086449954546E+000 -0.519561732255403E+001 -0.877294611949307E+002 -0.167451030290137E+002 -0.115714199843262E+002
  0.999990666769142E+000  0.231938783296037E+002 -0.193072070417285E+002  0.652974398747899E+002 -0.149226024500155E+000 -0.457898603919462E+001 -0.576017476541933E+002 -0.167451030290137E+002 -0.115969391648019E+002
  0.999990666769142E+000  0.292156827762936E+002 -0.191892018257261E+002  0.678904670743557E+002 -0.423971445097659E-001 -0.408098590770479E+001 -0.338360965722078E+002 -0.167451030290137E+002 -0.146078413881468E+002
  0.999990666769142E+000  0.232806350382513E+002 -0.192371969515486E+002  0.677420056349838E+002 -0.283641859784704E+000 -0.437646322232878E+001 -0.803509838797664E+002 -0.167451030290137E+002 -0.116403175191257E+002
  0.999990666769142E+000  0.233628581707312E+002 -0.192604292869503E+002  0.662243373073569E+002 -0.709541541946879E-001 -0.358460391648140E+001 -0.280000552795187E+002 -0.167451030290137E+002 -0.116814290853656E+002
  0.999990666769142E+000  0.233996118349385E+002 -0.191854089413329E+002  0.691624039547386E+002 -0.309970390867595E+000 -0.221760240474848E+001 -0.246763584543536E+002 -0.167451030290137E+002 -0.116998059174692E+002
  0.999990666769142E+000  0.297829455293565E+002 -0.191517828782761E+002  0.699498613404203E+002 -0.166822385558198E+000 -0.305363312888734E+001 -0.279304742825951E+002 -0.167451030290137E+002 -0.148914727646782E+002
  0.999990666769142E+000  0.325726428798386E+002 -0.191599374871334E+002  0.695883501817743E+002 -0.304756363331286E+000 -0.179280088363598E+001 -0.177611473484055E+002 -0.167451030290137E+002 -0.162863214399193E+002
  0.999990666769142E+000  0.234126290712945E+002 -0.192592563013041E+002  0.658984783452241E+002 -0.159650599975558E-001 -0.382097546999626E+001 -0.259969597048246E+002 -0.167451030290137E+002 -0.117063145356472E+002
  0.999990666769142E+000  0.201264733407461E+002 -0.192658596755475E+002  0.660443015815125E+002 -0.275640904168362E-001 -0.600398541246591E+001 -0.756039912944767E+002 -0.167451030290137E+002 -0.100632366703731E+002
  0.999990666769142E+000  0.201398025839776E+002 -0.192253245613596E+002  0.675207282179107E+002 -0.143286791219316E+000 -0.302594294688007E+001 -0.224687119773915E+002 -0.167451030290137E+002 -0.100699012919888E+002
  0.999990666769142E+000  0.234781113163422E+002 -0.192407330529776E+002  0.665269652295477E+002 -0.146376519020234E+000 -0.263234844664970E+001 -0.201705930878760E+002 -0.167451030290137E+002 -0.117390556581711E+002
  0.999990666769142E+000  0.283504479485600E+002 -0.192763402037533E+002  0.663505127334296E+002 -0.305495411226827E+000 -0.289944894245716E+001 -0.380875210197341E+002 -0.167451030290137E+002 -0.141752239742800E+002
  0.999990666769142E+000  0.283249969548430E+002 -0.193471782509046E+002  0.644365738232549E+002 -0.365552267387089E+000 -0.147568883133460E+001 -0.170109027673515E+002 -0.167451030290137E+002 -0.141624984774215E+002
  0.999990666769142E+000  0.279734440074983E+002 -0.191878694257890E+002  0.683786109736925E+002 -0.862545044503236E-001 -0.618082635582136E+001 -0.931175491176003E+002 -0.167451030290137E+002 -0.139867220037492E+002
  0.999990666769142E+000  0.276660394032259E+002 -0.192093590711094E+002  0.691120346882647E+002 -0.437275814709955E+000 -0.108533731581021E+001 -0.163262929555910E+002 -0.167451030290137E+002 -0.138330197016129E+002
  0.999990666769142E+000  0.234939994080169E+002 -0.192572008662449E+002  0.666544924131672E+002 -0.119634363464595E+000 -0.522422809492777E+001 -0.746766394675852E+002 -0.167451030290137E+002 -0.117469997040085E+002
  0.999990666769142E+000  0.269274556985917E+002 -0.192485432596586E+002  0.666577409869822E+002 -0.245401022799054E+000 -0.253129890876581E+001 -0.285034564973402E+002 -0.167451030290137E+002 -0.134637278492958E+002
  0.999990666769142E+000  0.267546024899375E+002 -0.191798817238270E+002  0.686517489772753E+002 -0.608383986415988E-001 -0.637832038497578E+001 -0.934464265929615E+002 -0.167451030290137E+002 -0.133773012449687E+002
  0.999990666769142E+000  0.201409584308495E+002 -0.192827117727990E+002  0.654311524674048E+002 -0.219158666910860E+000 -0.168707444694030E+001 -0.113916548201810E+002 -0.167451030290137E+002 -0.100704792154247E+002
  0.999990666769142E+000  0.235064848298250E+002 -0.192632030501309E+002  0.665637419217610E+002 -0.986255711910731E-001 -0.598031646154426E+001 -0.909436827894774E+002 -0.167451030290137E+002 -0.117532424149125E+002
  0.999990666769142E+000  0.265368825067755E+002 -0.192547690543165E+002  0.670078515153808E+002 -0.253192068415490E+000 -0.464578808956031E+001 -0.924957374433300E+002 -0.167451030290137E+002 -0.132684412533878E+002
  0.999990666769142E+000  0.264244367018557E+002 -0.192593151154514E+002  0.672227142444630E+002 -0.488048921278783E+000  0.334711027040058E-002 -0.406101512637557E+001 -0.167451030290137E+002 -0.132122183509279E+002
  0.999990666769142E+000  0.201494338040187E+002 -0.192527711807804E+002  0.662647391005920E+002 -0.120299413544429E-001 -0.489067355811052E+001 -0.444439116941177E+002 -0.167451030290137E+002 -0.100747169020094E+002
  0.999990666769142E+000  0.256612772925750E+002 -0.191968936176913E+002  0.681275837073390E+002 -0.269410741488592E+000 -0.126748360784382E+001 -0.902791142364325E+001 -0.167451030290137E+002 -0.128306386462875E+002
  0.999990666769142E+000  0.255927227584693E+002 -0.191940424963599E+002  0.680154072050336E+002 -0.769229776291611E-001 -0.483775712425546E+001 -0.523832322047392E+002 -0.167451030290137E+002 -0.127963613792346E+002
  0.999990666769142E+000  0.255112289164068E+002 -0.192356614631304E+002  0.674900147577423E+002 -0.229909300740605E+000 -0.475426751885194E+001 -0.885421924322484E+002 -0.167451030290137E+002 -0.127556144582034E+002
  0.999990666769142E+000  0.235227163489620E+002 -0.193047274176235E+002  0.655411071236013E+002 -0.252227351240640E+000 -0.499814090932650E+001 -0.990577046454249E+002 -0.167451030290137E+002 -0.117613581744810E+002
  0.999990666769142E+000  0.201558545454668E+002 -0.192073716589306E+002  0.684226518914731E+002 -0.192370871099032E+000 -0.496897742011809E+001 -0.800424578757568E+002 -0.167451030290137E+002 -0.100779272727334E+002
  0.999990666769142E+000  0.254284463290264E+002 -0.192953333085349E+002  0.651873782395437E+002 -0.102860869710919E-002 -0.633198446843507E+001 -0.793527410291827E+002 -0.167451030290137E+002 -0.127142231645132E+002
  0.999990666769142E+000  0.253638836175325E+002 -0.192429907544169E+002  0.675766049499450E+002 -0.287020372102494E+000 -0.334945004534060E+001 -0.558828655371078E+002 -0.167451030290137E+002 -0.126819418087662E+002
  0.999990666769142E+000  0.252995738881093E+002 -0.192421636204134E+002  0.675227480454178E+002 -0.330548252683450E+000 -0.371922483560570E+001 -0.744238206873715E+002 -0.167451030290137E+002 -0.126497869440547E+002
  0.999990666769142E+000  0.235581496263710E+002 -0.192683229124372E+002  0.661302347316884E+002 -0.648468234896438E-001 -0.509647053700639E+001 -0.598340382472024E+002 -0.167451030290137E+002 -0.117790748131855E+002
  0.999990666769142E+000  0.250801166735719E+002 -0.192169441399760E+002  0.671947849152525E+002 -0.426825470618908E-001 -0.513538107584930E+001 -0.567558440951528E+002 -0.167451030290137E+002 -0.125400583367859E+002
  0.999990666769142E+000  0.249598449312448E+002 -0.191915875917119E+002  0.688699465209197E+002 -0.266287686319240E+000 -0.264225606899263E+001 -0.329541913064292E+002 -0.167451030290137E+002 -0.124799224656224E+002
  0.999990666769142E+000  0.235869675511577E+002 -0.192081612588437E+002  0.685228118922126E+002 -0.202549532752098E+000 -0.432953054095163E+001 -0.579317736691035E+002 -0.167451030290137E+002 -0.117934837755788E+002
  0.999990666769142E+000  0.247456980142558E+002 -0.191924162227073E+002  0.681669077331149E+002 -0.536433875316680E-001 -0.518230618279880E+001 -0.545021185039506E+002 -0.167451030290137E+002 -0.123728490071279E+002
  0.999990666769142E+000  0.236793967736684E+002 -0.193153734825153E+002  0.646344535010432E+002 -0.128421638249055E+000 -0.390161709711255E+001 -0.417761846130937E+002 -0.167451030290137E+002 -0.118396983868342E+002
  0.999990666769142E+000  0.247188035128376E+002 -0.191935989780372E+002  0.683021339295023E+002 -0.127499199106638E+000 -0.456352765103050E+001 -0.517480784099480E+002 -0.167451030290137E+002 -0.123594017564188E+002
  0.999990666769142E+000  0.247184849316938E+002 -0.192545586015684E+002  0.674574189271580E+002 -0.354329953652450E+000 -0.354411152729982E+001 -0.795092684784639E+002 -0.167451030290137E+002 -0.123592424658469E+002
  0.999990666769142E+000  0.201763348843911E+002 -0.192213650746636E+002  0.675342320413300E+002 -0.132109415182619E+000 -0.494072875320804E+001 -0.677610413145082E+002 -0.167451030290137E+002 -0.100881674421955E+002
  0.999990666769142E+000  0.246249890298266E+002 -0.192630211267907E+002  0.665325956297195E+002 -0.252824808046935E+000 -0.369992480896298E+001 -0.516580432404206E+002 -0.167451030290137E+002 -0.123124945149133E+002
  0.999990666769142E+000  0.237602663784114E+002 -0.192649108516001E+002  0.661056160705386E+002 -0.133918565656547E+000 -0.483429577454905E+001 -0.669503945670105E+002 -0.167451030290137E+002 -0.118801331892057E+002
  0.999990666769142E+000  0.237629862221875E+002 -0.192690091072079E+002  0.663255363624562E+002 -0.889547739665943E-001 -0.535356754680405E+001 -0.697429425762588E+002 -0.167451030290137E+002 -0.118814931110937E+002
  0.999990666769142E+000  0.244594824534125E+002 -0.192753496521449E+002  0.654756042179506E+002 -0.206509867940829E-001 -0.565414972452520E+001 -0.667736313114707E+002 -0.167451030290137E+002 -0.122297412267063E+002
  0.999990666769142E+000  0.244353283479328E+002 -0.192031440008074E+002  0.687018891699445E+002 -0.309311630012140E+000 -0.279189849323747E+001 -0.433153020570630E+002 -0.167451030290137E+002 -0.122176641739664E+002
  0.999990666769142E+000  0.238911203495337E+002 -0.193187092076027E+002  0.646465564752676E+002 -0.197621679713101E+000 -0.368918850048378E+001 -0.441592946593815E+002 -0.167451030290137E+002 -0.119455601747669E+002
  0.999990666769142E+000  0.242853733036517E+002 -0.192483141030235E+002  0.662758616545169E+002 -0.108565450818565E-002 -0.641965934960463E+001 -0.830512873736672E+002 -0.167451030290137E+002 -0.121426866518258E+002
  0.999990666769142E+000  0.242713635389895E+002 -0.193150203173248E+002  0.651260404537748E+002 -0.225824467269991E+000 -0.514416736073764E+001 -0.945373108072187E+002 -0.167451030290137E+002 -0.121356817694948E+002
  0.999990666769142E+000  0.202160428257102E+002 -0.192660946482110E+002  0.667639272107401E+002 -0.221770128531207E+000 -0.538120525633639E+001 -0.995268340304624E+002 -0.167451030290137E+002 -0.101080214128551E+002
  0.999990666769142E+000  0.239415439564445E+002 -0.192425766447896E+002  0.678865254331419E+002 -0.422284048911023E+000 -0.115392580842080E+000 -0.276901847948623E+001 -0.167451030290137E+002 -0.119707719782223E+002
  0.999990666769142E+000  0.241295413818028E+002 -0.193520375641877E+002  0.641998466184424E+002 -0.378409315281244E+000 -0.300389460266762E+000 -0.283361647001837E+001 -0.167451030290137E+002 -0.120647706909014E+002
  0.999990666769142E+000  0.240212833612725E+002 -0.192584076845070E+002  0.674469996499290E+002 -0.476847472336052E+000 -0.572545190746339E+000 -0.117517523359706E+002 -0.167451030290137E+002 -0.120106416806362E+002
  0.999990666769142E+000  0.230182888869876E+002 -0.191927564638668E+002  0.682504019836133E+002 -0.191123581399263E+000 -0.258295625893900E+001 -0.203403010312097E+002 -0.167451030290137E+002 -0.115091444434938E+002
  0.999990666769142E+000  0.230142692357387E+002 -0.192484431117116E+002  0.675313607724318E+002 -0.260305476752323E+000 -0.469486827996874E+001 -0.892430420045205E+002 -0.167451030290137E+002 -0.115071346178694E+002
  0.999990666769142E+000  0.202371423058756E+002 -0.192049075260302E+002  0.679251460003167E+002 -0.193508116841853E+000 -0.277115338038465E+001 -0.255072240600834E+002 -0.167451030290137E+002 -0.101185711529378E+002
  0.999990666769142E+000  0.229240171000992E+002 -0.192098419383408E+002  0.686049893495055E+002 -0.308737112021644E+000 -0.370137704750923E+001 -0.685712881616705E+002 -0.167451030290137E+002 -0.114620085500496E+002
  0.999990666769142E+000  0.228925738295398E+002 -0.192663189005795E+002  0.662199125404531E+002 -0.173478438484316E+000 -0.281549805849043E+001 -0.262446059044395E+002 -0.167451030290137E+002 -0.114462869147699E+002
  0.999990666769142E+000  0.228404904818096E+002 -0.192710232540240E+002  0.661103386274309E+002 -0.195379997576234E+000 -0.306642991243485E+001 -0.273300991566291E+002 -0.167451030290137E+002 -0.114202452409048E+002
  0.999990666769142E+000  0.228129653299940E+002 -0.193057685877312E+002  0.647848803541247E+002 -0.673990037286754E-001 -0.504217786238172E+001 -0.585057264863385E+002 -0.167451030290137E+002 -0.114064826649970E+002
  0.999990666769142E+000  0.227744143032039E+002 -0.192077678865196E+002  0.680016289596932E+002 -0.552346042302683E-001 -0.485747592295292E+001 -0.494851513801986E+002 -0.167451030290137E+002 -0.113872071516020E+002
  0.999990666769142E+000  0.227491927568148E+002 -0.192629834865300E+002  0.661907562141904E+002 -0.289284977231478E+000 -0.146435596745728E+001 -0.116384044385214E+002 -0.167451030290137E+002 -0.113745963784074E+002
  0.999990666769142E+000  0.227456917154279E+002 -0.192811933743632E+002  0.658200791018732E+002 -0.197739107327177E+000 -0.225534559193387E+001 -0.186875943562270E+002 -0.167451030290137E+002 -0.113728458577140E+002
  0.999990666769142E+000  0.227246330270202E+002 -0.192452049037011E+002  0.667023335555378E+002 -0.558328191089483E-001 -0.557250173125009E+001 -0.627171312280590E+002 -0.167451030290137E+002 -0.113623165135101E+002
  0.999990666769142E+000  0.227034612263005E+002 -0.192178713139374E+002  0.680487432008988E+002 -0.257945899350519E+000 -0.415459333592567E+001 -0.681753428978580E+002 -0.167451030290137E+002 -0.113517306131503E+002
  0.999990666769142E+000  0.226939845453431E+002 -0.191926752274167E+002  0.686421306303938E+002 -0.248120935462761E+000 -0.277917637344419E+001 -0.328313506444416E+002 -0.167451030290137E+002 -0.113469922726715E+002
  0.999990666769142E+000  0.226438139247406E+002 -0.193090825192233E+002  0.650150862055070E+002 -0.229254699876347E+000 -0.283967536825411E+001 -0.281600538900192E+002 -0.167451030290137E+002 -0.113219069623703E+002
  0.999990666769142E+000  0.226121479083904E+002 -0.191857492656289E+002  0.690239749484780E+002 -0.210254848625298E+000 -0.369905458700828E+001 -0.483646106665202E+002 -0.167451030290137E+002 -0.113060739541952E+002
  0.999990666769142E+000  0.226104082052382E+002 -0.191902410160067E+002  0.684642787197440E+002 -0.137505384761753E+000 -0.431244066346469E+001 -0.478970795440144E+002 -0.167451030290137E+002 -0.113052041026191E+002
  0.999990666769142E+000  0.225775637280018E+002 -0.192040407399224E+002  0.683462177146185E+002 -0.906929266295669E-001 -0.545442523180951E+001 -0.681554326855115E+002 -0.167451030290137E+002 -0.112887818640009E+002
  0.999990666769142E+000  0.224900725304253E+002 -0.192213856255630E+002  0.675653631795940E+002 -0.246043984460292E+000 -0.188256722664184E+001 -0.126712144278175E+002 -0.167451030290137E+002 -0.112450362652126E+002
  0.999990666769142E+000  0.224350775665350E+002 -0.192493389674345E+002  0.668879297380690E+002 -0.775404480865676E-001 -0.498184867803770E+001 -0.550358128239553E+002 -0.167451030290137E+002 -0.112175387832675E+002
  0.999990666769142E+000  0.224122303821214E+002 -0.192109417754213E+002  0.680683568554953E+002 -0.365266009930110E+000 -0.769695252593193E+000 -0.680593733984053E+001 -0.167451030290137E+002 -0.112061151910607E+002
  0.999990666769142E+000  0.223786517283009E+002 -0.191942324884052E+002  0.682341180813326E+002 -0.295979126071760E+000 -0.831004355966041E+000 -0.492017965421250E+001 -0.167451030290137E+002 -0.111893258641504E+002
  0.999990666769142E+000  0.223489169893034E+002 -0.193011513523130E+002  0.654941364744033E+002 -0.172950676537452E+000 -0.415875343289344E+001 -0.495376523087539E+002 -0.167451030290137E+002 -0.111744584946517E+002
  0.999990666769142E+000  0.223467285457922E+002 -0.192147763960923E+002  0.674033251095943E+002 -0.280687044901184E-002 -0.553635118810214E+001 -0.550322363520605E+002 -0.167451030290137E+002 -0.111733642728961E+002
  0.999990666769142E+000  0.222977243611611E+002 -0.192720851338729E+002  0.667505366914908E+002 -0.308003398187665E+000 -0.375889150865557E+001 -0.723997519571947E+002 -0.167451030290137E+002 -0.111488621805806E+002
  0.999990666769142E+000  0.222901708515399E+002 -0.192534355529778E+002  0.669773223951927E+002 -0.296299872577012E+000 -0.240314865157792E+001 -0.259343406152898E+002 -0.167451030290137E+002 -0.111450854257700E+002
  0.999990666769142E+000  0.202491948899224E+002 -0.191977301833846E+002  0.687733605314580E+002 -0.244594369000193E+000 -0.372459852364285E+001 -0.526724609980027E+002 -0.167451030290137E+002 -0.101245974449612E+002
  0.999990666769142E+000  0.222550483306131E+002 -0.192740739660732E+002  0.663870721996817E+002 -0.255860634264042E+000 -0.394705441084744E+001 -0.589935255239975E+002 -0.167451030290137E+002 -0.111275241653066E+002
  0.999990666769142E+000  0.222379838790479E+002 -0.192411345818810E+002  0.668952770324726E+002 -0.109442526042202E+000 -0.604351729341051E+001 -0.892957778114803E+002 -0.167451030290137E+002 -0.111189919395239E+002
  0.999990666769142E+000  0.221928749274413E+002 -0.192397382080392E+002  0.675023451861302E+002 -0.182288623162340E+000 -0.378946856120095E+001 -0.432459237485166E+002 -0.167451030290137E+002 -0.110964374637206E+002
  0.999990666769142E+000  0.221589656478416E+002 -0.192393607321212E+002  0.666122339937023E+002 -0.875050105863595E-001 -0.353928898655821E+001 -0.261209777886627E+002 -0.167451030290137E+002 -0.110794828239208E+002
  0.999990666769142E+000  0.221268979357356E+002 -0.192633411187427E+002  0.665425752448448E+002 -0.230375374211428E+000 -0.298777891407842E+001 -0.295997157574904E+002 -0.167451030290137E+002 -0.110634489678678E+002
  0.999990666769142E+000  0.202800491764678E+002 -0.192319308493863E+002  0.678339128295623E+002 -0.237129901857354E+000 -0.488310891822306E+001 -0.899752186333844E+002 -0.167451030290137E+002 -0.101400245882339E+002
  0.999990666769142E+000  0.220698582818928E+002 -0.192626089358349E+002  0.669466024612404E+002 -0.424404691608005E+000 -0.888126657722871E+000 -0.131637268334553E+002 -0.167451030290137E+002 -0.110349291409464E+002
  0.999990666769142E+000  0.220630529843168E+002 -0.192392062299821E+002  0.673450498603804E+002 -0.426369393026918E+000 -0.188800689466593E-001 -0.229748682563169E+001 -0.167451030290137E+002 -0.110315264921584E+002
  0.999990666769142E+000  0.220181177936680E+002 -0.193041639591146E+002  0.650006814147126E+002 -0.339547739413812E+000 -0.472507023492371E+000 -0.286624621928220E+001 -0.167451030290137E+002 -0.110090588968340E+002
  0.999990666769142E+000  0.219999911331582E+002 -0.191940357962399E+002  0.681347649800361E+002 -0.995949638283382E-001 -0.413457321118642E+001 -0.417938348031193E+002 -0.167451030290137E+002 -0.109999955665791E+002
  0.999990666769142E+000  0.203277939089319E+002 -0.192353479293842E+002  0.681275608602546E+002 -0.408015228962562E+000 -0.416691557168525E+000 -0.425149689787926E+001 -0.167451030290137E+002 -0.101638969544660E+002
  0.999990666769142E+000  0.218989091333260E+002 -0.191931510207895E+002  0.682805488864652E+002 -0.296278738801226E+000 -0.810251892097968E+000 -0.437906544710303E+001 -0.167451030290137E+002 -0.109494545666630E+002
  0.999990666769142E+000  0.218894434235716E+002 -0.192519506035826E+002  0.672581429084075E+002 -0.207206392924826E+000 -0.535340480198263E+001 -0.920700106878827E+002 -0.167451030290137E+002 -0.109447217117858E+002
  0.999990666769142E+000  0.218861920107582E+002 -0.192373792255242E+002  0.672126219734270E+002 -0.288055394422344E+000 -0.162699229341318E+001 -0.118833048129740E+002 -0.167451030290137E+002 -0.109430960053791E+002
  0.999990666769142E+000  0.218774241389813E+002 -0.192598357631971E+002  0.670867610888494E+002 -0.233417052707924E+000 -0.444681225707068E+001 -0.714925471498782E+002 -0.167451030290137E+002 -0.109387120694907E+002
  0.999990666769142E+000  0.218577762917322E+002 -0.192007082207960E+002  0.681441263823081E+002 -0.133246247853756E+000 -0.465963631471136E+001 -0.601584089539459E+002 -0.167451030290137E+002 -0.109288881458661E+002
  0.999990666769142E+000  0.218507633423602E+002 -0.192460415361766E+002  0.668921432603374E+002 -0.101798022658574E+000 -0.608868239355561E+001 -0.864266289978872E+002 -0.167451030290137E+002 -0.109253816711801E+002
  0.999990666769142E+000  0.218438802814647E+002 -0.192611006641234E+002  0.658842698598139E+002 -0.302292278909884E-001 -0.534306312545036E+001 -0.566089337001721E+002 -0.167451030290137E+002 -0.109219401407323E+002
  0.999990666769142E+000  0.218400391593288E+002 -0.192154074939850E+002  0.682590947840584E+002 -0.154836248524452E+000 -0.564390711011349E+001 -0.897773285996425E+002 -0.167451030290137E+002 -0.109200195796644E+002
  0.999990666769142E+000  0.218295779775319E+002 -0.192649212743767E+002  0.658793912016791E+002 -0.688371105343397E-001 -0.310309199163257E+001 -0.199146707176855E+002 -0.167451030290137E+002 -0.109147889887659E+002
  0.999990666769142E+000  0.218087457340506E+002 -0.193161513047854E+002  0.649462115288800E+002 -0.204607548662721E+000 -0.426205097812288E+001 -0.615239548718208E+002 -0.167451030290137E+002 -0.109043728670253E+002
  0.999990666769142E+000  0.203347125143264E+002 -0.192603064236804E+002  0.664661322289047E+002 -0.190760706498363E+000 -0.446399170363262E+001 -0.621368512984535E+002 -0.167451030290137E+002 -0.101673562571632E+002
  0.999990666769142E+000  0.217849161149344E+002 -0.192263140100796E+002  0.680400389505360E+002 -0.242172299879859E+000 -0.467422953230340E+001 -0.851595472249968E+002 -0.167451030290137E+002 -0.108924580574672E+002
  0.999990666769142E+000  0.216384899704021E+002 -0.191991350976386E+002  0.683625758644664E+002 -0.138991256167508E+000 -0.584615883875729E+001 -0.930947047028528E+002 -0.167451030290137E+002 -0.108192449852010E+002
  0.999990666769142E+000  0.215951642817868E+002 -0.192531923389253E+002  0.667792918524445E+002 -0.321504326626681E+000 -0.124030493088445E+001 -0.121830525472396E+002 -0.167451030290137E+002 -0.107975821408934E+002
  0.999990666769142E+000  0.203768891764327E+002 -0.192135592931678E+002  0.676887191816081E+002 -0.139774474834378E+000 -0.446246081244965E+001 -0.534088610292530E+002 -0.167451030290137E+002 -0.101884445882163E+002
  0.999990666769142E+000  0.215630700390992E+002 -0.192990581728247E+002  0.648985905788599E+002 -0.160333491341992E+000 -0.276857390542941E+001 -0.222796087005951E+002 -0.167451030290137E+002 -0.107815350195496E+002
  0.999990666769142E+000  0.215593832753886E+002 -0.192290514468488E+002  0.670282658022791E+002 -0.330039829692232E-001 -0.434894508968602E+001 -0.377737458606650E+002 -0.167451030290137E+002 -0.107796916376943E+002
  0.999990666769142E+000  0.203841726319979E+002 -0.192161339933127E+002  0.674328348501124E+002 -0.751238800611618E-001 -0.458281441380246E+001 -0.486364834191236E+002 -0.167451030290137E+002 -0.101920863159990E+002
  0.999990666769142E+000  0.203950130528087E+002 -0.192928050319706E+002  0.657320863064202E+002 -0.177043296300815E+000 -0.513602802728975E+001 -0.780808381054188E+002 -0.167451030290137E+002 -0.101975065264043E+002
  0.999990666769142E+000  0.214597189748815E+002 -0.192407132164110E+002  0.675099822836502E+002 -0.173706506057949E+000 -0.583683017670675E+001 -0.986155723643000E+002 -0.167451030290137E+002 -0.107298594874408E+002
  0.999990666769142E+000  0.214121273396413E+002 -0.191979043964744E+002  0.682278298394040E+002 -0.121054533148078E+000 -0.399620564276663E+001 -0.423828751715130E+002 -0.167451030290137E+002 -0.107060636698206E+002
  0.999990666769142E+000  0.204143901244113E+002 -0.192526565737958E+002  0.673142540092479E+002 -0.268065635683269E+000 -0.386371626889632E+001 -0.609106638906286E+002 -0.167451030290137E+002 -0.102071950622056E+002
  0.999990666769142E+000  0.213899181204742E+002 -0.192737494044557E+002  0.662887939228626E+002 -0.929383330381743E-001 -0.628514381001130E+001 -0.944980391859663E+002 -0.167451030290137E+002 -0.106949590602371E+002
  0.999990666769142E+000  0.213845756576728E+002 -0.191819991925216E+002  0.690158432911564E+002 -0.286617507698044E+000 -0.197052464803308E+001 -0.187682046602164E+002 -0.167451030290137E+002 -0.106922878288364E+002
  0.999990666769142E+000  0.213407555360693E+002 -0.193167457986655E+002  0.647943333025643E+002 -0.360780915900636E+000 -0.498131748119977E+000 -0.404342421855847E+001 -0.167451030290137E+002 -0.106703777680346E+002
  0.999990666769142E+000  0.213321762776192E+002 -0.192422518216513E+002  0.675542966760236E+002 -0.303963546250869E+000 -0.390245813358578E+001 -0.754059598480712E+002 -0.167451030290137E+002 -0.106660881388096E+002
  0.999990666769142E+000  0.213210765144397E+002 -0.192512526625709E+002  0.667130921106056E+002 -0.391114097660952E+000  0.538356886014864E-001 -0.575526320381385E+000 -0.167451030290137E+002 -0.106605382572198E+002
  0.999990666769142E+000  0.212731747685196E+002 -0.192686315688769E+002  0.666779327847023E+002 -0.247641409275189E+000 -0.404469969558805E+001 -0.597765452172691E+002 -0.167451030290137E+002 -0.106365873842598E+002
  0.999990666769142E+000  0.212243893365736E+002 -0.192911284260334E+002  0.652244554533522E+002 -0.187195531021920E-001 -0.580580681985971E+001 -0.678113388071377E+002 -0.167451030290137E+002 -0.106121946682868E+002
  0.999990666769142E+000  0.212031303818033E+002 -0.192433376370445E+002  0.673183227550749E+002 -0.152744118903720E+000 -0.482685429439916E+001 -0.666159900028028E+002 -0.167451030290137E+002 -0.106015651909017E+002
  0.999990666769142E+000  0.211961163441642E+002 -0.192924990718855E+002  0.658458081778082E+002 -0.221880066861607E+000 -0.340571164491380E+001 -0.388621651582704E+002 -0.167451030290137E+002 -0.105980581720821E+002
  0.999990666769142E+000  0.211797860031518E+002 -0.192194331809178E+002  0.681924373585879E+002 -0.197851900859216E+000 -0.484475601911242E+001 -0.766933021523327E+002 -0.167451030290137E+002 -0.105898930015759E+002
  0.999990666769142E+000  0.211538263539334E+002 -0.192245133123519E+002  0.682650807022791E+002 -0.340958570666674E+000 -0.186750893411280E+001 -0.207600462618338E+002 -0.167451030290137E+002 -0.105769131769667E+002
  0.999990666769142E+000  0.211526750546566E+002 -0.192360839828676E+002  0.677325739428439E+002 -0.281877416499732E+000 -0.447959084775009E+001 -0.886803874704424E+002 -0.167451030290137E+002 -0.105763375273283E+002
  0.999990666769142E+000  0.211525947786984E+002 -0.193134882762265E+002  0.648958604736873E+002 -0.360767791987925E+000 -0.517961586378778E+000 -0.393075659348038E+001 -0.167451030290137E+002 -0.105762973893492E+002
  0.999990666769142E+000  0.204541591932835E+002 -0.192699677144238E+002  0.665516598700829E+002 -0.221234367504749E+000 -0.313696671818166E+001 -0.326518495377764E+002 -0.167451030290137E+002 -0.102270795966418E+002
  0.999990666769142E+000  0.210965680849599E+002 -0.191988391924342E+002  0.687307488407044E+002 -0.216065027009838E+000 -0.436841515113287E+001 -0.638236911566814E+002 -0.167451030290137E+002 -0.105482840424800E+002
  0.999990666769142E+000  0.210941039113561E+002 -0.192470908445138E+002  0.671411374994831E+002 -0.321388874560182E+000 -0.206719307223676E+001 -0.231140896446289E+002 -0.167451030290137E+002 -0.105470519556781E+002
  0.999990666769142E+000  0.210828671033985E+002 -0.193132433530499E+002  0.649615964103900E+002 -0.195109896895719E+000 -0.266608969882368E+001 -0.237118027469451E+002 -0.167451030290137E+002 -0.105414335516992E+002
  0.999990666769142E+000  0.210786328542910E+002 -0.192179663425619E+002  0.679723339620657E+002 -0.230543117822891E+000 -0.437594642561340E+001 -0.688145711405897E+002 -0.167451030290137E+002 -0.105393164271455E+002
  0.999990666769142E+000  0.210291126158523E+002 -0.191713442229307E+002  0.694978578897643E+002 -0.252924259033729E+000 -0.225476146351637E+001 -0.204469814091213E+002 -0.167451030290137E+002 -0.105145563079262E+002
  0.999990666769142E+000  0.210028728377421E+002 -0.192358555267877E+002  0.669023360004112E+002 -0.219585758877289E+000 -0.228811639600514E+001 -0.193714810592308E+002 -0.167451030290137E+002 -0.105014364188711E+002
  0.999990666769142E+000  0.209973817072469E+002 -0.192637235009985E+002  0.665242253550404E+002 -0.226910589625433E+000 -0.248470081679132E+001 -0.200083789999425E+002 -0.167451030290137E+002 -0.104986908536234E+002
  0.999990666769142E+000  0.209187479411886E+002 -0.191925297739019E+002  0.682820121681672E+002 -0.161284828326746E+000 -0.323857009410716E+001 -0.303070377098700E+002 -0.167451030290137E+002 -0.104593739705943E+002
  0.999990666769142E+000  0.209183018155421E+002 -0.193227273002485E+002  0.648351339060224E+002 -0.274155398202819E+000 -0.219148611109876E+001 -0.213382650718807E+002 -0.167451030290137E+002 -0.104591509077711E+002
  0.999990666769142E+000  0.208811464170367E+002 -0.191970397291054E+002  0.684161103755442E+002 -0.142468041612791E+000 -0.470870879642103E+001 -0.627526824428878E+002 -0.167451030290137E+002 -0.104405732085183E+002
  0.999990666769142E+000  0.204694217434370E+002 -0.191773929484064E+002  0.694349468882971E+002 -0.316739964915556E+000 -0.165696600480918E+001 -0.165894169495701E+002 -0.167451030290137E+002 -0.102347108717185E+002
  0.999990666769142E+000  0.204921004360483E+002 -0.192557735212002E+002  0.664797181022813E+002 -0.362061307544232E-001 -0.666825351830861E+001 -0.969044604537052E+002 -0.167451030290137E+002 -0.102460502180242E+002
  0.999990666769142E+000  0.207691925639375E+002 -0.192851163668239E+002  0.654531189538015E+002 -0.223249004661481E-001 -0.575404079599396E+001 -0.668905930209308E+002 -0.167451030290137E+002 -0.103845962819687E+002
  0.999990666769142E+000  0.207609092597634E+002 -0.192018266104450E+002  0.685136484464688E+002 -0.176624795345633E+000 -0.556980543101428E+001 -0.935332006192332E+002 -0.167451030290137E+002 -0.103804546298817E+002
  0.999990666769142E+000  0.207127565207640E+002 -0.192353364471245E+002  0.674054751536889E+002 -0.917419192029747E-001 -0.649275283628088E+001 -0.972924892832584E+002 -0.167451030290137E+002 -0.103563782603820E+002
  0.999990666769142E+000  0.207084675256967E+002 -0.192703152139401E+002  0.665308961907668E+002 -0.210158626402054E+000 -0.435147336469522E+001 -0.672550240960542E+002 -0.167451030290137E+002 -0.103542337628483E+002
  0.999990666769142E+000  0.207066220623924E+002 -0.192143763797378E+002  0.675520170142948E+002 -0.522240252981794E-001 -0.575070640052393E+001 -0.690287921082354E+002 -0.167451030290137E+002 -0.103533110311962E+002
  0.999990666769142E+000  0.207049332499161E+002 -0.192255722179486E+002  0.679188349038362E+002 -0.287563500471355E+000 -0.291502583992970E+001 -0.424547194136732E+002 -0.167451030290137E+002 -0.103524666249581E+002
  0.999990666769142E+000  0.205076227878614E+002 -0.192903889998702E+002  0.655099101962783E+002 -0.156987711330536E+000 -0.500706531664928E+001 -0.742766547195723E+002 -0.167451030290137E+002 -0.102538113939307E+002
  0.999990666769142E+000  0.206191779414239E+002 -0.192712412362204E+002  0.661708323478178E+002 -0.264528916842317E+000 -0.115011332871742E+001 -0.792445557441231E+001 -0.167451030290137E+002 -0.103095889707119E+002
  0.999990666769142E+000  0.206075892271915E+002 -0.192094749400841E+002  0.682210110886700E+002 -0.232526590466318E+000 -0.272582423239032E+001 -0.300365716562319E+002 -0.167451030290137E+002 -0.103037946135957E+002
  0.999990666769142E+000  0.205966943435156E+002 -0.192003195127190E+002  0.683547169936734E+002 -0.164828777957902E+000 -0.323489859357702E+001 -0.279431666736915E+002 -0.167451030290137E+002 -0.102983471717578E+002
  0.999990666769142E+000  0.205915459981872E+002 -0.192818436718143E+002  0.656550610433313E+002 -0.100661415879248E+000 -0.584333046194872E+001 -0.873346664898344E+002 -0.167451030290137E+002 -0.102957729990936E+002
  0.999990666769142E+000  0.205822775545900E+002 -0.192238633661939E+002  0.673856567871231E+002 -0.581599277842286E-001 -0.605282352578357E+001 -0.770051736705730E+002 -0.167451030290137E+002 -0.102911387772950E+002
  0.999990666769142E+000  0.205730250522042E+002 -0.192173310206046E+002  0.680812029695672E+002 -0.194727296386056E+000 -0.516057024592548E+001 -0.887065268703480E+002 -0.167451030290137E+002 -0.102865125261021E+002
  0.999990666769142E+000  0.205693040391041E+002 -0.192564533982976E+002  0.667595842738030E+002 -0.153767946400968E+000 -0.447254792497366E+001 -0.593493173096389E+002 -0.167451030290137E+002 -0.102846520195520E+002
  0.999990666769142E+000  0.205368481145002E+002 -0.192804172709411E+002  0.662683632986705E+002 -0.264450561637682E+000 -0.284226268508618E+001 -0.366359412617719E+002 -0.167451030290137E+002 -0.102684240572501E+002
  0.999990666769142E+000  0.205244463815810E+002 -0.192477739151277E+002  0.666431357412770E+002 -0.862216198695731E-002 -0.625874398077207E+001 -0.776451380494975E+002 -0.167451030290137E+002 -0.102622231907905E+002
  0.999990666769142E+000  0.201002812568472E+002 -0.192852619338433E+002  0.655749618263966E+002 -0.307269088299021E+000 -0.105475726962361E+001 -0.731744530728334E+001 -0.167451030290137E+002 -0.100501406284236E+002
  0.999990666769142E+000  0.200865659614160E+002 -0.192587984306313E+002  0.663975236078584E+002 -0.305955844997405E-001 -0.635488628995924E+001 -0.799437583749591E+002 -0.167451030290137E+002 -0.100432829807080E+002
  0.999990666769142E+000  0.200322553340946E+002 -0.192584958382335E+002  0.660517951860336E+002 -0.103029711873834E+000 -0.395120616758737E+001 -0.376732462286240E+002 -0.167451030290137E+002 -0.100161276670473E+002
  0.999990666769142E+000  0.198724990764249E+002 -0.192441960805258E+002  0.674432632902732E+002 -0.334167456022386E+000 -0.231337355039687E+001 -0.342621250570252E+002 -0.167451030290137E+002 -0.993624953821247E+001
  0.999990666769142E+000  0.198720614109387E+002 -0.192904405617438E+002  0.651107819019120E+002 -0.125707777266875E+000 -0.267186660348095E+001 -0.176269666464234E+002 -0.167451030290137E+002 -0.993603070546933E+001
  0.999990666769142E+000  0.198477458803917E+002 -0.192172680906286E+002  0.682310147809108E+002 -0.256580707424788E+000 -0.217019574303163E+001 -0.201811141517701E+002 -0.167451030290137E+002 -0.992387294019583E+001
  0.999990666769142E+000  0.198295908892691E+002 -0.192194987836394E+002  0.677804857873099E+002 -0.286120733934864E+000 -0.209732590233439E+001 -0.209404222844835E+002 -0.167451030290137E+002 -0.991479544463456E+001
  0.999990666769142E+000  0.198257692117535E+002 -0.192701846284840E+002  0.656822454012176E+002 -0.852541613083846E-001 -0.387413755498353E+001 -0.333598597011252E+002 -0.167451030290137E+002 -0.991288460587676E+001
  0.999990666769142E+000  0.198113394400914E+002 -0.192515187892659E+002  0.662063682817631E+002 -0.559195749088728E-001 -0.377323247763613E+001 -0.283640034018895E+002 -0.167451030290137E+002 -0.990566972004569E+001
  0.999990666769142E+000  0.197730149102126E+002 -0.192532108524627E+002  0.671652020204523E+002 -0.252645292976871E+000 -0.465083923678560E+001 -0.867421381561273E+002 -0.167451030290137E+002 -0.988650745510628E+001
  0.999990666769142E+000  0.197669100628466E+002 -0.191978715987605E+002  0.684118608125208E+002 -0.963216303015479E-001 -0.586758880441633E+001 -0.829824654071790E+002 -0.167451030290137E+002 -0.988345503142328E+001
  0.999990666769142E+000  0.197580577590475E+002 -0.192604345712052E+002  0.664951660841050E+002 -0.649129422594104E-001 -0.667901037352104E+001 -0.968433860734710E+002 -0.167451030290137E+002 -0.987902887952377E+001
  0.999990666769142E+000  0.197577170568959E+002 -0.192425167408849E+002  0.673487545583426E+002 -0.195045899582211E+000 -0.401121145492644E+001 -0.487536696945619E+002 -0.167451030290137E+002 -0.987885852844797E+001
  0.999990666769142E+000  0.197504917988862E+002 -0.192761535761363E+002  0.663144589623649E+002 -0.204190944680195E+000 -0.512302744800875E+001 -0.847218425321949E+002 -0.167451030290137E+002 -0.987524589944308E+001
  0.999990666769142E+000  0.197230138677588E+002 -0.192174216736450E+002  0.678479520190337E+002 -0.340146667122672E+000 -0.103964846229005E+001 -0.868486132231713E+001 -0.167451030290137E+002 -0.986150693387941E+001
  0.999990666769142E+000  0.197190891495606E+002 -0.192625490657636E+002  0.665918287760505E+002 -0.234656438842455E+000 -0.320011744894772E+001 -0.355110054059036E+002 -0.167451030290137E+002 -0.985954457478031E+001
  0.999990666769142E+000  0.197189675676907E+002 -0.191971624671242E+002  0.688176422937485E+002 -0.246527336180989E+000 -0.330506767169330E+001 -0.423330414777304E+002 -0.167451030290137E+002 -0.985948378384536E+001
  0.999990666769142E+000  0.197021847060816E+002 -0.192734127945075E+002  0.664460359804183E+002 -0.267255429057870E+000 -0.384141384116062E+001 -0.642161978223155E+002 -0.167451030290137E+002 -0.985109235304080E+001
  0.999990666769142E+000  0.197021486797891E+002 -0.192426903396544E+002  0.671592655373120E+002 -0.168877857639209E+000 -0.482243089057251E+001 -0.726883708411075E+002 -0.167451030290137E+002 -0.985107433989457E+001
  0.999990666769142E+000  0.196964932476263E+002 -0.192766781269313E+002  0.662057761360650E+002 -0.211115194560688E+000 -0.279357208480407E+001 -0.247000238606148E+002 -0.167451030290137E+002 -0.984824662381314E+001
  0.999990666769142E+000  0.196755074069772E+002 -0.192303625317552E+002  0.676688294230012E+002 -0.191454420223883E+000 -0.340460129923849E+001 -0.379325242970997E+002 -0.167451030290137E+002 -0.983775370348860E+001
  0.999990666769142E+000  0.196739960722493E+002 -0.192617572572058E+002  0.661304398384740E+002 -0.639989346293359E-001 -0.623010474512736E+001 -0.894238204059487E+002 -0.167451030290137E+002 -0.983699803612464E+001
  0.999990666769142E+000  0.196312400553711E+002 -0.192019567085743E+002  0.682363822232688E+002 -0.766885417145604E-001 -0.598481235624273E+001 -0.828099605326005E+002 -0.167451030290137E+002 -0.981562002768555E+001
  0.999990666769142E+000  0.196246786677919E+002 -0.192399957651386E+002  0.668921599367797E+002 -0.157380079914705E+000 -0.347015975286487E+001 -0.319037483241555E+002 -0.167451030290137E+002 -0.981233933389594E+001
  0.999990666769142E+000  0.196172031862292E+002 -0.192509040207476E+002  0.670229770850412E+002 -0.198708808677035E+000 -0.508527235599666E+001 -0.812134082807063E+002 -0.167451030290137E+002 -0.980860159311462E+001
  0.999990666769142E+000  0.196117194697673E+002 -0.192853859705524E+002  0.652846747081097E+002 -0.213982629807410E+000 -0.151419722350831E+001 -0.859290496900405E+001 -0.167451030290137E+002 -0.980585973488366E+001
  0.999990666769142E+000  0.195759156632980E+002 -0.192745044814169E+002  0.666486658769026E+002 -0.365128174780470E+000 -0.172119774604253E+001 -0.213397210351940E+002 -0.167451030290137E+002 -0.978795783164902E+001
  0.999990666769142E+000  0.195420225231871E+002 -0.191898613478147E+002  0.685474660691929E+002 -0.133430966168405E+000 -0.376892971478128E+001 -0.361745093984126E+002 -0.167451030290137E+002 -0.977101126159354E+001
  0.999990666769142E+000  0.195207247741169E+002 -0.192906305779192E+002  0.657746400981940E+002 -0.270681030001310E+000 -0.235658087002361E+001 -0.269691875477787E+002 -0.167451030290137E+002 -0.976036238705847E+001
  0.999990666769142E+000  0.195203221318006E+002 -0.192763746941712E+002  0.662154966126304E+002 -0.223734738643128E+000 -0.454466758414054E+001 -0.724290359209165E+002 -0.167451030290137E+002 -0.976016106590030E+001
  0.999990666769142E+000  0.195150978011597E+002 -0.192656529196168E+002  0.668535353819479E+002 -0.332860192622269E+000 -0.272485749122095E+001 -0.429389482499992E+002 -0.167451030290137E+002 -0.975754890057984E+001
  0.999990666769142E+000  0.195118526256614E+002 -0.192951517718859E+002  0.656594064944634E+002 -0.227837733356659E+000 -0.410519558131759E+001 -0.621570523362810E+002 -0.167451030290137E+002 -0.975592631283072E+001
  0.999990666769142E+000  0.195064708152904E+002 -0.191804770163315E+002  0.694075964180176E+002 -0.388332266156135E+000 -0.670168230197890E+000 -0.657146184744451E+001 -0.167451030290137E+002 -0.975323540764521E+001
  0.999990666769142E+000  0.194990461880468E+002 -0.192906804575829E+002  0.656581101349396E+002 -0.151983125405960E+000 -0.375885410228736E+001 -0.383461006121211E+002 -0.167451030290137E+002 -0.974952309402339E+001
  0.999990666769142E+000  0.194637472222925E+002 -0.192608648050440E+002  0.666790841703009E+002 -0.179976297961947E+000 -0.484601846128094E+001 -0.755772035761336E+002 -0.167451030290137E+002 -0.973187361114626E+001
  0.999990666769142E+000  0.194568227874030E+002 -0.192213102546920E+002  0.682260563063948E+002 -0.283532951829791E+000 -0.331587703621288E+001 -0.489347556618366E+002 -0.167451030290137E+002 -0.972841139370152E+001
  0.999990666769142E+000  0.194356690712517E+002 -0.192429501265988E+002  0.666784882241881E+002 -0.175330332169255E+000 -0.277204519218255E+001 -0.246834688969167E+002 -0.167451030290137E+002 -0.971783453562586E+001
  0.999990666769142E+000  0.194332800744884E+002 -0.191979092145018E+002  0.685355682911993E+002 -0.161374978831931E+000 -0.385271839795121E+001 -0.427793286893205E+002 -0.167451030290137E+002 -0.971664003724420E+001
  0.999990666769142E+000  0.194152797761643E+002 -0.192627078144013E+002  0.665810570931266E+002 -0.316579752805557E+000 -0.203665686473671E+001 -0.238099085256670E+002 -0.167451030290137E+002 -0.970763988808213E+001
  0.999990666769142E+000  0.194087555014763E+002 -0.192942658309591E+002  0.657860383431290E+002 -0.250392773263298E+000 -0.207856362842967E+001 -0.176680439598045E+002 -0.167451030290137E+002 -0.970437775073817E+001
  0.999990666769142E+000  0.193776732175899E+002 -0.192706563469014E+002  0.664491693452350E+002 -0.215106839999046E+000 -0.315181239637109E+001 -0.321318408890958E+002 -0.167451030290137E+002 -0.968883660879497E+001
  0.999990666769142E+000  0.193775963093357E+002 -0.193124191813153E+002  0.649922748861288E+002 -0.205871490280281E+000 -0.315269570721164E+001 -0.331692691921282E+002 -0.167451030290137E+002 -0.968879815466783E+001
  0.999990666769142E+000  0.193276521815458E+002 -0.192265993796765E+002  0.671139080156705E+002 -0.663587799859437E-001 -0.383406668360461E+001 -0.299192704935275E+002 -0.167451030290137E+002 -0.966382609077290E+001
  0.999990666769142E+000  0.193170010994294E+002 -0.192628852661977E+002  0.665697988542122E+002 -0.275332015032585E+000 -0.156501415167021E+001 -0.101175242714232E+002 -0.167451030290137E+002 -0.965850054971472E+001
  0.999990666769142E+000  0.192725543024892E+002 -0.192448325136692E+002  0.665069488554181E+002 -0.419983508096244E-003 -0.667139036585022E+001 -0.849275488076177E+002 -0.167451030290137E+002 -0.963627715124458E+001
  0.999990666769142E+000  0.192655779518372E+002 -0.192727619003545E+002  0.665508261419100E+002 -0.228398648017509E+000 -0.398700615243111E+001 -0.574409777380258E+002 -0.167451030290137E+002 -0.963278897591859E+001
  0.999990666769142E+000  0.192107491859752E+002 -0.192382241057332E+002  0.675711455559810E+002 -0.418716953065039E+000 -0.429325314444423E+000 -0.443497734081829E+001 -0.167451030290137E+002 -0.960537459298760E+001
  0.999990666769142E+000  0.191836432567632E+002 -0.191852206062410E+002  0.687648611273429E+002 -0.168674075384860E+000 -0.320605431243895E+001 -0.299333719221059E+002 -0.167451030290137E+002 -0.959182162838163E+001
  0.999990666769142E+000  0.191438244247873E+002 -0.192631811504359E+002  0.668527588607593E+002 -0.254585451802387E+000 -0.426861307363044E+001 -0.736809323968432E+002 -0.167451030290137E+002 -0.957191221239363E+001
  0.999990666769142E+000  0.191420658290825E+002 -0.192673430690307E+002  0.665075049836791E+002 -0.251356374191569E+000 -0.397718749570389E+001 -0.628597190840082E+002 -0.167451030290137E+002 -0.957103291454125E+001
  0.999990666769142E+000  0.190866892082458E+002 -0.192273548123127E+002  0.674212763254837E+002 -0.113640706975741E+000 -0.364050024906047E+001 -0.326315858145719E+002 -0.167451030290137E+002 -0.954334460412291E+001
  0.999990666769142E+000  0.190718690911742E+002 -0.192208236081844E+002  0.674496005425193E+002 -0.669570308665888E-001 -0.627079526242584E+001 -0.899737191596510E+002 -0.167451030290137E+002 -0.953593454558710E+001
  0.999990666769142E+000  0.190512629002019E+002 -0.191996792437266E+002  0.681706834942421E+002 -0.322553830265413E+000 -0.570067423305197E+000 -0.323297182851117E+001 -0.167451030290137E+002 -0.952563145010095E+001
  0.999990666769142E+000  0.190498623789232E+002 -0.192565156254894E+002  0.664481551098565E+002 -0.142181676102913E-001 -0.685956882990203E+001 -0.947564009938777E+002 -0.167451030290137E+002 -0.952493118946159E+001
  0.999990666769142E+000  0.190421188720944E+002 -0.192593829731809E+002  0.665255923407044E+002 -0.148278745107683E+000 -0.293555755360647E+001 -0.227590015078157E+002 -0.167451030290137E+002 -0.952105943604722E+001
  0.999990666769142E+000  0.190369338985045E+002 -0.192431218412196E+002  0.668489484615440E+002 -0.832379585382581E-001 -0.478946141423990E+001 -0.498855904079025E+002 -0.167451030290137E+002 -0.951846694925227E+001
  0.999990666769142E+000  0.190323212121707E+002 -0.193007535506012E+002  0.654539353297926E+002 -0.271602595106211E+000 -0.209175558422205E+001 -0.215509319879567E+002 -0.167451030290137E+002 -0.951616060608533E+001
  0.999990666769142E+000  0.190193923478097E+002 -0.191963864730041E+002  0.690028751998816E+002 -0.367652023645118E+000 -0.119846785118846E+001 -0.120801421945581E+002 -0.167451030290137E+002 -0.950969617390487E+001
  0.999990666769142E+000  0.190110496177844E+002 -0.192710690371004E+002  0.664407670583096E+002 -0.176317655112521E+000 -0.414120495907239E+001 -0.517249620656453E+002 -0.167451030290137E+002 -0.950552480889218E+001
  0.999990666769142E+000  0.189974384772255E+002 -0.192425806936058E+002  0.672955947610587E+002 -0.214967882634898E+000 -0.502926438898333E+001 -0.891209618024692E+002 -0.167451030290137E+002 -0.949871923861273E+001
  0.999990666769142E+000  0.189944026566013E+002 -0.192416729557695E+002  0.675181103296885E+002 -0.290553538127083E+000 -0.308183421582148E+001 -0.465713259685831E+002 -0.167451030290137E+002 -0.949720132830064E+001
  0.999990666769142E+000  0.189859859567590E+002 -0.192547727794655E+002  0.666104979101272E+002 -0.126092552784452E+000 -0.615521867069295E+001 -0.991222821852373E+002 -0.167451030290137E+002 -0.949299297837951E+001
  0.999990666769142E+000  0.189734977733097E+002 -0.192548329127412E+002  0.664909346972480E+002 -0.176578992950550E+000 -0.400599814321209E+001 -0.500145295336152E+002 -0.167451030290137E+002 -0.948674888665484E+001
  0.999990666769142E+000  0.189708925965595E+002 -0.192982259792955E+002  0.656049594805102E+002 -0.325537881499096E+000 -0.181795765436671E+001 -0.205087379634365E+002 -0.167451030290137E+002 -0.948544629827975E+001
  0.999990666769142E+000  0.189648764645623E+002 -0.192046727083507E+002  0.680907291357294E+002 -0.905929189040402E-001 -0.580703889466229E+001 -0.804113322226595E+002 -0.167451030290137E+002 -0.948243823228116E+001
  0.999990666769142E+000  0.189485020147415E+002 -0.192450784460182E+002  0.666651245980987E+002 -0.108912500740222E+000 -0.506030735766080E+001 -0.651200020298691E+002 -0.167451030290137E+002 -0.947425100737074E+001
  0.999990666769142E+000  0.189438215720307E+002 -0.192196242116080E+002  0.676397624872116E+002 -0.818864341566328E-001 -0.516223890468771E+001 -0.589765012665657E+002 -0.167451030290137E+002 -0.947191078601537E+001
  0.999990666769142E+000  0.189110420691747E+002 -0.192865905086835E+002  0.655693962778348E+002 -0.152460940501387E+000 -0.406249150573690E+001 -0.448182655509120E+002 -0.167451030290137E+002 -0.945552103458737E+001
  0.999990666769142E+000  0.188944260592267E+002 -0.192410740434545E+002  0.669080591596408E+002 -0.115949337522545E+000 -0.560423882954913E+001 -0.795760348105863E+002 -0.167451030290137E+002 -0.944721302961337E+001
  0.999990666769142E+000  0.188864018336646E+002 -0.192056360431092E+002  0.681622175770142E+002 -0.958052813815160E-001 -0.549552744315641E+001 -0.724572100807298E+002 -0.167451030290137E+002 -0.944320091683232E+001
  0.999990666769142E+000  0.188845145872472E+002 -0.192497952653210E+002  0.668495882181467E+002 -0.231825284851773E+000 -0.354261829646208E+001 -0.479966196041879E+002 -0.167451030290137E+002 -0.944225729362358E+001
  0.999990666769142E+000  0.188573819633264E+002 -0.192246201213156E+002  0.673908973844058E+002 -0.381810714340949E-001 -0.568351151906192E+001 -0.666491806780631E+002 -0.167451030290137E+002 -0.942869098166318E+001
  0.999990666769142E+000  0.188442069433716E+002 -0.192163756108932E+002  0.680458615901493E+002 -0.277432593404061E+000 -0.270366809343095E+001 -0.320581122096447E+002 -0.167451030290137E+002 -0.942210347168579E+001
  0.999990666769142E+000  0.188396040708759E+002 -0.192420113419987E+002  0.673289230037171E+002 -0.322798894064019E+000 -0.184322380386982E+001 -0.222200206098365E+002 -0.167451030290137E+002 -0.941980203543793E+001
  0.999990666769142E+000  0.188322452428598E+002 -0.192402034703246E+002  0.671893681615237E+002 -0.143892165259620E+000 -0.549367049006174E+001 -0.866856684837829E+002 -0.167451030290137E+002 -0.941612262142991E+001
  0.999990666769142E+000  0.188146047336421E+002 -0.192463393633083E+002  0.673117605567453E+002 -0.198633892803656E+000 -0.528229749811754E+001 -0.895462868920710E+002 -0.167451030290137E+002 -0.940730236682107E+001
  0.999990666769142E+000  0.188068602365737E+002 -0.193158019559194E+002  0.651967955441181E+002 -0.412923296657145E+000 -0.313395778230877E+000 -0.356376733225152E+001 -0.167451030290137E+002 -0.940343011828683E+001
  0.999990666769142E+000  0.188025672856359E+002 -0.192081707631625E+002  0.681439614017183E+002 -0.235668901927707E+000 -0.285657298730905E+001 -0.323940821720497E+002 -0.167451030290137E+002 -0.940128364281795E+001
  0.999990666769142E+000  0.187869472914508E+002 -0.192426212855215E+002  0.675031591024928E+002 -0.292868354254786E+000 -0.340368678071561E+001 -0.536396734768394E+002 -0.167451030290137E+002 -0.939347364572542E+001
  0.999990666769142E+000  0.187820926960157E+002 -0.192595168696815E+002  0.663100996965593E+002 -0.919839408089655E-001 -0.505281507707690E+001 -0.579335290517272E+002 -0.167451030290137E+002 -0.939104634800786E+001
  0.999990666769142E+000  0.187562407787243E+002 -0.192126058645374E+002  0.682851758628352E+002 -0.256040347600406E+000 -0.357211828891791E+001 -0.515297494266390E+002 -0.167451030290137E+002 -0.937812038936217E+001
  0.999990666769142E+000  0.187111655775389E+002 -0.192128977840901E+002  0.677468814717711E+002 -0.138609062451288E+000 -0.278150087227007E+001 -0.207415989594498E+002 -0.167451030290137E+002 -0.935558278876945E+001
  0.999990666769142E+000  0.186920408199475E+002 -0.192489422290695E+002  0.667472608373511E+002 -0.437501474593374E-001 -0.630005763321277E+001 -0.852770689833242E+002 -0.167451030290137E+002 -0.934602040997373E+001
  0.999990666769142E+000  0.186873397524705E+002 -0.192545050366475E+002  0.665903093047513E+002 -0.593355490676439E-001 -0.553617666974956E+001 -0.663079038415082E+002 -0.167451030290137E+002 -0.934366987623525E+001
  0.999990666769142E+000  0.186852202250008E+002 -0.192000179530145E+002  0.680583594391760E+002 -0.256293089262956E+000 -0.124176047740225E+001 -0.697846390255708E+001 -0.167451030290137E+002 -0.934261011250039E+001
  0.999990666769142E+000  0.186814656710663E+002 -0.192234218154790E+002  0.679310402494789E+002 -0.197131815225934E+000 -0.501822140547937E+001 -0.802626443566656E+002 -0.167451030290137E+002 -0.934073283553313E+001
  0.999990666769142E+000  0.186669839403903E+002 -0.192076780313027E+002  0.679941624295228E+002 -0.135818706467233E+000 -0.369155725655171E+001 -0.371427168202034E+002 -0.167451030290137E+002 -0.933349197019515E+001
  0.999990666769142E+000  0.186639184401795E+002 -0.192605661333497E+002  0.668372687506531E+002 -0.181876795461339E+000 -0.546863393922331E+001 -0.918624082422448E+002 -0.167451030290137E+002 -0.933195922008975E+001
  0.999990666769142E+000  0.186469318119798E+002 -0.192646368920857E+002  0.661504176874339E+002 -0.171013793351417E+000 -0.361659421317038E+001 -0.380138827273620E+002 -0.167451030290137E+002 -0.932346590598991E+001
  0.999990666769142E+000  0.186397711709160E+002 -0.192929377897138E+002  0.659970984191627E+002 -0.305198700405392E+000 -0.201403768423051E+001 -0.214934376985503E+002 -0.167451030290137E+002 -0.931988558545802E+001
  0.999990666769142E+000  0.186311831738435E+002 -0.192076972013077E+002  0.680894197164418E+002 -0.106696991388705E+000 -0.476545114388944E+001 -0.554128804274518E+002 -0.167451030290137E+002 -0.931559158692177E+001
  0.999990666769142E+000  0.186306743316734E+002 -0.192086967378871E+002  0.680897380959932E+002 -0.255420053329792E+000 -0.137644991807318E+001 -0.719187339650865E+001 -0.167451030290137E+002 -0.931533716583669E+001
  0.999990666769142E+000  0.186133128496991E+002 -0.191954130918898E+002  0.685907975761181E+002 -0.359715017211844E+000 -0.212913529053527E+000 -0.233391348989143E+001 -0.167451030290137E+002 -0.930665642484953E+001
  0.999990666769142E+000  0.186117172924505E+002 -0.192420065670379E+002  0.670004998339987E+002 -0.366788801185445E+000 -0.324048491518475E+000 -0.307015763933951E+001 -0.167451030290137E+002 -0.930585864622523E+001
  0.999990666769142E+000  0.185978680009733E+002 -0.192092993091169E+002  0.677877956065837E+002 -0.280970771649263E+000 -0.990223883887394E+000 -0.597103250294445E+001 -0.167451030290137E+002 -0.929893400048667E+001
  0.999990666769142E+000  0.185392130014444E+002 -0.191840523513909E+002  0.689973804849857E+002 -0.261113192776350E+000 -0.205989549109388E+001 -0.176645457204967E+002 -0.167451030290137E+002 -0.926960650072221E+001
  0.999990666769142E+000  0.185372681838099E+002 -0.192537511473280E+002  0.667043208239009E+002 -0.216758278466957E+000 -0.327166711024716E+001 -0.400537450777500E+002 -0.167451030290137E+002 -0.926863409190496E+001
  0.999990666769142E+000  0.185339072691374E+002 -0.192469404078559E+002  0.667626997568012E+002 -0.288309741016003E+000 -0.148063163076864E+001 -0.121941311315161E+002 -0.167451030290137E+002 -0.926695363456872E+001
  0.999990666769142E+000  0.185285203546149E+002 -0.192630190985988E+002  0.666471519546693E+002 -0.248371117842562E+000 -0.379132533293640E+001 -0.550227537322618E+002 -0.167451030290137E+002 -0.926426017730747E+001
  0.999990666769142E+000  0.185249496028980E+002 -0.192393112052290E+002  0.668929574476727E+002 -0.290532211289594E-001 -0.577145197698789E+001 -0.677414838148736E+002 -0.167451030290137E+002 -0.926247480144900E+001
  0.999990666769142E+000  0.184589044369012E+002 -0.192028687357454E+002  0.680417169339370E+002 -0.104924902904781E+000 -0.400731845610573E+001 -0.386883500317402E+002 -0.167451030290137E+002 -0.922945221845062E+001
  0.999990666769142E+000  0.184454215748177E+002 -0.191792071326247E+002  0.690063739155766E+002 -0.248241111379380E+000 -0.179579622511527E+001 -0.128966487511862E+002 -0.167451030290137E+002 -0.922271078740886E+001
  0.999990666769142E+000  0.184354585064909E+002 -0.192345514652181E+002  0.671869058621060E+002 -0.579506996302637E-001 -0.643738808774910E+001 -0.887947664828808E+002 -0.167451030290137E+002 -0.921772925324545E+001
  0.999990666769142E+000  0.184166879843415E+002 -0.192406275846757E+002  0.670352881907570E+002 -0.421974483697789E-001 -0.656399041425556E+001 -0.911458085473137E+002 -0.167451030290137E+002 -0.920834399217073E+001
  0.999990666769142E+000  0.184014677128400E+002 -0.192060281447440E+002  0.683175960436209E+002 -0.208678659392485E+000 -0.383173804698480E+001 -0.485397837871832E+002 -0.167451030290137E+002 -0.920073385642001E+001
  0.999990666769142E+000  0.183984513552789E+002 -0.192372813767318E+002  0.667740138860354E+002 -0.843377073077154E-001 -0.387309383688978E+001 -0.347681599719127E+002 -0.167451030290137E+002 -0.919922567763945E+001
  0.999990666769142E+000  0.183879233396689E+002 -0.192422433033382E+002  0.672702183622405E+002 -0.268974031904654E+000 -0.329117154063225E+001 -0.460629421128860E+002 -0.167451030290137E+002 -0.919396166983446E+001
  0.999990666769142E+000  0.183855493684912E+002 -0.192506937339263E+002  0.667132771087956E+002 -0.115424608481201E+000 -0.440330671316238E+001 -0.459555569081331E+002 -0.167451030290137E+002 -0.919277468424560E+001
  0.999990666769142E+000  0.183665858069787E+002 -0.192309320601593E+002  0.675131612518492E+002 -0.400543609285221E+000 -0.174468227878858E+000 -0.190436560989079E+001 -0.167451030290137E+002 -0.918329290348933E+001
  0.999990666769142E+000  0.183526130999460E+002 -0.192605165956795E+002  0.668247566253001E+002 -0.186024446697810E+000 -0.496899177743852E+001 -0.762335807888435E+002 -0.167451030290137E+002 -0.917630654997299E+001
  0.999990666769142E+000  0.183450641107712E+002 -0.192477674806600E+002  0.671981398448156E+002 -0.236746793013622E+000 -0.454488884810261E+001 -0.770615541067690E+002 -0.167451030290137E+002 -0.917253205538562E+001
  0.999990666769142E+000  0.183286460929339E+002 -0.192465624437784E+002  0.668013852480863E+002 -0.123643489783500E+000 -0.406990371525455E+001 -0.397914342452680E+002 -0.167451030290137E+002 -0.916432304646694E+001
  0.999990666769142E+000  0.183092464814693E+002 -0.192433482353775E+002  0.668163010367491E+002 -0.101731353806016E+000 -0.561807419124559E+001 -0.763982650360404E+002 -0.167451030290137E+002 -0.915462324073463E+001
  0.999990666769142E+000  0.182597616507172E+002 -0.192678208249239E+002  0.663277755740104E+002 -0.149568007957173E+000 -0.573979881280925E+001 -0.950439935519617E+002 -0.167451030290137E+002 -0.912988082535860E+001
  0.999990666769142E+000  0.182454420156050E+002 -0.192477267049239E+002  0.668888088489553E+002 -0.155461696531971E+000 -0.505636127698380E+001 -0.708102514565235E+002 -0.167451030290137E+002 -0.912272100780249E+001
  0.999990666769142E+000  0.182274159773123E+002 -0.192445265263314E+002  0.671902591273657E+002 -0.144994952776469E+000 -0.487019337513669E+001 -0.649562524484373E+002 -0.167451030290137E+002 -0.911370798865616E+001
  0.999990666769142E+000  0.181867568875758E+002 -0.192785025830957E+002  0.659229500730376E+002 -0.269251239001572E+000 -0.116609020160999E+001 -0.812188022325081E+001 -0.167451030290137E+002 -0.909337844378792E+001
  0.999990666769142E+000  0.181780795625494E+002 -0.192410827235496E+002  0.668831424521466E+002 -0.117976384332536E+000 -0.438639921900246E+001 -0.509142282574242E+002 -0.167451030290137E+002 -0.908903978127468E+001
  0.999990666769142E+000  0.181350389089577E+002 -0.192448267797183E+002  0.671000835220868E+002 -0.202303944542911E+000 -0.458750796475349E+001 -0.716430624175740E+002 -0.167451030290137E+002 -0.906751945447885E+001
  0.999990666769142E+000  0.181312125875652E+002 -0.192929130668503E+002  0.657259098176444E+002 -0.210551663504128E+000 -0.319428809199662E+001 -0.343880877247497E+002 -0.167451030290137E+002 -0.906560629378259E+001
  0.999990666769142E+000  0.181311477011166E+002 -0.192548902921835E+002  0.668326340000187E+002 -0.223334095751791E+000 -0.423714151241289E+001 -0.629895366671332E+002 -0.167451030290137E+002 -0.906557385055828E+001
  0.999990666769142E+000  0.181309005462622E+002 -0.192422080885960E+002  0.670370431295553E+002 -0.209774782911115E+000 -0.277133831409668E+001 -0.284817942685619E+002 -0.167451030290137E+002 -0.906545027313111E+001
  0.999990666769142E+000  0.181273027722250E+002 -0.192013269534013E+002  0.686586389210509E+002 -0.279296450853043E+000 -0.257808692873779E+001 -0.302726586596227E+002 -0.167451030290137E+002 -0.906365138611251E+001
  0.999990666769142E+000  0.181201126349115E+002 -0.192031422128234E+002  0.683571243340522E+002 -0.209600470153260E+000 -0.334237568340389E+001 -0.390570981095443E+002 -0.167451030290137E+002 -0.906005631745574E+001
  0.999990666769142E+000  0.181156000740287E+002 -0.192661352147381E+002  0.660889104140127E+002 -0.147528983625298E+000 -0.407920284179441E+001 -0.475682215709109E+002 -0.167451030290137E+002 -0.905780003701434E+001
  0.999990666769142E+000  0.181074481761129E+002 -0.192607845521678E+002  0.665231923890026E+002 -0.247057633337187E+000 -0.228355901987510E+001 -0.191984988572213E+002 -0.167451030290137E+002 -0.905372408805645E+001
  0.999990666769142E+000  0.180895282428682E+002 -0.192436420261073E+002  0.672001873926392E+002 -0.185252056192993E+000 -0.483872776375341E+001 -0.706729570797270E+002 -0.167451030290137E+002 -0.904476412143411E+001
  0.999990666769142E+000  0.180749134829963E+002 -0.192454768553897E+002  0.675165212625151E+002 -0.349719629122210E+000 -0.201601585787480E+001 -0.264998878209169E+002 -0.167451030290137E+002 -0.903745674149814E+001
  0.999990666769142E+000  0.180651590933983E+002 -0.192805876160989E+002  0.658056621476996E+002 -0.105172887335608E+000 -0.473572993496463E+001 -0.535906310958663E+002 -0.167451030290137E+002 -0.903257954669912E+001
  0.999990666769142E+000  0.180642884015759E+002 -0.192232838832298E+002  0.673502726262178E+002 -0.237249795099560E+000 -0.153593517160848E+001 -0.105214260175257E+002 -0.167451030290137E+002 -0.903214420078796E+001
  0.999990666769142E+000  0.180545064753440E+002 -0.192665177907658E+002  0.662089278888107E+002 -0.155340751166482E+000 -0.384458157139816E+001 -0.440860647762146E+002 -0.167451030290137E+002 -0.902725323767202E+001
  0.999990666769142E+000  0.180363918964063E+002 -0.192376875269575E+002  0.672810467170426E+002 -0.134607935022242E+000 -0.441914249302897E+001 -0.498816572805402E+002 -0.167451030290137E+002 -0.901819594820317E+001
  0.999990666769142E+000  0.180275385309355E+002 -0.192393188291569E+002  0.667474713625879E+002 -0.897887401531090E-001 -0.432893921861939E+001 -0.446269345480958E+002 -0.167451030290137E+002 -0.901376926546773E+001
  0.999990666769142E+000  0.180239789485220E+002 -0.192113133951499E+002  0.683055239151019E+002 -0.253721528367512E+000 -0.284453048978299E+001 -0.339960463737523E+002 -0.167451030290137E+002 -0.901198947426101E+001
  0.999990666769142E+000  0.180154486430857E+002 -0.192378670304785E+002  0.672184812271509E+002 -0.158231062553309E+000 -0.380945282838797E+001 -0.387577237738616E+002 -0.167451030290137E+002 -0.900772432154286E+001
  0.999990666769142E+000  0.179895660352251E+002 -0.192951627853685E+002  0.656686723410964E+002 -0.270681703366589E+000 -0.266324772420805E+001 -0.322603850215013E+002 -0.167451030290137E+002 -0.899478301761257E+001
  0.999990666769142E+000  0.179832824433905E+002 -0.191960595836882E+002  0.685892981269160E+002 -0.214366472555868E+000 -0.241165683409748E+001 -0.206768610999328E+002 -0.167451030290137E+002 -0.899164122169524E+001
  0.999990666769142E+000  0.179732042571800E+002 -0.191939775371626E+002  0.683434454146438E+002 -0.174386959689120E+000 -0.231767483526006E+001 -0.161511871983705E+002 -0.167451030290137E+002 -0.898660212858999E+001
  0.999990666769142E+000  0.179696950345314E+002 -0.192328865182457E+002  0.674937702595137E+002 -0.405102631865851E+000 -0.239565479860165E+000 -0.305219128154971E+001 -0.167451030290137E+002 -0.898484751726571E+001
  0.999990666769142E+000  0.179694372568436E+002 -0.192839785726029E+002  0.656684792349991E+002 -0.875985279778979E-001 -0.548328126959879E+001 -0.706699871380778E+002 -0.167451030290137E+002 -0.898471862842179E+001
  0.999990666769142E+000  0.179623779975788E+002 -0.192101834736551E+002  0.680542500513853E+002 -0.169871622807479E+000 -0.442480073811242E+001 -0.582481499127007E+002 -0.167451030290137E+002 -0.898118899878939E+001
  0.999990666769142E+000  0.179551965416048E+002 -0.192247759565293E+002  0.679972182108948E+002 -0.243258186272431E+000 -0.342483006091156E+001 -0.448581686589759E+002 -0.167451030290137E+002 -0.897759827080238E+001
  0.999990666769142E+000  0.179547589777725E+002 -0.192381437117659E+002  0.669993356308933E+002 -0.146462686188263E+000 -0.342740732056520E+001 -0.298961816980015E+002 -0.167451030290137E+002 -0.897737948888624E+001
  0.999990666769142E+000  0.179342142633749E+002 -0.192389645727576E+002  0.668248369423194E+002 -0.271713982674262E-001 -0.578817808023639E+001 -0.679202349289168E+002 -0.167451030290137E+002 -0.896710713168747E+001
  0.999990666769142E+000  0.179267969360043E+002 -0.192596010806252E+002  0.668335517078324E+002 -0.225286784000130E+000 -0.430385991363832E+001 -0.678974490649255E+002 -0.167451030290137E+002 -0.896339846800216E+001
  0.999990666769142E+000  0.179132942489719E+002 -0.192652034344862E+002  0.660208363429178E+002 -0.171408861780846E+000 -0.197781366363851E+001 -0.103905261378682E+002 -0.167451030290137E+002 -0.895664712448593E+001
  0.999990666769142E+000  0.178997073419524E+002 -0.193128281049522E+002  0.652684787152251E+002 -0.424822925600032E+000 -0.145568991197411E-001 -0.134140134215531E+001 -0.167451030290137E+002 -0.894985367097620E+001
  0.999990666769142E+000  0.178929753208989E+002 -0.192745188691581E+002  0.659305172772705E+002 -0.146519846027474E+000 -0.445106805142512E+001 -0.538448375938703E+002 -0.167451030290137E+002 -0.894648766044945E+001
  0.999990666769142E+000  0.178644204379983E+002 -0.192633245646566E+002  0.662473268665685E+002 -0.863354441971049E-001 -0.462571991592338E+001 -0.502243206193729E+002 -0.167451030290137E+002 -0.893221021899916E+001
  0.999990666769142E+000  0.178627922502934E+002 -0.192847823598688E+002  0.659910152663540E+002 -0.209729959592951E+000 -0.347287352605395E+001 -0.417243369801246E+002 -0.167451030290137E+002 -0.893139612514668E+001
  0.999990666769142E+000  0.178575099985102E+002 -0.192627835432334E+002  0.663429558059718E+002 -0.775030165038639E-001 -0.637160181647954E+001 -0.922322056627447E+002 -0.167451030290137E+002 -0.892875499925511E+001
  0.999990666769142E+000  0.178395350021154E+002 -0.192461047141120E+002  0.672986808416319E+002 -0.216127398847642E+000 -0.409294338641770E+001 -0.583996658545819E+002 -0.167451030290137E+002 -0.891976750105771E+001
  0.999990666769142E+000  0.178232517065149E+002 -0.192462450723002E+002  0.673871913728969E+002 -0.364035894797307E+000 -0.122161519488136E+001 -0.143066167713732E+002 -0.167451030290137E+002 -0.891162585325743E+001
  0.999990666769142E+000  0.178178639340588E+002 -0.192366195858877E+002  0.669096906102196E+002 -0.206570916449924E-001 -0.664561778230661E+001 -0.888201160115810E+002 -0.167451030290137E+002 -0.890893196702942E+001
  0.999990666769142E+000  0.178171715452486E+002 -0.192473243743040E+002  0.671139134479735E+002 -0.307523866188435E+000 -0.116307905189506E+001 -0.706719088871665E+001 -0.167451030290137E+002 -0.890858577262432E+001
  0.999990666769142E+000  0.177874800188072E+002 -0.192248485526480E+002  0.678332665502213E+002 -0.187574954592383E+000 -0.411555134661892E+001 -0.537650679502250E+002 -0.167451030290137E+002 -0.889374000940362E+001
  0.999990666769142E+000  0.177839746655986E+002 -0.192316416557828E+002  0.674684752318568E+002 -0.111772872420928E+000 -0.623649269766752E+001 -0.997384243703196E+002 -0.167451030290137E+002 -0.889198733279929E+001
  0.999990666769142E+000  0.177808968556177E+002 -0.192863721559435E+002  0.658463055612598E+002 -0.187152292889345E+000 -0.322333016628574E+001 -0.323422221661714E+002 -0.167451030290137E+002 -0.889044842780883E+001
  0.999990666769142E+000  0.177802264812424E+002 -0.192301373451805E+002  0.679347617867360E+002 -0.394584241317198E+000 -0.951497710291685E+000 -0.101407962208708E+002 -0.167451030290137E+002 -0.889011324062118E+001
  0.999990666769142E+000  0.177674050284162E+002 -0.192313824082291E+002  0.676507509898421E+002 -0.217409822299995E+000 -0.446145236195778E+001 -0.699854922464857E+002 -0.167451030290137E+002 -0.888370251420809E+001
  0.999990666769142E+000  0.177550777498134E+002 -0.192258465667541E+002  0.672858612708689E+002 -0.141920869128684E+000 -0.309443520784134E+001 -0.239462884274160E+002 -0.167451030290137E+002 -0.887753887490672E+001
  0.999990666769142E+000  0.177541119920461E+002 -0.192380009209689E+002  0.669296034540588E+002 -0.116243710812210E+000 -0.486279427837637E+001 -0.602073064905219E+002 -0.167451030290137E+002 -0.887705599602304E+001
  0.999990666769142E+000  0.177463119365219E+002 -0.192321324528899E+002  0.673878174440588E+002 -0.109783591688491E+000 -0.623153977506378E+001 -0.997331969062872E+002 -0.167451030290137E+002 -0.887315596826094E+001
  0.999990666769142E+000  0.177114181154237E+002 -0.192827971093799E+002  0.659341613547683E+002 -0.164897467205810E+000 -0.397099283824580E+001 -0.461341645114094E+002 -0.167451030290137E+002 -0.885570905771183E+001
  0.999990666769142E+000  0.177114176509290E+002 -0.192565832327386E+002  0.664919807602344E+002 -0.161681792843176E+000 -0.443846260052859E+001 -0.585057733317418E+002 -0.167451030290137E+002 -0.885570882546448E+001
  0.999990666769142E+000  0.176807931648948E+002 -0.192741420919563E+002  0.656523668302617E+002 -0.155465328045700E+000 -0.243970662781902E+001 -0.161985590645521E+002 -0.167451030290137E+002 -0.884039658244739E+001
  0.999990666769142E+000  0.176656453145957E+002 -0.192629455381752E+002  0.669708873306667E+002 -0.376604115224502E+000 -0.148319494474910E+001 -0.189384318218451E+002 -0.167451030290137E+002 -0.883282265729783E+001
  0.999990666769142E+000  0.176637418388949E+002 -0.192709682335635E+002  0.658478428795348E+002 -0.243451631646249E+000 -0.148158332815536E+001 -0.919181806452080E+001 -0.167451030290137E+002 -0.883187091944746E+001
  0.999990666769142E+000  0.176603081001055E+002 -0.192267722182528E+002  0.678674095609428E+002 -0.385947551575206E+000 -0.800399055048242E+000 -0.875403936963697E+001 -0.167451030290137E+002 -0.883015405005276E+001
  0.999990666769142E+000  0.176453726917756E+002 -0.192197487043853E+002  0.677272614723193E+002 -0.154108312004413E+000 -0.306686534450358E+001 -0.261649630661924E+002 -0.167451030290137E+002 -0.882268634588779E+001
  0.999990666769142E+000  0.176434820982256E+002 -0.192653883174679E+002  0.665169159769925E+002 -0.150475400095484E+000 -0.585425711422770E+001 -0.960653094513527E+002 -0.167451030290137E+002 -0.882174104911280E+001
  0.999990666769142E+000  0.176354412456375E+002 -0.192434441592769E+002  0.670555355921558E+002 -0.159223445378183E+000 -0.534587690514938E+001 -0.841217646972576E+002 -0.167451030290137E+002 -0.881772062281875E+001
  0.999990666769142E+000  0.176340411420707E+002 -0.192660681506938E+002  0.668387765097103E+002 -0.329583772559570E+000 -0.226745083247096E+001 -0.297940741635035E+002 -0.167451030290137E+002 -0.881702057103533E+001
  0.999990666769142E+000  0.176276036192785E+002 -0.192294361845198E+002  0.672786506337158E+002 -0.643135230020235E-001 -0.647965607847850E+001 -0.936137920106770E+002 -0.167451030290137E+002 -0.881380180963923E+001
  0.999990666769142E+000  0.175923287651139E+002 -0.192613066517463E+002  0.663630749340866E+002 -0.976628591640867E-001 -0.627443655642701E+001 -0.962992796630914E+002 -0.167451030290137E+002 -0.879616438255694E+001
  0.999990666769142E+000  0.175902693326949E+002 -0.192396674109267E+002  0.673021446670596E+002 -0.182141971308218E+000 -0.510142062407246E+001 -0.820846057615890E+002 -0.167451030290137E+002 -0.879513466634747E+001
  0.999990666769142E+000  0.175838201395186E+002 -0.192894400713404E+002  0.659833860657103E+002 -0.269672758743549E+000 -0.261004159792768E+001 -0.297019296006564E+002 -0.167451030290137E+002 -0.879191006975928E+001
  0.999990666769142E+000  0.175823636164044E+002 -0.192169096974601E+002  0.680857297551606E+002 -0.199552647538147E+000 -0.409171575282176E+001 -0.542814167838138E+002 -0.167451030290137E+002 -0.879118180820221E+001
  0.999990666769142E+000  0.175650709621117E+002 -0.192421557221672E+002  0.670540985063628E+002 -0.373901408344145E+000 -0.254568378705605E+000 -0.278658322093747E+001 -0.167451030290137E+002 -0.878253548105588E+001
  0.999990666769142E+000  0.175633456374207E+002 -0.192104230259789E+002  0.678655349180191E+002 -0.142300000987879E+000 -0.286072923467089E+001 -0.210756917168260E+002 -0.167451030290137E+002 -0.878167281871033E+001
  0.999990666769142E+000  0.175604721436964E+002 -0.192840367824809E+002  0.658414061184460E+002 -0.275923462293679E+000 -0.187899427517165E+001 -0.155968452825068E+002 -0.167451030290137E+002 -0.878023607184822E+001
  0.999990666769142E+000  0.175286346678839E+002 -0.192341531904435E+002  0.676024292278235E+002 -0.195929962484846E+000 -0.445093969098680E+001 -0.631077296519580E+002 -0.167451030290137E+002 -0.876431733394197E+001
  0.999990666769142E+000  0.175165301828377E+002 -0.192061301695014E+002  0.681216129745400E+002 -0.195677848147250E+000 -0.335071374861789E+001 -0.366758594655225E+002 -0.167451030290137E+002 -0.875826509141885E+001
  0.999990666769142E+000  0.175157903974799E+002 -0.192194738979157E+002  0.674391469781418E+002 -0.124675706330030E+000 -0.387541171089467E+001 -0.385111042100229E+002 -0.167451030290137E+002 -0.875789519873997E+001
  0.999990666769142E+000  0.175008335080751E+002 -0.192316879355229E+002  0.672968074331149E+002 -0.363012997793236E+000 -0.331617759248969E+000 -0.282332990606538E+001 -0.167451030290137E+002 -0.875041675403756E+001
  0.999990666769142E+000  0.175005264282788E+002 -0.193004871415802E+002  0.657660992458720E+002 -0.338667495562965E+000 -0.121541976081252E+001 -0.108135646449556E+002 -0.167451030290137E+002 -0.875026321413939E+001
  0.999990666769142E+000  0.174941018179588E+002 -0.192640112360923E+002  0.661259700095733E+002 -0.102777867108238E+000 -0.502263746990137E+001 -0.618869519583808E+002 -0.167451030290137E+002 -0.874705090897938E+001
  0.999990666769142E+000  0.174894314778297E+002 -0.192211724808794E+002  0.676399263008827E+002 -0.137751407050918E+000 -0.408229412676909E+001 -0.458600300749126E+002 -0.167451030290137E+002 -0.874471573891485E+001
  0.999990666769142E+000  0.174812819569426E+002 -0.192332142807787E+002  0.670942664368216E+002 -0.457214911281292E-001 -0.572993876987873E+001 -0.691638789281095E+002 -0.167451030290137E+002 -0.874064097847130E+001
  0.999990666769142E+000  0.174652556986776E+002 -0.192845106500518E+002  0.663961166163262E+002 -0.394246272296321E+000 -0.757205217055098E+000 -0.725367888280974E+001 -0.167451030290137E+002 -0.873262784933878E+001
  0.999990666769142E+000  0.174606955966703E+002 -0.192678473996316E+002  0.661331974961385E+002 -0.103578906209259E+000 -0.469839296715558E+001 -0.519769693215496E+002 -0.167451030290137E+002 -0.873034779833516E+001
  0.999990666769142E+000  0.174604245954476E+002 -0.192405259678532E+002  0.670686071846577E+002 -0.380601371666133E+000 -0.174878365473422E+000 -0.220860999338713E+001 -0.167451030290137E+002 -0.873021229772381E+001
  0.999990666769142E+000  0.174443329078839E+002 -0.192744070422384E+002  0.660537577101753E+002 -0.175429603976667E+000 -0.342381479495089E+001 -0.334456352394279E+002 -0.167451030290137E+002 -0.872216645394195E+001
  0.999990666769142E+000  0.174328163094502E+002 -0.192993925362764E+002  0.655114762097839E+002 -0.259646856794376E+000 -0.241209655016759E+001 -0.255342942354111E+002 -0.167451030290137E+002 -0.871640815472512E+001
  0.999990666769142E+000  0.174325964161273E+002 -0.192268108419466E+002  0.676208760567366E+002 -0.187013612203218E+000 -0.414878339970232E+001 -0.558468791219467E+002 -0.167451030290137E+002 -0.871629820806364E+001
  0.999990666769142E+000  0.174192525641475E+002 -0.192279843370332E+002  0.680704655437671E+002 -0.393637405200738E+000 -0.775180406050190E+000 -0.898214100239554E+001 -0.167451030290137E+002 -0.870962628207374E+001
  0.999990666769142E+000  0.173978299833412E+002 -0.192194906006754E+002  0.675089233055358E+002 -0.258987696375581E+000 -0.123831768312911E+001 -0.806349636233345E+001 -0.167451030290137E+002 -0.869891499167062E+001
  0.999990666769142E+000  0.173663627912645E+002 -0.192427839702270E+002  0.670029996317686E+002 -0.110617455873395E+000 -0.591091894848240E+001 -0.901404750339441E+002 -0.167451030290137E+002 -0.868318139563226E+001
  0.999990666769142E+000  0.173622106470851E+002 -0.192766789612631E+002  0.660275593508945E+002 -0.120655109476432E+000 -0.559963280140746E+001 -0.812758933307672E+002 -0.167451030290137E+002 -0.868110532354254E+001
  0.999990666769142E+000  0.173596975288434E+002 -0.192353675917103E+002  0.674988428114964E+002 -0.270454478742794E+000 -0.215710539693488E+001 -0.190161024558844E+002 -0.167451030290137E+002 -0.867984876442168E+001
  0.999990666769142E+000  0.173454735831784E+002 -0.192991721883277E+002  0.652862452516630E+002 -0.218195010015857E+000 -0.263916996349119E+001 -0.243887456855795E+002 -0.167451030290137E+002 -0.867273679158919E+001
  0.999990666769142E+000  0.173292369717111E+002 -0.192559095226562E+002  0.663836923703874E+002 -0.256672639271755E+000 -0.160042709140609E+001 -0.116014616715493E+002 -0.167451030290137E+002 -0.866461848585555E+001
  0.999990666769142E+000  0.173273485763629E+002 -0.192143656473355E+002  0.679503150301273E+002 -0.379334787458075E+000 -0.141673551562226E+000 -0.213236803341194E+001 -0.167451030290137E+002 -0.866367428818147E+001
  0.999990666769142E+000  0.173251802138454E+002 -0.193091136103342E+002  0.651361542699900E+002 -0.401169460013701E+000  0.971634992403558E-002 -0.101984722880573E+001 -0.167451030290137E+002 -0.866259010692272E+001
  0.999990666769142E+000  0.173164357684833E+002 -0.192292820702204E+002  0.677071768368922E+002 -0.216151452935580E+000 -0.404747438856537E+001 -0.578808446130470E+002 -0.167451030290137E+002 -0.865821788424167E+001
  0.999990666769142E+000  0.173000018637562E+002 -0.192156483005696E+002  0.677365424474257E+002 -0.218265621567936E+000 -0.214864969344376E+001 -0.152590001087077E+002 -0.167451030290137E+002 -0.865000093187808E+001
  0.999990666769142E+000  0.172960029182639E+002 -0.192182241525350E+002  0.678646810215272E+002 -0.263068423241570E+000 -0.215307693068407E+001 -0.188911351357469E+002 -0.167451030290137E+002 -0.864800145913193E+001
  0.999990666769142E+000  0.172892216659058E+002 -0.192453685612498E+002  0.671890956665163E+002 -0.184272147419370E+000 -0.382687642440903E+001 -0.441590806842846E+002 -0.167451030290137E+002 -0.864461083295290E+001
  0.999990666769142E+000  0.172782625967485E+002 -0.192652701572963E+002  0.662515009642512E+002 -0.915952975931640E-001 -0.485888486734652E+001 -0.554359380705413E+002 -0.167451030290137E+002 -0.863913129837423E+001
  0.999990666769142E+000  0.172772946449027E+002 -0.192462474182683E+002  0.665120147241979E+002 -0.115905293558484E+000 -0.353797894935076E+001 -0.312788634771529E+002 -0.167451030290137E+002 -0.863864732245133E+001
  0.999990666769142E+000  0.172485427319939E+002 -0.192619650409241E+002  0.661019777381221E+002 -0.104310377912548E+000 -0.370487090975896E+001 -0.335628923595087E+002 -0.167451030290137E+002 -0.862427136599697E+001
  0.999990666769142E+000  0.172431497780715E+002 -0.192632420543259E+002  0.664993608516854E+002 -0.162403439280073E+000 -0.534296295182228E+001 -0.840656531103404E+002 -0.167451030290137E+002 -0.862157488903576E+001
  0.999990666769142E+000  0.172260448210433E+002 -0.192410352728959E+002  0.667978681401595E+002 -0.825169669910859E-001 -0.488144638346605E+001 -0.559649000275855E+002 -0.167451030290137E+002 -0.861302241052167E+001
  0.999990666769142E+000  0.172102572327417E+002 -0.192718401659698E+002  0.660694129503555E+002 -0.303582667811841E+000 -0.110491312548077E+001 -0.866266517016692E+001 -0.167451030290137E+002 -0.860512861637083E+001
  0.999990666769142E+000  0.171816446429606E+002 -0.192646087982149E+002  0.659724383528385E+002 -0.174040293579593E+000 -0.238892553251196E+001 -0.168589080833673E+002 -0.167451030290137E+002 -0.859082232148030E+001
  0.999990666769142E+000  0.171748464730415E+002 -0.192978822169430E+002  0.653762912662368E+002 -0.199654895803782E+000 -0.269488887261873E+001 -0.234488684303047E+002 -0.167451030290137E+002 -0.858742323652076E+001
  0.999990666769142E+000  0.171709360697419E+002 -0.192767388933184E+002  0.659213427526740E+002 -0.117394980163373E+000 -0.525385567056008E+001 -0.702559601257574E+002 -0.167451030290137E+002 -0.858546803487094E+001
  0.999990666769142E+000  0.171708128730232E+002 -0.192656785357001E+002  0.662892813808960E+002 -0.261929069453550E+000 -0.109890671858512E+001 -0.489748926855826E+001 -0.167451030290137E+002 -0.858540643651158E+001
  0.999990666769142E+000  0.171493072077743E+002 -0.192589036907365E+002  0.663336113963383E+002 -0.283166540810154E+000 -0.116547547034770E+001 -0.819830394776983E+001 -0.167451030290137E+002 -0.857465360388713E+001
  0.999990666769142E+000  0.171329018406497E+002 -0.192543744788186E+002  0.664414962902640E+002 -0.821970549059603E-001 -0.548277056778068E+001 -0.710363168424575E+002 -0.167451030290137E+002 -0.856645092032487E+001
  0.999990666769142E+000  0.171187096176179E+002 -0.192560704599308E+002  0.667782926421451E+002 -0.156442119673573E+000 -0.547478620926201E+001 -0.849163988016875E+002 -0.167451030290137E+002 -0.855935480880897E+001
  0.999990666769142E+000  0.171077924570106E+002 -0.192491607875411E+002  0.667887566699790E+002 -0.248390142274329E+000 -0.198700127833745E+001 -0.148861016340787E+002 -0.167451030290137E+002 -0.855389622850528E+001
  0.999990666769142E+000  0.171044535213938E+002 -0.192863842085460E+002  0.657674652139966E+002 -0.224425967560877E+000 -0.175765395770972E+001 -0.118579481196600E+002 -0.167451030290137E+002 -0.855222676069688E+001
  0.999990666769142E+000  0.171010575913920E+002 -0.192683879864388E+002  0.662815314802780E+002 -0.115491827942087E+000 -0.591216888238763E+001 -0.893533859352136E+002 -0.167451030290137E+002 -0.855052879569599E+001
  0.999990666769142E+000  0.170990355852003E+002 -0.192845341318696E+002  0.658301562568044E+002 -0.167700716306239E+000 -0.368995799226780E+001 -0.396856631139060E+002 -0.167451030290137E+002 -0.854951779260016E+001
  0.999990666769142E+000  0.170952523294560E+002 -0.192453017458335E+002  0.668010789831298E+002 -0.844661473184511E-001 -0.586100542211285E+001 -0.795283328991888E+002 -0.167451030290137E+002 -0.854762616472801E+001
  0.999990666769142E+000  0.170851123734105E+002 -0.192698582186877E+002  0.664673651710589E+002 -0.231412975079600E+000 -0.318090147455444E+001 -0.357117711912023E+002 -0.167451030290137E+002 -0.854255618670527E+001
  0.999990666769142E+000  0.170802386012409E+002 -0.192517572677049E+002  0.672709272365078E+002 -0.311912442051758E+000 -0.221214565598039E+001 -0.254602265010833E+002 -0.167451030290137E+002 -0.854011930062047E+001
  0.999990666769142E+000  0.170705539369902E+002 -0.192296065519910E+002  0.673901842745341E+002 -0.119811481553345E+000 -0.541239077446145E+001 -0.765650475168586E+002 -0.167451030290137E+002 -0.853527696849509E+001
  0.999990666769142E+000  0.170381483590568E+002 -0.192551516461318E+002  0.663596144054058E+002 -0.106673035237016E+000 -0.346909674071758E+001 -0.291617821892655E+002 -0.167451030290137E+002 -0.851907417952839E+001
  0.999990666769142E+000  0.170371725492534E+002 -0.192790452473447E+002  0.658267279573797E+002 -0.187847128208404E+000 -0.255752196336391E+001 -0.218004990332151E+002 -0.167451030290137E+002 -0.851858627462672E+001
  0.999990666769142E+000  0.170278678058930E+002 -0.192490527761436E+002  0.664569095996234E+002 -0.137814162301066E+000 -0.297467854070074E+001 -0.224072013450460E+002 -0.167451030290137E+002 -0.851393390294650E+001
  0.999990666769142E+000  0.170168488088021E+002 -0.192079691916231E+002  0.682658654875520E+002 -0.225285678720043E+000 -0.204319752327029E+001 -0.147360291313613E+002 -0.167451030290137E+002 -0.850842440440103E+001
  0.999990666769142E+000  0.170106893743790E+002 -0.192342362717011E+002  0.672095442057745E+002 -0.804414038953114E-001 -0.576446694209285E+001 -0.775146194064806E+002 -0.167451030290137E+002 -0.850534468718948E+001
  0.999990666769142E+000  0.170097081666089E+002 -0.192727841552813E+002  0.660799230860424E+002 -0.178692167278567E+000 -0.353145034114740E+001 -0.364512067998605E+002 -0.167451030290137E+002 -0.850485408330447E+001
  0.999990666769142E+000  0.169996674531385E+002 -0.192471205607519E+002  0.668330640851367E+002 -0.176447031120238E+000 -0.405308607696096E+001 -0.489640415404749E+002 -0.167451030290137E+002 -0.849983372656923E+001
  0.999990666769142E+000  0.169634521654068E+002 -0.192876005729401E+002  0.658681458596339E+002 -0.325299935028682E+000 -0.938432065953645E+000 -0.788942650965568E+001 -0.167451030290137E+002 -0.848172608270338E+001
  0.999990666769142E+000  0.169599046178323E+002 -0.192765455864951E+002  0.663521794819022E+002 -0.263816474829821E+000 -0.311396711726895E+001 -0.405846232264006E+002 -0.167451030290137E+002 -0.847995230891613E+001
  0.999990666769142E+000  0.169523786941841E+002 -0.192735151428712E+002  0.659895582639821E+002 -0.108480011492050E+000 -0.502824280850675E+001 -0.619663642718610E+002 -0.167451030290137E+002 -0.847618934709206E+001
  0.999990666769142E+000  0.169432982254564E+002 -0.192555681124358E+002  0.666960557187070E+002 -0.124161931650139E+000 -0.538811071849462E+001 -0.740723378436541E+002 -0.167451030290137E+002 -0.847164911272819E+001
  0.999990666769142E+000  0.169417507969919E+002 -0.192285390550493E+002  0.672275131922428E+002 -0.180614836605852E+000 -0.157194866026690E+001 -0.737289232828792E+001 -0.167451030290137E+002 -0.847087539849596E+001
  0.999990666769142E+000  0.169343622808683E+002 -0.192586593739093E+002  0.667105563429106E+002 -0.190742997017042E+000 -0.468123443607778E+001 -0.709022615144742E+002 -0.167451030290137E+002 -0.846718114043414E+001
  0.999990666769142E+000  0.169169794415816E+002 -0.192324677112855E+002  0.670700095324369E+002 -0.160861418883053E+000 -0.262715096790648E+001 -0.182889248647136E+002 -0.167451030290137E+002 -0.845848972079080E+001
  0.999990666769142E+000  0.168871125636895E+002 -0.192481209040666E+002  0.673508912776552E+002 -0.307121100359937E+000 -0.187719952076812E+001 -0.200951049521470E+002 -0.167451030290137E+002 -0.844355628184477E+001
  0.999990666769142E+000  0.168734739082686E+002 -0.192288053454390E+002  0.677970053423263E+002 -0.262250183030652E+000 -0.289444332885065E+001 -0.337213670006583E+002 -0.167451030290137E+002 -0.843673695413429E+001
  0.999990666769142E+000  0.168640701176216E+002 -0.192430427167497E+002  0.671319071645387E+002 -0.148932747802315E+000 -0.554396586742734E+001 -0.865220591384638E+002 -0.167451030290137E+002 -0.843203505881078E+001
  0.999990666769142E+000  0.168600786947109E+002 -0.192605584223559E+002  0.661937704368927E+002 -0.145426654981853E+000 -0.350094470210274E+001 -0.329622389726300E+002 -0.167451030290137E+002 -0.843003934735543E+001
  0.999990666769142E+000  0.168465829226994E+002 -0.192575015147382E+002  0.667628834026712E+002 -0.168293879637574E+000 -0.413509660382023E+001 -0.498547348835977E+002 -0.167451030290137E+002 -0.842329146134970E+001
  0.999990666769142E+000  0.168315662763647E+002 -0.192774747446149E+002  0.662239192915357E+002 -0.244608250202872E+000 -0.288936772497291E+001 -0.313187570416559E+002 -0.167451030290137E+002 -0.841578313818236E+001
  0.999990666769142E+000  0.168300407916700E+002 -0.192166951374102E+002  0.685418843199413E+002 -0.389988775692646E+000 -0.607143492877505E+000 -0.549834567276706E+001 -0.167451030290137E+002 -0.841502039583498E+001
  0.999990666769142E+000  0.168298842207055E+002 -0.192422490235397E+002  0.670559288378799E+002 -0.198021518384032E+000 -0.310205683783959E+001 -0.294531871262916E+002 -0.167451030290137E+002 -0.841494211035275E+001
  0.999990666769142E+000  0.168269182007755E+002 -0.192500295377570E+002  0.669831711106930E+002 -0.202609897909780E+000 -0.450041654963102E+001 -0.669767845366062E+002 -0.167451030290137E+002 -0.841345910038776E+001
  0.999990666769142E+000  0.168198384842941E+002 -0.192569150935994E+002  0.662996395762345E+002 -0.125450359558072E+000 -0.390136111146897E+001 -0.385513847819231E+002 -0.167451030290137E+002 -0.840991924214707E+001
  0.999990666769142E+000  0.168102814157243E+002 -0.192946494265462E+002  0.658518790332019E+002 -0.311670665111215E+000 -0.154148357302233E+001 -0.144200261899383E+002 -0.167451030290137E+002 -0.840514070786214E+001
  0.999990666769142E+000  0.167493201052189E+002 -0.192505900075448E+002  0.671187784206255E+002 -0.357853856438981E+000 -0.114189393331731E+001 -0.102692980738094E+002 -0.167451030290137E+002 -0.837466005260946E+001
  0.999990666769142E+000  0.167489285210028E+002 -0.192733951273718E+002  0.663410531857523E+002 -0.219300532837432E+000 -0.388583955403308E+001 -0.527677449414242E+002 -0.167451030290137E+002 -0.837446426050139E+001
  0.999990666769142E+000  0.167463056984785E+002 -0.193100561803396E+002  0.651102343948270E+002 -0.395037878557757E+000 -0.106565843445255E+000 -0.180746156989363E+001 -0.167451030290137E+002 -0.837315284923923E+001
  0.999990666769142E+000  0.167229367841880E+002 -0.192484024935940E+002  0.668687565983277E+002 -0.172399534116292E+000 -0.449101854151114E+001 -0.597031860363053E+002 -0.167451030290137E+002 -0.836146839209399E+001
  0.999990666769142E+000  0.167192746175672E+002 -0.192136873474605E+002  0.680499883239551E+002 -0.194303122292586E+000 -0.309936376171456E+001 -0.297366868045689E+002 -0.167451030290137E+002 -0.835963730878359E+001
  0.999990666769142E+000  0.167143509952375E+002 -0.192477046744457E+002  0.667248416045421E+002 -0.139911297091634E+000 -0.377375256352578E+001 -0.397626620216841E+002 -0.167451030290137E+002 -0.835717549761874E+001
  0.999990666769142E+000  0.167054360252096E+002 -0.192213477221399E+002  0.676156651884139E+002 -0.180430797810936E+000 -0.344374206157296E+001 -0.351824999246058E+002 -0.167451030290137E+002 -0.835271801260479E+001
  0.999990666769142E+000  0.167000148803931E+002 -0.192288438666571E+002  0.673609915697578E+002 -0.161516261533063E+000 -0.412077306738232E+001 -0.486357092056149E+002 -0.167451030290137E+002 -0.835000744019655E+001
  0.999990666769142E+000  0.166892209817615E+002 -0.192726524275971E+002  0.663807459903480E+002 -0.220330663531707E+000 -0.319847811820356E+001 -0.365784311668155E+002 -0.167451030290137E+002 -0.834461049088073E+001
  0.999990666769142E+000  0.166756425798820E+002 -0.192656089189691E+002  0.662407272453386E+002 -0.106543434523815E+000 -0.532259202711805E+001 -0.695109346763995E+002 -0.167451030290137E+002 -0.833782128994100E+001
  0.999990666769142E+000  0.166690080745504E+002 -0.192418989352243E+002  0.674303823033509E+002 -0.302624320673669E+000 -0.256165169546196E+001 -0.335666597223905E+002 -0.167451030290137E+002 -0.833450403727521E+001
  0.999990666769142E+000  0.166621981685457E+002 -0.192262508025414E+002  0.681230422177387E+002 -0.380949461038711E+000 -0.726807471871730E+000 -0.751063557868230E+001 -0.167451030290137E+002 -0.833109908427285E+001
  0.999990666769142E+000  0.166556127970643E+002 -0.192586536600838E+002  0.663816817685952E+002 -0.766771625238396E-001 -0.554335577083167E+001 -0.698812193816746E+002 -0.167451030290137E+002 -0.832780639853215E+001
  0.999990666769142E+000  0.166509343155379E+002 -0.193096338741731E+002  0.651396497219016E+002 -0.398549274189540E+000 -0.891768138401687E-001 -0.179923173382014E+001 -0.167451030290137E+002 -0.832546715776893E+001
  0.999990666769142E+000  0.165955164492924E+002 -0.192504796933785E+002  0.666558890022332E+002 -0.108181983647486E+000 -0.470928231558747E+001 -0.531823866113152E+002 -0.167451030290137E+002 -0.829775822464619E+001
  0.999990666769142E+000  0.165796865959527E+002 -0.192273062523712E+002  0.671948179889310E+002 -0.111548912237011E+000 -0.359625404170443E+001 -0.309348169343716E+002 -0.167451030290137E+002 -0.828984329797634E+001
  0.999990666769142E+000  0.165695413738977E+002 -0.192777708695721E+002  0.661347410832750E+002 -0.279214616779353E+000 -0.206214029533954E+001 -0.215905110536026E+002 -0.167451030290137E+002 -0.828477068694886E+001
  0.999990666769142E+000  0.165436268217389E+002 -0.192393181061475E+002  0.671834516833256E+002 -0.124749662424464E+000 -0.540827312316421E+001 -0.755756581224753E+002 -0.167451030290137E+002 -0.827181341086944E+001
  0.999990666769142E+000  0.165310401764005E+002 -0.192596468643860E+002  0.662288565458346E+002 -0.158438225529388E+000 -0.326586024015054E+001 -0.304288757980461E+002 -0.167451030290137E+002 -0.826552008820023E+001
  0.999990666769142E+000  0.165226713552843E+002 -0.192757058237262E+002  0.660552662876553E+002 -0.261046719728173E+000 -0.228431057613981E+001 -0.235185151816586E+002 -0.167451030290137E+002 -0.826133567764215E+001
  0.999990666769142E+000  0.164902065463686E+002 -0.192790480850522E+002  0.659604836573603E+002 -0.286615253809285E+000 -0.176730186002839E+001 -0.154026838693014E+002 -0.167451030290137E+002 -0.824510327318431E+001
  0.999990666769142E+000  0.164758101792958E+002 -0.191947297362621E+002  0.687084042518139E+002 -0.267277143717223E+000 -0.198101708369675E+001 -0.172485508780350E+002 -0.167451030290137E+002 -0.823790508964791E+001
  0.999990666769142E+000  0.164720544978850E+002 -0.192526717071086E+002  0.667305047051538E+002 -0.123462758538687E+000 -0.516941710319780E+001 -0.680549329463616E+002 -0.167451030290137E+002 -0.823602724894252E+001
  0.999990666769142E+000  0.164711393730846E+002 -0.192936432056848E+002  0.654238166676978E+002 -0.257756561192543E+000 -0.116246025285336E+001 -0.716936502137220E+001 -0.167451030290137E+002 -0.823556968654232E+001
  0.999990666769142E+000  0.164645433674670E+002 -0.192210380905590E+002  0.675137622239329E+002 -0.213423598616855E+000 -0.244874643896328E+001 -0.209271836023313E+002 -0.167451030290137E+002 -0.823227168373348E+001
  0.999990666769142E+000  0.164575364336702E+002 -0.192491869606302E+002  0.669315095945727E+002 -0.247837478332880E+000 -0.280471259999338E+001 -0.301898563230556E+002 -0.167451030290137E+002 -0.822876821683512E+001
  0.999990666769142E+000  0.164407143473387E+002 -0.192654912635675E+002  0.664084548222009E+002 -0.222975327171609E+000 -0.336087997393752E+001 -0.397465969644648E+002 -0.167451030290137E+002 -0.822035717366935E+001
  0.999990666769142E+000  0.164070213543741E+002 -0.192338484749391E+002  0.673518749842918E+002 -0.170640563477227E+000 -0.374009677957504E+001 -0.427651979551090E+002 -0.167451030290137E+002 -0.820351067718707E+001
  0.999990666769142E+000  0.164059624493330E+002 -0.192395628909344E+002  0.673213441751775E+002 -0.257030308761557E+000 -0.245613446391174E+001 -0.234951444771697E+002 -0.167451030290137E+002 -0.820298122466649E+001
  0.999990666769142E+000  0.163971912949751E+002 -0.192684564561226E+002  0.662369259301183E+002 -0.421013819514372E+000  0.240366638298369E+000 -0.658218412899046E+000 -0.167451030290137E+002 -0.819859564748754E+001
  0.999990666769142E+000  0.163943833201850E+002 -0.192623294537850E+002  0.665042723273183E+002 -0.172752192203401E+000 -0.463495771658624E+001 -0.651836841310279E+002 -0.167451030290137E+002 -0.819719166009248E+001
  0.999990666769142E+000  0.163920916153243E+002 -0.192690145881439E+002  0.662310292333104E+002 -0.425020622237177E+000  0.284898049134508E+000 -0.659716540529217E+000 -0.167451030290137E+002 -0.819604580766213E+001
  0.999990666769142E+000  0.163758173341866E+002 -0.192255029225252E+002  0.675438967197336E+002 -0.164645407143440E+000 -0.353374560869544E+001 -0.372759962439729E+002 -0.167451030290137E+002 -0.818790866709329E+001
  0.999990666769142E+000  0.163701919273998E+002 -0.193077629780365E+002  0.651780462117050E+002 -0.398628712435368E+000 -0.345263710505979E-001 -0.161904502499233E+001 -0.167451030290137E+002 -0.818509596369990E+001
  0.999990666769142E+000  0.163468701240662E+002 -0.192609815897704E+002  0.665023844188563E+002 -0.172623471616668E+000 -0.393147468514564E+001 -0.478443825988718E+002 -0.167451030290137E+002 -0.817343506203308E+001
  0.999990666769142E+000  0.163409588419576E+002 -0.192842854385372E+002  0.655315941827920E+002 -0.196738973360014E+000 -0.156457053253150E+001 -0.801523865236696E+001 -0.167451030290137E+002 -0.817047942097879E+001
  0.999990666769142E+000  0.163341228972664E+002 -0.192701174602724E+002  0.662079994464628E+002 -0.422038861041899E+000  0.234931408759474E+000 -0.730512351264295E+000 -0.167451030290137E+002 -0.816706144863318E+001
  0.999990666769142E+000  0.163139936220708E+002 -0.192790901077342E+002  0.658699739560448E+002 -0.151753115386962E+000 -0.354559611130667E+001 -0.347151056035949E+002 -0.167451030290137E+002 -0.815699681103539E+001
  0.999990666769142E+000  0.162853310234051E+002 -0.192564371338367E+002  0.663686682589722E+002 -0.104921152383038E+000 -0.402155245998834E+001 -0.382066992297203E+002 -0.167451030290137E+002 -0.814266551170254E+001
  0.999990666769142E+000  0.162836609755274E+002 -0.192819026605236E+002  0.658003261319813E+002 -0.185582803211224E+000 -0.250033564199538E+001 -0.197323675211264E+002 -0.167451030290137E+002 -0.814183048776368E+001
  0.999990666769142E+000  0.162829985634005E+002 -0.192142373399621E+002  0.676448763696652E+002 -0.164414211483944E+000 -0.275775949966950E+001 -0.220354468600305E+002 -0.167451030290137E+002 -0.814149928170025E+001
  0.999990666769142E+000  0.162798159800216E+002 -0.192565492186690E+002  0.665742813684758E+002 -0.162677916836473E+000 -0.304049798303589E+001 -0.252220509662346E+002 -0.167451030290137E+002 -0.813990799001078E+001
  0.999990666769142E+000  0.162715071486548E+002 -0.192962036554321E+002  0.654056495752866E+002 -0.242287608756900E+000 -0.149097418170614E+001 -0.976350132964480E+001 -0.167451030290137E+002 -0.813575357432740E+001
  0.999990666769142E+000  0.162381663258618E+002 -0.192377837454755E+002  0.675491271723483E+002 -0.253653858647484E+000 -0.309487854429345E+001 -0.384241834500128E+002 -0.167451030290137E+002 -0.811908316293088E+001
  0.999990666769142E+000  0.162212624173279E+002 -0.192899442394617E+002  0.660162062658907E+002 -0.423505987059844E+000 -0.270535882775015E+000 -0.349972274417347E+001 -0.167451030290137E+002 -0.811063120866394E+001
  0.999990666769142E+000  0.162180668766049E+002 -0.192792515846634E+002  0.660078100070952E+002 -0.289405990113277E+000 -0.191008669708213E+001 -0.184075817003706E+002 -0.167451030290137E+002 -0.810903343830243E+001
  0.999990666769142E+000  0.162102041974863E+002 -0.192616177355900E+002  0.661886615967678E+002 -0.186072086427588E+000 -0.271159067189124E+001 -0.233862395302484E+002 -0.167451030290137E+002 -0.810510209874317E+001
  0.999990666769142E+000  0.162088394653048E+002 -0.192514963008810E+002  0.666877474133475E+002 -0.116107916411335E+000 -0.447382237217811E+001 -0.508395438030059E+002 -0.167451030290137E+002 -0.810441973265239E+001
  0.999990666769142E+000  0.161244112669517E+002 -0.192295631379606E+002  0.675937003315541E+002 -0.204570282650201E+000 -0.384740883663110E+001 -0.486548822046570E+002 -0.167451030290137E+002 -0.806220563347586E+001
  0.999990666769142E+000  0.161036897185403E+002 -0.192606852617794E+002  0.661462693214902E+002 -0.136852414498995E+000 -0.309125970813069E+001 -0.252455243605709E+002 -0.167451030290137E+002 -0.805184485927014E+001
  0.999990666769142E+000  0.160982733545347E+002 -0.192695222646454E+002  0.661967603987431E+002 -0.419269551645890E+000  0.241908521510403E+000 -0.616230798316835E+000 -0.167451030290137E+002 -0.804913667726734E+001
  0.999990666769142E+000  0.160815679514210E+002 -0.192117296219146E+002  0.678417505447379E+002 -0.178363353576192E+000 -0.285334639847157E+001 -0.240132193410783E+002 -0.167451030290137E+002 -0.804078397571048E+001
  0.999990666769142E+000  0.160797170696456E+002 -0.192395852730044E+002  0.675107410721922E+002 -0.264887646841716E+000 -0.276183014358802E+001 -0.317151753191774E+002 -0.167451030290137E+002 -0.803985853482282E+001
  0.999990666769142E+000  0.160664350622657E+002 -0.192669513409325E+002  0.663071299194267E+002 -0.144735734172886E+000 -0.424813778170177E+001 -0.496173193434026E+002 -0.167451030290137E+002 -0.803321753113283E+001
  0.999990666769142E+000  0.160384424117898E+002 -0.192728656574803E+002  0.665893385232224E+002 -0.325847075637855E+000 -0.183724613488147E+001 -0.204286872826584E+002 -0.167451030290137E+002 -0.801922120589489E+001
  0.999990666769142E+000  0.160312939060077E+002 -0.192303636245092E+002  0.671814489414323E+002 -0.145092749928582E+000 -0.331515467467506E+001 -0.288233707196567E+002 -0.167451030290137E+002 -0.801564695300386E+001
  0.999990666769142E+000  0.160290306479175E+002 -0.192536119585345E+002  0.664716759743271E+002 -0.118922504279065E+000 -0.353507564010483E+001 -0.304268662511731E+002 -0.167451030290137E+002 -0.801451532395876E+001
  0.999990666769142E+000  0.159946819871634E+002 -0.192978669297530E+002  0.653791465207978E+002 -0.270574987435553E+000 -0.169971681759362E+001 -0.141127185473733E+002 -0.167451030290137E+002 -0.799734099358171E+001
  0.999990666769142E+000  0.159834080490030E+002 -0.192862154569553E+002  0.657185866640526E+002 -0.242260773090674E+000 -0.236007592530996E+001 -0.216090567426307E+002 -0.167451030290137E+002 -0.799170402450150E+001
  0.999990666769142E+000  0.159657894572062E+002 -0.193027251227385E+002  0.654935332026468E+002 -0.352677442223686E+000 -0.784157641601750E+000 -0.687672510735058E+001 -0.167451030290137E+002 -0.798289472860311E+001
  0.999990666769142E+000  0.159250813468444E+002 -0.193091368559302E+002  0.651346503643279E+002 -0.400953071143837E+000 -0.660420296269137E-002 -0.132871801811014E+001 -0.167451030290137E+002 -0.796254067342222E+001
  0.999990666769142E+000  0.159237031012968E+002 -0.192629053251509E+002  0.667641358667317E+002 -0.263234855615128E+000 -0.258732478322697E+001 -0.290508477028242E+002 -0.167451030290137E+002 -0.796185155064839E+001
  0.999990666769142E+000  0.159005476564549E+002 -0.192384351424084E+002  0.671781764395333E+002 -0.195550202522632E+000 -0.275683311287808E+001 -0.230139092318943E+002 -0.167451030290137E+002 -0.795027382822744E+001
  0.999990666769142E+000  0.158966633089178E+002 -0.193032664780389E+002  0.654621358297398E+002 -0.328999865826702E+000 -0.114181580465179E+001 -0.990578599638761E+001 -0.167451030290137E+002 -0.794833165445890E+001
  0.999990666769142E+000  0.158750565904654E+002 -0.192723795250127E+002  0.661511826350240E+002 -0.415014114833609E+000  0.216839219090815E+000 -0.479823476837026E+000 -0.167451030290137E+002 -0.793752829523272E+001
  0.999990666769142E+000  0.158291752863240E+002 -0.193029690944220E+002  0.655126389058462E+002 -0.398209652702841E+000 -0.316885686836221E+000 -0.359805156034166E+001 -0.167451030290137E+002 -0.791458764316198E+001
  0.999990666769142E+000  0.158285129826339E+002 -0.192769604964738E+002  0.657812871794067E+002 -0.176710270672241E+000 -0.287025166196650E+001 -0.250831009946864E+002 -0.167451030290137E+002 -0.791425649131696E+001
  0.999990666769142E+000  0.158172113510299E+002 -0.192465727239089E+002  0.669293744564628E+002 -0.227006519290313E+000 -0.217979302890823E+001 -0.190087600804082E+002 -0.167451030290137E+002 -0.790860567551494E+001
  0.999990666769142E+000  0.158107654729783E+002 -0.192296752760730E+002  0.676520551901384E+002 -0.237393736086204E+000 -0.326240754084271E+001 -0.403960321475705E+002 -0.167451030290137E+002 -0.790538273648913E+001
  0.999990666769142E+000  0.157956677356341E+002 -0.192287856550890E+002  0.679113030189367E+002 -0.385657333230071E+000 -0.779458084387864E+000 -0.706781586512713E+001 -0.167451030290137E+002 -0.789783386781707E+001
  0.999990666769142E+000  0.157553915280895E+002 -0.192578249237522E+002  0.666659959388388E+002 -0.282591016067296E+000 -0.176382741913090E+001 -0.167561934758450E+002 -0.167451030290137E+002 -0.787769576404474E+001
  0.999990666769142E+000  0.157541533729759E+002 -0.193147323482197E+002  0.649905855196157E+002 -0.397595769139296E+000 -0.275949418284185E-001 -0.135734306027079E+001 -0.167451030290137E+002 -0.787707668648797E+001
  0.999990666769142E+000  0.157535074679442E+002 -0.192965308941740E+002  0.656381068837657E+002 -0.427728073735717E+000  0.567287037710056E-001 -0.141455354120764E+001 -0.167451030290137E+002 -0.787675373397211E+001
  0.999990666769142E+000  0.157516828068616E+002 -0.192387824904493E+002  0.675667864426807E+002 -0.371362595138540E+000 -0.820311273474211E+000 -0.657023702485739E+001 -0.167451030290137E+002 -0.787584140343081E+001
  0.999990666769142E+000  0.157470847280040E+002 -0.192349168382510E+002  0.673535243159755E+002 -0.227100405917977E+000 -0.248541522929510E+001 -0.211949399630429E+002 -0.167451030290137E+002 -0.787354236400201E+001
  0.999990666769142E+000  0.157465247047763E+002 -0.193052892094833E+002  0.651395720410583E+002 -0.334913290510271E+000 -0.600584075907411E+000 -0.414834617393832E+001 -0.167451030290137E+002 -0.787326235238813E+001
  0.999990666769142E+000  0.156789502787067E+002 -0.192495037266756E+002  0.665096397594041E+002 -0.137020363692932E+000 -0.315527299789593E+001 -0.262851617693642E+002 -0.167451030290137E+002 -0.783947513935337E+001
  0.999990666769142E+000  0.156712661452851E+002 -0.191912102675427E+002  0.687352602497578E+002 -0.284000856926545E+000 -0.101501072021880E+001 -0.533397307352136E+001 -0.167451030290137E+002 -0.783563307264255E+001
  0.999990666769142E+000  0.156671348358665E+002 -0.192331699840572E+002  0.672429937434443E+002 -0.175951744340055E+000 -0.231455168432577E+001 -0.155049903914982E+002 -0.167451030290137E+002 -0.783356741793325E+001
  0.999990666769142E+000  0.156426766336647E+002 -0.192574653722194E+002  0.666376613463488E+002 -0.178430332870374E+000 -0.411858081962466E+001 -0.525067080849619E+002 -0.167451030290137E+002 -0.782133831683237E+001
  0.999990666769142E+000  0.156408871156990E+002 -0.192571382122616E+002  0.662300686823899E+002 -0.182399347772577E+000 -0.201816277124617E+001 -0.128845462411675E+002 -0.167451030290137E+002 -0.782044355784951E+001
  0.999990666769142E+000  0.156192028951408E+002 -0.192155561098862E+002  0.674993847839272E+002 -0.215024477934055E+000 -0.119654774741170E+001 -0.516514286771216E+001 -0.167451030290137E+002 -0.780960144757039E+001
  0.999990666769142E+000  0.156051292762836E+002 -0.192427402473264E+002  0.669598011002755E+002 -0.139652035595416E+000 -0.377078182968621E+001 -0.371046213651053E+002 -0.167451030290137E+002 -0.780256463814178E+001
  0.999990666769142E+000  0.155656974747999E+002 -0.192109214913985E+002  0.683885881579829E+002 -0.319627160402584E+000 -0.796974479546979E+000 -0.536388642234358E+001 -0.167451030290137E+002 -0.778284873739993E+001
  0.999990666769142E+000  0.155311633417443E+002 -0.192365859349414E+002  0.672117743878000E+002 -0.368809275216182E+000 -0.320258377447335E+000 -0.280668134640148E+001 -0.167451030290137E+002 -0.776558167087213E+001
  0.999990666769142E+000  0.155208031188060E+002 -0.192579400079082E+002  0.663695597274296E+002 -0.148780739760940E+000 -0.311852606252879E+001 -0.257127276190718E+002 -0.167451030290137E+002 -0.776040155940298E+001
  0.999990666769142E+000  0.154930227475389E+002 -0.192169247734480E+002  0.679261913988084E+002 -0.219632075955028E+000 -0.255974539036364E+001 -0.223035768446868E+002 -0.167451030290137E+002 -0.774651137376946E+001
  0.999990666769142E+000  0.154716435837047E+002 -0.192399551344220E+002  0.670129047126118E+002 -0.133708839553007E+000 -0.429107059202453E+001 -0.486232135749346E+002 -0.167451030290137E+002 -0.773582179185234E+001
  0.999990666769142E+000  0.154689717181251E+002 -0.192894338577373E+002  0.658571188088374E+002 -0.419718634068530E+000 -0.296624091617801E-001 -0.191476941770379E+001 -0.167451030290137E+002 -0.773448585906257E+001
  0.999990666769142E+000  0.154191050571927E+002 -0.192095939715255E+002  0.682810376214797E+002 -0.257055455481716E+000 -0.176819953544443E+001 -0.133706730364431E+002 -0.167451030290137E+002 -0.770955252859633E+001
  0.999990666769142E+000  0.154137168338230E+002 -0.192289445914641E+002  0.676693466369569E+002 -0.230336213540583E+000 -0.268980785824312E+001 -0.258019256069485E+002 -0.167451030290137E+002 -0.770685841691152E+001
  0.999990666769142E+000  0.154049997701483E+002 -0.192700795375819E+002  0.660637306548828E+002 -0.227954020823711E+000 -0.224551497864588E+001 -0.194460684257124E+002 -0.167451030290137E+002 -0.770249988507415E+001
  0.999990666769142E+000  0.153731580211219E+002 -0.192597831052335E+002  0.663754839069460E+002 -0.160024984802756E+000 -0.270156197995883E+001 -0.205318052696070E+002 -0.167451030290137E+002 -0.768657901056093E+001
  0.999990666769142E+000  0.153631100845563E+002 -0.192475681715506E+002  0.670576676628198E+002 -0.217374510620258E+000 -0.262985531882470E+001 -0.248313568417896E+002 -0.167451030290137E+002 -0.768155504227815E+001
  0.999990666769142E+000  0.153418055951960E+002 -0.192240711875126E+002  0.676574892102817E+002 -0.255614208952186E+000 -0.193785421108018E+001 -0.171349347854681E+002 -0.167451030290137E+002 -0.767090279759802E+001
  0.999990666769142E+000  0.153221316416776E+002 -0.192714103062604E+002  0.663645458662668E+002 -0.256011762784397E+000 -0.197161577376981E+001 -0.155579090815238E+002 -0.167451030290137E+002 -0.766106582083878E+001
  0.999990666769142E+000  0.153175492617536E+002 -0.192824151760819E+002  0.658910907800870E+002 -0.245695826192790E+000 -0.222709008886698E+001 -0.192261805069594E+002 -0.167451030290137E+002 -0.765877463087680E+001
  0.999990666769142E+000  0.152830898108602E+002 -0.192758084043510E+002  0.664568925567820E+002 -0.324565837566062E+000 -0.164995066582203E+001 -0.170025778342313E+002 -0.167451030290137E+002 -0.764154490543010E+001
  0.999990666769142E+000  0.152766444506967E+002 -0.192337293841243E+002  0.677376216703681E+002 -0.335903529897593E+000 -0.133642339700279E+001 -0.115786888877166E+002 -0.167451030290137E+002 -0.763832222534835E+001
  0.999990666769142E+000  0.152748471816703E+002 -0.192775386030442E+002  0.660498284543685E+002 -0.245739078343371E+000 -0.257100781981431E+001 -0.262110179755575E+002 -0.167451030290137E+002 -0.763742359083513E+001
  0.999990666769142E+000  0.152705447850134E+002 -0.192610336956617E+002  0.666256331776949E+002 -0.200133824728547E+000 -0.355413093483298E+001 -0.412079304388027E+002 -0.167451030290137E+002 -0.763527239250669E+001
  0.999990666769142E+000  0.152405991340036E+002 -0.192109071540146E+002  0.680893895010777E+002 -0.282241919759836E+000 -0.172486497291130E+001 -0.149124652841258E+002 -0.167451030290137E+002 -0.762029956700182E+001
  0.999990666769142E+000  0.152322818028114E+002 -0.192728341159676E+002  0.662096975773594E+002 -0.227939344618321E+000 -0.294697255064040E+001 -0.314184719229559E+002 -0.167451030290137E+002 -0.761614090140571E+001
  0.999990666769142E+000  0.151852961755212E+002 -0.192839790053485E+002  0.659739491276710E+002 -0.294430500542460E+000 -0.185321915216099E+001 -0.176135478414473E+002 -0.167451030290137E+002 -0.759264808776060E+001
  0.999990666769142E+000  0.151569643110397E+002 -0.192336895048038E+002  0.676600640708184E+002 -0.286918040022539E+000 -0.166488297005747E+001 -0.131534776309106E+002 -0.167451030290137E+002 -0.757848215551984E+001
  0.999990666769142E+000  0.151509910588676E+002 -0.192290569377205E+002  0.672657816439737E+002 -0.155791536676761E+000 -0.315188519128914E+001 -0.274397883373814E+002 -0.167451030290137E+002 -0.757549552943382E+001
  0.999990666769142E+000  0.151508957348167E+002 -0.192507113865206E+002  0.670180148394310E+002 -0.268405504136871E+000 -0.227332155591972E+001 -0.216424758088179E+002 -0.167451030290137E+002 -0.757544786740833E+001
  0.999990666769142E+000  0.151237645665924E+002 -0.192517388443235E+002  0.668302346138453E+002 -0.290026823424834E+000 -0.756586381592086E+000 -0.308191617352628E+001 -0.167451030290137E+002 -0.756188228329620E+001
  0.999990666769142E+000  0.151208704654527E+002 -0.192911178753503E+002  0.658294392468097E+002 -0.422448550838281E+000 -0.243753648949419E-001 -0.186279961127509E+001 -0.167451030290137E+002 -0.756043523272637E+001
  0.999990666769142E+000  0.151169917686688E+002 -0.192381205320282E+002  0.669242833403802E+002 -0.153427044702622E+000 -0.281671866244039E+001 -0.221727013455377E+002 -0.167451030290137E+002 -0.755849588433442E+001
  0.999990666769142E+000  0.151040033594094E+002 -0.192837715586457E+002  0.657806651489904E+002 -0.239805190990057E+000 -0.133142091578827E+001 -0.707136784607030E+001 -0.167451030290137E+002 -0.755200167970468E+001
  0.999990666769142E+000  0.150865001597944E+002 -0.192602289948226E+002  0.667382192914335E+002 -0.237015826923914E+000 -0.264952901942712E+001 -0.270578112697265E+002 -0.167451030290137E+002 -0.754325007989721E+001
  0.999990666769142E+000  0.150425026907603E+002 -0.192284138170340E+002  0.677280776013420E+002 -0.302753444449039E+000 -0.190534916474835E+001 -0.190423258795612E+002 -0.167451030290137E+002 -0.752125134538013E+001
  0.999990666769142E+000  0.150378657709568E+002 -0.191992749433158E+002  0.686468378922019E+002 -0.316471298031958E+000 -0.724808824307555E+000 -0.377249688892421E+001 -0.167451030290137E+002 -0.751893288547838E+001
  0.999990666769142E+000  0.150152861652788E+002 -0.192394875251658E+002  0.672558039512411E+002 -0.201593570392550E+000 -0.294886943853665E+001 -0.289844625273155E+002 -0.167451030290137E+002 -0.750764308263938E+001
  0.999990666769142E+000  0.150021274410720E+002 -0.192503058934058E+002  0.669358868333089E+002 -0.299667499763766E+000 -0.181800807574562E+001 -0.180128149175544E+002 -0.167451030290137E+002 -0.750106372053602E+001
  0.999990666769142E+000  0.149811341228853E+002 -0.192479813830238E+002  0.670404595749360E+002 -0.219681611163234E+000 -0.266124986412306E+001 -0.256277321888489E+002 -0.167451030290137E+002 -0.749056706144266E+001
  0.999990666769142E+000  0.149788023539041E+002 -0.192620517180992E+002  0.665140576723670E+002 -0.270872607133130E+000 -0.180481283811020E+001 -0.163458108955082E+002 -0.167451030290137E+002 -0.748940117695203E+001
  0.999990666769142E+000  0.149702841581229E+002 -0.193001787937464E+002  0.655778172980925E+002 -0.346909336795968E+000 -0.678488779085066E+000 -0.443753598502838E+001 -0.167451030290137E+002 -0.748514207906146E+001
  0.999990666769142E+000  0.149490718980499E+002 -0.192411249916166E+002  0.672539099573898E+002 -0.311891298296042E+000 -0.165695177010979E+001 -0.159852278263509E+002 -0.167451030290137E+002 -0.747453594902495E+001
  0.999990666769142E+000  0.149221462859580E+002 -0.192414673135867E+002  0.669579792037038E+002 -0.206165454064709E+000 -0.178667682859529E+001 -0.100527919933236E+002 -0.167451030290137E+002 -0.746107314297903E+001
  0.999990666769142E+000  0.148958918140071E+002 -0.192654095255683E+002  0.663582685131121E+002 -0.207123433521713E+000 -0.313922742571191E+001 -0.329901130544159E+002 -0.167451030290137E+002 -0.744794590700355E+001
  0.999990666769142E+000  0.148736935282291E+002 -0.192656503938286E+002  0.660937031957984E+002 -0.204021507019952E+000 -0.152818466781580E+001 -0.753587606998704E+001 -0.167451030290137E+002 -0.743684676411453E+001
  0.999990666769142E+000  0.148313340671907E+002 -0.192304077946183E+002  0.671872299554415E+002 -0.284893215155708E+000 -0.828624860157150E+000 -0.400636938956711E+001 -0.167451030290137E+002 -0.741566703359533E+001
  0.999990666769142E+000  0.148239945832218E+002 -0.192612735959282E+002  0.664240571997526E+002 -0.213080106826374E+000 -0.284879244347260E+001 -0.278479723465367E+002 -0.167451030290137E+002 -0.741199729161091E+001
  0.999990666769142E+000  0.148215939594789E+002 -0.192899061839097E+002  0.656165496175735E+002 -0.245708040138110E+000 -0.149131561461077E+001 -0.907736362431078E+001 -0.167451030290137E+002 -0.741079697973947E+001
  0.999990666769142E+000  0.148047672415949E+002 -0.192711214297204E+002  0.660617667136395E+002 -0.192616915242411E+000 -0.241616983114796E+001 -0.180631769041470E+002 -0.167451030290137E+002 -0.740238362079746E+001
  0.999990666769142E+000  0.147730000998107E+002 -0.192709179283447E+002  0.660869944122995E+002 -0.181354041803196E+000 -0.275923398904873E+001 -0.235429252724909E+002 -0.167451030290137E+002 -0.738650004990534E+001
  0.999990666769142E+000  0.147349416447532E+002 -0.192582327018141E+002  0.662330250903036E+002 -0.234000100506259E+000 -0.118824039721349E+001 -0.624868199238085E+001 -0.167451030290137E+002 -0.736747082237659E+001
  0.999990666769142E+000  0.147236658803185E+002 -0.192948811824017E+002  0.654606243894556E+002 -0.321665961353576E+000 -0.737272540882643E+000 -0.436861862371542E+001 -0.167451030290137E+002 -0.736183294015923E+001
  0.999990666769142E+000  0.146954610108145E+002 -0.192677045227248E+002  0.662828077203322E+002 -0.257106402032940E+000 -0.205250598398359E+001 -0.174940284173976E+002 -0.167451030290137E+002 -0.734773050540727E+001
  0.999990666769142E+000  0.146721379632828E+002 -0.192621392584233E+002  0.666618621271477E+002 -0.342451893551566E+000 -0.927615121042130E+000 -0.835972077116620E+001 -0.167451030290137E+002 -0.733606898164139E+001
  0.999990666769142E+000  0.145969063603371E+002 -0.192493142101563E+002  0.667268550331120E+002 -0.159778695973174E+000 -0.323917481267258E+001 -0.295315483583719E+002 -0.167451030290137E+002 -0.729845318016853E+001
  0.999990666769142E+000  0.145749270478451E+002 -0.192564498898573E+002  0.666077436209986E+002 -0.259630022446877E+000 -0.200950504199925E+001 -0.183251570914441E+002 -0.167451030290137E+002 -0.728746352392255E+001
  0.999990666769142E+000  0.145601455839535E+002 -0.192312733552983E+002  0.675577417528982E+002 -0.290355298114696E+000 -0.192675468256880E+001 -0.184477387122935E+002 -0.167451030290137E+002 -0.728007279197673E+001
  0.999990666769142E+000  0.145502324298891E+002 -0.192319207418576E+002  0.673849047368415E+002 -0.326599104435280E+000 -0.834208357374800E+000 -0.528908403720779E+001 -0.167451030290137E+002 -0.727511621494454E+001
  0.999990666769142E+000  0.145488686825294E+002 -0.192511833318413E+002  0.667179836364235E+002 -0.258815626416832E+000 -0.159675010312001E+001 -0.124202534451238E+002 -0.167451030290137E+002 -0.727443434126469E+001
  0.999990666769142E+000  0.145412084958450E+002 -0.192710108802719E+002  0.662130071853196E+002 -0.420096544861368E+000  0.223021901742396E+000 -0.752098993439517E+000 -0.167451030290137E+002 -0.727060424792248E+001
  0.999990666769142E+000  0.145191808492121E+002 -0.192289617204349E+002  0.679273860579669E+002 -0.327469231888804E+000 -0.113543125612817E+001 -0.910641800635315E+001 -0.167451030290137E+002 -0.725959042460604E+001
  0.999990666769142E+000  0.145181967589029E+002 -0.192758394917590E+002  0.662354934810310E+002 -0.267938202876185E+000 -0.217011636607058E+001 -0.213977933555962E+002 -0.167451030290137E+002 -0.725909837945144E+001
  0.999990666769142E+000  0.145044352918121E+002 -0.192592327891038E+002  0.665363206349109E+002 -0.402774583358056E+000  0.193791753011109E+000 -0.421948752312815E+000 -0.167451030290137E+002 -0.725221764590605E+001
  0.999990666769142E+000  0.144827005258826E+002 -0.192269952045591E+002  0.674269282116448E+002 -0.197405658648000E+000 -0.273282412685392E+001 -0.241314693630219E+002 -0.167451030290137E+002 -0.724135026294130E+001
  0.999990666769142E+000  0.144755862548067E+002 -0.192583998358594E+002  0.664848040329472E+002 -0.294481266944203E+000 -0.110199769139581E+001 -0.677146793933531E+001 -0.167451030290137E+002 -0.723779312740337E+001
  0.999990666769142E+000  0.144637488537734E+002 -0.192702850011537E+002  0.662079649824125E+002 -0.410182454794414E+000  0.163691610649916E+000 -0.857330342417171E+000 -0.167451030290137E+002 -0.723187442688671E+001
  0.999990666769142E+000  0.144534791616755E+002 -0.192025237347297E+002  0.685582811608674E+002 -0.318345851744824E+000 -0.681116939668206E+000 -0.427399696816816E+001 -0.167451030290137E+002 -0.722673958083774E+001
  0.999990666769142E+000  0.144386149570352E+002 -0.192884668688103E+002  0.660031073266803E+002 -0.429305614836063E+000  0.146848226749299E-001 -0.129807948517929E+001 -0.167451030290137E+002 -0.721930747851758E+001
  0.999990666769142E+000  0.144222841943773E+002 -0.192338400918756E+002  0.674905706798435E+002 -0.243844179747605E+000 -0.185766386124880E+001 -0.135341133003453E+002 -0.167451030290137E+002 -0.721114209718866E+001
  0.999990666769142E+000  0.144040007117844E+002 -0.192771644688398E+002  0.658368232898393E+002 -0.227092992770900E+000 -0.183446325732299E+001 -0.131733669611652E+002 -0.167451030290137E+002 -0.720200035589222E+001
  0.999990666769142E+000  0.143757412713174E+002 -0.192446546416724E+002  0.674444365861047E+002 -0.425088691389921E+000  0.177084091875628E-001 -0.193672686490488E+001 -0.167451030290137E+002 -0.718787063565868E+001
  0.999990666769142E+000  0.143712568133880E+002 -0.192285097789289E+002  0.673394623752773E+002 -0.188029096718620E+000 -0.256236279019300E+001 -0.201517127614002E+002 -0.167451030290137E+002 -0.718562840669398E+001
  0.999990666769142E+000  0.143546558278210E+002 -0.192840784067247E+002  0.656660563077219E+002 -0.238512463664117E+000 -0.175812387009852E+001 -0.124548712701835E+002 -0.167451030290137E+002 -0.717732791391052E+001
  0.999990666769142E+000  0.143292657828169E+002 -0.192634022694630E+002  0.666883713460250E+002 -0.276603245504631E+000 -0.202631511371838E+001 -0.185224741830681E+002 -0.167451030290137E+002 -0.716463289140843E+001
  0.999990666769142E+000  0.143292278849360E+002 -0.192220772954262E+002  0.675406812932819E+002 -0.231221141902316E+000 -0.122834409242548E+001 -0.638004813384033E+001 -0.167451030290137E+002 -0.716461394246798E+001
  0.999990666769142E+000  0.142819814116844E+002 -0.192382594132649E+002  0.670636319088301E+002 -0.199382045050779E+000 -0.257291100924165E+001 -0.211334349549260E+002 -0.167451030290137E+002 -0.714099070584218E+001
  0.999990666769142E+000  0.142770534676463E+002 -0.192455576018620E+002  0.668505119937468E+002 -0.235419487536810E+000 -0.205593896467490E+001 -0.158316081137759E+002 -0.167451030290137E+002 -0.713852673382316E+001
  0.999990666769142E+000  0.142724844458660E+002 -0.192867163469371E+002  0.659394235281471E+002 -0.301125321091388E+000 -0.155560676764145E+001 -0.133971114430239E+002 -0.167451030290137E+002 -0.713624222293302E+001
  0.999990666769142E+000  0.142405706992604E+002 -0.192337952029059E+002  0.672168572606307E+002 -0.193705528888545E+000 -0.267271325884368E+001 -0.234000471355379E+002 -0.167451030290137E+002 -0.712028534963020E+001
  0.999990666769142E+000  0.142075143136543E+002 -0.192748694495881E+002  0.661734759361128E+002 -0.421261349733065E+000  0.135572855267622E+000 -0.987968473441796E+000 -0.167451030290137E+002 -0.710375715682714E+001
  0.999990666769142E+000  0.141948709178762E+002 -0.192750315916966E+002  0.661417556577638E+002 -0.242684585533065E+000 -0.235197157953638E+001 -0.216750823172267E+002 -0.167451030290137E+002 -0.709743545893809E+001
  0.999990666769142E+000  0.141713182590685E+002 -0.192518715845364E+002  0.669722930224455E+002 -0.293525722630291E+000 -0.193997022481834E+001 -0.187689773876004E+002 -0.167451030290137E+002 -0.708565912953427E+001
  0.999990666769142E+000  0.141376449560815E+002 -0.192685522854133E+002  0.663208473062870E+002 -0.364371509406772E+000 -0.370406182540105E+000 -0.247518887600143E+001 -0.167451030290137E+002 -0.706882247804075E+001
  0.999990666769142E+000  0.141332509595530E+002 -0.192883191430306E+002  0.655605773799214E+002 -0.243543799843879E+000 -0.151314488338489E+001 -0.953693694820362E+001 -0.167451030290137E+002 -0.706662547977650E+001
  0.999990666769142E+000  0.141168919264858E+002 -0.192649030214987E+002  0.662493789054085E+002 -0.194271832999303E+000 -0.245645514732458E+001 -0.197722846737840E+002 -0.167451030290137E+002 -0.705844596324291E+001
  0.999990666769142E+000  0.141093596567303E+002 -0.192723880084896E+002  0.665744253353316E+002 -0.376222274517034E+000 -0.569710781919220E+000 -0.423101471227476E+001 -0.167451030290137E+002 -0.705467982836514E+001
  0.999990666769142E+000  0.140805868118556E+002 -0.192017456639864E+002  0.683396445433349E+002 -0.263735730285757E+000 -0.127578470391321E+001 -0.741359071112723E+001 -0.167451030290137E+002 -0.704029340592779E+001
  0.999990666769142E+000  0.140630167149373E+002 -0.192437638191269E+002  0.669109674687919E+002 -0.179260274391618E+000 -0.274337183683165E+001 -0.228019621399422E+002 -0.167451030290137E+002 -0.703150835746863E+001
  0.999990666769142E+000  0.140437222017884E+002 -0.192611672763483E+002  0.667467284129537E+002 -0.281156876754702E+000 -0.201145890547131E+001 -0.187492104759793E+002 -0.167451030290137E+002 -0.702186110089420E+001
  0.999990666769142E+000  0.140341821360523E+002 -0.192044469314774E+002  0.683266349014428E+002 -0.303897148096644E+000 -0.802593459784028E+000 -0.512101134505988E+001 -0.167451030290137E+002 -0.701709106802614E+001
  0.999990666769142E+000  0.140085876857077E+002 -0.192692345387529E+002  0.662476646234728E+002 -0.370477833393276E+000 -0.186002622594195E+000 -0.148763796678743E+001 -0.167451030290137E+002 -0.700429384285385E+001
  0.999990666769142E+000  0.139775098412836E+002 -0.192241242125428E+002  0.677745056997779E+002 -0.246314532748238E+000 -0.199688662016134E+001 -0.160001961353673E+002 -0.167451030290137E+002 -0.698875492064180E+001
  0.999990666769142E+000  0.139733788661612E+002 -0.192188156721741E+002  0.677224576450972E+002 -0.362500720132586E+000 -0.213009017844353E+000 -0.190859203122929E+001 -0.167451030290137E+002 -0.698668943308062E+001
  0.999990666769142E+000  0.139729460264398E+002 -0.192814238653225E+002  0.661080740267483E+002 -0.287140778067320E+000 -0.144991415197009E+001 -0.110078493958608E+002 -0.167451030290137E+002 -0.698647301321990E+001
  0.999990666769142E+000  0.139550116958752E+002 -0.192744445875056E+002  0.660774172821798E+002 -0.278566474438718E+000 -0.160808705062467E+001 -0.128158927766916E+002 -0.167451030290137E+002 -0.697750584793762E+001
  0.999990666769142E+000  0.139343983249639E+002 -0.192431501038764E+002  0.672935786646525E+002 -0.353009483673844E+000 -0.736806523949973E+000 -0.496235090635660E+001 -0.167451030290137E+002 -0.696719916248195E+001
  0.999990666769142E+000  0.139034530405195E+002 -0.192401914736606E+002  0.672180849462540E+002 -0.317852164924350E+000 -0.923073138382200E+000 -0.551991378784071E+001 -0.167451030290137E+002 -0.695172652025976E+001
  0.999990666769142E+000  0.138766030456694E+002 -0.192260196455114E+002  0.675066426379057E+002 -0.242388937865204E+000 -0.113242556622448E+001 -0.574043234251144E+001 -0.167451030290137E+002 -0.693830152283470E+001
  0.999990666769142E+000  0.138485263073545E+002 -0.192543223150662E+002  0.668408873932048E+002 -0.272609547162105E+000 -0.215884730079638E+001 -0.209522729388468E+002 -0.167451030290137E+002 -0.692426315367725E+001
  0.999990666769142E+000  0.138157554293615E+002 -0.192143331536207E+002  0.679853442785378E+002 -0.279580536960880E+000 -0.902392296546035E+000 -0.418030182901536E+001 -0.167451030290137E+002 -0.690787771468077E+001
  0.999990666769142E+000  0.137979603017702E+002 -0.192484839961838E+002  0.668965550669542E+002 -0.211200002430138E+000 -0.274280031670953E+001 -0.261485969784208E+002 -0.167451030290137E+002 -0.689898015088508E+001
  0.999990666769142E+000  0.137592206037299E+002 -0.192472290342706E+002  0.673307809626345E+002 -0.357860742873722E+000 -0.100949900971164E+001 -0.864196524753478E+001 -0.167451030290137E+002 -0.687961030186495E+001
  0.999990666769142E+000  0.137356407294325E+002 -0.192392559520804E+002  0.669459564256386E+002 -0.225033092144214E+000 -0.110072605799698E+001 -0.472531144861422E+001 -0.167451030290137E+002 -0.686782036471626E+001
  0.999990666769142E+000  0.137095699355832E+002 -0.192333068195497E+002  0.671516886497708E+002 -0.200630210388429E+000 -0.207904030281759E+001 -0.145116741031287E+002 -0.167451030290137E+002 -0.685478496779162E+001
  0.999990666769142E+000  0.136474575127102E+002 -0.192252721461307E+002  0.673726953972037E+002 -0.254105143546674E+000 -0.829764611394197E+000 -0.311062311087093E+001 -0.167451030290137E+002 -0.682372875635510E+001
  0.999990666769142E+000  0.136412035101736E+002 -0.192233056258320E+002  0.674636397262389E+002 -0.249086875402895E+000 -0.759382370813961E+000 -0.271872653508552E+001 -0.167451030290137E+002 -0.682060175508681E+001
  0.999990666769142E+000  0.136385647662429E+002 -0.192471749753138E+002  0.672476350557389E+002 -0.394095373307278E+000 -0.119806229753157E+000 -0.121832030464479E+001 -0.167451030290137E+002 -0.681928238312143E+001
  0.999990666769142E+000  0.136364723643584E+002 -0.192157563252291E+002  0.680898027177220E+002 -0.306697925065936E+000 -0.143394986651609E+001 -0.119239603263990E+002 -0.167451030290137E+002 -0.681823618217918E+001
  0.999990666769142E+000  0.136280001248395E+002 -0.192439953853753E+002  0.673939177128415E+002 -0.377900045604119E+000 -0.434898384409452E+000 -0.431030729959080E+001 -0.167451030290137E+002 -0.681400006241975E+001
  0.999990666769142E+000  0.136014909011912E+002 -0.192706295943385E+002  0.664339185880290E+002 -0.343576119242990E+000 -0.105505903317463E+001 -0.952248021916738E+001 -0.167451030290137E+002 -0.680074545059560E+001
  0.999990666769142E+000  0.135635412065899E+002 -0.192616459136854E+002  0.666455753855853E+002 -0.265615890573981E+000 -0.183401769489457E+001 -0.156648831178040E+002 -0.167451030290137E+002 -0.678177060329497E+001
  0.999990666769142E+000  0.135389482457602E+002 -0.192411160855473E+002  0.671923703357577E+002 -0.258778909360181E+000 -0.218855022005334E+001 -0.201566966653534E+002 -0.167451030290137E+002 -0.676947412288008E+001
  0.999990666769142E+000  0.134149612859810E+002 -0.192555000714684E+002  0.667556577630469E+002 -0.255541446486667E+000 -0.222969060962922E+001 -0.211488016273213E+002 -0.167451030290137E+002 -0.670748064299051E+001
  0.999990666769142E+000  0.133676901779208E+002 -0.192834394774572E+002  0.660725381001005E+002 -0.358273618730825E+000 -0.678801612278470E+000 -0.492899544632235E+001 -0.167451030290137E+002 -0.668384508896042E+001
  0.999990666769142E+000  0.133619091101210E+002 -0.192190503185204E+002  0.679311511387564E+002 -0.270205507277097E+000 -0.172203285503489E+001 -0.138346177731041E+002 -0.167451030290137E+002 -0.668095455506050E+001
  0.999990666769142E+000  0.133544741250330E+002 -0.192603402382093E+002  0.667641710001063E+002 -0.298283120633478E+000 -0.171841141349303E+001 -0.161907645672180E+002 -0.167451030290137E+002 -0.667723706251649E+001
  0.999990666769142E+000  0.133429697526280E+002 -0.192763806277093E+002  0.661579155615066E+002 -0.319802732005385E+000 -0.110317301891958E+001 -0.900315013892926E+001 -0.167451030290137E+002 -0.667148487631401E+001
  0.999990666769142E+000  0.133348345717901E+002 -0.192154027055382E+002  0.678478951611242E+002 -0.306727478626234E+000 -0.739437830515531E+000 -0.374987287157037E+001 -0.167451030290137E+002 -0.666741728589504E+001
  0.999990666769142E+000  0.131599798418797E+002 -0.192391598258597E+002  0.672265436371961E+002 -0.318348659982959E+000 -0.113170623074254E+001 -0.879071510338787E+001 -0.167451030290137E+002 -0.657998992093987E+001
  0.999990666769142E+000  0.131368814503896E+002 -0.192725009879765E+002  0.664575707312355E+002 -0.369068933081875E+000 -0.382226617171105E+000 -0.244534216780372E+001 -0.167451030290137E+002 -0.656844072519480E+001
  0.999990666769142E+000  0.131218943080086E+002 -0.192273329572820E+002  0.676422089576556E+002 -0.290803272462328E+000 -0.152308734314071E+001 -0.119032019110568E+002 -0.167451030290137E+002 -0.656094715400430E+001
  0.999990666769142E+000  0.130940325172943E+002 -0.192270519826375E+002  0.677394040615890E+002 -0.305278965705063E+000 -0.150044789680604E+001 -0.129382885437158E+002 -0.167451030290137E+002 -0.654701625864716E+001
  0.999990666769142E+000  0.128938593551244E+002 -0.192344324044381E+002  0.674119534325271E+002 -0.272871902178698E+000 -0.179081971740072E+001 -0.153482366910662E+002 -0.167451030290137E+002 -0.644692967756218E+001
  0.999990666769142E+000  0.128512534148168E+002 -0.192439939906577E+002  0.670917522917477E+002 -0.263296788062380E+000 -0.165615543925088E+001 -0.130211745671884E+002 -0.167451030290137E+002 -0.642562670740840E+001
  0.999990666769142E+000  0.128232655915073E+002 -0.192682704861876E+002  0.662019407891707E+002 -0.241793002387062E+000 -0.173392400656947E+001 -0.121281080127461E+002 -0.167451030290137E+002 -0.641163279575363E+001
  0.999990666769142E+000  0.127978247725170E+002 -0.192034534975245E+002  0.683567793096076E+002 -0.304648192491430E+000 -0.496027574973287E+000 -0.249286279778815E+001 -0.167451030290137E+002 -0.639891238625852E+001
  0.999990666769142E+000  0.127343780112031E+002 -0.192498625099346E+002  0.670298387047812E+002 -0.335266780638776E+000 -0.283381464526059E+000 -0.213478768798792E+001 -0.167451030290137E+002 -0.636718900560155E+001
  0.999990666769142E+000  0.126872081534200E+002 -0.192220446344037E+002  0.675962514204687E+002 -0.318773825137812E+000 -0.641496335386432E+000 -0.376338192031854E+001 -0.167451030290137E+002 -0.634360407670999E+001
  0.999990666769142E+000  0.126793678229880E+002 -0.192393815054922E+002  0.673968440350852E+002 -0.378479001329834E+000 -0.540637811046714E+000 -0.468183261431982E+001 -0.167451030290137E+002 -0.633968391149398E+001
  0.999990666769142E+000  0.126762717702583E+002 -0.192652915421713E+002  0.665708801668914E+002 -0.321142807364524E+000 -0.112564669485032E+001 -0.824515176353556E+001 -0.167451030290137E+002 -0.633813588512914E+001
  0.999990666769142E+000  0.126637702910932E+002 -0.192451570832972E+002  0.669961156843526E+002 -0.292984368787887E+000 -0.870213577542046E+000 -0.425226151579304E+001 -0.167451030290137E+002 -0.633188514554658E+001
  0.999990666769142E+000  0.126004765438687E+002 -0.192494987871909E+002  0.668455693758400E+002 -0.258647735591829E+000 -0.176950283634816E+001 -0.134490525887295E+002 -0.167451030290137E+002 -0.630023827193436E+001
  0.999990666769142E+000  0.125902690933517E+002 -0.192466521699238E+002  0.671952176558611E+002 -0.334744828219310E+000 -0.414510071425893E+000 -0.285313907764831E+001 -0.167451030290137E+002 -0.629513454667582E+001
  0.999990666769142E+000  0.125686116582819E+002 -0.192382625458028E+002  0.672069718734716E+002 -0.299872434178178E+000 -0.123480902666502E+001 -0.914371921096087E+001 -0.167451030290137E+002 -0.628430582914097E+001
  0.999990666769142E+000  0.125532900467353E+002 -0.192524925678612E+002  0.670185834438611E+002 -0.313637926882667E+000 -0.112253137422490E+001 -0.771320511537054E+001 -0.167451030290137E+002 -0.627664502336767E+001
  0.999990666769142E+000  0.124831592422662E+002 -0.192404818329465E+002  0.673678827778778E+002 -0.323911832607092E+000 -0.600623137663888E+000 -0.301063787502837E+001 -0.167451030290137E+002 -0.624157962113309E+001
  0.999990666769142E+000  0.124530393395891E+002 -0.192369813649749E+002  0.676507821498241E+002 -0.370564820174728E+000 -0.512736607261715E+000 -0.454311156852479E+001 -0.167451030290137E+002 -0.622651966979453E+001
  0.999990666769142E+000  0.124429505283492E+002 -0.192703442942497E+002  0.661946875955546E+002 -0.264999082735166E+000 -0.109237197775392E+001 -0.567875800047963E+001 -0.167451030290137E+002 -0.622147526417462E+001
  0.999990666769142E+000  0.124359562812624E+002 -0.192283538947280E+002  0.674035500729581E+002 -0.270769980455635E+000 -0.772229666478296E+000 -0.311072090946726E+001 -0.167451030290137E+002 -0.621797814063121E+001
  0.999990666769142E+000  0.124246122118984E+002 -0.191967564959256E+002  0.686263308060741E+002 -0.332225777739826E+000 -0.502653711748184E+000 -0.317493068192218E+001 -0.167451030290137E+002 -0.621230610594921E+001
  0.999990666769142E+000  0.123629729767466E+002 -0.192486368386337E+002  0.669470716274119E+002 -0.256571192136198E+000 -0.183777437461564E+001 -0.146892148687087E+002 -0.167451030290137E+002 -0.618148648837329E+001
  0.999990666769142E+000  0.123167785129753E+002 -0.192652905039708E+002  0.666055851796897E+002 -0.307882110068015E+000 -0.103761432117358E+001 -0.668485965511674E+001 -0.167451030290137E+002 -0.615838925648765E+001
  0.999990666769142E+000  0.122917482398817E+002 -0.192527314673322E+002  0.667222286344960E+002 -0.239643780286160E+000 -0.162794332394587E+001 -0.106591130119435E+002 -0.167451030290137E+002 -0.614587411994085E+001
  0.999990666769142E+000  0.122827608946457E+002 -0.192633336756998E+002  0.664628105589979E+002 -0.420404360223751E+000  0.247830700919668E+000 -0.563377552265649E+000 -0.167451030290137E+002 -0.614138044732283E+001
  0.999990666769142E+000  0.121963271501674E+002 -0.192607119006505E+002  0.665786431205760E+002 -0.367635970472782E+000 -0.296764295254196E+000 -0.277257768464206E+001 -0.167451030290137E+002 -0.609816357508371E+001
  0.999990666769142E+000  0.121858399037887E+002 -0.192856162068977E+002  0.658466603872719E+002 -0.305751182939273E+000 -0.790193694507792E+000 -0.436771767958885E+001 -0.167451030290137E+002 -0.609291995189436E+001
  0.999990666769142E+000  0.121823027854785E+002 -0.192664809301409E+002  0.662934692307824E+002 -0.259375474519283E+000 -0.131581167305418E+001 -0.775637781421923E+001 -0.167451030290137E+002 -0.609115139273927E+001
  0.999990666769142E+000  0.121726690972667E+002 -0.192566121152632E+002  0.666785477501042E+002 -0.281456751059527E+000 -0.144529389553895E+001 -0.111208533248301E+002 -0.167451030290137E+002 -0.608633454863337E+001
  0.999990666769142E+000  0.120944389133968E+002 -0.192634245837553E+002  0.665018670620477E+002 -0.309099929538257E+000 -0.790306537574168E+000 -0.416008437794791E+001 -0.167451030290137E+002 -0.604721945669841E+001
  0.999990666769142E+000  0.120734673250691E+002 -0.192531294383291E+002  0.669855338985162E+002 -0.316474013846711E+000 -0.126269686124361E+001 -0.105233804431562E+002 -0.167451030290137E+002 -0.603673366253456E+001
  0.999990666769142E+000  0.120623328327683E+002 -0.192172474301525E+002  0.680771422537864E+002 -0.360656547339478E+000 -0.102040761811478E+000 -0.841081088687545E+000 -0.167451030290137E+002 -0.603116641638414E+001
  0.999990666769142E+000  0.120374543620272E+002 -0.192458989398344E+002  0.669456120979828E+002 -0.279550442634754E+000 -0.639043438447146E+000 -0.296608345635283E+001 -0.167451030290137E+002 -0.601872718101360E+001
  0.999990666769142E+000  0.120107716402427E+002 -0.192423824952900E+002  0.670499670676195E+002 -0.254988682329983E+000 -0.131410922012648E+001 -0.805419051310949E+001 -0.167451030290137E+002 -0.600538582012133E+001
  0.999990666769142E+000  0.118779043960813E+002 -0.192607694520710E+002  0.669373773889784E+002 -0.376158857184063E+000 -0.630767648195485E+000 -0.537154048292294E+001 -0.167451030290137E+002 -0.593895219804064E+001
  0.999990666769142E+000  0.118543163625926E+002 -0.192633771198019E+002  0.661994684942313E+002 -0.274061510427065E+000 -0.535649018157594E+000 -0.203098203815799E+001 -0.167451030290137E+002 -0.592715818129628E+001
  0.999990666769142E+000  0.117162543669503E+002 -0.192865867122403E+002  0.658021631042503E+002 -0.307693276963957E+000 -0.658252038212465E+000 -0.364587499090605E+001 -0.167451030290137E+002 -0.585812718347517E+001
  0.999990666769142E+000  0.116420838105601E+002 -0.192586742859197E+002  0.667877774291601E+002 -0.390234402121850E+000 -0.263394380213771E+000 -0.241572434085559E+001 -0.167451030290137E+002 -0.582104190528005E+001
  0.999990666769142E+000  0.116410954106512E+002 -0.192663099232495E+002  0.665376562677971E+002 -0.368187378239487E+000 -0.530710803444448E+000 -0.441399778122828E+001 -0.167451030290137E+002 -0.582054770532561E+001
  0.999990666769142E+000  0.116255447852264E+002 -0.192643421928851E+002  0.665791098324988E+002 -0.316182918692525E+000 -0.923130591539355E+000 -0.663847814413535E+001 -0.167451030290137E+002 -0.581277239261319E+001
  0.999990666769142E+000  0.115796248756035E+002 -0.192602074198223E+002  0.664547787874048E+002 -0.316301238337871E+000 -0.701660077622844E+000 -0.436644417522523E+001 -0.167451030290137E+002 -0.578981243780177E+001
  0.999990666769142E+000  0.115685904017255E+002 -0.192404982522336E+002  0.670041182707649E+002 -0.319386660635481E+000 -0.471030600594695E+000 -0.286759997427910E+001 -0.167451030290137E+002 -0.578429520086274E+001
  0.999990666769142E+000  0.113584061065066E+002 -0.192160038456207E+002  0.678794343540734E+002 -0.324950064539171E+000 -0.391732747949693E+000 -0.247756225532780E+001 -0.167451030290137E+002 -0.567920305325332E+001
  0.999990666769142E+000  0.113025035711111E+002 -0.192436758890809E+002  0.668249043878565E+002 -0.280781008539724E+000 -0.729405569989691E+000 -0.344578981960208E+001 -0.167451030290137E+002 -0.565125178555555E+001
  0.999990666769142E+000  0.112928021133504E+002 -0.192470718353960E+002  0.673739327013098E+002 -0.384884125665091E+000 -0.487207120530279E+000 -0.417761039494364E+001 -0.167451030290137E+002 -0.564640105667522E+001
  0.999990666769142E+000  0.112927147997748E+002 -0.192706047958722E+002  0.662284709276611E+002 -0.309850453553091E+000 -0.386082921606802E+000 -0.162733557659065E+001 -0.167451030290137E+002 -0.564635739988742E+001
  0.999990666769142E+000  0.112745979276684E+002 -0.192401170465635E+002  0.670545831388932E+002 -0.300023849605978E+000 -0.617871315812488E+000 -0.275214356890694E+001 -0.167451030290137E+002 -0.563729896383420E+001
  0.999990666769142E+000  0.112371088136621E+002 -0.192377033517121E+002  0.674005443752664E+002 -0.370868746963057E+000 -0.172164364848227E+000 -0.127088694637627E+001 -0.167451030290137E+002 -0.561855440683106E+001
  0.999990666769142E+000  0.112001188922306E+002 -0.192481040968153E+002  0.671375869234094E+002 -0.324364264708514E+000 -0.945311917221044E+000 -0.644358979226919E+001 -0.167451030290137E+002 -0.560005944611530E+001
  0.999990666769142E+000  0.111983061775996E+002 -0.192111694507586E+002  0.678932685994941E+002 -0.308837803697991E+000 -0.314855060996532E+000 -0.140850977567047E+001 -0.167451030290137E+002 -0.559915308879979E+001
  0.999990666769142E+000  0.111783701909189E+002 -0.192458584272147E+002  0.669103365684763E+002 -0.274089489110241E+000 -0.796034831467393E+000 -0.388856588476023E+001 -0.167451030290137E+002 -0.558918509545946E+001
  0.999990666769142E+000  0.111726518560680E+002 -0.192812440541433E+002  0.660832828571958E+002 -0.347520112439418E+000 -0.585492900649431E+000 -0.394125145083223E+001 -0.167451030290137E+002 -0.558632592803400E+001
  0.999990666769142E+000  0.110433811532997E+002 -0.192769340517185E+002  0.659585288920189E+002 -0.296350542114187E+000 -0.688520727655233E+000 -0.350810786682626E+001 -0.167451030290137E+002 -0.552169057664986E+001
  0.999990666769142E+000  0.110373105005284E+002 -0.192413030313162E+002  0.672642537372921E+002 -0.359878306172454E+000 -0.350615249141693E+000 -0.216012298950832E+001 -0.167451030290137E+002 -0.551865525026418E+001
  0.999990666769142E+000  0.110178815621333E+002 -0.192508681838437E+002  0.671823991642542E+002 -0.360910197596886E+000 -0.308480400926356E+000 -0.200266091419785E+001 -0.167451030290137E+002 -0.550894078106664E+001
  0.999990666769142E+000  0.110061389810840E+002 -0.192372918396844E+002  0.675041130738749E+002 -0.344363408844993E+000 -0.679275994911684E+000 -0.442920097629718E+001 -0.167451030290137E+002 -0.550306949054198E+001
  0.999990666769142E+000  0.109181322778201E+002 -0.192376664979849E+002  0.674129272165869E+002 -0.340075862342511E+000 -0.756304246470341E+000 -0.514803954149123E+001 -0.167451030290137E+002 -0.545906613891005E+001
  0.999990666769142E+000  0.108987327604457E+002 -0.192486126386634E+002  0.668714293625860E+002 -0.318890984641303E+000 -0.335574315714045E+000 -0.141011259714475E+001 -0.167451030290137E+002 -0.544936638022285E+001
  0.999990666769142E+000  0.108779108549693E+002 -0.192044887137507E+002  0.683125149256022E+002 -0.322736719641975E+000 -0.374614622522634E+000 -0.203115493139438E+001 -0.167451030290137E+002 -0.543895542748463E+001
  0.999990666769142E+000  0.108161570258614E+002 -0.191944069302840E+002  0.690557553956115E+002 -0.449845123415538E+000  0.343804042692694E+000 -0.371072805374183E+000 -0.167451030290137E+002 -0.540807851293071E+001
  0.999990666769142E+000  0.107377838679717E+002 -0.192552496129115E+002  0.669459058014440E+002 -0.340737667424722E+000 -0.668793186499347E+000 -0.488171202408614E+001 -0.167451030290137E+002 -0.536889193398585E+001
  0.999990666769142E+000  0.107259243622438E+002 -0.192558028366262E+002  0.668459609491930E+002 -0.336746414027990E+000 -0.610526451948914E+000 -0.438279778580414E+001 -0.167451030290137E+002 -0.536296218112191E+001
  0.999990666769142E+000  0.106933878527058E+002 -0.192322377274305E+002  0.674493923129709E+002 -0.323597550546798E+000 -0.634539068358761E+000 -0.346648463954871E+001 -0.167451030290137E+002 -0.534669392635292E+001
  0.999990666769142E+000  0.106644797204878E+002 -0.192556688686796E+002  0.666573468447788E+002 -0.312593231043985E+000 -0.277157298387694E+000 -0.116315828719983E+001 -0.167451030290137E+002 -0.533223986024389E+001
  0.999990666769142E+000  0.106210077912407E+002 -0.192206263110187E+002  0.681882399197251E+002 -0.407998328121044E+000 -0.134752028716777E+000 -0.216270148904761E+001 -0.167451030290137E+002 -0.531050389562037E+001
  0.999990666769142E+000  0.106072261837326E+002 -0.192551060955337E+002  0.668564265903751E+002 -0.327544460012652E+000 -0.854045900089403E+000 -0.575877341986248E+001 -0.167451030290137E+002 -0.530361309186631E+001
  0.999990666769142E+000  0.105874767988593E+002 -0.192392982803888E+002  0.674952338208429E+002 -0.358112145161924E+000 -0.635618455898111E+000 -0.475722654534476E+001 -0.167451030290137E+002 -0.529373839942967E+001
  0.999990666769142E+000  0.105832574478470E+002 -0.192520972460102E+002  0.671506837416942E+002 -0.371194394495515E+000 -0.374675549971833E+000 -0.323873811769067E+001 -0.167451030290137E+002 -0.529162872392349E+001
  0.999990666769142E+000  0.105654601875579E+002 -0.192497115370029E+002  0.667533983390960E+002 -0.279307449184483E+000 -0.706074691362616E+000 -0.320011456321755E+001 -0.167451030290137E+002 -0.528273009377893E+001
  0.999990666769142E+000  0.104784146616041E+002 -0.192655907793617E+002  0.665104921596415E+002 -0.339321360472474E+000 -0.554571000775431E+000 -0.394496909121517E+001 -0.167451030290137E+002 -0.523920733080205E+001
  0.999990666769142E+000  0.104599187567806E+002 -0.192645151200109E+002  0.667002426939830E+002 -0.355672234132866E+000 -0.582111977411996E+000 -0.440507420287818E+001 -0.167451030290137E+002 -0.522995937839030E+001
  0.999990666769142E+000  0.104564578744414E+002 -0.192558309806623E+002  0.672553764848762E+002 -0.478162043127164E+000  0.398612884460963E+000 -0.614697218529514E+000 -0.167451030290137E+002 -0.522822893722069E+001
  0.999990666769142E+000  0.103073331400977E+002 -0.192346396337148E+002  0.676520512009248E+002 -0.434780429954158E+000  0.157110427643145E+000 -0.752561371569712E+000 -0.167451030290137E+002 -0.515366657004886E+001
  0.999990666769142E+000  0.102696409092744E+002 -0.192618382748311E+002  0.664386440573699E+002 -0.329894409598029E+000 -0.153847525472752E+000 -0.137188476035237E+001 -0.167451030290137E+002 -0.513482045463722E+001
  0.999990666769142E+000  0.102444811163946E+002 -0.192326618479967E+002  0.680138105206946E+002 -0.442507808188619E+000  0.143867558953740E+000 -0.104201332350684E+001 -0.167451030290137E+002 -0.512224055819730E+001
  0.999990666769142E+000  0.102338310829909E+002 -0.192470284454500E+002  0.671890035975634E+002 -0.379326604666834E+000 -0.355109102462867E+000 -0.285127278932514E+001 -0.167451030290137E+002 -0.511691554149545E+001
  0.999990666769142E+000  0.102203423948711E+002 -0.192528297992088E+002  0.669644273869820E+002 -0.330463576586862E+000 -0.788625059334105E+000 -0.531574841220011E+001 -0.167451030290137E+002 -0.511017119743554E+001
  0.999990666769142E+000  0.102075435790477E+002 -0.192238061258603E+002  0.678130289852495E+002 -0.330888684114786E+000 -0.272507035659906E+000 -0.163009031188341E+001 -0.167451030290137E+002 -0.510377178952384E+001
  0.999990666769142E+000  0.101992073978834E+002 -0.192538793373427E+002  0.675391584690947E+002 -0.507742376766564E+000  0.529942089031202E+000 -0.452033741520353E+000 -0.167451030290137E+002 -0.509960369894171E+001
  0.999990666769142E+000  0.101828944736121E+002 -0.192260421454549E+002  0.681289236489100E+002 -0.420277806417866E+000  0.167918866572183E+000 -0.867398877986304E+000 -0.167451030290137E+002 -0.509144723680606E+001
  0.999990666769142E+000  0.101644615502141E+002 -0.192763276356392E+002  0.663034473905249E+002 -0.353909253161504E+000 -0.357475611668688E+000 -0.259268422073237E+001 -0.167451030290137E+002 -0.508223077510706E+001
  0.999990666769142E+000  0.100447466417934E+002 -0.192300715460237E+002  0.680542575190169E+002 -0.424886322647699E+000  0.210170844409298E+000 -0.698038252198344E+000 -0.167451030290137E+002 -0.502237332089669E+001
  0.999990666769142E+000  0.988005570460256E+001 -0.192466293125558E+002  0.672664705452689E+002 -0.399497335843100E+000 -0.336771356741785E-001 -0.106244000728006E+001 -0.167451030290137E+002 -0.494002785230128E+001
  0.999990666769142E+000  0.984296167866770E+001 -0.192005926283235E+002  0.688184507631186E+002 -0.428353759858231E+000  0.215741187057525E+000 -0.756433478082442E+000 -0.167451030290137E+002 -0.492148083933385E+001
  0.999990666769142E+000  0.960555167262218E+001 -0.192627141968651E+002  0.664682774396972E+002 -0.335746623528948E+000  0.649963555387050E-001 -0.569558808293820E+000 -0.167451030290137E+002 -0.480277583631109E+001
  0.999990666769142E+000  0.954379882778663E+001 -0.192193463683497E+002  0.679572186734071E+002 -0.365689140164454E+000 -0.251548761997196E+000 -0.218594371195353E+001 -0.167451030290137E+002 -0.477189941389331E+001
  0.999990666769142E+000  0.953306838200435E+001 -0.192476117269599E+002  0.669114712174699E+002 -0.324511142326092E+000 -0.348199377642670E+000 -0.167034202551298E+001 -0.167451030290137E+002 -0.476653419100218E+001
  0.999990666769142E+000  0.951817175375559E+001 -0.192219995111008E+002  0.684129625112112E+002 -0.492284567963547E+000  0.519484122367581E+000 -0.352094259181897E+000 -0.167451030290137E+002 -0.475908587687780E+001
  0.999990666769142E+000  0.947979294921549E+001 -0.192721103429417E+002  0.662838876434972E+002 -0.345193174688561E+000 -0.428732918410677E+000 -0.282627244486791E+001 -0.167451030290137E+002 -0.473989647460775E+001
  0.999990666769142E+000  0.935452420884974E+001 -0.192358632590945E+002  0.675712981744936E+002 -0.354881457168978E+000 -0.348149818707906E+000 -0.236324008050086E+001 -0.167451030290137E+002 -0.467726210442487E+001
  0.999990666769142E+000  0.935131674455171E+001 -0.192487691462883E+002  0.673306310257207E+002 -0.405792364071537E+000 -0.809645304593278E-001 -0.151597476812026E+001 -0.167451030290137E+002 -0.467565837227585E+001
  0.999990666769142E+000  0.934637537302969E+001 -0.192544246904098E+002  0.667430263646891E+002 -0.335464270495064E+000 -0.360144977917548E+000 -0.242640423313776E+001 -0.167451030290137E+002 -0.467318768651485E+001
  0.999990666769142E+000  0.926917408360329E+001 -0.192863923648107E+002  0.661630301549393E+002 -0.443337337186033E+000  0.395664510970297E+000 -0.330770640546476E+000 -0.167451030290137E+002 -0.463458704180165E+001
  0.999990666769142E+000  0.919565876195507E+001 -0.192428118393808E+002  0.677586896319898E+002 -0.489560800582986E+000  0.441349265398674E+000 -0.495638642822868E+000 -0.167451030290137E+002 -0.459782938097754E+001
  0.999990666769142E+000  0.918265893517942E+001 -0.192576915379189E+002  0.667065264545081E+002 -0.380982545739201E+000 -0.758618179320205E-001 -0.152914495377456E+001 -0.167451030290137E+002 -0.459132946758971E+001
  0.999990666769142E+000  0.916624157714165E+001 -0.192290587118268E+002  0.679435862781183E+002 -0.419914416268093E+000  0.818613518220257E-001 -0.121526400113362E+001 -0.167451030290137E+002 -0.458312078857082E+001
  0.999990666769142E+000  0.914430974804660E+001 -0.192659105894745E+002  0.669562212868155E+002 -0.469254313324921E+000  0.452303378710788E+000 -0.539163686882532E+000 -0.167451030290137E+002 -0.457215487402330E+001
  0.999990666769142E+000  0.914027182540011E+001 -0.192360256118973E+002  0.673224187975533E+002 -0.321445405470739E+000 -0.277764968590404E+000 -0.152612757407657E+001 -0.167451030290137E+002 -0.457013591270006E+001
  0.999990666769142E+000  0.894272428965525E+001 -0.192648240609827E+002  0.664912737231357E+002 -0.345233839636701E+000 -0.388613470538045E+000 -0.259245939691792E+001 -0.167451030290137E+002 -0.447136214482762E+001
  0.999990666769142E+000  0.885232722191411E+001 -0.192472686513064E+002  0.676456572633258E+002 -0.474116609876813E+000  0.373436614296185E+000 -0.478059264879178E+000 -0.167451030290137E+002 -0.442616361095706E+001
  0.999990666769142E+000  0.878588789454623E+001 -0.192404126265554E+002  0.674083685889615E+002 -0.364780227765260E+000 -0.345949194120898E+000 -0.259795270958220E+001 -0.167451030290137E+002 -0.439294394727311E+001
  0.999990666769142E+000  0.876154345722452E+001 -0.192423929816964E+002  0.677470657313725E+002 -0.457470136019934E+000  0.320793941748223E+000 -0.584848076045120E+000 -0.167451030290137E+002 -0.438077172861226E+001
  0.999990666769142E+000  0.875557111312180E+001 -0.192300021463659E+002  0.677150313731936E+002 -0.363462007856109E+000 -0.277450884696117E+000 -0.221410944089662E+001 -0.167451030290137E+002 -0.437778555656090E+001
  0.999990666769142E+000  0.872809195500433E+001 -0.192724280441212E+002  0.664553815907432E+002 -0.383795766569194E+000  0.192973531169024E+000 -0.458663348843942E+000 -0.167451030290137E+002 -0.436404597750217E+001
  0.999990666769142E+000  0.866066679736941E+001 -0.192508063581262E+002  0.668272482892639E+002 -0.337201814360244E+000 -0.338015410743884E+000 -0.202550704953904E+001 -0.167451030290137E+002 -0.433033339868470E+001
  0.999990666769142E+000  0.864500630823962E+001 -0.192469922516577E+002  0.669404998094789E+002 -0.321140670544579E+000 -0.311548152355904E+000 -0.162896841775779E+001 -0.167451030290137E+002 -0.432250315411981E+001
  0.999990666769142E+000  0.858687192383606E+001 -0.192338572965801E+002  0.674018019934550E+002 -0.342351461973022E+000 -0.297482164149299E+000 -0.179223566334126E+001 -0.167451030290137E+002 -0.429343596191803E+001
  0.999990666769142E+000  0.853412849550543E+001 -0.192636796891403E+002  0.665153756532517E+002 -0.353537453707459E+000 -0.224922677795313E+000 -0.187188731186836E+001 -0.167451030290137E+002 -0.426706424775272E+001
  0.999990666769142E+000  0.848996820412435E+001 -0.192317669613254E+002  0.676794454613690E+002 -0.381840026562607E+000 -0.162629922157729E+000 -0.165809633953290E+001 -0.167451030290137E+002 -0.424498410206217E+001
  0.999990666769142E+000  0.843554693597067E+001 -0.192517235206711E+002  0.671275395607301E+002 -0.401136094759956E+000 -0.944066980399789E-001 -0.175268974177384E+001 -0.167451030290137E+002 -0.421777346798534E+001
  0.999990666769142E+000  0.843521128830997E+001 -0.192600744191838E+002  0.664627070427051E+002 -0.343913257176795E+000 -0.963519693173236E-001 -0.110055430235160E+001 -0.167451030290137E+002 -0.421760564415498E+001
  0.999990666769142E+000  0.843417826404981E+001 -0.192144909657479E+002  0.679963288346463E+002 -0.366064641204538E+000  0.145920379500808E+000 -0.419078421114875E+000 -0.167451030290137E+002 -0.421708913202491E+001
  0.999990666769142E+000  0.843091987022918E+001 -0.192507351978798E+002  0.669223798024837E+002 -0.347351883881557E+000 -0.153437888250627E+000 -0.146902180316886E+001 -0.167451030290137E+002 -0.421545993511459E+001
  0.999990666769142E+000  0.840213904548600E+001 -0.192579063767282E+002  0.664670355032776E+002 -0.354398765178984E+000  0.104989180358960E+000 -0.617922131671548E+000 -0.167451030290137E+002 -0.420106952274300E+001
  0.999990666769142E+000  0.839589219464866E+001 -0.192399858887184E+002  0.675568267598274E+002 -0.452791426265672E+000  0.306680394591023E+000 -0.477155231840527E+000 -0.167451030290137E+002 -0.419794609732433E+001
  0.999990666769142E+000  0.839178413997269E+001 -0.192480948834107E+002  0.671243431053101E+002 -0.397834099390516E+000  0.227783107023305E+000 -0.721931619986023E+000 -0.167451030290137E+002 -0.419589206998634E+001
  0.999990666769142E+000  0.832584554694900E+001 -0.192339180387263E+002  0.675716961792604E+002 -0.366944209823363E+000 -0.225010313339450E+000 -0.199715185194974E+001 -0.167451030290137E+002 -0.416292277347450E+001
  0.999990666769142E+000  0.822715330224474E+001 -0.192339850880563E+002  0.675282498554835E+002 -0.353727215541659E+000 -0.164115861111187E+000 -0.128918468556701E+001 -0.167451030290137E+002 -0.411357665112237E+001
  0.999990666769142E+000  0.820163864508201E+001 -0.192742816884733E+002  0.662741253002817E+002 -0.371070072400330E+000 -0.573064578003883E-001 -0.128321040832066E+001 -0.167451030290137E+002 -0.410081932254101E+001
  0.999990666769142E+000  0.818301306150579E+001 -0.192329179232946E+002  0.674967139227138E+002 -0.402047702386176E+000  0.163013215344154E+000 -0.812091066224525E+000 -0.167451030290137E+002 -0.409150653075290E+001
  0.999990666769142E+000  0.802801133669023E+001 -0.192451994803698E+002  0.674606782720440E+002 -0.425343149870240E+000  0.208595279806406E+000 -0.520558903528581E+000 -0.167451030290137E+002 -0.401400566834511E+001
  0.999990666769142E+000  0.797957491845693E+001 -0.192376995854196E+002  0.673095046923322E+002 -0.357621906721090E+000  0.448870883676662E-001 -0.553739377187213E+000 -0.167451030290137E+002 -0.398978745922846E+001
  0.999990666769142E+000  0.791963012046536E+001 -0.192507993990845E+002  0.672211899720004E+002 -0.447713024139585E+000  0.259084151770669E+000 -0.625904391209446E+000 -0.167451030290137E+002 -0.395981506023268E+001
  0.999990666769142E+000  0.780671313160389E+001 -0.191914005322173E+002  0.692509305779517E+002 -0.463565857779168E+000  0.528676936775899E+000 -0.479107996078000E+000 -0.167451030290137E+002 -0.390335656580194E+001
  0.999990666769142E+000  0.774556844175694E+001 -0.192652168801561E+002  0.667431932172055E+002 -0.434185898416741E+000  0.233260446969972E+000 -0.781761567759546E+000 -0.167451030290137E+002 -0.387278422087847E+001
  0.999990666769142E+000  0.774353908018502E+001 -0.192542438009891E+002  0.671087916365511E+002 -0.417591361174612E+000  0.593514837999294E-001 -0.111340802302907E+001 -0.167451030290137E+002 -0.387176954009251E+001
  0.999990666769142E+000  0.772796976860260E+001 -0.192604049204761E+002  0.671932638687892E+002 -0.471920623419980E+000  0.396956915139794E+000 -0.452595970374830E+000 -0.167451030290137E+002 -0.386398488430130E+001
  0.999990666769142E+000  0.768124301096608E+001 -0.192241815382160E+002  0.680570654180413E+002 -0.411650599089115E+000  0.233014877084390E+000 -0.633228289603835E+000 -0.167451030290137E+002 -0.384062150548304E+001
  0.999990666769142E+000  0.742636126917117E+001 -0.192423612047850E+002  0.672319900309319E+002 -0.390093485685482E+000  0.635662935474954E-001 -0.101900506980527E+001 -0.167451030290137E+002 -0.371318063458558E+001
  0.999990666769142E+000  0.720426144495813E+001 -0.192498097317981E+002  0.669921905066630E+002 -0.378052635032875E+000 -0.479537723842398E-001 -0.123174069519018E+001 -0.167451030290137E+002 -0.360213072247906E+001
  0.999990666769142E+000  0.717984637044780E+001 -0.192885065048285E+002  0.657317301420324E+002 -0.398638440387399E+000  0.364652487600630E+000 -0.418460873274526E+000 -0.167451030290137E+002 -0.358992318522390E+001
  0.999990666769142E+000  0.713955104765568E+001 -0.192286481353087E+002  0.681046132666967E+002 -0.502826725648350E+000  0.551374639119723E+000 -0.431155883351991E+000 -0.167451030290137E+002 -0.356977552382784E+001
  0.999990666769142E+000  0.712627779470183E+001 -0.192617454657934E+002  0.668102906038976E+002 -0.392960806871384E+000  0.481311291916597E-001 -0.968962013094043E+000 -0.167451030290137E+002 -0.356313889735092E+001
  0.999990666769142E+000  0.705777036683803E+001 -0.192465780762229E+002  0.668525539569032E+002 -0.381788503947962E+000  0.394911925406946E+000 -0.511317388753341E+000 -0.167451030290137E+002 -0.352888518341901E+001
  0.999990666769142E+000  0.685654975614872E+001 -0.192317521305939E+002  0.675081270585869E+002 -0.442404478786536E+000  0.513378177813031E+000 -0.558773224358220E+000 -0.167451030290137E+002 -0.342827487807436E+001
  0.999990666769142E+000  0.684554345029484E+001 -0.192015986831285E+002  0.687316518267201E+002 -0.454544997628643E+000  0.453946072074931E+000 -0.463085289285019E+000 -0.167451030290137E+002 -0.342277172514742E+001
  0.999990666769142E+000  0.683648243719637E+001 -0.192347138949942E+002  0.676331878588043E+002 -0.391710313631557E+000  0.205902286364646E+000 -0.525804644669222E+000 -0.167451030290137E+002 -0.341824121859819E+001
  0.999990666769142E+000  0.680435810805103E+001 -0.192337792598254E+002  0.674760172031865E+002 -0.386221858756558E+000  0.659054992044581E-001 -0.822063926949184E+000 -0.167451030290137E+002 -0.340217905402551E+001
  0.999990666769142E+000  0.671659053113748E+001 -0.192461777064118E+002  0.671867125982020E+002 -0.384802416192176E+000  0.165090032688580E+000 -0.470702815599523E+000 -0.167451030290137E+002 -0.335829526556874E+001
  0.999990666769142E+000  0.667184136922167E+001 -0.192235579237295E+002  0.678977924750538E+002 -0.395340046325634E+000  0.118014625815803E+000 -0.784257458562863E+000 -0.167451030290137E+002 -0.333592068461084E+001
  0.999990666769142E+000  0.659627928603669E+001 -0.192186011330868E+002  0.682651118418926E+002 -0.476548628105806E+000  0.498848977813179E+000 -0.404249653342447E+000 -0.167451030290137E+002 -0.329813964301835E+001
  0.999990666769142E+000  0.649447424593269E+001 -0.192050109670889E+002  0.686368553706124E+002 -0.435258176620588E+000  0.395231626161777E+000 -0.469295804547102E+000 -0.167451030290137E+002 -0.324723712296634E+001
  0.999990666769142E+000  0.644488902917939E+001 -0.192205773023468E+002  0.677560603908991E+002 -0.384757805992940E+000  0.299034433961580E+000 -0.439919435851849E+000 -0.167451030290137E+002 -0.322244451458969E+001
  0.999990666769142E+000  0.637950310561330E+001 -0.192478415352835E+002  0.674177467168843E+002 -0.447647870363843E+000  0.418991994662147E+000 -0.516011594611570E+000 -0.167451030290137E+002 -0.318975155280665E+001
  0.999990666769142E+000  0.619944920534665E+001 -0.192279106039100E+002  0.677682298993436E+002 -0.423414970997939E+000  0.282087488502347E+000 -0.563396512311215E+000 -0.167451030290137E+002 -0.309972460267333E+001
  0.999990666769142E+000  0.600471801458316E+001 -0.192273785442394E+002  0.676805565231707E+002 -0.397619195999366E+000  0.207648583043124E+000 -0.549257953443018E+000 -0.167451030290137E+002 -0.300235900729158E+001
  0.999990666769142E+000  0.580471792025261E+001 -0.192280390846621E+002  0.678000312214302E+002 -0.406801991798323E+000  0.356929619936114E+000 -0.377665917670640E+000 -0.167451030290137E+002 -0.290235896012631E+001
  0.999990666769142E+000  0.571362742907850E+001 -0.192489442567055E+002  0.671386502979992E+002 -0.394872238772085E+000  0.154958982379441E+000 -0.663976210851359E+000 -0.167451030290137E+002 -0.285681371453925E+001
  0.999990666769142E+000  0.553713694286778E+001 -0.192370533112751E+002  0.673226986297175E+002 -0.382709255279031E+000  0.314697025014986E+000 -0.451072617064995E+000 -0.167451030290137E+002 -0.276856847143389E+001
  0.999990666769142E+000  0.523248316249423E+001 -0.192702599634935E+002  0.665211349589364E+002 -0.414157345343847E+000  0.331114312558578E+000 -0.491116288677745E+000 -0.167451030290137E+002 -0.261624158124711E+001
  0.999990666769142E+000  0.498311839964351E+001 -0.192679365342129E+002  0.664296932091094E+002 -0.399576517828106E+000  0.342294910207997E+000 -0.462886270219045E+000 -0.167451030290137E+002 -0.249155919982175E+001
  0.999990666769142E+000  0.466631194119334E+001 -0.192370224113262E+002  0.674517206931263E+002 -0.428374223556824E+000  0.378651291741281E+000 -0.454025391724954E+000 -0.167451030290137E+002 -0.233315597059667E+001
  0.999990666769142E+000  0.459144026805862E+001 -0.192623153511235E+002  0.666165328327236E+002 -0.417675577707137E+000  0.436513444078411E+000 -0.430865678919560E+000 -0.167451030290137E+002 -0.229572013402931E+001
  0.999990666769142E+000  0.421549191425720E+001 -0.192307047993701E+002  0.678613475998575E+002 -0.466026386938072E+000  0.491482528973787E+000 -0.441609036819330E+000 -0.167451030290137E+002 -0.210774595712860E+001
  0.999990666769142E+000  0.291112205333765E+001 -0.192367336334054E+002  0.676568025210850E+002 -0.476262617798192E+000  0.579585558544968E+000 -0.561754394652908E+000 -0.167451030290137E+002 -0.145556102666882E+001
