  0.184059215701698E-318  0.148962009338683E+004 -0.187079370090757E+002  0.803996342477954E+002 -0.326913369277199E+000  0.201141207951290E+001  0.906216330890918E+002 -0.167451030290137E+002 -0.742904627905717E+003
  0.151147032703983E-317  0.148539563971592E+004 -0.189833372178123E+002  0.819511763681543E+002 -0.450961266418262E+000 -0.478277548801654E+001 -0.252239920813774E+002 -0.167451030290137E+002 -0.740792401070258E+003
  0.316876412944971E-317  0.148390183013479E+004 -0.185472211344193E+002  0.935668435736840E+002 -0.442613711932111E+000  0.659923311029676E+001  0.754899583640806E+002 -0.167451030290137E+002 -0.740045496279693E+003
  0.112025628888001E-311  0.145833708873711E+004 -0.183256404262533E+002  0.998925804010102E+002 -0.300706064373260E+000  0.570534787370608E+001  0.983833937574657E+002 -0.167451030290137E+002 -0.727263125580852E+003
  0.705747470009715E-311  0.145464274003601E+004 -0.192581117087905E+002  0.641560300253637E+002 -0.392537386574419E-001  0.795189523003775E+001  0.718755252033193E+002 -0.167451030290137E+002 -0.725415951230306E+003
  0.319740242916023E-310  0.145160777787866E+004 -0.192107923033727E+002  0.732052641780107E+002 -0.770730973127904E+000  0.247509853214113E+001  0.171231282068219E+001 -0.167451030290137E+002 -0.723898470151629E+003
  0.100984763330902E-309  0.144929439716306E+004 -0.192667625042242E+002  0.748882069430535E+002 -0.190568642932785E+001  0.889042157448243E+001  0.635483004699718E+002 -0.167451030290137E+002 -0.722741779793831E+003
  0.402305516209294E-308  0.144191145360525E+004 -0.188513269670261E+002  0.737826623039663E+002 -0.146104421349916E+000  0.267547088025933E+001  0.434221498242212E+002 -0.167451030290137E+002 -0.719050308014927E+003
  0.932924751695036E-308  0.144021593900969E+004 -0.194289036249945E+002  0.690777117149880E+002 -0.122385499373856E+001  0.616539144222269E+001  0.664125853903567E+002 -0.167451030290137E+002 -0.718202550717144E+003
  0.948541424656406E-308  0.144016944809090E+004 -0.189110889583214E+002  0.802329047382591E+002 -0.132996224769338E+001  0.674647968047658E+001  0.825403340331754E+002 -0.167451030290137E+002 -0.718179305257751E+003
  0.550123919488600E-303  0.141821987187807E+004 -0.189668687492486E+002  0.732915022598325E+002 -0.598877687753357E+000  0.294715822530758E+000 -0.713159307983050E+002 -0.167451030290137E+002 -0.707204517151334E+003
  0.256791829639394E-301  0.141051999803215E+004 -0.191750758558068E+002  0.721846111920767E+002 -0.203062598634761E+000  0.214758717544991E+001  0.645743936119243E+002 -0.167451030290137E+002 -0.703354580228373E+003
  0.149676306997621E-299  0.140237595006724E+004 -0.184490622584584E+002  0.968513026461304E+002 -0.377459555761921E+000 -0.466800283013582E+001 -0.442817183223891E+002 -0.167451030290137E+002 -0.699282556245919E+003
  0.506158308570665E-298  0.139532074184755E+004 -0.194605749617837E+002  0.657615631863367E+002 -0.119499326658608E+001  0.213674819331333E+001  0.901855002629044E+002 -0.167451030290137E+002 -0.695754952136073E+003
  0.296240143278177E-297  0.139177364070189E+004 -0.188715834050124E+002  0.735947442240803E+002 -0.256896908175895E+000  0.331711820665832E+001  0.621919162784797E+002 -0.167451030290137E+002 -0.693981401563243E+003
  0.393886506841417E-297  0.139119056682877E+004 -0.189105452270474E+002  0.877262409566382E+002 -0.144387787548158E+001  0.665199140327110E+001  0.710349098961876E+002 -0.167451030290137E+002 -0.693689864626685E+003
  0.462397314361825E-297  0.139085655435293E+004 -0.191512689943449E+002  0.742816867375661E+002 -0.123987588683358E+001  0.386551502126950E+001  0.744511379718379E+002 -0.167451030290137E+002 -0.693522858388767E+003
  0.523003155854542E-297  0.139059693928973E+004 -0.192845366296981E+002  0.622507413333319E+002 -0.569346818182418E+000  0.353810616893496E+001  0.758617957621430E+002 -0.167451030290137E+002 -0.693393050857163E+003
  0.457161776578894E-295  0.138164241017840E+004 -0.189690600478846E+002  0.756924947622633E+002 -0.127485654247396E+001  0.744306451552792E+001  0.692178539404706E+002 -0.167451030290137E+002 -0.688915786301499E+003
  0.383224654948016E-294  0.137737678278994E+004 -0.186137811119820E+002  0.964483079221607E+002 -0.101560353739411E+001  0.736126888097310E+001  0.712463923680930E+002 -0.167451030290137E+002 -0.686782972607267E+003
  0.383725693663884E-292  0.136815054018403E+004 -0.188804358404044E+002  0.788268105932598E+002 -0.793178217777492E+000 -0.351780252905305E+000 -0.432624721566279E+002 -0.167451030290137E+002 -0.682169851304313E+003
  0.760811216772562E-292  0.136676833650538E+004 -0.187071849037653E+002  0.934095640412086E+002 -0.106345654085454E+001  0.122434136647492E+001 -0.548072856011933E+002 -0.167451030290137E+002 -0.681478749464989E+003
  0.110164151783169E-291  0.136601470465824E+004 -0.184559492689833E+002  0.994043457697650E+002 -0.992526759100301E+000  0.363602351579230E+001  0.662531574058623E+002 -0.167451030290137E+002 -0.681101933541417E+003
  0.238038995492055E-291  0.136446048964383E+004 -0.186424616744241E+002  0.828126642584478E+002 -0.216107374599963E+000  0.747286369187092E+000  0.781544595551932E+002 -0.167451030290137E+002 -0.680324826034217E+003
  0.158148086344365E-289  0.135605466550129E+004 -0.189504760698235E+002  0.721601827842158E+002 -0.372033374163268E+000  0.776184503952560E+000  0.406897542221560E+002 -0.167451030290137E+002 -0.676121913962944E+003
  0.530838941541594E-288  0.134901435260143E+004 -0.189633280813699E+002  0.807673781759666E+002 -0.323780911643947E+000 -0.270368895124852E+000 -0.376944384129472E+002 -0.167451030290137E+002 -0.672601757513017E+003
  0.146644611790552E-284  0.133315327599375E+004 -0.189412964512447E+002  0.711973246074375E+002 -0.231158500663917E-001  0.662749205421015E+001  0.591443584750034E+002 -0.167451030290137E+002 -0.664671219209176E+003
  0.194345444454462E-279  0.130955088564970E+004 -0.186320113678181E+002  0.826935707549264E+002 -0.147692340845083E+000  0.328798686580193E+001  0.764869487875740E+002 -0.167451030290137E+002 -0.652870024037150E+003
  0.444452240348837E-277  0.129867284541973E+004 -0.184980661692890E+002  0.893710479762348E+002 -0.307099767354695E+000  0.449268109433967E+001  0.848314844640246E+002 -0.167451030290137E+002 -0.647431003922165E+003
  0.828429432659001E-277  0.129741417822426E+004 -0.186818731700157E+002  0.807230147884896E+002 -0.119296630012600E+000  0.174494517530677E+001  0.904487764477122E+002 -0.167451030290137E+002 -0.646801670324428E+003
  0.430494834299980E-274  0.128489457124870E+004 -0.185539057027041E+002  0.971687438339257E+002 -0.563973579539021E+000  0.350616720488739E+001  0.796810002930262E+002 -0.167451030290137E+002 -0.640541866836650E+003
  0.239399145956340E-270  0.126763420761693E+004 -0.188497982819620E+002  0.828372480804857E+002 -0.223991220728934E+000  0.349714125605282E+001  0.971784863297580E+002 -0.167451030290137E+002 -0.631911685020764E+003
  0.321028542091862E-269  0.126242895272617E+004 -0.194179663869959E+002  0.652388766604211E+002 -0.187424868856371E+000 -0.477689700116911E+001 -0.191274558302254E+001 -0.167451030290137E+002 -0.629309057575384E+003
  0.907726380545410E-268  0.125573166754509E+004 -0.188782685518354E+002  0.743237959725533E+002 -0.114006937543144E+000 -0.377702984579475E+001 -0.678793681647115E+002 -0.167451030290137E+002 -0.625960414984846E+003
  0.152971212060524E-267  0.125467459475958E+004 -0.185929192290099E+002  0.881901741406296E+002 -0.972395018918313E+000  0.736634547026352E+001  0.582743224542413E+002 -0.167451030290137E+002 -0.625431878592088E+003
  0.105130113574925E-266  0.125080623746276E+004 -0.194219451545552E+002  0.645528484111640E+002 -0.504692769756099E+000  0.544632468405565E+001  0.567220761453945E+002 -0.167451030290137E+002 -0.623497699943681E+003
  0.536736354548117E-265  0.124292716168302E+004 -0.185293232362216E+002  0.964581817079342E+002 -0.908919562290780E+000 -0.526752357661108E+000  0.718724221391894E+002 -0.167451030290137E+002 -0.619558162053809E+003
  0.313642369204998E-264  0.123938320966928E+004 -0.193916754886722E+002  0.639093041675501E+002 -0.993575860864000E+000  0.242699321577342E+001  0.984257440996714E+002 -0.167451030290137E+002 -0.617786186046938E+003
  0.221652158522603E-263  0.123545903856918E+004 -0.190978841039665E+002  0.688228473036864E+002 -0.436958750720626E+000 -0.303763396314220E+001 -0.880509632370684E+002 -0.167451030290137E+002 -0.615824100496887E+003
  0.607166887012223E-262  0.122882519051552E+004 -0.191603661629915E+002  0.765662260126132E+002 -0.995605819323299E+000 -0.113066503979260E+001 -0.473421783383909E+002 -0.167451030290137E+002 -0.612507176470058E+003
  0.215777382272734E-258  0.121246033359033E+004 -0.187591072969416E+002  0.804273870212583E+002 -0.547047102246467E+000  0.191126638106929E+001  0.281170916699937E+002 -0.167451030290137E+002 -0.604324748007465E+003
  0.754402200876001E-257  0.120533851749868E+004 -0.194060176579942E+002  0.671877510201817E+002 -0.390930976951035E+000 -0.842560078803768E+001 -0.995997514652275E+002 -0.167451030290137E+002 -0.600763839961638E+003
  0.112050576202153E-256  0.120453400883945E+004 -0.185860201210643E+002  0.939891981065277E+002 -0.909568292609528E+000  0.739829261335407E+000 -0.695117195506903E+002 -0.167451030290137E+002 -0.600361585632026E+003
  0.373570759213360E-256  0.120211240556789E+004 -0.192499332712354E+002  0.619194058333736E+002 -0.431326658462729E+000  0.876879642946698E+001  0.810174137209658E+002 -0.167451030290137E+002 -0.599150783996246E+003
  0.114987518287910E-255  0.119985051399610E+004 -0.193693746954426E+002  0.692561243864734E+002 -0.994872571329939E+000 -0.936111111545157E+000 -0.340189473423679E+002 -0.167451030290137E+002 -0.598019838210349E+003
  0.228382087935789E-254  0.119385966179515E+004 -0.193213827287627E+002  0.638017397446688E+002 -0.611883736093284E-001 -0.926473460229271E+001 -0.642994883262933E+002 -0.167451030290137E+002 -0.595024412109874E+003
  0.346902806962744E-252  0.118379998314794E+004 -0.188663035767373E+002  0.824806674942668E+002 -0.156346896829424E+001  0.764927636614430E+001  0.485322742738361E+002 -0.167451030290137E+002 -0.589994572786270E+003
  0.993718740675906E-251  0.117707670474843E+004 -0.193876890587364E+002  0.680916187032378E+002 -0.502124451092285E+000 -0.496425858108920E+001 -0.487799750524478E+002 -0.167451030290137E+002 -0.586632933586512E+003
  0.995345110044962E-251  0.117706014503951E+004 -0.183488343822889E+002  0.997724996887077E+002 -0.303242794193256E+000 -0.258429208148048E+001 -0.373372956784901E+002 -0.167451030290137E+002 -0.586624653732055E+003
  0.182028011276302E-248  0.116662920327200E+004 -0.188626720476352E+002  0.846478282364075E+002 -0.105615357547543E+001  0.905546652556540E+000 -0.288754938240271E+002 -0.167451030290137E+002 -0.581409182848297E+003
  0.186790477369119E-247  0.116195909007363E+004 -0.184596477904747E+002  0.917000924346790E+002 -0.901342754815753E-001 -0.311117171355079E+001 -0.902408350132469E+002 -0.167451030290137E+002 -0.579074126249116E+003
  0.156607089911407E-246  0.115769312578273E+004 -0.193634474907028E+002  0.597004654275566E+002 -0.510926232776907E+000  0.764216677863779E+001  0.409202041783492E+002 -0.167451030290137E+002 -0.576941144103666E+003
  0.664891265727753E-244  0.114557772940422E+004 -0.190205372292528E+002  0.785835703900194E+002 -0.314153239213922E+000 -0.112714586134342E+001 -0.323404695785043E+002 -0.167451030290137E+002 -0.570883445914408E+003
  0.276587997400477E-243  0.114271345911711E+004 -0.186218418052220E+002  0.834709283569825E+002 -0.342644775652083E-001  0.486793390782703E+000  0.592117798540994E+002 -0.167451030290137E+002 -0.569451310770855E+003
  0.449126808109885E-239  0.112330993679506E+004 -0.194699828987463E+002  0.661951833208107E+002 -0.787377052140253E+000 -0.125875137335192E+001 -0.574782303470766E+002 -0.167451030290137E+002 -0.559749549609827E+003
  0.128122746828173E-238  0.112120011053817E+004 -0.194500522096745E+002  0.682609956015419E+002 -0.141639826595647E+001  0.799436208428503E+001  0.720880987112054E+002 -0.167451030290137E+002 -0.558694636481384E+003
  0.363657455844388E-237  0.111449520405637E+004 -0.191064609152546E+002  0.746177533247867E+002 -0.107982693556276E+001  0.279002393407265E+001  0.896644429952035E+002 -0.167451030290137E+002 -0.555342183240484E+003
  0.381811622308053E-235  0.110517414463403E+004 -0.192074997956442E+002  0.747020218453633E+002 -0.119106955356060E+001  0.854900959127404E+001  0.818988410793843E+002 -0.167451030290137E+002 -0.550681653529315E+003
  0.161591285670498E-233  0.109767022944128E+004 -0.183882538803786E+002  0.975510135947639E+002 -0.295059015375967E+000 -0.269356918095583E+001 -0.568985787120003E+002 -0.167451030290137E+002 -0.546929695932937E+003
  0.950048882789118E-233  0.109411405391682E+004 -0.192332941719042E+002  0.705022696699358E+002 -0.927055840357988E+000 -0.108652494381655E+001 -0.294735020915822E+002 -0.167451030290137E+002 -0.545151608170707E+003
  0.273033546882346E-231  0.108738426199710E+004 -0.184372572060214E+002  0.998888752021278E+002 -0.760075575877488E+000  0.547748325319906E+001  0.445320068474004E+002 -0.167451030290137E+002 -0.541786712210850E+003
  0.125012412879534E-230  0.108432816599484E+004 -0.187573182111873E+002  0.921527980789762E+002 -0.113519605165591E+001  0.389660627272109E+001  0.190974457693598E+002 -0.167451030290137E+002 -0.540258664209718E+003
  0.104418855940765E-228  0.107546454206504E+004 -0.185028142961832E+002  0.959115771647887E+002 -0.110595105027029E-001 -0.644896613835937E+001 -0.237213232930215E+002 -0.167451030290137E+002 -0.535826852244820E+003
  0.367694566440380E-226  0.106372322792874E+004 -0.194966513914098E+002  0.636119075335457E+002 -0.451130807497012E+000 -0.395556146175982E+001 -0.170778512788427E+002 -0.167451030290137E+002 -0.529956195176669E+003
  0.118210932051564E-225  0.106137433270252E+004 -0.192989068016466E+002  0.611499370432554E+002 -0.312398905817801E+000  0.274055162224618E+001  0.842940153962092E+002 -0.167451030290137E+002 -0.528781747563559E+003
  0.181114708820381E-223  0.105129738326015E+004 -0.194239311048419E+002  0.681997965709311E+002 -0.140104643360144E+001  0.919589336446912E+001  0.734912052449632E+002 -0.167451030290137E+002 -0.523743272842373E+003
  0.153376202064841E-221  0.104240622748373E+004 -0.190639150481255E+002  0.678293305399738E+002 -0.420471160416262E+000  0.703794925663936E+001  0.993299311914524E+002 -0.167451030290137E+002 -0.519297694954162E+003
  0.185077484949976E-219  0.103280683635724E+004 -0.183761671607216E+002  0.981200821402754E+002 -0.314028363858515E+000  0.152673218412765E+000  0.900067451146261E+002 -0.167451030290137E+002 -0.514497999390922E+003
  0.127441282922145E-218  0.102893461477089E+004 -0.190604372460781E+002  0.778456185759041E+002 -0.883150063162039E+000 -0.217447737877465E+001 -0.491045598348757E+002 -0.167451030290137E+002 -0.512561888597744E+003
  0.448779145275572E-218  0.102640357537953E+004 -0.188204508380862E+002  0.787285912594006E+002 -0.681354937545868E-001  0.465078078477951E+001  0.389712676778498E+002 -0.167451030290137E+002 -0.511296368902065E+003
  0.423701219665540E-216  0.101729495062041E+004 -0.194165469954379E+002  0.679039248686814E+002 -0.102553138661760E+001  0.258206625078037E+001  0.922923165413023E+002 -0.167451030290137E+002 -0.506742056522507E+003
  0.101015820490863E-211  0.997123313391310E+003 -0.193801979586861E+002  0.680579136118242E+002 -0.704423348775053E+000  0.287153505633698E+001  0.901803070751149E+002 -0.167451030290137E+002 -0.496656237907954E+003
  0.759555925743033E-209  0.983864770311547E+003 -0.191793704824207E+002  0.678470338938068E+002 -0.716320361251868E+000 -0.751066909780748E+000  0.832769551270586E+002 -0.167451030290137E+002 -0.490026966368073E+003
  0.724633841754988E-208  0.979340445985825E+003 -0.184819607277470E+002  0.939740706749796E+002 -0.115432088828779E+000  0.124851079511204E+001  0.798483718278218E+002 -0.167451030290137E+002 -0.487764804205212E+003
  0.110288726678174E-207  0.978487116247170E+003 -0.191749482188550E+002  0.654099898535968E+002 -0.803062989058991E-001 -0.462312520014307E+001 -0.517675476800797E+002 -0.167451030290137E+002 -0.487338139335884E+003
  0.116962406830217E-206  0.973751155257769E+003 -0.190353753826442E+002  0.747346679918894E+002 -0.416511410559331E+000  0.645265934495922E+001  0.627341517854916E+002 -0.167451030290137E+002 -0.484970158841184E+003
  0.130052081138384E-206  0.973525701331642E+003 -0.186206291175248E+002  0.916695111397469E+002 -0.327119936425168E+000 -0.717310167482346E+001 -0.887599251389867E+002 -0.167451030290137E+002 -0.484857431878120E+003
  0.534008004108263E-205  0.966082290393324E+003 -0.188157674470209E+002  0.794172062931699E+002 -0.572828951111501E+000 -0.505684267545776E+000  0.603619699778029E+002 -0.167451030290137E+002 -0.481135726408962E+003
  0.247444208585254E-204  0.963002282504047E+003 -0.193804661524784E+002  0.649973249833791E+002 -0.310630569466432E-001 -0.752515669455148E+001 -0.184037861930715E+002 -0.167451030290137E+002 -0.479595722464323E+003
  0.199948969497860E-203  0.958810069143142E+003 -0.186908613720294E+002  0.937163050872888E+002 -0.114055624653837E+001  0.544929833626223E+001  0.683282578023725E+002 -0.167451030290137E+002 -0.477499615783870E+003
  0.454904809406950E-203  0.957152728046728E+003 -0.194674645926416E+002  0.606335788700603E+002 -0.184070572937314E+000  0.510673512141930E+001  0.628523951784773E+002 -0.167451030290137E+002 -0.476670945235663E+003
  0.857077467833860E-202  0.951267388531804E+003 -0.190495058905324E+002  0.782945652796410E+002 -0.102121875814046E+001  0.720251776570122E+001  0.498098723078875E+002 -0.167451030290137E+002 -0.473728275478202E+003
  0.148713690175406E-200  0.945546769861891E+003 -0.191741496647649E+002  0.689660577940948E+002 -0.172393489158484E+000  0.535416380944014E+001  0.586666439865938E+002 -0.167451030290137E+002 -0.470867966143245E+003
  0.359288521055117E-200  0.943769275115329E+003 -0.187153126035002E+002  0.833560838596099E+002 -0.756682873407396E+000  0.797765134847084E+001  0.626466858403988E+002 -0.167451030290137E+002 -0.469979218769964E+003
  0.112986183981465E-199  0.941464536243791E+003 -0.191617776409936E+002  0.642570862901451E+002 -0.205531711800444E-001  0.324369438494074E+001  0.150421343238337E+002 -0.167451030290137E+002 -0.468826849334195E+003
  0.149361113302572E-199  0.940893044343475E+003 -0.185594927399637E+002  0.955964511410729E+002 -0.463292755321102E+000  0.108830729502259E+001  0.626743235142688E+002 -0.167451030290137E+002 -0.468541103384037E+003
  0.546726110222190E-199  0.938284593235189E+003 -0.190102302565364E+002  0.798337852184784E+002 -0.452502285997116E+000 -0.492977657864235E+001 -0.440175941268901E+002 -0.167451030290137E+002 -0.467236877829894E+003
  0.114554724893974E-198  0.936791924581691E+003 -0.185502117901284E+002  0.907472842229618E+002 -0.446400017460182E+000  0.568231523297197E+001  0.595284613135003E+002 -0.167451030290137E+002 -0.466490543503145E+003
  0.122249077899469E-198  0.936648619636062E+003 -0.188764906030834E+002  0.812069056302713E+002 -0.493585833340632E+000 -0.485857418189751E+001 -0.508252602998719E+002 -0.167451030290137E+002 -0.466418891030331E+003
  0.198042607621533E-198  0.935670487326684E+003 -0.192630163254846E+002  0.686783119557112E+002 -0.759714631355129E+000  0.350670366621789E+001  0.456060059022974E+001 -0.167451030290137E+002 -0.465929824875642E+003
  0.158464676574248E-196  0.926892758848875E+003 -0.191819310952855E+002  0.713127695055668E+002 -0.497921669895812E+000  0.561250476323175E+001  0.584471133482742E+002 -0.167451030290137E+002 -0.461540960636737E+003
  0.133210642154147E-195  0.922621499691016E+003 -0.187694802652519E+002  0.874790739806779E+002 -0.575782037773923E+000 -0.460091851154572E+001 -0.634998219944431E+002 -0.167451030290137E+002 -0.459405331057807E+003
  0.146191039067511E-195  0.922422245401214E+003 -0.184841004545523E+002  0.927275573526185E+002 -0.361007177389722E+000 -0.389802002255129E+000  0.926764286599937E+002 -0.167451030290137E+002 -0.459305703912906E+003
  0.251093761229135E-195  0.921327131981890E+003 -0.192685718883979E+002  0.694284639300495E+002 -0.129817253911070E+001  0.836099097086867E+001  0.462723568913902E+002 -0.167451030290137E+002 -0.458758147203244E+003
  0.280107291549263E-195  0.921095150308883E+003 -0.188824400054957E+002  0.777061751059087E+002 -0.648064539953445E+000  0.787782600442838E+001  0.542221616191467E+002 -0.167451030290137E+002 -0.458642156366741E+003
  0.161995715171252E-194  0.917571896694568E+003 -0.191343525594300E+002  0.749764539502887E+002 -0.100274346164056E+001 -0.459533911730137E+000 -0.601585141272901E+002 -0.167451030290137E+002 -0.456880529559583E+003
  0.398204133252104E-191  0.901944307278979E+003 -0.194442233167981E+002  0.636746959228296E+002 -0.128313995961837E+001  0.537822283316529E+001  0.490931511354185E+002 -0.167451030290137E+002 -0.449066734851789E+003
  0.646273952949702E-191  0.900962500757051E+003 -0.190963196887293E+002  0.696228451414559E+002 -0.311033208631080E-001 -0.788759477346387E+001 -0.642165069421208E+002 -0.167451030290137E+002 -0.448575831590825E+003
  0.165565345851844E-190  0.899067756553203E+003 -0.192824982648973E+002  0.664485587797501E+002 -0.446708557794631E-001  0.220016964056604E+001  0.523053360992045E+002 -0.167451030290137E+002 -0.447628459488901E+003
  0.166657463512643E-190  0.899041318200900E+003 -0.184415488903823E+002  0.957728504225793E+002 -0.523294064818379E+000  0.391388816071156E+001  0.781165345484130E+002 -0.167451030290137E+002 -0.447615240312749E+003
  0.174035030877549E-190  0.898941397082406E+003 -0.184130913888855E+002  0.978787597730212E+002 -0.168595369318646E+000 -0.268147025804694E+001 -0.553795427674382E+002 -0.167451030290137E+002 -0.447565279753503E+003
  0.179214050464299E-189  0.894264289214496E+003 -0.191323121796391E+002  0.768265821623428E+002 -0.829376911448703E+000  0.755680553264453E+000  0.296171740771274E+002 -0.167451030290137E+002 -0.445226725819547E+003
  0.237934553270545E-188  0.889079000452027E+003 -0.185454142921224E+002  0.939311387969541E+002 -0.579722225974980E+000  0.612094926949811E+001  0.850549455965245E+002 -0.167451030290137E+002 -0.442634081438313E+003
  0.303327319976295E-188  0.888580077693001E+003 -0.185076923641869E+002  0.921047234227611E+002 -0.489710792085157E+000  0.216908600871836E+001  0.261077203705886E+002 -0.167451030290137E+002 -0.442384620058800E+003
  0.377037248544575E-188  0.888131725610202E+003 -0.190253341423640E+002  0.802337963817390E+002 -0.880325374245376E+000 -0.138642918635771E+001 -0.554158470614095E+002 -0.167451030290137E+002 -0.442160444017400E+003
  0.432069742190981E-181  0.855609759162052E+003 -0.192696203237685E+002  0.711969462518791E+002 -0.112850355285335E+001  0.351077085203862E+001  0.724290464306381E+002 -0.167451030290137E+002 -0.425899460793325E+003
  0.309480191471170E-180  0.851658685744833E+003 -0.191313963050335E+002  0.666687365211277E+002 -0.306823598691079E+000  0.114422433773176E+001  0.304932315615615E+002 -0.167451030290137E+002 -0.423923924084716E+003
  0.184473273467525E-179  0.848075005462677E+003 -0.190798676690583E+002  0.680516720382391E+002 -0.218831292501687E+000  0.669461771776340E+001  0.589765662102350E+002 -0.167451030290137E+002 -0.422132083943638E+003
  0.115344262694255E-178  0.844395712888428E+003 -0.185457804560650E+002  0.944308856771636E+002 -0.708239883952318E+000  0.402349875071659E+000  0.892909488834239E+002 -0.167451030290137E+002 -0.420292437656513E+003
  0.694842003151841E-178  0.840790897321028E+003 -0.192770680688989E+002  0.612621891805240E+002 -0.494674538537110E-001  0.297053119688224E+000  0.783393075188278E+002 -0.167451030290137E+002 -0.418490029872813E+003
  0.844901927418448E-178  0.840386536091053E+003 -0.192559293841584E+002  0.632168051611274E+002 -0.504514727519045E-001 -0.261403155767191E+001 -0.303725219859693E+001 -0.167451030290137E+002 -0.418287849257826E+003
  0.124860943699945E-177  0.839592116601078E+003 -0.185332328914045E+002  0.940777211552709E+002 -0.102358071149199E+001  0.712603343120195E+001  0.902029454933994E+002 -0.167451030290137E+002 -0.417890639512839E+003
  0.264586869604178E-176  0.833471719411227E+003 -0.187548238755553E+002  0.907110970748946E+002 -0.136153949512745E+001  0.686624459120820E+001  0.377821947318901E+002 -0.167451030290137E+002 -0.414830440917913E+003
  0.633865565378518E-175  0.827105925613640E+003 -0.191716828806678E+002  0.641732786730937E+002 -0.806929418130360E-001  0.489523255624475E+001  0.831541890541542E+002 -0.167451030290137E+002 -0.411647544019119E+003
  0.311947759336097E-174  0.823905468650612E+003 -0.193025173407227E+002  0.661103916965778E+002 -0.847049232111965E+000  0.947691202881877E+000 -0.705615416160738E+002 -0.167451030290137E+002 -0.410047315537605E+003
  0.374221441006201E-174  0.823528155615801E+003 -0.186142421207012E+002  0.945364676148683E+002 -0.738707932825751E+000  0.421626746635527E+000 -0.153630925124828E+002 -0.167451030290137E+002 -0.409858659020200E+003
  0.421075411322935E-173  0.818673767881430E+003 -0.190989661689021E+002  0.724338597646846E+002 -0.469056599453330E+000 -0.484923444025487E+001 -0.537702349635814E+002 -0.167451030290137E+002 -0.407431465153015E+003
  0.248933737122248E-172  0.815106559003704E+003 -0.191406193127302E+002  0.730398980990120E+002 -0.755939480344557E+000  0.826620306798092E+001  0.866733393439158E+002 -0.167451030290137E+002 -0.405647860714151E+003
  0.401002635776943E-171  0.809534537221838E+003 -0.192594117872057E+002  0.653205584615677E+002 -0.339162191003715E+000  0.603773729390721E+001  0.337716942829038E+002 -0.167451030290137E+002 -0.402861849823218E+003
  0.576841973648290E-170  0.804188877244660E+003 -0.189373783993486E+002  0.828856568718936E+002 -0.687708130606487E+000 -0.185097039244503E+000 -0.876977069611665E+002 -0.167451030290137E+002 -0.400189019834629E+003
  0.759101357760166E-170  0.803626454246233E+003 -0.191079151959459E+002  0.729373128479567E+002 -0.881815923258001E+000  0.577645371786947E+000 -0.896069775732499E+002 -0.167451030290137E+002 -0.399907808335416E+003
  0.794936321909394E-169  0.798915741567701E+003 -0.188477381617821E+002  0.758209382458425E+002 -0.132343543676923E+000 -0.939591272538962E+000 -0.598253698139082E+002 -0.167451030290137E+002 -0.397552451996150E+003
  0.281907428347405E-168  0.796370648825165E+003 -0.193205634206413E+002  0.632206405147550E+002 -0.929020738106640E+000  0.430440111773438E+001  0.138955435109792E+002 -0.167451030290137E+002 -0.396279905624882E+003
  0.316042937032537E-168  0.796128761075193E+003 -0.184977314435300E+002  0.983220886206496E+002 -0.836954751723315E+000  0.267433937383849E+001  0.116141509474522E+002 -0.167451030290137E+002 -0.396158961749896E+003
  0.123228373584844E-167  0.793393979306541E+003 -0.185496641964001E+002  0.949801645247505E+002 -0.734561592586240E+000  0.206633371286875E+001  0.992778902102744E+002 -0.167451030290137E+002 -0.394791570865570E+003
  0.372064160014710E-167  0.791170636255295E+003 -0.191435982619316E+002  0.773030528659744E+002 -0.133030393554733E+001  0.667606922170841E+001  0.722701877791225E+002 -0.167451030290137E+002 -0.393679899339947E+003
  0.885289526494004E-167  0.789423650314802E+003 -0.193609115991194E+002  0.590837946037329E+002 -0.175855967546277E+000  0.580058294913790E+001  0.771000175086693E+002 -0.167451030290137E+002 -0.392806406369700E+003
  0.176272351651715E-165  0.783427789834495E+003 -0.191244616062791E+002  0.765808860345094E+002 -0.965941222098569E+000  0.969491759673049E+000 -0.553289411377709E+002 -0.167451030290137E+002 -0.389808476129547E+003
  0.431785744036201E-165  0.781622702247456E+003 -0.185615077113383E+002  0.958673120707300E+002 -0.691467311377310E+000  0.209791820903217E+001  0.642010616120305E+002 -0.167451030290137E+002 -0.388905932336028E+003
  0.107529086880766E-162  0.770574238835517E+003 -0.189317194713787E+002  0.725557759294928E+002 -0.868385417193718E-002 -0.257738244631344E+001 -0.605583042291705E+002 -0.167451030290137E+002 -0.383381700630058E+003
  0.148492435879526E-162  0.769915404483072E+003 -0.192734975736585E+002  0.651415167611682E+002 -0.323502455857661E+000  0.472952776035552E+001  0.162985141132170E+002 -0.167451030290137E+002 -0.383052283453836E+003
  0.835824348896542E-162  0.766446346473783E+003 -0.193359513979739E+002  0.663251501937987E+002 -0.900374905076158E+000 -0.419430671826030E+000 -0.819536003187779E+002 -0.167451030290137E+002 -0.381317754449191E+003
  0.117629444225963E-161  0.765749645406030E+003 -0.194340554089121E+002  0.608144317135998E+002 -0.808681446110622E+000  0.879739082371083E+001  0.556328913443346E+002 -0.167451030290137E+002 -0.380969403915315E+003
  0.346246443228229E-161  0.763577133510619E+003 -0.184976786841030E+002  0.943929277854325E+002 -0.467800260329716E+000  0.376456383688044E+001  0.564558215011989E+002 -0.167451030290137E+002 -0.379883147967609E+003
  0.164375897966686E-160  0.760448664077897E+003 -0.194495973690115E+002  0.653487225307790E+002 -0.117239207936684E+001  0.463272074437834E+001  0.733624002746122E+002 -0.167451030290137E+002 -0.378318913251248E+003
  0.373212084989067E-160  0.758795393023083E+003 -0.193078165147265E+002  0.638213245202524E+002 -0.837130174137119E+000  0.542779386840667E+001  0.887010913935773E+002 -0.167451030290137E+002 -0.377492277723841E+003
  0.350713596449024E-158  0.749696117415004E+003 -0.190544232660601E+002  0.730898477860313E+002 -0.124173777183303E+001  0.724841696998774E+001  0.416461274355163E+002 -0.167451030290137E+002 -0.372942639919802E+003
  0.892869496769595E-158  0.747813887321350E+003 -0.193347383349060E+002  0.665611763370362E+002 -0.101346588839102E+000 -0.272940178392123E+001 -0.362221924722164E+002 -0.167451030290137E+002 -0.372001524872975E+003
  0.138710853171042E-157  0.746919525762828E+003 -0.189624529295110E+002  0.806038520829628E+002 -0.490262928304558E+000  0.411840021128324E+000 -0.868922799324662E+002 -0.167451030290137E+002 -0.371554344093713E+003
  0.181836040130633E-156  0.741759638833144E+003 -0.189690431728521E+002  0.741641574444314E+002 -0.512052221467999E+000 -0.491803122683525E+000  0.779170695666625E+002 -0.167451030290137E+002 -0.368974400628872E+003
  0.326229650752486E-156  0.740577357385946E+003 -0.189631337275276E+002  0.729397750730058E+002 -0.353917298257503E+000  0.246641894401558E+000 -0.149687231622170E+001 -0.167451030290137E+002 -0.368383259905273E+003
  0.477520422668036E-156  0.739802057609564E+003 -0.188346917082569E+002  0.849151701645686E+002 -0.439298964185561E+000 -0.103743130685194E+001 -0.871362309810080E+002 -0.167451030290137E+002 -0.367995610017082E+003
  0.662865356132394E-156  0.739132838608500E+003 -0.189244475347519E+002  0.761053174899390E+002 -0.207101550963907E+000 -0.439409445963068E+001 -0.267964228807802E+002 -0.167451030290137E+002 -0.367661000516549E+003
  0.974972564195771E-156  0.738347874634042E+003 -0.194732462252944E+002  0.620687306984173E+002 -0.296735080839292E+000 -0.874634466193740E+000  0.516450405674327E+002 -0.167451030290137E+002 -0.367268518529320E+003
  0.117868438989560E-154  0.733349925681942E+003 -0.184991433351897E+002  0.955688749643549E+002 -0.380019028256336E+000 -0.361053556312939E+000 -0.231328639009952E+002 -0.167451030290137E+002 -0.364769544053271E+003
  0.493177096433234E-152  0.721263697718822E+003 -0.190335495349687E+002  0.767172532166215E+002 -0.817445591812878E+000 -0.778351382357330E+000 -0.187962695266350E+002 -0.167451030290137E+002 -0.358726430071710E+003
  0.180346117644490E-151  0.718657219349753E+003 -0.187760618534883E+002  0.833470884685954E+002 -0.765837481626340E+000  0.218929855031716E+001  0.285561592357568E+002 -0.167451030290137E+002 -0.357423190887176E+003
  0.437362397944182E-151  0.716872161750300E+003 -0.194223973887626E+002  0.621956878559557E+002 -0.654411461233144E-001 -0.234165439175211E+000  0.403840031848463E+002 -0.167451030290137E+002 -0.356530662087449E+003
  0.783634589672482E-151  0.715692511285350E+003 -0.186204088269719E+002  0.858683821564793E+002 -0.756870116177566E-001 -0.260638763086007E+001 -0.439818004807659E+002 -0.167451030290137E+002 -0.355940836854974E+003
  0.262516273045098E-149  0.708656141336806E+003 -0.185816373416277E+002  0.907217488132235E+002 -0.133148924143167E+000 -0.358300373999496E+001 -0.122840053150390E+002 -0.167451030290137E+002 -0.352422651880703E+003
  0.551528005269155E-149  0.707158093161527E+003 -0.187921590074706E+002  0.780163967366374E+002 -0.545176366012758E-001 -0.131038985793846E+001 -0.596321953758081E+002 -0.167451030290137E+002 -0.351673627793063E+003
  0.206648214947216E-147  0.699897813133538E+003 -0.188660367324150E+002  0.852968513929751E+002 -0.825316988710000E+000  0.337600570185108E+001  0.417268517771116E+002 -0.167451030290137E+002 -0.348043487779068E+003
  0.667699754054704E-147  0.697538882648810E+003 -0.193462054625947E+002  0.661849998123034E+002 -0.671930875344832E+000  0.437914236914490E+001  0.152799257823026E+002 -0.167451030290137E+002 -0.346864022536705E+003
  0.680092813081944E-142  0.674462961281101E+003 -0.188115789151483E+002  0.777157812912348E+002 -0.256679291512494E-001  0.379346614057635E+001  0.951911493432017E+002 -0.167451030290137E+002 -0.335326061852850E+003
  0.691034466615091E-142  0.674417751349327E+003 -0.188412783682993E+002  0.841012966422675E+002 -0.426776241974884E+000 -0.295141830936942E+000  0.516733561666676E+002 -0.167451030290137E+002 -0.335303456886963E+003
  0.102546612169031E-141  0.673615036585447E+003 -0.190612764227733E+002  0.692914652125501E+002 -0.167312053323906E+000 -0.340871957031147E+001 -0.963532665138502E+002 -0.167451030290137E+002 -0.334902099505023E+003
  0.107870666484243E-141  0.673500516442254E+003 -0.187474312454333E+002  0.886793819048852E+002 -0.653018140781752E+000 -0.268721214095252E+001 -0.815499817033607E+002 -0.167451030290137E+002 -0.334844839433427E+003
  0.306202874484716E-141  0.671400597569159E+003 -0.187973786833190E+002  0.822647230825439E+002 -0.802531312769227E+000  0.273275631928081E+001  0.226965504897144E+002 -0.167451030290137E+002 -0.333794879996879E+003
  0.347879960494784E-141  0.671132089266968E+003 -0.187592141228232E+002  0.839118800002135E+002 -0.650460551021052E+000  0.985698999437687E-001 -0.225594517910483E+002 -0.167451030290137E+002 -0.333660625845783E+003
  0.137540937779810E-140  0.668369501749662E+003 -0.187702615603554E+002  0.846127557310891E+002 -0.417763760679224E+000 -0.515870569028514E+001 -0.772688247956682E+002 -0.167451030290137E+002 -0.332279332087131E+003
  0.608905491945699E-140  0.665380729728372E+003 -0.189984705692448E+002  0.767348946104264E+002 -0.271762017654057E+000  0.310190254544772E+001  0.878840177492710E+002 -0.167451030290137E+002 -0.330784946076486E+003
  0.373554833943879E-139  0.661739466987219E+003 -0.186596091158948E+002  0.917516569424139E+002 -0.654118354641879E+000 -0.107630055604119E+001 -0.691959235423682E+002 -0.167451030290137E+002 -0.328964314705909E+003
  0.256165262848271E-138  0.657875491737182E+003 -0.191504662839669E+002  0.700898635550177E+002 -0.735512098383102E+000  0.803884310559809E+000 -0.396548302685107E+002 -0.167451030290137E+002 -0.327032327080891E+003
  0.382319258595740E-138  0.657061336210053E+003 -0.189124290434137E+002  0.824845206660037E+002 -0.645303960343327E+000 -0.142422274819635E+001  0.961757279637218E+002 -0.167451030290137E+002 -0.326625249317326E+003
  0.591195686650457E-138  0.656176265007334E+003 -0.194460276421744E+002  0.573021638491199E+002 -0.185102339430588E+000  0.327975405631876E+001  0.297900289960142E+002 -0.167451030290137E+002 -0.326182713715966E+003
  0.115977061635558E-137  0.654815315029215E+003 -0.190254558954591E+002  0.716985378607688E+002 -0.543569174723240E+000  0.132738054012088E+001  0.261275790656622E+001 -0.167451030290137E+002 -0.325502238726907E+003
  0.260585183671915E-137  0.653182951181040E+003 -0.187983744592156E+002  0.842462090119406E+002 -0.119856839657194E+001  0.632266101929353E+001  0.534879878948003E+002 -0.167451030290137E+002 -0.324686056802819E+003
  0.911775867498668E-137  0.650664733311305E+003 -0.192046405853038E+002  0.656600430015079E+002 -0.765964694209001E+000  0.657885481800376E+001  0.584908415876125E+002 -0.167451030290137E+002 -0.323426947867952E+003
  0.357706407372396E-136  0.647917637323371E+003 -0.189301212054319E+002  0.728810190520766E+002 -0.124257221111152E+000  0.405491084426494E+001  0.970044408020577E+002 -0.167451030290137E+002 -0.322053399873985E+003
  0.704949750298288E-135  0.641942350121353E+003 -0.192319796348192E+002  0.745493666841119E+002 -0.166525483151571E+001  0.810003081720673E+001  0.545294296377859E+002 -0.167451030290137E+002 -0.319065756272976E+003
  0.822629035796338E-134  0.637015133192603E+003 -0.190778991897634E+002  0.774223515118371E+002 -0.957440248673621E+000  0.199721830028700E+001  0.423829043864608E+002 -0.167451030290137E+002 -0.316602147808601E+003
  0.409766337395567E-133  0.633790510449807E+003 -0.185757453055318E+002  0.936578404539516E+002 -0.591694299204844E+000  0.278399076288511E+001  0.663725101172313E+002 -0.167451030290137E+002 -0.314989836437203E+003
  0.142993230207951E-132  0.631277630779403E+003 -0.193988734253787E+002  0.605458670939235E+002 -0.153909960061767E+000  0.420907446036810E+001  0.200134655499699E+002 -0.167451030290137E+002 -0.313733396602001E+003
  0.394595503636382E-132  0.629234213872267E+003 -0.187115851396897E+002  0.867399857216916E+002 -0.382052023830999E-001 -0.293201343143893E+001 -0.288568899195590E+002 -0.167451030290137E+002 -0.312711688148433E+003
  0.179315241095789E-130  0.621588016051782E+003 -0.194659031363166E+002  0.648943464624747E+002 -0.858768707441504E+000  0.908295352424641E+000  0.633809152108198E+002 -0.167451030290137E+002 -0.308888589238190E+003
  0.194121503747243E-130  0.621416049185008E+003 -0.188033664537554E+002  0.820573940916829E+002 -0.626973981268541E+000  0.130914722756756E+000  0.104549158977365E+002 -0.167451030290137E+002 -0.308802605804803E+003
  0.260029404274670E-129  0.616212969019592E+003 -0.186976136383552E+002  0.837591718828077E+002 -0.453704932696824E+000  0.641308271208391E+001  0.983068635218175E+002 -0.167451030290137E+002 -0.306201065722095E+003
  0.317292750894130E-129  0.615801619665910E+003 -0.186656322846691E+002  0.921474183781032E+002 -0.958967718657727E+000  0.573658078858220E+001  0.653051715402886E+002 -0.167451030290137E+002 -0.305995391045255E+003
  0.111169600175103E-128  0.613280696169257E+003 -0.186203886276742E+002  0.919324291230349E+002 -0.505078073507171E+000  0.770046207981952E+000  0.279877342458910E+001 -0.167451030290137E+002 -0.304734929296928E+003
  0.120298207492661E-128  0.613109573568144E+003 -0.188436266884836E+002  0.844069069361131E+002 -0.848002049982538E+000  0.647565970257492E+000 -0.743957351754823E+002 -0.167451030290137E+002 -0.304649367996371E+003
  0.342818489542246E-128  0.611001829683644E+003 -0.185714801918521E+002  0.899697949855289E+002 -0.165512178157604E+000 -0.276448053350726E+001 -0.976278333002349E+002 -0.167451030290137E+002 -0.303595496054122E+003
  0.962350119725520E-128  0.608924186173846E+003 -0.193668225621170E+002  0.629240230595358E+002 -0.257992400036928E+000 -0.442231280664356E+001 -0.243245559761371E+002 -0.167451030290137E+002 -0.302556674299222E+003
  0.264038530820457E-127  0.606892293485814E+003 -0.188326956073109E+002  0.843718811288882E+002 -0.468543541985236E+000 -0.514294189623530E+001 -0.803728478860745E+002 -0.167451030290137E+002 -0.301540727955206E+003
  0.341384319327123E-126  0.601760006541926E+003 -0.190454252628462E+002  0.763877757596562E+002 -0.426222137405072E+000  0.297895935273278E+001  0.995552446513986E+002 -0.167451030290137E+002 -0.298974584483263E+003
  0.118993549991253E-125  0.599249426448334E+003 -0.191502565479722E+002  0.728223568113111E+002 -0.806687937352834E+000  0.814607862757066E+001  0.892401157499338E+002 -0.167451030290137E+002 -0.297719294436467E+003
  0.187076872639688E-125  0.598331236710639E+003 -0.186420217531889E+002  0.913252190442556E+002 -0.438566403406351E+000 -0.291367562298995E+001 -0.707220137064696E+002 -0.167451030290137E+002 -0.297260199567619E+003
  0.560792589081420E-125  0.596122284615780E+003 -0.187720150922338E+002  0.794720386182537E+002 -0.763844806660741E-002  0.391557922302233E+000 -0.378519116201874E+002 -0.167451030290137E+002 -0.296155723520189E+003
  0.758786865099677E-124  0.590899085730180E+003 -0.186624106211724E+002  0.866108152604179E+002 -0.690523649614809E+000  0.615306034030061E+001  0.594359008410094E+002 -0.167451030290137E+002 -0.293544124077389E+003
  0.115480724790212E-122  0.585440690866194E+003 -0.188240834256836E+002  0.774335958979622E+002 -0.130272613082389E+000 -0.541553221601195E+000 -0.395287595691844E+002 -0.167451030290137E+002 -0.290814926645396E+003
  0.305978156592822E-122  0.583478581611518E+003 -0.187531254580591E+002  0.855855738499286E+002 -0.774269912843703E+000 -0.149435598536603E+001  0.914839745885152E+002 -0.167451030290137E+002 -0.289833872018059E+003
  0.196233790572555E-121  0.579748536256649E+003 -0.191553886511168E+002  0.703949435790993E+002 -0.266702360642348E-001 -0.720015183473958E+001 -0.285945802923777E+002 -0.167451030290137E+002 -0.287968849340624E+003
  0.214386081930557E-121  0.579558303664656E+003 -0.187462203301132E+002  0.843320771556506E+002 -0.483948443319158E+000 -0.307993382162594E+001 -0.888283205804626E+002 -0.167451030290137E+002 -0.287873733044627E+003
  0.330417489204890E-121  0.578679857653310E+003 -0.187959903804711E+002  0.847693396967587E+002 -0.349220050224948E+000  0.260603018143327E+000 -0.694871614482233E+002 -0.167451030290137E+002 -0.287434510038955E+003
  0.111119245597105E-120  0.576240904510554E+003 -0.192097327451251E+002  0.697919211424552E+002 -0.556958454767111E-001 -0.278088758012195E+001 -0.375069357262449E+002 -0.167451030290137E+002 -0.286215033467577E+003
  0.242448042079112E-120  0.574667248387891E+003 -0.194931990023710E+002  0.580437686122474E+002 -0.994562795689513E-001  0.369591157613051E+001  0.244216099915133E+002 -0.167451030290137E+002 -0.285428205406245E+003
  0.341034825243581E-120  0.573971564960594E+003 -0.193486480120182E+002  0.642364780950874E+002 -0.267275343906489E+000  0.390415063263967E+001  0.397058448692084E+002 -0.167451030290137E+002 -0.285080363692596E+003
  0.426135075428825E-120  0.573512732323959E+003 -0.190581906345165E+002  0.743195332027059E+002 -0.145066300730012E+001  0.979907183708622E+001  0.840682092941056E+002 -0.167451030290137E+002 -0.284850947374279E+003
  0.152086965556367E-119  0.570954880803390E+003 -0.192241873176458E+002  0.653117685876573E+002 -0.234856918544504E+000  0.661158938655912E+001  0.705113051938947E+002 -0.167451030290137E+002 -0.283572021613994E+003
  0.490888481265083E-119  0.568598062763531E+003 -0.188315255161322E+002  0.825830647966743E+002 -0.357746030179253E-001 -0.384592127883945E+001 -0.502988831841919E+002 -0.167451030290137E+002 -0.282393612594065E+003
  0.123530083592451E-118  0.566739068008142E+003 -0.194180607844007E+002  0.582797379305897E+002 -0.522681749559495E-001  0.150889107422164E+001 -0.213395696468565E+001 -0.167451030290137E+002 -0.281464115216371E+003
  0.185746936560690E-118  0.565909977976815E+003 -0.187978022610825E+002  0.840289831558396E+002 -0.783297659377106E+000 -0.139148892925310E+001  0.922871815958354E+002 -0.167451030290137E+002 -0.281049570200707E+003
  0.366701043968308E-118  0.564536365429758E+003 -0.188537911645691E+002  0.785064074397469E+002 -0.477920695849795E+000 -0.782697565595605E-001 -0.426282271823287E+002 -0.167451030290137E+002 -0.280362763927179E+003
  0.960794156273640E-118  0.562596649811121E+003 -0.186354649449004E+002  0.866845286510790E+002 -0.163024199603624E+000 -0.111320554373575E+001 -0.956504334354278E+002 -0.167451030290137E+002 -0.279392906117860E+003
  0.862767607338294E-117  0.558193420176578E+003 -0.189390538818459E+002  0.782729086524479E+002 -0.417680806793262E+000  0.458527253161768E+001  0.539555221924530E+002 -0.167451030290137E+002 -0.277191291300588E+003
  0.135845734779634E-116  0.557272211767799E+003 -0.192142494854553E+002  0.729215886217229E+002 -0.852573601260149E+000  0.293063800190666E+001  0.253773549674971E+002 -0.167451030290137E+002 -0.276730687096199E+003
  0.795323641291764E-116  0.553724464304479E+003 -0.187042776152801E+002  0.853770396005216E+002 -0.111439677949446E+000 -0.885249093055013E+000 -0.404062674103553E+002 -0.167451030290137E+002 -0.274956813364539E+003
  0.161093662657039E-115  0.552299531385681E+003 -0.192825325827904E+002  0.716972588865824E+002 -0.130166431692793E+001  0.668203823945747E+001  0.678578573032362E+002 -0.167451030290137E+002 -0.274244346905140E+003
  0.284321936632002E-115  0.551149999851501E+003 -0.194983120699271E+002  0.589233653705707E+002 -0.690145155714859E+000  0.249359847531454E+001  0.340564703320643E+002 -0.167451030290137E+002 -0.273669581138050E+003
  0.498597215845515E-115  0.550013327943474E+003 -0.186870279640951E+002  0.850138238454955E+002 -0.116882320072407E+000  0.626359013556723E+000 -0.705508608395091E+002 -0.167451030290137E+002 -0.273101245184037E+003
  0.469104874566654E-114  0.545516813133114E+003 -0.186120363162053E+002  0.900887457346026E+002 -0.386598616418954E+000 -0.157863035948024E+001 -0.242338958685483E+002 -0.167451030290137E+002 -0.270852987778857E+003
  0.120996241545906E-113  0.543608487607863E+003 -0.194800009458742E+002  0.594713292610545E+002 -0.203944077169815E-002  0.152552219941126E+001  0.370975359483686E+002 -0.167451030290137E+002 -0.269898825016231E+003
  0.134619365758930E-112  0.538776644737002E+003 -0.186284349418330E+002  0.882451927437917E+002 -0.243672288402401E+000  0.160765249167735E+000  0.149574636843607E+002 -0.167451030290137E+002 -0.267482903580800E+003
  0.174086739692378E-112  0.538249150860057E+003 -0.189627518986121E+002  0.790436696682684E+002 -0.415657272096331E+000 -0.397049010941971E+001 -0.304739891026444E+002 -0.167451030290137E+002 -0.267219156642328E+003
  0.209421370926773E-109  0.524050761872337E+003 -0.190851457526089E+002  0.691103169585137E+002 -0.558327935576937E+000  0.547080056522338E+001  0.452622686080095E+002 -0.167451030290137E+002 -0.260119962148468E+003
  0.474868435459919E-108  0.517794923727813E+003 -0.186826031979045E+002  0.895869457197341E+002 -0.633917333664549E+000 -0.751027307252983E-002 -0.490299551146119E+002 -0.167451030290137E+002 -0.256992043076206E+003
  0.779910416449187E-108  0.516789352092993E+003 -0.191347099533904E+002  0.662833653752171E+002 -0.694014562706480E-002 -0.976232417536160E+000 -0.320298290814782E+002 -0.167451030290137E+002 -0.256489257258796E+003
  0.141923867840467E-107  0.515578669402616E+003 -0.186317787701921E+002  0.889406139512321E+002 -0.553575658112379E+000  0.440195854543401E+001  0.566116285072049E+002 -0.167451030290137E+002 -0.255883915913607E+003
  0.214199986951835E-107  0.514742141666698E+003 -0.190547359930255E+002  0.721694735206004E+002 -0.102528217416846E+001  0.796371733970538E+001  0.820130390877084E+002 -0.167451030290137E+002 -0.255465652045648E+003
  0.104800219884792E-106  0.511553390849424E+003 -0.190407857446413E+002  0.785420266428059E+002 -0.830720280651410E+000  0.265832213534521E+001  0.527903601347295E+002 -0.167451030290137E+002 -0.253871276637011E+003
  0.168159396660947E-106  0.510594388865560E+003 -0.186906099078337E+002  0.848907874799914E+002 -0.284065488260822E+000 -0.173593905648421E+001 -0.304001864576629E+002 -0.167451030290137E+002 -0.253391775645079E+003
  0.458238390125731E-106  0.508576145316278E+003 -0.190997140245291E+002  0.764085326137497E+002 -0.810491649041163E+000  0.853661987721420E+000  0.669488601265945E+002 -0.167451030290137E+002 -0.252382653870438E+003
  0.189512586933815E-104  0.501118384072918E+003 -0.190429505573426E+002  0.708134258204571E+002 -0.493051935381173E+000  0.361243636358074E+001  0.537434527083660E+002 -0.167451030290137E+002 -0.248653773248758E+003
  0.372920229012843E-104  0.499751276808671E+003 -0.191745071024679E+002  0.710091823855042E+002 -0.798260005156935E+000  0.524896930062368E-001 -0.165325744325824E+002 -0.167451030290137E+002 -0.247970219616635E+003
  0.428780795064528E-102  0.490248484776080E+003 -0.187660324867308E+002  0.808087575493449E+002 -0.246293754592573E+000 -0.733668784050570E+000 -0.927422099777955E+002 -0.167451030290137E+002 -0.243218823600340E+003
  0.859103645504555E-102  0.488845308186822E+003 -0.194785899492875E+002  0.568595380284731E+002 -0.771884403296179E-001  0.137352333638106E+001  0.951756810082670E+002 -0.167451030290137E+002 -0.242517235305711E+003
  0.988079293198825E-102  0.488552272345851E+003 -0.194746321908239E+002  0.625531927098371E+002 -0.940258365665102E+000  0.245198102131800E+001  0.256854989019954E+002 -0.167451030290137E+002 -0.242370717385225E+003
  0.114378443132842E-101  0.488246313721956E+003 -0.192573266627262E+002  0.672625286809281E+002 -0.417959389536327E+000  0.639317706873542E+001  0.944905719741390E+002 -0.167451030290137E+002 -0.242217738073277E+003
  0.775154552920741E-101  0.484405925025402E+003 -0.189750563493687E+002  0.734685978076718E+002 -0.238890939808293E+000 -0.342826715956786E+001 -0.690810623689675E+002 -0.167451030290137E+002 -0.240297543725000E+003
  0.157618015300633E-100  0.482973241656818E+003 -0.187874559071788E+002  0.845614323990510E+002 -0.130463005444666E+001  0.939656077908938E+001  0.860118341622815E+002 -0.167451030290137E+002 -0.239581202040708E+003
  0.729503117489344E-100  0.479895574250900E+003 -0.189328482135209E+002  0.799901464404307E+002 -0.898242996758396E+000  0.770718884269471E+001  0.678064072125582E+002 -0.167451030290137E+002 -0.238042368337750E+003
  0.137272673851499E-099  0.478617903726605E+003 -0.193117726187220E+002  0.621060404533593E+002 -0.417920443606011E+000  0.445636667078356E+001  0.916577862476495E+002 -0.167451030290137E+002 -0.237403533075602E+003
  0.196037877854427E-099  0.477891937387029E+003 -0.191726871505363E+002  0.662299996145275E+002 -0.392469965330215E+000  0.398079501319202E+001  0.969063625543567E+002 -0.167451030290137E+002 -0.237040549905814E+003
  0.287280146740239E-099  0.477114348370010E+003 -0.191690284418343E+002  0.715402897341195E+002 -0.308053302663634E+000  0.163096377520080E+000  0.853557334100065E+002 -0.167451030290137E+002 -0.236651755397304E+003
  0.107183326574892E-096  0.465257383046311E+003 -0.192030721286213E+002  0.666114205315070E+002 -0.831341355657170E+000  0.627177958687616E+001  0.554853836200967E+002 -0.167451030290137E+002 -0.230723272735455E+003
  0.111654677927153E-096  0.465162353611496E+003 -0.188562632702076E+002  0.818762628858754E+002 -0.739808388727468E+000 -0.714018715659813E+000  0.748833898398752E+002 -0.167451030290137E+002 -0.230675758018047E+003
  0.241563204861100E-096  0.463605623963748E+003 -0.189962413218320E+002  0.780217232531717E+002 -0.116999921942325E+001  0.365858330010245E+001  0.127639714873307E+002 -0.167451030290137E+002 -0.229897393194174E+003
  0.260808278223781E-096  0.463439026049306E+003 -0.191878457983366E+002  0.678624874885491E+002 -0.608360506926840E+000 -0.105324753671711E+001  0.928942655778046E+002 -0.167451030290137E+002 -0.229814094236952E+003
  0.360905692210463E-096  0.462776074738699E+003 -0.186635850088225E+002  0.881840526021946E+002 -0.750572031024838E+000  0.469870585267457E+001  0.388151816349307E+002 -0.167451030290137E+002 -0.229482618581649E+003
  0.188752031708599E-095  0.459453980530672E+003 -0.194843188019113E+002  0.597093670166802E+002 -0.247276872464817E+000  0.354764774950359E+001  0.308632526802317E+002 -0.167451030290137E+002 -0.227821571477635E+003
  0.541128902864916E-094  0.452729074526951E+003 -0.194714745315237E+002  0.613816107850367E+002 -0.621543143352211E+000 -0.242745254205195E+001 -0.651775355186798E+002 -0.167451030290137E+002 -0.224459118475775E+003
  0.468041271778632E-093  0.448400817332820E+003 -0.188435726474916E+002  0.792082404857532E+002 -0.460325265968801E+000 -0.703359899992897E-001 -0.647008612309399E+002 -0.167451030290137E+002 -0.222294989878709E+003
  0.603264367075365E-093  0.447879930165878E+003 -0.189701801594895E+002  0.758677604370706E+002 -0.946804146798438E+000  0.429212572915024E+001  0.192957593294436E+002 -0.167451030290137E+002 -0.222034546295238E+003
  0.669971060503595E-093  0.447656883084779E+003 -0.186953509575686E+002  0.880748298208047E+002 -0.384143027071498E+000 -0.193507843392174E+001 -0.691837436180801E+002 -0.167451030290137E+002 -0.221923022754689E+003
  0.133100148950829E-092  0.446270689160721E+003 -0.188832553162828E+002  0.817971878311310E+002 -0.725002142035463E+000 -0.503677186611387E+000 -0.329428145567818E+002 -0.167451030290137E+002 -0.221229925792660E+003
  0.133958428820267E-092  0.446244544725995E+003 -0.187287670097704E+002  0.877264770401116E+002 -0.583527579585977E+000 -0.680038511146130E+000 -0.695737310520747E+002 -0.167451030290137E+002 -0.221216853575297E+003
  0.431505181765396E-092  0.443891755640471E+003 -0.187141143076068E+002  0.841415991159942E+002 -0.246082543978748E+000  0.199373497447091E+001  0.450982458924014E+002 -0.167451030290137E+002 -0.220040459032535E+003
  0.114451284462028E-091  0.441927556868910E+003 -0.191028137465383E+002  0.676458816726492E+002 -0.866411627339976E-001  0.139328676007584E+001  0.180532614737571E+002 -0.167451030290137E+002 -0.219058359646755E+003
  0.119994939760120E-091  0.441819667175509E+003 -0.187381276844420E+002  0.869673739696631E+002 -0.471593635011171E+000  0.249280932975459E+000 -0.990252559394207E+002 -0.167451030290137E+002 -0.219004414800054E+003
  0.181847969286958E-091  0.440974935227720E+003 -0.193155209453852E+002  0.670639187511687E+002 -0.274101474938571E+000 -0.212954189071516E+001 -0.675552363306291E+002 -0.167451030290137E+002 -0.218582048826159E+003
  0.332030907889207E-091  0.439757532029819E+003 -0.187722520581942E+002  0.871776437608919E+002 -0.105173454985642E+001  0.566102229768152E+001  0.639444979819821E+002 -0.167451030290137E+002 -0.217973347227209E+003
  0.167084721273204E-090  0.436512526886083E+003 -0.190324266023011E+002  0.703702428685410E+002 -0.143576441769674E+000 -0.101401297326782E+001 -0.562797971766090E+002 -0.167451030290137E+002 -0.216350844655341E+003
  0.177502738078321E-089  0.431773097539058E+003 -0.193593475362136E+002  0.607566580089335E+002 -0.199287213098447E+000  0.569908643381386E+001  0.731731926208517E+002 -0.167451030290137E+002 -0.213981129981829E+003
  0.953420919230399E-089  0.428397667554312E+003 -0.189419347949545E+002  0.802557860426506E+002 -0.699918607032916E+000 -0.606972523936436E+000 -0.138619476314044E+002 -0.167451030290137E+002 -0.212293414989455E+003
  0.306986476233566E-088  0.426045713860854E+003 -0.187093954430477E+002  0.876813320583347E+002 -0.491170463667151E+000  0.151391911162627E+001  0.750165552374697E+002 -0.167451030290137E+002 -0.211117438142727E+003
  0.390368167227917E-088  0.425551851541235E+003 -0.194648869919842E+002  0.581585428872875E+002 -0.284101088547544E+000 -0.560807881424346E-001  0.415947983076836E+002 -0.167451030290137E+002 -0.210870506982917E+003
  0.759032058886545E-088  0.424208655050849E+003 -0.187983765504304E+002  0.818450716529238E+002 -0.643015244563314E+000  0.751515133842724E+001  0.926264990574390E+002 -0.167451030290137E+002 -0.210198908737724E+003
  0.829460585227323E-088  0.424017902810665E+003 -0.191140200735900E+002  0.751231205564590E+002 -0.130338510797047E+001  0.758535296760597E+001  0.921724803406652E+002 -0.167451030290137E+002 -0.210103532617632E+003
  0.598979262959784E-087  0.420050540767471E+003 -0.187378174548313E+002  0.862378201842534E+002 -0.844643934044603E+000  0.527020924381505E+001  0.916368073359217E+002 -0.167451030290137E+002 -0.208119851596035E+003
  0.154142346216949E-086  0.418146782449070E+003 -0.187262541858792E+002  0.832068305677415E+002 -0.220841385112553E+000  0.411433630019749E+000 -0.138492137135134E+002 -0.167451030290137E+002 -0.207167972436834E+003
  0.263413482310038E-086  0.417061796419402E+003 -0.186721422729457E+002  0.876606532518573E+002 -0.411051866092092E+000  0.104705275477515E+001  0.727128557553876E+002 -0.167451030290137E+002 -0.206625479422000E+003
  0.435793457344293E-086  0.416041620462498E+003 -0.186839242206869E+002  0.857642571042579E+002 -0.160402761530142E+000 -0.131707482232432E+001 -0.127423154999255E+002 -0.167451030290137E+002 -0.206115391443548E+003
  0.797352019775803E-086  0.414820075671298E+003 -0.189114958972746E+002  0.807671874209860E+002 -0.983788300651530E+000  0.219981891179435E+001  0.454612830378206E+001 -0.167451030290137E+002 -0.205504619047948E+003
  0.118588846495232E-085  0.414012884046276E+003 -0.193947533786063E+002  0.666393469796245E+002 -0.979414703528428E+000  0.571748941812151E+001  0.544940042366042E+002 -0.167451030290137E+002 -0.205101023235438E+003
  0.177838900979232E-085  0.413189163659422E+003 -0.189344440182172E+002  0.801222066975418E+002 -0.232965939103662E+000 -0.547996893745735E+001 -0.739649221101944E+002 -0.167451030290137E+002 -0.204689163042010E+003
  0.202380976434831E-085  0.412917326867501E+003 -0.193852378175688E+002  0.593546447193513E+002 -0.120318586290404E-001  0.167138756194362E+000  0.786279771575333E+002 -0.167451030290137E+002 -0.204553244646050E+003
  0.301121373518722E-085  0.412109314832657E+003 -0.191528743765013E+002  0.751344075754434E+002 -0.112479984048699E+001  0.659650499094019E+001  0.778857181736948E+002 -0.167451030290137E+002 -0.204149238628628E+003
  0.449437816029206E-085  0.411295057574669E+003 -0.188593644491727E+002  0.803253802017862E+002 -0.348102176313771E+000 -0.387932878390544E+001 -0.487239454775812E+002 -0.167451030290137E+002 -0.203742109999634E+003
  0.531850829503506E-085  0.410945037388582E+003 -0.189756380468970E+002  0.744493676825179E+002 -0.670571551806750E+000  0.271013711214592E+001  0.105952329085092E+002 -0.167451030290137E+002 -0.203567099906590E+003
  0.638473590561396E-085  0.410566313785995E+003 -0.187284715606584E+002  0.869555265982274E+002 -0.499563697946224E+000  0.210023139949098E+001  0.807118067230451E+002 -0.167451030290137E+002 -0.203377738105297E+003
  0.304171758536706E-084  0.407430830066339E+003 -0.192398970872887E+002  0.727753960205971E+002 -0.141224794696896E+001  0.851336532673846E+001  0.886967747946617E+002 -0.167451030290137E+002 -0.201809996245469E+003
  0.551093397469846E-084  0.406228917454631E+003 -0.192188842785020E+002  0.684216433584165E+002 -0.382659670352931E+000  0.459626086837223E+001  0.530832432708943E+002 -0.167451030290137E+002 -0.201209039939615E+003
  0.116814997063973E-083  0.404713083860219E+003 -0.188757051220567E+002  0.784858562472032E+002 -0.110699030964043E+000 -0.487634709509772E+000  0.907479490308811E+002 -0.167451030290137E+002 -0.200451123142409E+003
  0.228351491430318E-083  0.403359205556236E+003 -0.188737291059831E+002  0.823246544714462E+002 -0.573036137999464E+000  0.372729568520385E+001  0.889747094767311E+002 -0.167451030290137E+002 -0.199774183990418E+003
  0.286421330257301E-083  0.402892760793751E+003 -0.189999955353372E+002  0.804062492628312E+002 -0.127702620645444E+001  0.725329618670587E+001  0.762627343231239E+002 -0.167451030290137E+002 -0.199540961609175E+003
  0.393896338048732E-083  0.402242223980688E+003 -0.188695698270877E+002  0.791931442245281E+002 -0.338595141658706E-001 -0.126092659908363E+001 -0.210953085986604E+002 -0.167451030290137E+002 -0.199215693202643E+003
  0.655828611140023E-083  0.401209311459208E+003 -0.187503371158736E+002  0.845182429093189E+002 -0.797581620060756E+000  0.450593443559507E+001  0.254481028942018E+002 -0.167451030290137E+002 -0.198699236941903E+003
  0.671081130498107E-083  0.401150041277384E+003 -0.192685877899751E+002  0.666278732211406E+002 -0.825197413862979E+000  0.954652087276615E+001  0.895741050835540E+002 -0.167451030290137E+002 -0.198669601850992E+003
  0.778960730804100E-083  0.400838611001240E+003 -0.190528617886028E+002  0.723603869987535E+002 -0.958734529282524E+000  0.781774876161350E+001  0.575383178996942E+002 -0.167451030290137E+002 -0.198513886712920E+003
  0.316139548363084E-082  0.398023705549813E+003 -0.190646522845670E+002  0.703636758183133E+002 -0.566209527141538E+000  0.477721757080394E+001  0.338605908970008E+002 -0.167451030290137E+002 -0.197106433987206E+003
  0.450750002141770E-082  0.397300958180406E+003 -0.193142835375107E+002  0.625421220347902E+002 -0.247811557940047E+000  0.540090862316518E+001  0.546593820515456E+002 -0.167451030290137E+002 -0.196745060302502E+003
  0.489468041449071E-082  0.397122856485266E+003 -0.191493214355698E+002  0.682160557997278E+002 -0.492879351728421E-001  0.324399222653356E+001  0.609177988523860E+002 -0.167451030290137E+002 -0.196656009454933E+003
  0.428307362308076E-081  0.392771353409055E+003 -0.192103145558680E+002  0.656187017379440E+002 -0.432408964679991E+000  0.349334038989696E+001  0.870536659079168E+002 -0.167451030290137E+002 -0.194480257916827E+003
  0.167570640114923E-080  0.390029766297007E+003 -0.189500447727205E+002  0.780584911965257E+002 -0.757019193464805E-001 -0.408635270745964E+001 -0.736188132083436E+002 -0.167451030290137E+002 -0.193109464360803E+003
  0.388416303814244E-080  0.388335131775549E+003 -0.187277547105102E+002  0.860918542556724E+002 -0.448125461642616E+000 -0.113972341053398E+001  0.947623732243190E+002 -0.167451030290137E+002 -0.192262147100074E+003
  0.716554064674634E-080  0.387097090712812E+003 -0.194788815685438E+002  0.596145091499876E+002 -0.472873652921000E-001  0.159421295122886E+000 -0.288052899750987E+002 -0.167451030290137E+002 -0.191643126568706E+003
  0.826471861996997E-080  0.386798377285654E+003 -0.189522709970980E+002  0.765501402795094E+002 -0.200183618686405E+000 -0.593880743716440E+001 -0.645928309530499E+002 -0.167451030290137E+002 -0.191493769855126E+003
  0.101335829835349E-079  0.386377369660115E+003 -0.194837897875261E+002  0.620720395810935E+002 -0.368871654406520E+000 -0.617302203768835E+001 -0.958352444031033E+002 -0.167451030290137E+002 -0.191283266042357E+003
  0.104689287159668E-079  0.386298967086114E+003 -0.194565921403411E+002  0.646920175085726E+002 -0.119950444565689E+001  0.691831339508016E+001  0.919347078812174E+002 -0.167451030290137E+002 -0.191244064755356E+003
  0.120965377110265E-079  0.385996662857043E+003 -0.190920555247866E+002  0.739566201823816E+002 -0.309177186884924E+000 -0.386167335400899E+000 -0.177772308373910E+002 -0.167451030290137E+002 -0.191092912640821E+003
  0.413314485503567E-078  0.378920794777144E+003 -0.194034826369234E+002  0.611598552518044E+002 -0.253084653227143E+000 -0.482374155332201E+001 -0.807273688116336E+002 -0.167451030290137E+002 -0.187554978600871E+003
  0.796892236381405E-078  0.377594484314150E+003 -0.193022650452920E+002  0.680332430410237E+002 -0.136361866807201E+001  0.664465416903705E+001  0.442746397270240E+002 -0.167451030290137E+002 -0.186891823369374E+003
  0.915094995873635E-077  0.372699408197861E+003 -0.189106845001862E+002  0.806350991672731E+002 -0.232677928197827E+000 -0.500685906043569E+001 -0.827356577193672E+002 -0.167451030290137E+002 -0.184444285311230E+003
  0.155567779176972E-076  0.371624841656256E+003 -0.194225917276758E+002  0.665959034583063E+002 -0.130794299611851E+001  0.807421659101258E+001  0.772625820566815E+002 -0.167451030290137E+002 -0.183907002040427E+003
  0.197428976008612E-075  0.366529787607001E+003 -0.193845331825583E+002  0.606073414140555E+002 -0.172508751157421E+000 -0.388329141487076E+001 -0.949521215440007E+002 -0.167451030290137E+002 -0.181359475015800E+003
  0.219597834109762E-075  0.366303660637202E+003 -0.189865061415863E+002  0.778722787339998E+002 -0.125662623752508E+001  0.784576321144150E+001  0.814778459212100E+002 -0.167451030290137E+002 -0.181246411530900E+003
  0.173224463611265E-074  0.362159620597128E+003 -0.187596518683940E+002  0.850269633637720E+002 -0.385362172955422E+000  0.394408881286029E+000 -0.704099946430809E+002 -0.167451030290137E+002 -0.179174391510863E+003
  0.988387627391812E-074  0.358663358061294E+003 -0.194581766384980E+002  0.600318355857869E+002 -0.425769056657159E+000  0.388474922165853E+001  0.135870333078801E+002 -0.167451030290137E+002 -0.177426260242946E+003
  0.223391073093655E-073  0.357019200849226E+003 -0.191787327083719E+002  0.713894106713163E+002 -0.384885595389922E+000 -0.130548245076753E+000  0.965747218897710E+002 -0.167451030290137E+002 -0.176604181636913E+003
  0.280076675360121E-073  0.356553632804367E+003 -0.187265939550759E+002  0.860195008865433E+002 -0.480283725939786E+000 -0.774926397029112E+000  0.869003051273281E+002 -0.167451030290137E+002 -0.176371397614483E+003
  0.579765035884459E-073  0.355085224709602E+003 -0.190818651294465E+002  0.750289141593296E+002 -0.393745001367856E+000 -0.180686051751535E+001 -0.689698002843390E+001 -0.167451030290137E+002 -0.175637193567101E+003
  0.315384071655330E-072  0.351684428917592E+003 -0.194308927313410E+002  0.623709500118572E+002 -0.694070266387555E+000  0.179888668391342E+000 -0.200761475077326E+002 -0.167451030290137E+002 -0.173936795671095E+003
  0.173555656707912E-070  0.343655385130823E+003 -0.194475066218124E+002  0.625468526823265E+002 -0.392583316729441E+000 -0.742389786835499E+000  0.906576028183516E+002 -0.167451030290137E+002 -0.169922273777711E+003
  0.401454027166823E-070  0.341964906668894E+003 -0.189643755632889E+002  0.798266456742866E+002 -0.652472083996653E+000 -0.277871572771238E+000 -0.429166524134402E+002 -0.167451030290137E+002 -0.169077034546746E+003
  0.193058706546507E-069  0.338810644802436E+003 -0.188061386702363E+002  0.814924990186487E+002 -0.639937614230708E+000  0.355810347752216E+001  0.390650654410132E+002 -0.167451030290137E+002 -0.167499903613518E+003
  0.231822392833712E-069  0.338431401299589E+003 -0.190278956204911E+002  0.769421783868419E+002 -0.770901073632905E+000  0.999868590927250E+000  0.821175337081987E+002 -0.167451030290137E+002 -0.167310281862094E+003
  0.256039657608675E-069  0.338219390584829E+003 -0.191269021652990E+002  0.700493666624534E+002 -0.410299343808794E+000  0.639880550292525E+001  0.800268935291583E+002 -0.167451030290137E+002 -0.167204276504714E+003
  0.675054883288479E-069  0.336267178197137E+003 -0.194447197422218E+002  0.597642964495816E+002 -0.584612712381396E+000  0.517177550499485E+001  0.251887235263928E+002 -0.167451030290137E+002 -0.166228170310868E+003
  0.846165114949561E-069  0.335802048080189E+003 -0.187788509672974E+002  0.844628297989471E+002 -0.575140668269104E+000  0.811094176947524E+000  0.556233818940005E+002 -0.167451030290137E+002 -0.165995605252394E+003
  0.309993810333175E-068  0.333191913171335E+003 -0.190793747096751E+002  0.748412686461834E+002 -0.112457491909879E+001  0.844694709969231E+001  0.612470094989453E+002 -0.167451030290137E+002 -0.164690537797967E+003
  0.402992205088849E-068  0.332653894308026E+003 -0.189224194612294E+002  0.818520240561201E+002 -0.135729243595102E+001  0.706657996197888E+001  0.444292845099666E+002 -0.167451030290137E+002 -0.164421528366312E+003
  0.613999617660802E-068  0.331798451050796E+003 -0.192118207717927E+002  0.669736190301284E+002 -0.551225482303981E-001 -0.374345276827679E+001 -0.532732109903861E+001 -0.167451030290137E+002 -0.163993806737697E+003
  0.497530418964955E-067  0.327600666993505E+003 -0.192841634729396E+002  0.641512643845077E+002 -0.636034924698431E+000  0.830376877240786E+001  0.830452776290792E+002 -0.167451030290137E+002 -0.161894914709052E+003
  0.365906192130504E-066  0.323596767129044E+003 -0.189673650824323E+002  0.751304535839251E+002 -0.470777446351962E+000 -0.343817481692728E+000 -0.306972570304582E+002 -0.167451030290137E+002 -0.159892964776822E+003
  0.120209594386391E-065  0.321204588169205E+003 -0.188722587652662E+002  0.829079004357708E+002 -0.112175346110983E+001  0.484119788282267E+001  0.210178541108266E+002 -0.167451030290137E+002 -0.158696875296902E+003
  0.293054513142877E-064  0.314803885289196E+003 -0.191670269745235E+002  0.724237659435708E+002 -0.832869457587504E+000  0.153849652361568E+001  0.176781826691175E+002 -0.167451030290137E+002 -0.155496523856897E+003
  0.304100498364218E-064  0.314716597023549E+003 -0.188131230835750E+002  0.847219370761049E+002 -0.119557622320393E+001  0.949113725162109E+001  0.975919444388423E+002 -0.167451030290137E+002 -0.155452879724074E+003
  0.453805052575640E-063  0.309297518806701E+003 -0.191101181991219E+002  0.680066009159249E+002 -0.848423813259083E-001  0.523748804813927E+000 -0.710718446823004E+002 -0.167451030290137E+002 -0.152743340615650E+003
  0.502497691081011E-062  0.304475212857577E+003 -0.189481101756494E+002  0.744503836754104E+002 -0.238330078897394E+000 -0.736140519730535E+000 -0.184422237935718E+002 -0.167451030290137E+002 -0.150332187641088E+003
  0.114734485104304E-060  0.298205524222808E+003 -0.190601244298408E+002  0.753750241591962E+002 -0.404081947546983E+000 -0.669881080875268E+000 -0.353231120884238E+002 -0.167451030290137E+002 -0.147197343323704E+003
  0.161743708108008E-060  0.297505450337333E+003 -0.192661252499418E+002  0.648497749931465E+002 -0.674236267162986E+000  0.571398098291981E+001  0.847084760638679E+002 -0.167451030290137E+002 -0.146847306380966E+003
  0.113880642443610E-059  0.293588715325814E+003 -0.193644339180613E+002  0.647512473916287E+002 -0.774843853398840E+000 -0.909120265500308E+000  0.650543014072994E+002 -0.167451030290137E+002 -0.144888938875206E+003
  0.181725996838629E-059  0.292640727966423E+003 -0.190131997406984E+002  0.732807007281781E+002 -0.345306636572478E+000  0.497841390557386E+001  0.624336301824054E+002 -0.167451030290137E+002 -0.144414945195511E+003
  0.298204788467177E-059  0.291636878042332E+003 -0.192395963726998E+002  0.646420545017922E+002 -0.259151855987598E+000  0.456907329389256E+000 -0.915266141589944E+002 -0.167451030290137E+002 -0.143913020233465E+003
  0.463662739566944E-059  0.290740835009991E+003 -0.191942861086077E+002  0.689683413398875E+002 -0.584917306161486E+000  0.211392357495928E+000  0.483298172158712E+000 -0.167451030290137E+002 -0.143464998717295E+003
  0.800663097775249E-059  0.289634980278546E+003 -0.193154733706094E+002  0.638464136238117E+002 -0.241650950992080E+000  0.198658963892313E+001  0.126497915351797E+001 -0.167451030290137E+002 -0.142912071351572E+003
  0.133897816547029E-058  0.288593247628305E+003 -0.194737830416207E+002  0.634972760682132E+002 -0.886443367323379E+000  0.414359715799336E+001  0.540110586575169E+002 -0.167451030290137E+002 -0.142391205026452E+003
  0.413115340461739E-058  0.286326658777413E+003 -0.193627320862141E+002  0.656633537352639E+002 -0.126942743494277E+001  0.726927521679407E+001  0.643924115384045E+002 -0.167451030290137E+002 -0.141257910601006E+003
  0.790649996298853E-058  0.285015112574793E+003 -0.192828640939517E+002  0.630910204129648E+002 -0.252974579668319E+000  0.279552791634115E+001  0.527132329717305E+002 -0.167451030290137E+002 -0.140602137499696E+003
  0.461249116494287E-057  0.281474487518158E+003 -0.191906907557699E+002  0.671768739234801E+002 -0.805421562123007E+000  0.826739865513865E+001  0.933611514795386E+002 -0.167451030290137E+002 -0.138831824971378E+003
  0.491603030169130E-057  0.281333731909378E+003 -0.188342621840212E+002  0.825998739559698E+002 -0.352187069857316E+000 -0.359008884488261E+001 -0.883718002793296E+002 -0.167451030290137E+002 -0.138761447166988E+003
  0.175008910945767E-056  0.278780941936447E+003 -0.188938291739303E+002  0.814080014688134E+002 -0.583388717366960E+000  0.148168343789941E+001  0.640008214350461E+002 -0.167451030290137E+002 -0.137485052180523E+003
  0.310095060140383E-056  0.277623568843470E+003 -0.191142710584346E+002  0.740478567847105E+002 -0.110188580748115E+001  0.339148062483074E+001  0.118040050341945E+002 -0.167451030290137E+002 -0.136906365634034E+003
  0.145317784821627E-055  0.274521021436648E+003 -0.193903978282938E+002  0.604048374128979E+002 -0.353851882862621E+000  0.535406485941024E+001  0.725470087924616E+002 -0.167451030290137E+002 -0.135355091930623E+003
  0.197822918439753E-055  0.273890833720363E+003 -0.190950933586511E+002  0.747088562272761E+002 -0.115494089712900E+001  0.676034376692904E+001  0.818109780072260E+002 -0.167451030290137E+002 -0.135039998072481E+003
  0.247271236611743E-055  0.273431317477214E+003 -0.191654630820538E+002  0.685884823678891E+002 -0.884417727232947E+000  0.838047767072077E+001  0.733134931152782E+002 -0.167451030290137E+002 -0.134810239950906E+003
  0.329054921737846E-055  0.272846550763493E+003 -0.188492350797536E+002  0.825635677134848E+002 -0.573841917476963E+000  0.155409424494117E+001  0.940523741428434E+002 -0.167451030290137E+002 -0.134517856594046E+003
  0.222927276074801E-054  0.269006849632449E+003 -0.190690426993151E+002  0.705047039045120E+002 -0.439677606791444E+000  0.638618647009635E+001  0.886117413670364E+002 -0.167451030290137E+002 -0.132598006028524E+003
  0.296416685138968E-054  0.268423719382086E+003 -0.191845602650367E+002  0.695424870587366E+002 -0.103694251504998E+001  0.519803148777217E+001  0.328490526315778E+002 -0.167451030290137E+002 -0.132306440903342E+003
  0.522175497334698E-054  0.267277955199266E+003 -0.191355656929140E+002  0.738413208781072E+002 -0.861700969448696E+000  0.344588734730793E+001  0.706548487727192E+002 -0.167451030290137E+002 -0.131733558811933E+003
  0.104672629240712E-053  0.265873828068410E+003 -0.188015953803272E+002  0.823775156407999E+002 -0.581618724676160E+000  0.282675268456276E+001  0.343480989420540E+002 -0.167451030290137E+002 -0.131031495246504E+003
  0.106124843714021E-053  0.265832981964802E+003 -0.188509080056467E+002  0.804447988541468E+002 -0.435416800347049E+000 -0.169165992482517E+001 -0.597263418992080E+002 -0.167451030290137E+002 -0.131011072194700E+003
  0.192177702944047E-053  0.264632084263006E+003 -0.192220492184793E+002  0.646712455185653E+002 -0.378749115481662E-001  0.531057580561933E+000  0.292030151892102E+002 -0.167451030290137E+002 -0.130410623343802E+003
  0.286971392243359E-053  0.263816871073476E+003 -0.194193479957137E+002  0.608268406977826E+002 -0.872384090626145E+000  0.863521424661315E+001  0.877086641964034E+002 -0.167451030290137E+002 -0.130003016749037E+003
  0.388008641797784E-053  0.263200291828332E+003 -0.191082645489525E+002  0.731986682132976E+002 -0.121272556507769E+001  0.876818740517535E+001  0.630646289350290E+002 -0.167451030290137E+002 -0.129694727126465E+003
  0.438399485435471E-053  0.262942796843194E+003 -0.192363850664480E+002  0.713042587938810E+002 -0.116786318116950E+001  0.648162494290579E+001  0.749706648164766E+002 -0.167451030290137E+002 -0.129565979633897E+003
  0.460031924244072E-053  0.262833177106346E+003 -0.192902785112044E+002  0.687933201737434E+002 -0.724900629764866E+000  0.145789100437439E+001  0.778537599462448E+002 -0.167451030290137E+002 -0.129511169765472E+003
  0.938787507151142E-053  0.261393301482849E+003 -0.190428402526512E+002  0.754102909225804E+002 -0.436593432211906E+000 -0.862357813076065E+000  0.755807144806874E+002 -0.167451030290137E+002 -0.128791231953724E+003
  0.440165103587461E-052  0.258289720740784E+003 -0.188721237525968E+002  0.781996980998185E+002 -0.239652814542216E+000 -0.304067425759261E+001 -0.822789454037054E+002 -0.167451030290137E+002 -0.127239441582691E+003
  0.107000879027166E-051  0.256499887153998E+003 -0.190224231955198E+002  0.773459865409838E+002 -0.630077216520972E+000 -0.477910869852799E+000 -0.963768163223751E+002 -0.167451030290137E+002 -0.126344524789299E+003
  0.133892202955498E-051  0.256038202126538E+003 -0.188336716632715E+002  0.822915091486012E+002 -0.571185425219927E+000  0.194308344654972E+001  0.939511803380447E+002 -0.167451030290137E+002 -0.126113682275568E+003
  0.257778466449260E-051  0.254714781964612E+003 -0.191279896275101E+002  0.734368447224124E+002 -0.789864024281461E+000  0.649319615577569E+001  0.819711991325475E+002 -0.167451030290137E+002 -0.125451972194606E+003
  0.501436930557177E-051  0.253370738321172E+003 -0.191178641074457E+002  0.730146029015174E+002 -0.749268452408724E+000  0.202363284189896E+001  0.885644215818940E+002 -0.167451030290137E+002 -0.124779950372885E+003
  0.557540427470541E-051  0.253145334878825E+003 -0.189296975828867E+002  0.798730666094126E+002 -0.548621988882555E+000 -0.180753447362113E+001 -0.681089424785665E+002 -0.167451030290137E+002 -0.124667248651712E+003
  0.869443833822574E-051  0.252243408354564E+003 -0.192575281014848E+002  0.638511317762421E+002 -0.163471398253645E+000  0.675080174963981E+000  0.259395256223425E+001 -0.167451030290137E+002 -0.124216285389581E+003
  0.132414785175222E-050  0.251388777939105E+003 -0.188136405985292E+002  0.827094392761445E+002 -0.447115724615312E+000  0.102395150410025E+001  0.983187693079525E+002 -0.167451030290137E+002 -0.123788970181852E+003
  0.107123716998833E-049  0.247194228482886E+003 -0.189232954624975E+002  0.793305454735404E+002 -0.630372097080090E+000  0.696083814054573E+000  0.434784685015413E+002 -0.167451030290137E+002 -0.121691695453743E+003
  0.164651659555443E-049  0.246321244021667E+003 -0.194213178497603E+002  0.637933533656798E+002 -0.678354098822211E+000 -0.259374101975473E+000  0.394312405407076E+002 -0.167451030290137E+002 -0.121255203223133E+003
  0.269179548053175E-049  0.245324861868701E+003 -0.190094773477641E+002  0.772173597033138E+002 -0.689173462400192E+000  0.435359491506039E+000 -0.153659405990467E+002 -0.167451030290137E+002 -0.120757012146650E+003
  0.546509872193121E-049  0.243895225283218E+003 -0.190418406407425E+002  0.708214438927629E+002 -0.136818757930041E+000 -0.193515650664347E+000  0.442225324443540E+002 -0.167451030290137E+002 -0.120042193853908E+003
  0.571284804810959E-049  0.243793265205859E+003 -0.193284411553321E+002  0.640603113039073E+002 -0.234072828271703E-003 -0.831725649945367E+001 -0.867572724977137E+002 -0.167451030290137E+002 -0.119991213815229E+003
  0.634263919346226E-049  0.243570821567266E+003 -0.190370837829082E+002  0.773730730170233E+002 -0.115363120087414E+001  0.708393032436008E+001  0.879645438386123E+002 -0.167451030290137E+002 -0.119879991995932E+003
  0.109450449585975E-048  0.242466348721331E+003 -0.193515783239303E+002  0.679363241969758E+002 -0.142593527355455E+001  0.932506876151807E+001  0.977399943636605E+002 -0.167451030290137E+002 -0.119327755572965E+003
  0.130267751734534E-048  0.242104819577071E+003 -0.192258818329626E+002  0.713341586722653E+002 -0.127610551890696E+001  0.560467892209104E+001  0.336851360899918E+002 -0.167451030290137E+002 -0.119146991000835E+003
  0.719024462657147E-048  0.238674923653126E+003 -0.189058609395877E+002  0.792461369275062E+002 -0.753536779321076E+000  0.402325850358367E+001  0.640382702801449E+002 -0.167451030290137E+002 -0.117432043038862E+003
  0.909107833294110E-048  0.238192497897051E+003 -0.193900184810881E+002  0.632278072638354E+002 -0.109886017508988E+001  0.699529995273084E+001  0.568382661444679E+002 -0.167451030290137E+002 -0.117190830160825E+003
  0.112382055618010E-047  0.237755157502506E+003 -0.193170007298697E+002  0.657722514633058E+002 -0.524463054766005E+000 -0.235168226484038E+001 -0.464571596500612E+002 -0.167451030290137E+002 -0.116972159963552E+003
  0.126476841610856E-047  0.237505558529168E+003 -0.190115964411295E+002  0.723255105700899E+002 -0.892903048315994E-001  0.145117743993054E+001  0.895803407157977E+002 -0.167451030290137E+002 -0.116847360476883E+003
  0.326509186597825E-047  0.235595471716179E+003 -0.192539672398272E+002  0.679892545632645E+002 -0.158376716712977E+000 -0.758515590167173E+001 -0.923539574071093E+002 -0.167451030290137E+002 -0.115892317070389E+003
  0.606919123487561E-047  0.234342307715653E+003 -0.192270801400348E+002  0.647173601656043E+002 -0.962581454070575E-001  0.139595284944833E+001  0.757040296424897E+002 -0.167451030290137E+002 -0.115265735070126E+003
  0.158170935050901E-046  0.232413286897863E+003 -0.193523099321023E+002  0.621212837012214E+002 -0.497781100559111E+000  0.245811783460141E+001  0.981138775956644E+001 -0.167451030290137E+002 -0.114301224661231E+003
  0.245055240883720E-046  0.231524383127459E+003 -0.191050595995305E+002  0.706589143348884E+002 -0.846217819657509E+000  0.660197322948628E+001  0.636616293658494E+002 -0.167451030290137E+002 -0.113856772776029E+003
  0.530992202608811E-046  0.229964566684707E+003 -0.192610337775032E+002  0.683186568289666E+002 -0.179966253416722E+000 -0.510310946067727E+001 -0.495817687703434E+002 -0.167451030290137E+002 -0.113076864554653E+003
  0.702742730373064E-046  0.229390790542450E+003 -0.194573372085291E+002  0.640290214021159E+002 -0.103324540513947E+001  0.662571710132157E+001  0.652027848071347E+002 -0.167451030290137E+002 -0.112789976483525E+003
  0.809773396227960E-046  0.229093974285828E+003 -0.190351050047284E+002  0.728742039742675E+002 -0.437376317194095E+000  0.200999225584600E+001  0.108504892159040E+001 -0.167451030290137E+002 -0.112641568355213E+003
  0.109580770425965E-045  0.228475700102365E+003 -0.189797307394517E+002  0.755506263438600E+002 -0.809309382979206E+000  0.467958179413855E+001  0.373848782278214E+002 -0.167451030290137E+002 -0.112332431263482E+003
  0.199793443726106E-045  0.227261166727548E+003 -0.190649269163094E+002  0.738948276332611E+002 -0.115670317556779E+001  0.735058378336790E+001  0.521110027404101E+002 -0.167451030290137E+002 -0.111725164576073E+003
  0.248508190674849E-045  0.226811494134184E+003 -0.190958803788620E+002  0.739069743094842E+002 -0.970582438659327E+000  0.898943957011934E+001  0.934195826841795E+002 -0.167451030290137E+002 -0.111500328279391E+003
  0.253981973462954E-045  0.226754630071894E+003 -0.190037026493110E+002  0.735656845485506E+002 -0.571939081487403E+000  0.483432059672663E+001  0.381225414410243E+002 -0.167451030290137E+002 -0.111471896248247E+003
  0.438474155610989E-045  0.225649265830416E+003 -0.189325921664164E+002  0.792291044846590E+002 -0.620367921042978E+000  0.467792979611739E+000  0.163169755266441E+002 -0.167451030290137E+002 -0.110919214127508E+003
  0.480125627934794E-045  0.225454482899739E+003 -0.190973404320293E+002  0.704923206087901E+002 -0.791792513198832E-001  0.576201960802205E+000  0.108948704362353E+002 -0.167451030290137E+002 -0.110821822662169E+003
  0.543944984359284E-045  0.225191593183247E+003 -0.190892993223129E+002  0.698939367518712E+002 -0.114293533427176E+000 -0.141114663439174E+001 -0.884237416406108E+000 -0.167451030290137E+002 -0.110690377803923E+003
  0.552593153632856E-045  0.225146756271828E+003 -0.188700030031111E+002  0.805772623425179E+002 -0.405304428855011E+000  0.173670926486382E+001  0.736608522689515E+002 -0.167451030290137E+002 -0.110667959348213E+003
  0.596654067544361E-045  0.224980036244278E+003 -0.191870539814533E+002  0.696942944179046E+002 -0.257987152574523E+000  0.197745759416424E+000 -0.366903341168925E+002 -0.167451030290137E+002 -0.110584599334439E+003
  0.926561556517324E-045  0.224086461180305E+003 -0.190049514978277E+002  0.763068986688995E+002 -0.361099874096514E+000  0.527948061543251E+000  0.561105656094896E+002 -0.167451030290137E+002 -0.110137811802452E+003
  0.137324348598060E-044  0.223286271604185E+003 -0.192820173103716E+002  0.695956447777517E+002 -0.100174875322089E+001  0.663887438181535E+001  0.906105552345142E+002 -0.167451030290137E+002 -0.109737717014392E+003
  0.190210594640619E-044  0.222621410087787E+003 -0.194431622751690E+002  0.599997727725565E+002 -0.415770132788225E-001 -0.544700049275541E+000 -0.268054415392104E+002 -0.167451030290137E+002 -0.109405286256193E+003
  0.266339528649344E-044  0.221934840868054E+003 -0.190959611817544E+002  0.753627437427734E+002 -0.779197852643368E+000  0.173590483530515E+001  0.366027839446916E+001 -0.167451030290137E+002 -0.109062001646327E+003
  0.332090297648732E-044  0.221480281793684E+003 -0.192600806578534E+002  0.697537566800413E+002 -0.852597003414554E+000  0.601543483908095E+001  0.887529249323836E+002 -0.167451030290137E+002 -0.108834722109141E+003
  0.391216766915757E-044  0.221139282938946E+003 -0.189800825910791E+002  0.779291056728532E+002 -0.729400599172860E+000  0.250594029147989E+001  0.579335622744328E+002 -0.167451030290137E+002 -0.108664222681773E+003
  0.674458427093926E-044  0.220036697371217E+003 -0.194819206552688E+002  0.591219480850186E+002 -0.418753491954380E+000 -0.291052262612206E+000  0.851526832680778E+002 -0.167451030290137E+002 -0.108112929897908E+003
  0.106003425381212E-043  0.219119115359982E+003 -0.191362546044889E+002  0.722074052866269E+002 -0.117042366798112E+000 -0.658862979787879E+001 -0.936612941443925E+002 -0.167451030290137E+002 -0.107654138892290E+003
  0.158643334863245E-043  0.218299452080420E+003 -0.191432031539877E+002  0.711641262476619E+002 -0.124634769712533E+001  0.996542457907326E+001  0.881885157274820E+002 -0.167451030290137E+002 -0.107244307252510E+003
  0.199868419520982E-043  0.217824161510841E+003 -0.188488378789469E+002  0.798611454043133E+002 -0.373198560129072E+000  0.555671327351565E+000  0.161623576883389E+002 -0.167451030290137E+002 -0.107006661967720E+003
  0.389116466548025E-043  0.216478433523337E+003 -0.193157557429109E+002  0.656420707185006E+002 -0.312315830670610E+000 -0.325065108045708E+000  0.591178769432433E+002 -0.167451030290137E+002 -0.106333797973968E+003
  0.433620051274632E-043  0.216248564449705E+003 -0.192384825347238E+002  0.668278425179515E+002 -0.174383102722683E+000  0.230770287230792E+001  0.795180532251785E+002 -0.167451030290137E+002 -0.106218863437152E+003
  0.968929055668567E-043  0.214627229959317E+003 -0.191887641445363E+002  0.707803892430785E+002 -0.718755554147475E+000  0.863489179108154E+000  0.150550415266640E+002 -0.167451030290137E+002 -0.105408196191958E+003
  0.125043564566592E-042  0.214103829092150E+003 -0.194300336855738E+002  0.634523408284226E+002 -0.389662098828226E+000 -0.427773083171571E+001 -0.881768755130038E+002 -0.167451030290137E+002 -0.105146495758374E+003
  0.169541337830028E-042  0.213481670836768E+003 -0.192291400200673E+002  0.677744845308396E+002 -0.872223789596823E+000  0.720001002775285E+001  0.490398377788168E+002 -0.167451030290137E+002 -0.104835416630683E+003
  0.203006263074930E-042  0.213108101645206E+003 -0.193427414535175E+002  0.669047708395529E+002 -0.739433188549089E+000  0.218972052221535E+001  0.395852931086298E+002 -0.167451030290137E+002 -0.104648632034902E+003
  0.220471344695046E-042  0.212929750761251E+003 -0.191023116306255E+002  0.693680694110065E+002 -0.350206292838600E+000  0.277686770455154E+001  0.535409852707212E+002 -0.167451030290137E+002 -0.104559456592925E+003
  0.256576277353335E-042  0.212613145140637E+003 -0.189645467114922E+002  0.773176327194766E+002 -0.281360664265260E+000 -0.107068740630045E+001 -0.265081490818622E+002 -0.167451030290137E+002 -0.104401153782618E+003
  0.468044788001340E-042  0.211397580066805E+003 -0.191548557057153E+002  0.709354081297690E+002 -0.241378333806708E-002 -0.772250528057160E+001 -0.711993777288563E+002 -0.167451030290137E+002 -0.103793371245702E+003
  0.672782257059875E-042  0.210658575492717E+003 -0.194810588199663E+002  0.618097930126633E+002 -0.631858548479310E+000 -0.666651512291324E+000 -0.659589229404473E+002 -0.167451030290137E+002 -0.103423868958658E+003
  0.260291318082903E-041  0.207939356778454E+003 -0.192416683610754E+002  0.689584132910687E+002 -0.881515542091250E+000  0.792292613574682E+001  0.769623217707771E+002 -0.167451030290137E+002 -0.102064259601526E+003
  0.377917789473347E-041  0.207180317241298E+003 -0.194511850697176E+002  0.604065509847882E+002 -0.479247293696981E+000  0.307968151020599E+000 -0.419521098566327E+002 -0.167451030290137E+002 -0.101684739832948E+003
  0.146703442731380E-040  0.204454385032055E+003 -0.194412086723047E+002  0.598140549201869E+002 -0.342782514309341E+000  0.326326649660835E+000 -0.896710522565587E+002 -0.167451030290137E+002 -0.100321773728327E+003
  0.159968225296934E-040  0.204267971844799E+003 -0.194403462134481E+002  0.609764003820748E+002 -0.243036646912806E+000  0.154863784572050E+001  0.106895772511775E+002 -0.167451030290137E+002 -0.100228567134699E+003
  0.242728940165174E-040  0.203420742470264E+003 -0.192155127848229E+002  0.666837724661874E+002 -0.649137028367831E+000  0.552031609351037E+001  0.376143511887975E+002 -0.167451030290137E+002 -0.998049524474313E+002
  0.349691981235082E-040  0.202677238654370E+003 -0.190091866375644E+002  0.723559802147927E+002 -0.152549492713707E+000  0.349831261338096E-002 -0.576135752399057E+001 -0.167451030290137E+002 -0.994332005394845E+002
  0.394023089027560E-040  0.202425235977375E+003 -0.190158002707388E+002  0.725384623365175E+002 -0.384518383302423E+000  0.380441211472038E+001  0.907740420282444E+002 -0.167451030290137E+002 -0.993071992009869E+002
  0.418561505580270E-040  0.202291118218545E+003 -0.192147335955952E+002  0.668116050471315E+002 -0.482421491042931E+000  0.547396419168869E+001  0.483233547501658E+002 -0.167451030290137E+002 -0.992401403215720E+002
  0.448116745282557E-040  0.202141369243617E+003 -0.191792832536705E+002  0.671271863909770E+002 -0.316301356018272E+000 -0.133625654177138E+000  0.223930896474964E+002 -0.167451030290137E+002 -0.991652658341080E+002
  0.465408685688922E-040  0.202052355912329E+003 -0.189643058143065E+002  0.745717796192463E+002 -0.368723447636395E+000  0.255375090558493E+001  0.559165030909479E+002 -0.167451030290137E+002 -0.991207591684638E+002
  0.492254453716084E-040  0.201926907123674E+003 -0.189575768074930E+002  0.772083429970995E+002 -0.891638518254777E+000  0.850452222564395E+001  0.916129158540289E+002 -0.167451030290137E+002 -0.990580347741366E+002
  0.536503989280536E-040  0.201741461572947E+003 -0.191636752497280E+002  0.691454980799669E+002 -0.143793157192599E+000 -0.121346774019818E+000  0.683035562841090E+002 -0.167451030290137E+002 -0.989653119987730E+002
  0.721869722872354E-040  0.201134631116345E+003 -0.189380826517512E+002  0.777067539003636E+002 -0.990411320158838E+000  0.831799930457458E+001  0.905472208149596E+002 -0.167451030290137E+002 -0.986618967704719E+002
  0.783753873881707E-040  0.200956841328288E+003 -0.189906830874498E+002  0.741925585599687E+002 -0.180172388304218E+000  0.189353796944188E+001  0.709738948377816E+002 -0.167451030290137E+002 -0.985730018764433E+002
  0.111963095497026E-039  0.200230233501224E+003 -0.193919770870914E+002  0.621123376963975E+002 -0.805881890601981E+000  0.784184966959642E+001  0.675957513172098E+002 -0.167451030290137E+002 -0.982096979629115E+002
  0.212706158812615E-039  0.198933459686433E+003 -0.189547363543439E+002  0.765351454007330E+002 -0.183909385291836E+000 -0.124952990436615E+001 -0.414302999520078E+002 -0.167451030290137E+002 -0.975613110555162E+002
  0.302242211469158E-039  0.198217536514047E+003 -0.193170014581791E+002  0.662981616303356E+002 -0.103241479305173E+001  0.799135546403672E+001  0.569892735390051E+002 -0.167451030290137E+002 -0.972033494693227E+002
  0.374794633988564E-039  0.197773948403399E+003 -0.188578837156624E+002  0.813968998339281E+002 -0.693597547592593E+000  0.308198174713562E+001  0.225134149757516E+002 -0.167451030290137E+002 -0.969815554139991E+002
  0.536845735941247E-038  0.192436824032277E+003 -0.190417757837990E+002  0.717464173869982E+002 -0.292516350873416E+000 -0.625535815644128E+000 -0.567932083175880E+002 -0.167451030290137E+002 -0.943129932284377E+002
  0.272806214212534E-037  0.189172262916910E+003 -0.188700563830022E+002  0.797852627753060E+002 -0.521620528843119E+000  0.327148487428859E+001  0.921491317893661E+002 -0.167451030290137E+002 -0.926807126707545E+002
  0.959245935410908E-037  0.186644202257914E+003 -0.192831390621576E+002  0.696499457248223E+002 -0.985684002998677E+000  0.322540847904060E+001  0.107250130279030E+002 -0.167451030290137E+002 -0.914166823412564E+002
  0.994276126912419E-037  0.186559178232691E+003 -0.194706794710132E+002  0.594161122086023E+002 -0.369104835882306E+000 -0.915993122693099E+000  0.851379099185821E+002 -0.167451030290137E+002 -0.913741703286450E+002
  0.139767933022220E-036  0.185864782032842E+003 -0.192622335437586E+002  0.677687255760178E+002 -0.569764447826203E+000 -0.220349311317037E+001 -0.757745719859709E+002 -0.167451030290137E+002 -0.910269722287206E+002
  0.141734411758750E-036  0.185823549866126E+003 -0.191378593804330E+002  0.694533732410935E+002 -0.664585584335535E+000  0.475530788491971E+001  0.643256353456557E+002 -0.167451030290137E+002 -0.910063561453623E+002
  0.329218431680267E-036  0.184124727800810E+003 -0.194156993659694E+002  0.605859951185207E+002 -0.391061969735638E+000  0.197662301714909E+001  0.558682994890513E+002 -0.167451030290137E+002 -0.901569451127047E+002
  0.437773166084771E-036  0.183541479847308E+003 -0.192609220321587E+002  0.650513901323132E+002 -0.164068565908245E+000 -0.264509412237979E+001 -0.191367557762782E+002 -0.167451030290137E+002 -0.898653211359536E+002
  0.146349879358883E-035  0.181114421979426E+003 -0.189766219635424E+002  0.737443813305216E+002 -0.827224955929795E-001 -0.232519314288878E+001 -0.304327787939148E+002 -0.167451030290137E+002 -0.886517922020124E+002
  0.151698450583046E-035  0.181029343926376E+003 -0.190746916854369E+002  0.744343955368407E+002 -0.100585734306273E+001  0.448891917141337E+001  0.163679497381742E+002 -0.167451030290137E+002 -0.886092531754873E+002
  0.332399991601815E-035  0.179447166110729E+003 -0.189961823919994E+002  0.746417825478819E+002 -0.321280946980143E+000  0.248559216664649E+001  0.281699239289941E+002 -0.167451030290137E+002 -0.878181642676637E+002
  0.364481209804660E-035  0.179249605101692E+003 -0.190480263661796E+002  0.730839410369123E+002 -0.208338490208658E+000 -0.516565290007054E+001 -0.749964210601467E+002 -0.167451030290137E+002 -0.877193837631456E+002
  0.389895892437270E-035  0.179101506493247E+003 -0.189977029915791E+002  0.751352997748719E+002 -0.375725460618544E+000 -0.276341259839858E+001 -0.569810052045588E+002 -0.167451030290137E+002 -0.876453344589227E+002
  0.398156355982398E-035  0.179046287365120E+003 -0.194610905996450E+002  0.593593900998622E+002 -0.426570025306814E+000  0.189762809689461E+001  0.817753208239309E+001 -0.167451030290137E+002 -0.876177248948592E+002
  0.523700491694025E-035  0.178484847964071E+003 -0.190176957021414E+002  0.760738787186200E+002 -0.497569474009610E+000  0.312665324389156E+001  0.847520459568072E+002 -0.167451030290137E+002 -0.873370051943352E+002
  0.147677566759233E-034  0.176398165984630E+003 -0.190960357822600E+002  0.730471147465079E+002 -0.428942963213406E+000 -0.326111029787248E+001 -0.563662905698090E+002 -0.167451030290137E+002 -0.862936642046143E+002
  0.293045793812285E-034  0.175014281708190E+003 -0.189034640727942E+002  0.775651746885071E+002 -0.269517222201388E+000 -0.548439153187648E+000 -0.875916059624699E+002 -0.167451030290137E+002 -0.856017220663944E+002
  0.129170662022791E-033  0.172034211233251E+003 -0.191205367028694E+002  0.708083060581258E+002 -0.785467183201153E+000  0.787432707733599E+001  0.763425429511371E+002 -0.167451030290137E+002 -0.841116868289247E+002
  0.144073156452653E-033  0.171802548727699E+003 -0.193580075871953E+002  0.633210915794763E+002 -0.297620752666963E+000  0.342997936573491E+001  0.615879042011034E+002 -0.167451030290137E+002 -0.839958555761491E+002
  0.207993040594045E-033  0.171054892804330E+003 -0.194050363757481E+002  0.602522907265064E+002 -0.155120792738146E+000  0.151893488461923E+000  0.872519618598773E+002 -0.167451030290137E+002 -0.836220276144646E+002
  0.308077517764044E-033  0.170255910095093E+003 -0.191946384342594E+002  0.676443048597269E+002 -0.814510853035961E+000  0.846268214270656E+001  0.971180198909472E+002 -0.167451030290137E+002 -0.832225362598457E+002
  0.346250831786511E-033  0.170008996954833E+003 -0.189783625701168E+002  0.765637597751930E+002 -0.334603700567198E+000  0.419499918424533E+000  0.522603740645935E+002 -0.167451030290137E+002 -0.830990796897161E+002
  0.476343799015089E-033  0.169357755068215E+003 -0.191127301433882E+002  0.730813194875942E+002 -0.832276530504400E+000  0.459878368017159E+001  0.993960401659294E+002 -0.167451030290137E+002 -0.827734587464070E+002
  0.812165443177284E-033  0.168277337569173E+003 -0.191326069460273E+002  0.727948777285553E+002 -0.504233145255592E+000 -0.364081335522787E+000  0.856753970273620E+002 -0.167451030290137E+002 -0.822332499968858E+002
  0.219355815916152E-032  0.166276896148912E+003 -0.190614149102092E+002  0.751399725542612E+002 -0.625430556327473E+000  0.128513269824577E+000 -0.180683615096899E+002 -0.167451030290137E+002 -0.812330292867553E+002
  0.541534642750827E-032  0.164456183266782E+003 -0.189593452609089E+002  0.749347656076071E+002 -0.222715795977232E+000 -0.191896309153099E+000 -0.697922110988469E+002 -0.167451030290137E+002 -0.803226728456904E+002
  0.557118893794393E-032  0.164386150919201E+003 -0.190972268206087E+002  0.709271179554368E+002 -0.191128104751892E+000  0.162369735390914E+001  0.323678931928893E+002 -0.167451030290137E+002 -0.802876566718998E+002
  0.561199296654935E-032  0.164358266985882E+003 -0.194526865652020E+002  0.626014159103419E+002 -0.470200298164447E+000 -0.143220454698522E+001 -0.715652881579250E+002 -0.167451030290137E+002 -0.802737147052405E+002
  0.673011314769031E-032  0.163981605806447E+003 -0.194015413033191E+002  0.616142391257893E+002 -0.559420622359443E+000  0.285875820627867E+001  0.381565746186109E+002 -0.167451030290137E+002 -0.800853841155228E+002
  0.159056367143659E-031  0.162248153519431E+003 -0.191099217068379E+002  0.725952246555770E+002 -0.222289962407615E+000 -0.242142236439620E+001 -0.292251656711001E+002 -0.167451030290137E+002 -0.792186579720151E+002
  0.179867731698985E-031  0.161988938219701E+003 -0.194768472817078E+002  0.603534454660050E+002 -0.562235774995229E+000  0.187654374233185E+001  0.512617352960840E+002 -0.167451030290137E+002 -0.790890503221499E+002
  0.204674863100637E-031  0.161717247275224E+003 -0.189553182469296E+002  0.763396953161777E+002 -0.381225911909054E+000  0.330725529668980E+001  0.662651523367260E+002 -0.167451030290137E+002 -0.789532048499114E+002
  0.219445369491502E-031  0.161564596931798E+003 -0.190162480379479E+002  0.751361075334819E+002 -0.220218484785791E+000 -0.279929614052174E+001 -0.997397528990176E+002 -0.167451030290137E+002 -0.788768796781984E+002
  0.277311514288021E-031  0.161083231527918E+003 -0.193895655455310E+002  0.630270952955361E+002 -0.440526858128930E+000 -0.270366900752419E+001 -0.695186835781171E+002 -0.167451030290137E+002 -0.786361969762583E+002
  0.288325718751187E-031  0.160992043773793E+003 -0.191979001714006E+002  0.666390108090245E+002 -0.103543211750499E+000 -0.462701881608231E+001 -0.889152349537294E+002 -0.167451030290137E+002 -0.785906030991959E+002
  0.289274664544647E-031  0.160972183040035E+003 -0.192949609442523E+002  0.664803284906563E+002 -0.252832518469841E+000 -0.539974685777104E+001 -0.703036007213559E+002 -0.167451030290137E+002 -0.785806727323168E+002
  0.320788867096054E-031  0.160752080877189E+003 -0.194206543178951E+002  0.608019627989822E+002 -0.383500042573313E+000  0.316788172725690E-001 -0.190166722898752E+002 -0.167451030290137E+002 -0.784706216508939E+002
  0.343231024610359E-031  0.160603550612246E+003 -0.189359062613644E+002  0.778730214695067E+002 -0.197960352488424E+000 -0.395102107254993E+001 -0.792093463556874E+002 -0.167451030290137E+002 -0.783963565184226E+002
  0.407560026690914E-031  0.160246692596772E+003 -0.191879884918485E+002  0.666213636084054E+002 -0.706274320022782E-001 -0.269814936368503E+000 -0.407525787935037E+002 -0.167451030290137E+002 -0.782179275106852E+002
  0.585983852953640E-031  0.159507195495504E+003 -0.190712236956722E+002  0.720227410988013E+002 -0.774029975364259E+000  0.677966865243514E+001  0.965479392996793E+002 -0.167451030290137E+002 -0.778481789600514E+002
  0.649953433535583E-031  0.159286689439870E+003 -0.192671449786293E+002  0.683736960606017E+002 -0.494703596425459E+000  0.111482614982124E+001  0.357136066818692E+002 -0.167451030290137E+002 -0.777379259322346E+002
  0.903902500167972E-031  0.158613758792093E+003 -0.194220581199116E+002  0.635945367002215E+002 -0.529274269004328E+000 -0.182824819665591E+000  0.458080110326368E+002 -0.167451030290137E+002 -0.774014606083458E+002
  0.127705115888518E-030  0.157909294874206E+003 -0.190017162944663E+002  0.753215447637201E+002 -0.555639438558581E+000  0.444847901563939E+001  0.434166318193152E+002 -0.167451030290137E+002 -0.770492286494023E+002
  0.417329502235197E-030  0.155527701270784E+003 -0.194297125052430E+002  0.601635146016879E+002 -0.455231779381510E+000  0.490315999720375E+001  0.874892598258403E+002 -0.167451030290137E+002 -0.758584318476913E+002
  0.435541275990866E-030  0.155428985210959E+003 -0.190798930281220E+002  0.715237388702740E+002 -0.622596310470282E+000  0.290148480935884E+001  0.156991367738153E+002 -0.167451030290137E+002 -0.758090738177788E+002
  0.516893778283006E-030  0.155073200474848E+003 -0.192256232556401E+002  0.664715670901529E+002 -0.193731704499749E-001 -0.672294891627184E+001 -0.814488409576672E+002 -0.167451030290137E+002 -0.756311814497236E+002
  0.861947112177575E-030  0.154037198352478E+003 -0.193971863942220E+002  0.624027490769472E+002 -0.122438360985426E+000 -0.249801461132352E+001 -0.860237091145246E+002 -0.167451030290137E+002 -0.751131803885385E+002
  0.931499648769107E-030  0.153868705469075E+003 -0.189917718797499E+002  0.764978530309077E+002 -0.326544152998693E+000 -0.215490443263742E+001 -0.813339515329349E+002 -0.167451030290137E+002 -0.750289339468367E+002
  0.112011665510076E-029  0.153486631779191E+003 -0.192466321123093E+002  0.691993336938435E+002 -0.538937932269580E+000 -0.197327961003476E+001 -0.638251164051286E+002 -0.167451030290137E+002 -0.748378971018949E+002
  0.120204027785993E-029  0.153332167677027E+003 -0.193807432550222E+002  0.648027840470196E+002 -0.107288222354365E+001  0.527099490567828E+001  0.379837487571586E+002 -0.167451030290137E+002 -0.747606650508128E+002
  0.334271545352373E-029  0.151273352307338E+003 -0.189385970549067E+002  0.759976687351232E+002 -0.171592094219511E+000 -0.260498187167488E+001 -0.849845409904702E+002 -0.167451030290137E+002 -0.737312573659686E+002
  0.428365571548833E-029  0.150764016627011E+003 -0.190077603989969E+002  0.729401279677096E+002 -0.311406447284552E-001 -0.144662603388079E+001 -0.161800346533287E+002 -0.167451030290137E+002 -0.734765895258048E+002
  0.426428998449776E-029  0.150759789725543E+003 -0.192369708190549E+002  0.674088648772306E+002 -0.878979297446125E+000  0.650754534658939E+001  0.888289597815060E+002 -0.167451030290137E+002 -0.734744760750708E+002
  0.611325777495396E-029  0.150026132387491E+003 -0.189928349457315E+002  0.771266948997369E+002 -0.782803654084361E+000  0.635042701234469E+001  0.788797836736974E+002 -0.167451030290137E+002 -0.731076474060449E+002
  0.643721697772573E-029  0.149909570338217E+003 -0.189757692571855E+002  0.775051807185728E+002 -0.499984326830810E+000  0.120804795953776E+001  0.813173493944276E+002 -0.167451030290137E+002 -0.730493663814077E+002
  0.730853396529991E-029  0.149642388450164E+003 -0.194974357948288E+002  0.608391564430123E+002 -0.474469546059031E+000  0.181270846299920E+001  0.739129640943661E+002 -0.167451030290137E+002 -0.729157754373814E+002
  0.108381319553623E-028  0.148841043463498E+003 -0.191245363562324E+002  0.693135911613309E+002 -0.442449348600159E+000  0.223025668078890E+001  0.159343208473102E+002 -0.167451030290137E+002 -0.725151029440486E+002
  0.158339043502440E-028  0.148069588710805E+003 -0.191614237666216E+002  0.720312117853907E+002 -0.967648536338020E+000  0.370255451415805E+001  0.238879551805561E+002 -0.167451030290137E+002 -0.721293755677019E+002
  0.162154818226420E-028  0.148008673689378E+003 -0.190280701344192E+002  0.728204488177442E+002 -0.420587615191690E+000  0.389321040646002E+001  0.469752669362677E+002 -0.167451030290137E+002 -0.720989180569887E+002
  0.176218065690593E-028  0.147829043222405E+003 -0.194566744873401E+002  0.593421058997981E+002 -0.290035939951313E+000  0.261131453333745E+001  0.677542065313666E+002 -0.167451030290137E+002 -0.720091028235019E+002
  0.218761649409489E-028  0.147383233055851E+003 -0.190269261095768E+002  0.756597241230352E+002 -0.353004457673420E+000 -0.264810353979150E+001 -0.793072212518203E+002 -0.167451030290137E+002 -0.717861977402249E+002
  0.317956516189179E-028  0.146622080263166E+003 -0.194327282747098E+002  0.618544218439377E+002 -0.691407884438864E+000  0.418575975675573E+001  0.958323996991933E+002 -0.167451030290137E+002 -0.714056213438826E+002
  0.394943647614763E-028  0.146175134260588E+003 -0.189449086368646E+002  0.778526402341555E+002 -0.336277748830977E+000 -0.192069903360212E+001 -0.452465894175344E+002 -0.167451030290137E+002 -0.711821483425935E+002
  0.638854974968159E-028  0.145199976411290E+003 -0.193307413241726E+002  0.655641104546661E+002 -0.566021730911211E+000 -0.995237297604771E+000 -0.328693974661934E+002 -0.167451030290137E+002 -0.706945694179443E+002
  0.664191224373863E-028  0.145108902077567E+003 -0.189876652635808E+002  0.761381324880588E+002 -0.536395212495911E+000  0.434209642695226E+000  0.545718502605665E+002 -0.167451030290137E+002 -0.706490322510828E+002
  0.734956905463928E-028  0.144893129454246E+003 -0.193132262667772E+002  0.671800109445285E+002 -0.629715503536241E+000  0.266201287294344E+001  0.384008817050377E+002 -0.167451030290137E+002 -0.705411459394226E+002
  0.831846093233133E-028  0.144632169220524E+003 -0.193210287795348E+002  0.669138125608963E+002 -0.629189173520398E+000  0.352655972169421E+001  0.976851062055433E+002 -0.167451030290137E+002 -0.704106658225613E+002
  0.922833297004243E-028  0.144411277797860E+003 -0.194078523092267E+002  0.615076299048398E+002 -0.273568309425477E+000 -0.322969011801278E+001 -0.623800492106204E+002 -0.167451030290137E+002 -0.703002201112294E+002
  0.114532919277692E-027  0.143965991170328E+003 -0.191983397584032E+002  0.711442195656072E+002 -0.131085998809920E+001  0.791271150258599E+001  0.625572533648822E+002 -0.167451030290137E+002 -0.700775767974632E+002
  0.123922912795332E-027  0.143795107254889E+003 -0.190633350623554E+002  0.749286461858722E+002 -0.605246241502671E+000  0.640864736184099E+000  0.707117897433298E+002 -0.167451030290137E+002 -0.699921348397439E+002
  0.173575596668354E-027  0.143107911131699E+003 -0.192728235078163E+002  0.675878720596196E+002 -0.236538350327179E+000 -0.347818687520621E+001 -0.433771625662595E+002 -0.167451030290137E+002 -0.696485367781492E+002
  0.396303339847441E-027  0.141443488631109E+003 -0.190569543585362E+002  0.738215214938984E+002 -0.122405131107560E+000 -0.343778643787302E+001 -0.298328077766213E+002 -0.167451030290137E+002 -0.688163255278541E+002
  0.114680870066413E-026  0.139305082759368E+003 -0.189511241991128E+002  0.764351780470510E+002 -0.298286789119622E+000  0.782830262858717E+000  0.240862338330288E+002 -0.167451030290137E+002 -0.677471225919832E+002
  0.116031090545695E-026  0.139268383775435E+003 -0.194375452937760E+002  0.634168441990207E+002 -0.104940715549834E+001  0.381518432714889E+001  0.127253532186006E+002 -0.167451030290137E+002 -0.677287731000167E+002
  0.121268837243730E-026  0.139166791291355E+003 -0.194905114281162E+002  0.600924783550142E+002 -0.656685901552071E+000  0.375292407506979E+001  0.648540902323653E+002 -0.167451030290137E+002 -0.676779768579767E+002
  0.135375664632654E-026  0.138933414729088E+003 -0.191999456293884E+002  0.692147935662163E+002 -0.743697394302093E+000  0.126985138860343E+001  0.327976252202006E+000 -0.167451030290137E+002 -0.675612885768437E+002
  0.211706761507616E-026  0.138025828639941E+003 -0.191696752080184E+002  0.704172355801208E+002 -0.471096050980503E+000  0.428320138205627E+001  0.956910402252656E+002 -0.167451030290137E+002 -0.671074955322698E+002
  0.249464161712678E-026  0.137684313259078E+003 -0.192297752836138E+002  0.698722082165389E+002 -0.118451742230144E+001  0.917441340707684E+001  0.773024148695756E+002 -0.167451030290137E+002 -0.669367378418384E+002
  0.451298854190860E-026  0.136485395166685E+003 -0.190940471606841E+002  0.699835789311347E+002 -0.280505577634050E+000  0.209470703267321E+001  0.700896181169894E+002 -0.167451030290137E+002 -0.663372787956421E+002
  0.909879865323853E-026  0.135069740467755E+003 -0.192237380833820E+002  0.669000054606145E+002 -0.703652823395601E+000  0.560572133594804E+001  0.734385179330644E+002 -0.167451030290137E+002 -0.656294514461769E+002
  0.119319303622367E-025  0.134514300098845E+003 -0.194098361325798E+002  0.619317791800799E+002 -0.383397846060989E+000  0.437893010160648E+001  0.850354246889810E+002 -0.167451030290137E+002 -0.653517312617219E+002
  0.134157438205907E-025  0.134266589215696E+003 -0.193649328919155E+002  0.638584929855319E+002 -0.226352538713679E+000 -0.969771043568953E+000 -0.261244652764759E+002 -0.167451030290137E+002 -0.652278758201475E+002
  0.144416068782579E-025  0.134105931174941E+003 -0.190177470549314E+002  0.738796148283103E+002 -0.342759041999929E+000  0.361436647137890E+001  0.886346243766530E+002 -0.167451030290137E+002 -0.651475467997698E+002
  0.149018536786583E-025  0.134029897677012E+003 -0.189788201374639E+002  0.766503188859137E+002 -0.274006017236717E+000 -0.407275097214654E+001 -0.846896487681759E+002 -0.167451030290137E+002 -0.651095300508055E+002
  0.154017058946248E-025  0.133950623266603E+003 -0.193588018101137E+002  0.646642086885537E+002 -0.116915729807278E+001  0.809597496135869E+001  0.622474819162489E+002 -0.167451030290137E+002 -0.650698928456008E+002
  0.172279522370121E-025  0.133713224342925E+003 -0.191279256225379E+002  0.701489232432941E+002 -0.393684287635469E+000 -0.960086592978044E+000 -0.179988285186204E+002 -0.167451030290137E+002 -0.649511933837618E+002
  0.194985499745709E-025  0.133452321442001E+003 -0.194719922714922E+002  0.608374526161953E+002 -0.415345281621198E+000 -0.283275118826991E+001 -0.906757154307374E+002 -0.167451030290137E+002 -0.648207419333001E+002
  0.254074439626274E-025  0.132909628160651E+003 -0.192118265655635E+002  0.664757105524766E+002 -0.388752111000891E+000  0.289253098963272E+001  0.837251542595184E+002 -0.167451030290137E+002 -0.645493952926250E+002
  0.254736387884973E-025  0.132891135187275E+003 -0.191667714607959E+002  0.679572072087213E+002 -0.288179758139868E+000 -0.140792903567817E+001 -0.614521053432894E+002 -0.167451030290137E+002 -0.645401488059367E+002
  0.567451231158295E-025  0.131275994957974E+003 -0.192918401295363E+002  0.662730171602486E+002 -0.270264446843992E+000 -0.510185304425340E+001 -0.763257052214658E+002 -0.167451030290137E+002 -0.637325786912866E+002
  0.736834973666114E-025  0.130740287589717E+003 -0.194626834543028E+002  0.616632162885415E+002 -0.460765679407136E+000  0.243218109767030E+001  0.830520775742909E+002 -0.167451030290137E+002 -0.634647250071577E+002
  0.129191117456118E-024  0.129603970542577E+003 -0.191459992404138E+002  0.685182265885247E+002 -0.388793548788160E+000  0.343105447734688E+001  0.931857344305178E+002 -0.167451030290137E+002 -0.628965664835877E+002
  0.135602922700934E-024  0.129493805276199E+003 -0.194297031133328E+002  0.615061993877001E+002 -0.497797634434076E+000 -0.725315902569953E+000  0.552444724757619E+002 -0.167451030290137E+002 -0.628414838503988E+002
  0.190042804134979E-024  0.128805479385576E+003 -0.193797066459324E+002  0.633054348285729E+002 -0.225937804770455E+000 -0.153224603219839E+001 -0.779368447531228E+002 -0.167451030290137E+002 -0.624973209050872E+002
  0.209828992989526E-024  0.128594103203791E+003 -0.194004959794424E+002  0.643681061968485E+002 -0.698743041076639E+000  0.345477602377968E+001  0.826170781445910E+002 -0.167451030290137E+002 -0.623916328141951E+002
  0.219801744414847E-024  0.128487947921496E+003 -0.192441857562673E+002  0.697784301952653E+002 -0.834467850182512E+000  0.447780273284132E+001  0.684008668411647E+002 -0.167451030290137E+002 -0.623385551730472E+002
  0.290613241373359E-024  0.127916124161216E+003 -0.190225751346938E+002  0.739195677958667E+002 -0.151982684444914E+000 -0.508243095038530E+001 -0.715557324810509E+002 -0.167451030290137E+002 -0.620526432929073E+002
  0.305559363405255E-024  0.127802533556643E+003 -0.189447745388515E+002  0.773835726423908E+002 -0.469115448694232E+000  0.136965416648149E+001  0.674026768385643E+002 -0.167451030290137E+002 -0.619958479906208E+002
  0.362424051654530E-024  0.127447902742473E+003 -0.192634526493555E+002  0.655814170404835E+002 -0.681750420079894E+000  0.513247474062298E+001  0.378247838796407E+002 -0.167451030290137E+002 -0.618185325835357E+002
  0.366091426442743E-024  0.127414477333907E+003 -0.191352186217667E+002  0.722590293561999E+002 -0.456700735875775E+000  0.238242346879488E+000  0.472882080964960E+002 -0.167451030290137E+002 -0.618018198792531E+002
  0.398798438766085E-024  0.127230042204430E+003 -0.192140838122814E+002  0.668377599045627E+002 -0.114384540212712E+000 -0.378226597448329E+000 -0.513552857387843E+002 -0.167451030290137E+002 -0.617096023145144E+002
  0.521621251040290E-024  0.126679781861879E+003 -0.192501252833301E+002  0.687577484372677E+002 -0.415484331419416E+000 -0.305556198971133E+001 -0.826585092465591E+002 -0.167451030290137E+002 -0.614344721432389E+002
  0.541581709921141E-024  0.126591388378913E+003 -0.193205160241677E+002  0.630588800519994E+002 -0.268169339017607E+000  0.307105098944987E+000  0.392502025495903E+002 -0.167451030290137E+002 -0.613902754017558E+002
  0.569521836121877E-024  0.126477492945076E+003 -0.190152318529634E+002  0.758943426134950E+002 -0.457679350507698E+000  0.119952632178846E+001  0.498215262503238E+002 -0.167451030290137E+002 -0.613333276848373E+002
  0.582740202943434E-024  0.126418315177165E+003 -0.192171163667808E+002  0.695582316684192E+002 -0.504331963940004E+000 -0.253523506875884E+001 -0.717515659121180E+002 -0.167451030290137E+002 -0.613037388008818E+002
  0.711983666482375E-024  0.126004399082115E+003 -0.191930013515969E+002  0.705256483578339E+002 -0.630886220360626E+000  0.493434362711794E+001  0.949619083644778E+002 -0.167451030290137E+002 -0.610967807533567E+002
  0.819258920108766E-024  0.125710419586988E+003 -0.191413610693259E+002  0.714742407019247E+002 -0.209410793446220E+000 -0.377196588170117E+001 -0.680078075780688E+002 -0.167451030290137E+002 -0.609497910057934E+002
  0.104600683589632E-023  0.125208460493116E+003 -0.194812185407631E+002  0.604083850377620E+002 -0.167927465868767E+000 -0.296791879425011E+001 -0.324021216553281E+002 -0.167451030290137E+002 -0.606988114588572E+002
  0.104031021313575E-023  0.125206093308394E+003 -0.193211809104849E+002  0.663020648881697E+002 -0.380795230054618E+000 -0.172219053873214E+001 -0.254336645446041E+002 -0.167451030290137E+002 -0.606976278664963E+002
  0.104167865280398E-023  0.125190175121739E+003 -0.194373355650368E+002  0.607594772612755E+002 -0.401727658372940E+000 -0.736471773885967E+000 -0.873591074802366E+002 -0.167451030290137E+002 -0.606896687731691E+002
  0.116914566384321E-023  0.124946006478116E+003 -0.190748380062368E+002  0.718870097775542E+002 -0.331383384070542E+000 -0.308045461759002E+001 -0.968641725022510E+002 -0.167451030290137E+002 -0.605675844513573E+002
  0.188063884574442E-023  0.123982040891786E+003 -0.192906677216224E+002  0.670726823659797E+002 -0.288731969016785E+000 -0.357207986051234E+001 -0.781986010901745E+002 -0.167451030290137E+002 -0.600856016581925E+002
  0.207420094652121E-023  0.123772822880711E+003 -0.193683555341045E+002  0.643917715562705E+002 -0.688648981532464E+000  0.575104463739784E+001  0.586284621200443E+002 -0.167451030290137E+002 -0.599809926526549E+002
  0.234916369602798E-023  0.123510567000707E+003 -0.192873001570921E+002  0.653319210706879E+002 -0.838176956081173E+000  0.644730156710956E+001  0.529657504422445E+002 -0.167451030290137E+002 -0.598498647126531E+002
  0.252892149341590E-023  0.123349810847513E+003 -0.193837152857502E+002  0.645475003269680E+002 -0.552824397937872E+000  0.269668499974414E+001  0.783899336627320E+002 -0.167451030290137E+002 -0.597694866360558E+002
  0.511588320534543E-023  0.121927407503078E+003 -0.190270699846560E+002  0.748231958942054E+002 -0.538720722424389E+000  0.401889306073013E+000  0.628400953506214E+002 -0.167451030290137E+002 -0.590582849638383E+002
  0.510722485684541E-023  0.121917506174287E+003 -0.193592550516220E+002  0.623643101920080E+002 -0.266442009931993E+000 -0.197609589255061E+001 -0.581933116143498E+002 -0.167451030290137E+002 -0.590533342994427E+002
  0.731696487778808E-023  0.121185138224919E+003 -0.194085378063878E+002  0.615093067592922E+002 -0.417448499303105E+000  0.507455275176820E+000  0.259478274792026E+002 -0.167451030290137E+002 -0.586871503247589E+002
  0.133368846217484E-022  0.119971173401869E+003 -0.192847040035097E+002  0.639723970053661E+002 -0.709389904957742E-001 -0.410179029680847E+001 -0.786625510686035E+002 -0.167451030290137E+002 -0.580801679132340E+002
  0.247194601358181E-022  0.118723769683288E+003 -0.190924913389901E+002  0.724866632788008E+002 -0.968264988559353E+000  0.695594434690103E+001  0.702119703088794E+002 -0.167451030290137E+002 -0.574564660539432E+002
  0.148408353004259E-021  0.115125726951741E+003 -0.190162328265056E+002  0.745207515306528E+002 -0.481540701347933E+000 -0.561096249114527E+000  0.475591849772117E+002 -0.167451030290137E+002 -0.556574446881697E+002
  0.163578872937853E-021  0.114917782544167E+003 -0.190238573958672E+002  0.743019237902366E+002 -0.478661028500629E+000 -0.214279124557123E+000 -0.892379904606758E+002 -0.167451030290137E+002 -0.555534724843831E+002
  0.321123204772816E-021  0.113555434283379E+003 -0.193868309801400E+002  0.616412655488585E+002 -0.161378058603903E+000  0.195471663343969E+000  0.594914188003499E+002 -0.167451030290137E+002 -0.548722983539890E+002
  0.363999856366057E-021  0.113291487981833E+003 -0.193755728502952E+002  0.635081890990829E+002 -0.357187137782498E-001 -0.544668040641848E+001 -0.567209332067399E+002 -0.167451030290137E+002 -0.547403252032157E+002
  0.377871214914139E-021  0.113203398969906E+003 -0.193501245896287E+002  0.621795795270119E+002 -0.168125122469405E+000  0.227021098495424E+000  0.730438256119272E+002 -0.167451030290137E+002 -0.546962806972526E+002
  0.478464607609775E-021  0.112718052271295E+003 -0.191645039869436E+002  0.705383350714448E+002 -0.181526041054274E+000 -0.577712101293235E+001 -0.822519362114303E+002 -0.167451030290137E+002 -0.544536073479467E+002
  0.731945079876786E-021  0.111854516704285E+003 -0.190269912025992E+002  0.754207599680275E+002 -0.403243249314497E+000 -0.168895054481396E+001 -0.535027923246046E+002 -0.167451030290137E+002 -0.540218395644417E+002
  0.107492362276445E-020  0.111072628807266E+003 -0.193932133596318E+002  0.641139039126354E+002 -0.123290357981153E+001  0.926180217362085E+001  0.918239989051061E+002 -0.167451030290137E+002 -0.536308956159325E+002
  0.124503753527613E-020  0.110765507586201E+003 -0.194679731368833E+002  0.600178562985136E+002 -0.494336892544993E-001 -0.325121480920494E+001 -0.380616580167442E+002 -0.167451030290137E+002 -0.534773350053998E+002
  0.133461433095538E-020  0.110613265138430E+003 -0.194517605738701E+002  0.625148060808182E+002 -0.120832070831208E+001  0.872905975252081E+001  0.790646433746631E+002 -0.167451030290137E+002 -0.534012137815144E+002
  0.146812907392464E-020  0.110409283069195E+003 -0.194001361654014E+002  0.628361805379368E+002 -0.751990987806748E+000  0.372401651890005E+001  0.368208647300235E+002 -0.167451030290137E+002 -0.532992227468969E+002
  0.162155819140380E-020  0.110197196619422E+003 -0.192409766444274E+002  0.664239772968169E+002 -0.434638972963833E+000  0.363553745615102E+000  0.420022693165546E+002 -0.167451030290137E+002 -0.531931795220103E+002
  0.169654067202272E-020  0.110093500042943E+003 -0.191644936707137E+002  0.696456615599531E+002 -0.908600731439298E+000  0.651403990227991E+001  0.522667765555751E+002 -0.167451030290137E+002 -0.531413312337711E+002
  0.175353772683775E-020  0.110014122904512E+003 -0.190572928172536E+002  0.747349599404707E+002 -0.508131296657125E+000  0.109451414048368E+001  0.759855253233942E+002 -0.167451030290137E+002 -0.531016426645555E+002
  0.194633389650667E-020  0.109792209330165E+003 -0.190998889399284E+002  0.701052647590053E+002 -0.245314399909574E+000 -0.153233107471017E+001 -0.820809559266711E+002 -0.167451030290137E+002 -0.529906858773820E+002
  0.315957590775046E-020  0.108809939720328E+003 -0.192600104869674E+002  0.648526710555028E+002 -0.307156533986175E-001 -0.133235039844651E+001 -0.269157025152791E+002 -0.167451030290137E+002 -0.524995510724632E+002
  0.317266934773514E-020  0.108788379661094E+003 -0.192383931177632E+002  0.681350082098838E+002 -0.401655306665422E+000 -0.376805872797131E+001 -0.865554069421093E+002 -0.167451030290137E+002 -0.524887710428463E+002
  0.368169246246504E-020  0.108477492064353E+003 -0.194661982230345E+002  0.622161176431381E+002 -0.111189089573199E+001  0.643126271887209E+001  0.408946792182896E+002 -0.167451030290137E+002 -0.523333272444762E+002
  0.436564315822111E-020  0.108123417042748E+003 -0.190631342112534E+002  0.741352058140233E+002 -0.571100959999477E+000 -0.282957417058524E+000  0.584601501200218E+002 -0.167451030290137E+002 -0.521562897336735E+002
  0.462337736364273E-020  0.107995408064723E+003 -0.190057409976912E+002  0.770525730742394E+002 -0.992533859261029E+000  0.562324447665263E+001  0.411849075335269E+002 -0.167451030290137E+002 -0.520922852446608E+002
  0.464469428013183E-020  0.107972918811268E+003 -0.191249886530958E+002  0.719851150231354E+002 -0.110099188416851E+001  0.780208859167416E+001  0.647726137134405E+002 -0.167451030290137E+002 -0.520810406179335E+002
  0.694134461693121E-020  0.107156089822894E+003 -0.191172034012210E+002  0.703148562652450E+002 -0.190086622268858E+000  0.441579811898187E+000  0.210606804807958E+002 -0.167451030290137E+002 -0.516726261237463E+002
  0.807558741223719E-020  0.106840100524610E+003 -0.189776100250827E+002  0.764913682916729E+002 -0.404110295185830E+000 -0.480292894319307E+000 -0.432449919118713E+002 -0.167451030290137E+002 -0.515146314746043E+002
  0.113055251592335E-019  0.106153919544468E+003 -0.190651276965603E+002  0.745958427659221E+002 -0.100329867954299E+001  0.697547439488756E+001  0.876144945036004E+002 -0.167451030290137E+002 -0.511715409845334E+002
  0.116584556981820E-019  0.106079150120278E+003 -0.194206517510888E+002  0.633844715112882E+002 -0.813374458502403E+000  0.719142519617598E+001  0.966305707659443E+002 -0.167451030290137E+002 -0.511341562724384E+002
  0.118642572659415E-019  0.106030863911948E+003 -0.192414903724005E+002  0.668996917287801E+002 -0.585569404915665E+000  0.220236780139079E+001  0.265427884751965E+002 -0.167451030290137E+002 -0.511100131682732E+002
  0.144436936247059E-019  0.105624119621005E+003 -0.193168693984204E+002  0.640488612444881E+002 -0.673082025163683E+000  0.556888484612994E+001  0.620468287216021E+002 -0.167451030290137E+002 -0.509066410228018E+002
  0.182372723940969E-019  0.105144411452115E+003 -0.194086182067175E+002  0.619007359064925E+002 -0.361043113496891E+000  0.278101341570410E+001  0.365572656650373E+002 -0.167451030290137E+002 -0.506667869383568E+002
  0.201309209360992E-019  0.104933543257933E+003 -0.193927821147845E+002  0.639040652507308E+002 -0.609528926138351E+000  0.178686040089602E+001  0.701924288177103E+002 -0.167451030290137E+002 -0.505613528412659E+002
  0.257399855072477E-019  0.104428676870326E+003 -0.194809600344784E+002  0.603821707013272E+002 -0.649622557715086E+000  0.446251671021765E+001  0.852276802010996E+002 -0.167451030290137E+002 -0.503089196474623E+002
  0.343099219092042E-019  0.103840609901473E+003 -0.194583657442890E+002  0.618854717791711E+002 -0.528194625162884E+000  0.148305062176227E+001  0.528522371383831E+002 -0.167451030290137E+002 -0.500148861630357E+002
  0.350312864928317E-019  0.103785706853711E+003 -0.194760830582933E+002  0.600023881525602E+002 -0.235461798714230E+000 -0.252776038356893E+001 -0.347203131327702E+002 -0.167451030290137E+002 -0.499874346391547E+002
  0.503850051671117E-019  0.103045513663692E+003 -0.191292398611067E+002  0.701801130129824E+002 -0.240877799131003E+000 -0.394692613966184E+001 -0.686188260077662E+002 -0.167451030290137E+002 -0.496173380441452E+002
  0.679357833650224E-019  0.102434486013412E+003 -0.192334459309131E+002  0.683795619950420E+002 -0.565713416960801E+000 -0.114338841384819E+001  0.656425195550302E+002 -0.167451030290137E+002 -0.493118242190054E+002
  0.693570422248891E-019  0.102379787345894E+003 -0.192952857086665E+002  0.672939688337869E+002 -0.596292318722458E+000  0.769817272984149E+000  0.644628969685100E+002 -0.167451030290137E+002 -0.492844748852463E+002
  0.911417716435598E-019  0.101820201187246E+003 -0.194584852954342E+002  0.597818337930845E+002 -0.258984846132003E+000 -0.270828548938898E+000 -0.454784422168995E+002 -0.167451030290137E+002 -0.490046818059225E+002
  0.168189045871296E-018  0.100581567310909E+003 -0.194499663850018E+002  0.615956240656555E+002 -0.444406011375234E+000  0.281445914295225E+001  0.710189102140268E+002 -0.167451030290137E+002 -0.483853648677539E+002
  0.226946948538969E-018  0.999690228984929E+002 -0.191653285213785E+002  0.716612917321391E+002 -0.999032968119372E+000  0.648275617040641E+001  0.859152032741890E+002 -0.167451030290137E+002 -0.480790926615459E+002
  0.237145453864418E-018  0.998678190151054E+002 -0.191529098524463E+002  0.705564461080643E+002 -0.255398992866032E+000 -0.151680165145247E+001 -0.473943849807333E+002 -0.167451030290137E+002 -0.480284907198521E+002
  0.281611650851512E-018  0.995108192998191E+002 -0.190898510769096E+002  0.742119998945730E+002 -0.965653834234460E+000  0.660678092206383E+001  0.537239540688817E+002 -0.167451030290137E+002 -0.478499908622090E+002
  0.282603612995649E-018  0.994904976987463E+002 -0.194367410194682E+002  0.636106564490835E+002 -0.119690985309108E+001  0.804666127450441E+001  0.760776173358734E+002 -0.167451030290137E+002 -0.478398300616726E+002
  0.376508444067624E-018  0.989034181737436E+002 -0.192913527394330E+002  0.655963486469505E+002 -0.258395688118710E+000  0.145998403039836E+001  0.815421065643076E+002 -0.167451030290137E+002 -0.475462902991712E+002
  0.607242623143584E-018  0.979341531982164E+002 -0.191683257596080E+002  0.681836026955995E+002 -0.184315067007780E+000 -0.945511753601735E-001  0.254641523987235E+002 -0.167451030290137E+002 -0.470616578114076E+002
  0.688870688187817E-018  0.976686138064999E+002 -0.192709665862191E+002  0.688884695921965E+002 -0.966795333199151E+000  0.540394074948815E+001  0.340679596110076E+002 -0.167451030290137E+002 -0.469288881155494E+002
  0.775312872956323E-018  0.974188985571614E+002 -0.194887522803595E+002  0.596927318535519E+002 -0.295605539521842E+000 -0.246769557186785E+001 -0.807470392985667E+002 -0.167451030290137E+002 -0.468040304908801E+002
  0.932074689973459E-018  0.970373168797139E+002 -0.190839002039965E+002  0.708835342183818E+002 -0.313648734303920E+000  0.639647110591282E+000  0.802576867137739E+001 -0.167451030290137E+002 -0.466132396521564E+002
  0.100584456407614E-017  0.968716880364361E+002 -0.194534007829642E+002  0.614502229045701E+002 -0.336071822699010E+000 -0.299889010960824E+001 -0.698492790896035E+002 -0.167451030290137E+002 -0.465304252305175E+002
  0.105329750374899E-017  0.967662026068891E+002 -0.193205067957492E+002  0.674456492710151E+002 -0.115999091339632E+001  0.550719852403916E+001  0.303497322102949E+002 -0.167451030290137E+002 -0.464776825157440E+002
  0.245512018672244E-017  0.950604135354132E+002 -0.193098159134766E+002  0.638232630291140E+002 -0.241100705574007E+000 -0.211100945994446E+001 -0.528111510995380E+002 -0.167451030290137E+002 -0.456247879800060E+002
  0.436038496746263E-017  0.938983551843570E+002 -0.192686428629015E+002  0.679891147436388E+002 -0.494440889898824E+000 -0.180007803345596E+001 -0.700021267071345E+002 -0.167451030290137E+002 -0.450437588044779E+002
  0.434286275980732E-017  0.938931192909597E+002 -0.190030373017367E+002  0.744702939860269E+002 -0.248431264020299E+000 -0.866709650521166E+000 -0.233382682629966E+002 -0.167451030290137E+002 -0.450411408577793E+002
  0.453846446101635E-017  0.937917202501943E+002 -0.192737352106886E+002  0.666826177305663E+002 -0.686043939100621E+000  0.309432486608555E+001  0.466966161653032E+002 -0.167451030290137E+002 -0.449904413373966E+002
  0.475406626360221E-017  0.936856080108800E+002 -0.194283902359915E+002  0.609493472785278E+002 -0.214334768314274E+000 -0.693439854096862E+000 -0.796668901833749E+002 -0.167451030290137E+002 -0.449373852177394E+002
  0.578471276018985E-017  0.932798821263210E+002 -0.194113337024698E+002  0.607964180438660E+002 -0.878472601802405E-001 -0.281080879605275E+001 -0.747453606820571E+002 -0.167451030290137E+002 -0.447345222754599E+002
  0.788270125917510E-017  0.926476891656453E+002 -0.190929626354986E+002  0.712862126056511E+002 -0.210775631600274E+000 -0.165287537924957E+000 -0.200886913381992E+002 -0.167451030290137E+002 -0.444184257951221E+002
  0.800195334620550E-017  0.926043700089358E+002 -0.190780876202262E+002  0.723209238372012E+002 -0.273035782119488E+000  0.348972645723107E+000  0.381262475433236E+002 -0.167451030290137E+002 -0.443967662167673E+002
  0.838372852359803E-017  0.924978667902843E+002 -0.192482828226505E+002  0.653386488840857E+002 -0.208469640314538E+000  0.197446009174246E+001  0.712098030580343E+002 -0.167451030290137E+002 -0.443435146074416E+002
  0.885375746434307E-017  0.923754793160504E+002 -0.194636654782178E+002  0.610703970026273E+002 -0.582114224530732E+000  0.414502570119127E+001  0.425116223051890E+002 -0.167451030290137E+002 -0.442823208703246E+002
  0.942715157542167E-017  0.922366861306351E+002 -0.192787067691265E+002  0.655196437247487E+002 -0.404195301617741E+000 -0.127029674135711E+001 -0.562407495235328E+002 -0.167451030290137E+002 -0.442129242776170E+002
  0.117561893772474E-016  0.917818253126619E+002 -0.193991981431014E+002  0.625425688012166E+002 -0.561590662740161E+000  0.258252685861667E+001  0.651335752447658E+002 -0.167451030290137E+002 -0.439854938686304E+002
  0.128720268646082E-016  0.915871829485603E+002 -0.191473375674968E+002  0.723534597918335E+002 -0.757989115404113E+000  0.492496638008850E+001  0.968960897589089E+002 -0.167451030290137E+002 -0.438881726865796E+002
  0.214577191844313E-016  0.905518379578647E+002 -0.194550578441863E+002  0.617682436980505E+002 -0.501325981060784E+000  0.167751225075372E+001  0.825558573032253E+002 -0.167451030290137E+002 -0.433705001912318E+002
  0.221663476270615E-016  0.904735672389251E+002 -0.190639056273184E+002  0.730290841519323E+002 -0.567594131097111E+000  0.409777804473648E+001  0.361615201378249E+002 -0.167451030290137E+002 -0.433313648317620E+002
  0.301234815896628E-016  0.898468187119840E+002 -0.193765708693035E+002  0.627788482070176E+002 -0.615557993130329E+000  0.376245010848935E+001  0.514856786562734E+002 -0.167451030290137E+002 -0.430179905682914E+002
  0.345818689892188E-016  0.895574805461708E+002 -0.191095286035312E+002  0.731879839316692E+002 -0.623260433218381E+000  0.304378278039782E+001  0.718103197119134E+002 -0.167451030290137E+002 -0.428733214853848E+002
  0.800671798264750E-016  0.878651184546373E+002 -0.194663930829735E+002  0.606692675383088E+002 -0.500003854233810E+000  0.416945227701453E+001  0.717826286090393E+002 -0.167451030290137E+002 -0.420271404396181E+002
  0.827629271914305E-016  0.877856009856434E+002 -0.191906897740802E+002  0.705312919834867E+002 -0.845600790680290E+000  0.532929100620098E+001  0.356608446309694E+002 -0.167451030290137E+002 -0.419873817051211E+002
  0.852539586162751E-016  0.877130032430563E+002 -0.194055638575554E+002  0.623654612721954E+002 -0.258534585183593E+000 -0.131213819036755E+001 -0.768652925888775E+002 -0.167451030290137E+002 -0.419510828338276E+002
  0.877112346920117E-016  0.876428832688624E+002 -0.191566255696442E+002  0.687969095796084E+002 -0.367225544481847E+000 -0.102494108083908E+000 -0.964901841967598E+002 -0.167451030290137E+002 -0.419160228467306E+002
  0.113298422122384E-015  0.871176436903330E+002 -0.193270331267312E+002  0.634825106034154E+002 -0.294446185592180E+000 -0.145628680546701E+001 -0.550425984805647E+002 -0.167451030290137E+002 -0.416534030574659E+002
  0.113501477960958E-015  0.871007733706401E+002 -0.191722011567109E+002  0.695727675700818E+002 -0.618034303760202E-001 -0.493854241469203E+001 -0.870774102706623E+002 -0.167451030290137E+002 -0.416449678976195E+002
  0.113746497063400E-015  0.870831714776214E+002 -0.194753617672258E+002  0.611344656350173E+002 -0.654553619267385E+000  0.549256307461089E+001  0.948032192554429E+002 -0.167451030290137E+002 -0.416361669511101E+002
  0.120625845426391E-015  0.869524397801021E+002 -0.194027547583377E+002  0.634818399186350E+002 -0.539287340937003E+000  0.608998285583120E+000  0.465692919050189E+002 -0.167451030290137E+002 -0.415708011023505E+002
  0.171484431067704E-015  0.862355528682887E+002 -0.194320492160814E+002  0.616846427837710E+002 -0.827833257100732E+000  0.758142925037010E+001  0.806703253043262E+002 -0.167451030290137E+002 -0.412123576464438E+002
  0.207479949932509E-015  0.858411793295874E+002 -0.193523991990639E+002  0.625091265920648E+002 -0.329012006633647E+000  0.322597076302200E+001  0.914711205321994E+002 -0.167451030290137E+002 -0.410151708770931E+002
  0.249239908831076E-015  0.854611278167152E+002 -0.191927288615675E+002  0.677168572181859E+002 -0.579060144339012E+000  0.590029700618285E+001  0.779667889446586E+002 -0.167451030290137E+002 -0.408251451206570E+002
  0.247944070148151E-015  0.854582641807853E+002 -0.192721291893507E+002  0.659635774689117E+002 -0.698671947218477E+000  0.688672061998298E+001  0.727357284253194E+002 -0.167451030290137E+002 -0.408237133026921E+002
  0.267786100287856E-015  0.852910044324597E+002 -0.192499674040508E+002  0.663479849304183E+002 -0.598030511741375E+000  0.503362488306967E+001  0.416429852900197E+002 -0.167451030290137E+002 -0.407400834285293E+002
  0.318648971555093E-015  0.849299122156823E+002 -0.191156003951463E+002  0.718526396805892E+002 -0.736461494500217E+000  0.331879374296894E+001  0.313178448550297E+002 -0.167451030290137E+002 -0.405595373201405E+002
  0.372488864665616E-015  0.846043890310270E+002 -0.192457757586025E+002  0.656734480438395E+002 -0.330227411764757E+000  0.160714671478494E+001  0.798949929927273E+002 -0.167451030290137E+002 -0.403967757278129E+002
  0.463372207533459E-015  0.841544529631281E+002 -0.192384125435655E+002  0.671381846965254E+002 -0.484307994517338E+000 -0.131965973293356E+000 -0.608893976469537E+002 -0.167451030290137E+002 -0.401718076938635E+002
  0.595769264847590E-015  0.836385182426876E+002 -0.192842008158683E+002  0.672165673472416E+002 -0.405515713573017E+000 -0.139864986356139E+001 -0.471179451025763E+002 -0.167451030290137E+002 -0.399138403336432E+002
  0.620740036714097E-015  0.835431113147118E+002 -0.194701031742982E+002  0.607448724137491E+002 -0.837943870371060E+000  0.741733626566664E+001  0.983966871734417E+002 -0.167451030290137E+002 -0.398661368696553E+002
  0.716795301414358E-015  0.832420663636075E+002 -0.194550940634708E+002  0.615665675973554E+002 -0.780877967421830E+000  0.488953283845543E+001  0.586451498498051E+002 -0.167451030290137E+002 -0.397156143941032E+002
  0.804857297338233E-015  0.829970279089216E+002 -0.191562900905064E+002  0.709585684256653E+002 -0.933275203538033E+000  0.564666500527511E+001  0.327604831801409E+002 -0.167451030290137E+002 -0.395930951667602E+002
  0.862547686725213E-015  0.828452879334505E+002 -0.192714430874747E+002  0.684941333939931E+002 -0.111490248385020E+001  0.931110574250598E+001  0.941366031288599E+002 -0.167451030290137E+002 -0.395172251790247E+002
  0.144661499868206E-014  0.817978164754974E+002 -0.191228020839480E+002  0.695680051534434E+002 -0.241950710483286E+000  0.154760921569316E+001  0.579210128340336E+002 -0.167451030290137E+002 -0.389934894500481E+002
  0.147137832923374E-014  0.817505808764467E+002 -0.191561380849734E+002  0.702518399318097E+002 -0.778444369737604E+000  0.416541424053179E+001  0.383574849975958E+002 -0.167451030290137E+002 -0.389698716505228E+002
  0.153893885143039E-014  0.816475047490349E+002 -0.192707175050008E+002  0.647560996689925E+002 -0.841515103178228E-001 -0.196693359731496E+001 -0.649880570217168E+002 -0.167451030290137E+002 -0.389183335868169E+002
  0.181217059040228E-014  0.813073512103986E+002 -0.193735679216540E+002  0.629188681165044E+002 -0.364897564144420E+000  0.356426402071730E+001  0.835607511834590E+002 -0.167451030290137E+002 -0.387482568174987E+002
  0.192392241304748E-014  0.811743807698244E+002 -0.194590762346851E+002  0.619972249065358E+002 -0.704789753843875E+000  0.440903729185866E+001  0.608767864407788E+002 -0.167451030290137E+002 -0.386817715972116E+002
  0.239094904631324E-014  0.807264429802671E+002 -0.194284885439370E+002  0.612810148895107E+002 -0.581364002163725E+000  0.451048454931849E+001  0.809268437355436E+002 -0.167451030290137E+002 -0.384578027024330E+002
  0.277615895632579E-014  0.804143980462337E+002 -0.191710915463141E+002  0.704736575533072E+002 -0.889986089719152E+000  0.713873041504156E+001  0.621820091216228E+002 -0.167451030290137E+002 -0.383017802354163E+002
  0.317268709392557E-014  0.801340877796071E+002 -0.192019065230442E+002  0.679353151951610E+002 -0.950528941903128E-002 -0.530899335984599E+001 -0.422489567005616E+002 -0.167451030290137E+002 -0.381616251021030E+002
  0.416819324608952E-014  0.795749911440156E+002 -0.193490585147167E+002  0.638537160462760E+002 -0.843561658933228E+000  0.706970485260335E+001  0.843858990571647E+002 -0.167451030290137E+002 -0.378820767843072E+002
  0.424343713114903E-014  0.795259202238041E+002 -0.191014728070278E+002  0.730738658362694E+002 -0.528635508863044E+000  0.638128128744547E+000  0.160854409415554E+002 -0.167451030290137E+002 -0.378575413242015E+002
  0.860507397556800E-014  0.780986742554661E+002 -0.190997983650744E+002  0.704645379735477E+002 -0.168184876613537E+000 -0.184128712153160E+001 -0.955193720464030E+002 -0.167451030290137E+002 -0.371439183400325E+002
  0.879436499155302E-014  0.780418668738885E+002 -0.192188471570152E+002  0.676716999405187E+002 -0.721456572751051E+000  0.585016829796485E+001  0.986304077575364E+002 -0.167451030290137E+002 -0.371155146492437E+002
  0.108036987478786E-013  0.776170230331610E+002 -0.192065819857671E+002  0.674955358430043E+002 -0.160159834807947E+000 -0.119750090036873E+001 -0.640764418110104E+002 -0.167451030290137E+002 -0.369030927288799E+002
  0.111881566804515E-013  0.775337994928867E+002 -0.194188373108656E+002  0.620513210390339E+002 -0.207066007875911E+000 -0.262611831240181E+001 -0.511529084557435E+002 -0.167451030290137E+002 -0.368614809587428E+002
  0.121337975631618E-013  0.773582324747084E+002 -0.191115662944882E+002  0.709322044757744E+002 -0.463839735793812E+000  0.389589672668752E+001  0.472497411796017E+002 -0.167451030290137E+002 -0.367736974496536E+002
  0.162923492115518E-013  0.767555416329606E+002 -0.190594378058102E+002  0.726897001033593E+002 -0.416128383967402E+000  0.488511411960300E+000  0.888183795360852E+002 -0.167451030290137E+002 -0.364723520287797E+002
  0.219938177931328E-013  0.761421209867899E+002 -0.191117059729997E+002  0.704658894136661E+002 -0.880982232062908E-001 -0.257715588366718E+001 -0.530079394673094E+002 -0.167451030290137E+002 -0.361656417056944E+002
  0.236353706978151E-013  0.759848660134897E+002 -0.191515313416048E+002  0.698932705179363E+002 -0.745585576417509E+000  0.435728106085236E+001  0.295096380906747E+002 -0.167451030290137E+002 -0.360870142190443E+002
  0.284317434309923E-013  0.756020531300059E+002 -0.193032404620962E+002  0.660814355796920E+002 -0.627847796032512E+000  0.613711258917156E+001  0.960879786306296E+002 -0.167451030290137E+002 -0.358956077773024E+002
  0.284507456658935E-013  0.755874277995547E+002 -0.191410191084690E+002  0.717512070881961E+002 -0.104827047815631E+001  0.651797470089360E+001  0.460776157062976E+002 -0.167451030290137E+002 -0.358882951120767E+002
  0.325962593566120E-013  0.753020923777162E+002 -0.191943562910322E+002  0.671051022960175E+002 -0.219776090391770E+000 -0.124920453933515E+001 -0.967599914582411E+002 -0.167451030290137E+002 -0.357456274011575E+002
  0.538261363191570E-013  0.742856800597499E+002 -0.191846400386257E+002  0.700006038874086E+002 -0.545959814687379E+000 -0.466860250980609E+000 -0.531759818077417E+002 -0.167451030290137E+002 -0.352374212421744E+002
  0.586963255333068E-013  0.740991550281225E+002 -0.191942642744398E+002  0.695499767119951E+002 -0.855556412479997E+000  0.744874703257369E+001  0.729515698506523E+002 -0.167451030290137E+002 -0.351441587263606E+002
  0.826917138549043E-013  0.734003813940882E+002 -0.192506846545243E+002  0.662617711027955E+002 -0.227250118766427E+000 -0.158422734832580E+001 -0.694303202474205E+001 -0.167451030290137E+002 -0.347947719093435E+002
  0.106551545198771E-012  0.728800733911415E+002 -0.194064251782541E+002  0.619310202242795E+002 -0.374265542256076E-001 -0.519424908441884E+001 -0.882063672268377E+002 -0.167451030290137E+002 -0.345346179078701E+002
  0.105955956955594E-012  0.728779950120855E+002 -0.191866135486068E+002  0.683889965528076E+002 -0.339846260503084E+000  0.338605103062608E+001  0.773467991140848E+002 -0.167451030290137E+002 -0.345335787183422E+002
  0.115685073909876E-012  0.726890097032491E+002 -0.194308007804032E+002  0.611355166207860E+002 -0.189398591644061E+000 -0.427105332122517E+001 -0.989346907276267E+002 -0.167451030290137E+002 -0.344390860639240E+002
  0.127881784204308E-012  0.724752513033674E+002 -0.194414300928348E+002  0.613149633255137E+002 -0.475216061136446E+000  0.427391525267558E+001  0.979829579459562E+002 -0.167451030290137E+002 -0.343322068639831E+002
  0.140818351754414E-012  0.722692332216805E+002 -0.191324874947880E+002  0.710856635572082E+002 -0.432163744057844E+000 -0.176117973045374E+001 -0.524441381212733E+002 -0.167451030290137E+002 -0.342291978231397E+002
  0.148808650558610E-012  0.721455631726666E+002 -0.194750350065139E+002  0.614134793460508E+002 -0.817899426022259E+000  0.636281206307237E+001  0.863856516308739E+002 -0.167451030290137E+002 -0.341673627986327E+002
  0.151023295163693E-012  0.721027284045499E+002 -0.191269629936317E+002  0.735580827835695E+002 -0.107337493599762E+001  0.641866612256577E+001  0.531204820343378E+002 -0.167451030290137E+002 -0.341459454145744E+002
  0.151823650631465E-012  0.720788682059852E+002 -0.192156111885549E+002  0.695002731225567E+002 -0.490892443858557E+000 -0.100119979396720E+001 -0.646751787311263E+002 -0.167451030290137E+002 -0.341340153152920E+002
  0.187462399201850E-012  0.716438618533020E+002 -0.194513840336522E+002  0.609616006213515E+002 -0.515749553604231E+000  0.331766390319154E+001  0.810260992523646E+002 -0.167451030290137E+002 -0.339165121389504E+002
  0.199682230017090E-012  0.715042748371389E+002 -0.192824451933872E+002  0.677688620355955E+002 -0.921983247891501E+000  0.316246868880295E+001  0.119224801521778E+002 -0.167451030290137E+002 -0.338467186308689E+002
  0.201691451918324E-012  0.714709621300769E+002 -0.192914403683315E+002  0.642281156506152E+002 -0.330388898848355E-001 -0.140995262880667E+001 -0.121482398394018E+001 -0.167451030290137E+002 -0.338300622773379E+002
  0.216829295002955E-012  0.713129304024313E+002 -0.194229591718707E+002  0.620789281814335E+002 -0.555974434430748E+000  0.251145996131071E+001  0.520180321243434E+002 -0.167451030290137E+002 -0.337510464135151E+002
  0.226913850643110E-012  0.712087212212469E+002 -0.191532078030188E+002  0.688549682037608E+002 -0.393414572205339E+000  0.298580747765206E+001  0.367697240188318E+002 -0.167451030290137E+002 -0.336989418229229E+002
  0.261601941835608E-012  0.709109249165864E+002 -0.192477550208051E+002  0.657723730813238E+002 -0.327606488581753E-001 -0.189794426490332E+001 -0.228677886114070E+002 -0.167451030290137E+002 -0.335500436705926E+002
  0.293729130363924E-012  0.706659678813682E+002 -0.190798883854287E+002  0.715108298681800E+002 -0.202490586251656E+000 -0.319825280361751E+001 -0.648014052940934E+002 -0.167451030290137E+002 -0.334275651529835E+002
  0.295757954955008E-012  0.706389120305361E+002 -0.192505086063961E+002  0.665471526415221E+002 -0.712229914193427E+000  0.494062161901266E+001  0.515445481838447E+002 -0.167451030290137E+002 -0.334140372275675E+002
  0.410557429256749E-012  0.699696741055142E+002 -0.191889418091386E+002  0.692789815573349E+002 -0.200933021441295E+000 -0.350314333791644E+001 -0.981178024012514E+002 -0.167451030290137E+002 -0.330794182650565E+002
  0.411643807261479E-012  0.699510997999206E+002 -0.191503773320172E+002  0.689566160913529E+002 -0.211410207822388E+000  0.410560828579609E+000  0.294046828579021E+002 -0.167451030290137E+002 -0.330701311122597E+002
  0.565886718782733E-012  0.693013397449919E+002 -0.191359005809631E+002  0.707344001088080E+002 -0.129329541017442E+000 -0.373897463027597E+001 -0.595409664202985E+002 -0.167451030290137E+002 -0.327452510847953E+002
  0.801908744685056E-012  0.685908488554902E+002 -0.192255245166423E+002  0.691967536195978E+002 -0.112898854610268E+001  0.763026839836873E+001  0.673666336491927E+002 -0.167451030290137E+002 -0.323900056400445E+002
  0.113635492654879E-011  0.678803874318228E+002 -0.193754987035811E+002  0.630708846960889E+002 -0.738369967745366E+000  0.647002860007715E+001  0.653149643668837E+002 -0.167451030290137E+002 -0.320347749282108E+002
  0.118095827884626E-011  0.677900973408336E+002 -0.192872149574166E+002  0.643697613487445E+002 -0.173451286376201E+000 -0.104375108831490E+001 -0.574732849336749E+002 -0.167451030290137E+002 -0.319896298827162E+002
  0.141756290465094E-011  0.674115824090072E+002 -0.192647511835977E+002  0.673262157730432E+002 -0.421416027462388E+000  0.217829885586118E+001  0.840558693031999E+002 -0.167451030290137E+002 -0.318003724168030E+002
  0.152310007932576E-011  0.672546760217555E+002 -0.191878786690983E+002  0.692772132313678E+002 -0.285695185043770E+000 -0.103634479568125E+001 -0.463530296598317E+002 -0.167451030290137E+002 -0.317219192231772E+002
  0.184116397782391E-011  0.668620865672415E+002 -0.193787325429083E+002  0.623536215655434E+002 -0.256977954618742E+000 -0.277055817302989E+001 -0.791792077987920E+002 -0.167451030290137E+002 -0.315256244959202E+002
  0.190238195446990E-011  0.667833798958353E+002 -0.192724074910395E+002  0.685998142061884E+002 -0.889750390172431E+000  0.533265466848825E+001  0.553007770227156E+002 -0.167451030290137E+002 -0.314862711602171E+002
  0.191296735462528E-011  0.667589930822917E+002 -0.193209168801984E+002  0.637781238890058E+002 -0.172134881509399E+000 -0.402746333432363E+001 -0.881414157085024E+002 -0.167451030290137E+002 -0.314740777534453E+002
  0.265199343049010E-011  0.660923920571888E+002 -0.190647767627723E+002  0.721519158179857E+002 -0.285979131061788E+000 -0.329474948822099E-001 -0.635946499597419E+002 -0.167451030290137E+002 -0.311407772408938E+002
  0.309018107856237E-011  0.657732667806727E+002 -0.193222665348176E+002  0.654165646440270E+002 -0.943974592271745E+000  0.848924044546396E+001  0.854683397753703E+002 -0.167451030290137E+002 -0.309812146026358E+002
  0.360719492078900E-011  0.654505761964778E+002 -0.191951767163947E+002  0.679513502135280E+002 -0.329764857964650E+000 -0.132941352899878E+001  0.750881811412148E+002 -0.167451030290137E+002 -0.308198693105383E+002
  0.410059062386687E-011  0.651808859552622E+002 -0.193482759953346E+002  0.651036258914494E+002 -0.535967289243532E+000  0.104836916415169E+001  0.538109178078852E+002 -0.167451030290137E+002 -0.306850241899305E+002
  0.453209389105503E-011  0.649674907850857E+002 -0.194141440071397E+002  0.628443426039748E+002 -0.498255540086748E+000  0.174625813425076E+001  0.506724773110679E+002 -0.167451030290137E+002 -0.305783266048423E+002
  0.587890563175100E-011  0.644338285651828E+002 -0.191573193894776E+002  0.689221764888542E+002 -0.152423478850959E+000 -0.442634201792377E+001 -0.804612815411943E+002 -0.167451030290137E+002 -0.303114954948908E+002
  0.656947573537500E-011  0.641984126696923E+002 -0.194103811909351E+002  0.625753942380478E+002 -0.379026440819327E+000  0.306857443171513E+000  0.608503379759703E+002 -0.167451030290137E+002 -0.301937875471456E+002
  0.675625642165199E-011  0.641290537436256E+002 -0.192803882576516E+002  0.680355820004445E+002 -0.947054649488811E+000  0.784793703538438E+001  0.924993604509859E+002 -0.167451030290137E+002 -0.301591080841122E+002
  0.886613470569121E-011  0.635722247045077E+002 -0.194154409852491E+002  0.637912071533813E+002 -0.986576446046236E+000  0.583836849046913E+001  0.387305622031756E+002 -0.167451030290137E+002 -0.298806935645533E+002
  0.902592907291099E-011  0.635232105919375E+002 -0.191245665120091E+002  0.697907417699925E+002 -0.337336686092863E+000  0.292331964060858E+001  0.936888338898669E+002 -0.167451030290137E+002 -0.298561865082682E+002
  0.899756454320053E-011  0.635162165242657E+002 -0.191432539827446E+002  0.721602206890568E+002 -0.776883793606168E+000  0.438125420195309E+001  0.631443553786384E+002 -0.167451030290137E+002 -0.298526894744322E+002
  0.102476650507799E-010  0.632427355482173E+002 -0.191631323224618E+002  0.695516358381440E+002 -0.559420482865272E+000  0.329195342303882E+001  0.903638352735915E+002 -0.167451030290137E+002 -0.297159489864081E+002
  0.104423366391230E-010  0.631918094753616E+002 -0.193972531824416E+002  0.617934315986630E+002 -0.377551935642315E+000  0.120083069303622E+001  0.672812508699971E+001 -0.167451030290137E+002 -0.296904859499802E+002
  0.137676781510310E-010  0.626256097726823E+002 -0.192652848506778E+002  0.660785914364714E+002 -0.753044413585688E+000  0.646923699555707E+001  0.729364415810468E+002 -0.167451030290137E+002 -0.294073860986406E+002
  0.200702559377701E-010  0.618584902213606E+002 -0.194347337741965E+002  0.619799552333157E+002 -0.759773960692533E+000  0.698147661803287E+001  0.902731284197644E+002 -0.167451030290137E+002 -0.290238263229797E+002
  0.333333983952652E-010  0.608305592675363E+002 -0.191214148924223E+002  0.710297922158755E+002 -0.389500981933147E+000 -0.209778717582414E+001 -0.787284258014540E+002 -0.167451030290137E+002 -0.285098608460675E+002
  0.379774072538955E-010  0.605564070065235E+002 -0.194205532437402E+002  0.633936485951812E+002 -0.110040122396865E+001  0.921621993025467E+001  0.971133992221004E+002 -0.167451030290137E+002 -0.283727847155612E+002
  0.379444912034534E-010  0.605448521270622E+002 -0.193506310619550E+002  0.629792495239451E+002 -0.129867461986548E+000 -0.452402489361849E+001 -0.898397945959606E+002 -0.167451030290137E+002 -0.283670072758305E+002
  0.416860147570494E-010  0.603434803195276E+002 -0.193182673642225E+002  0.660704783592769E+002 -0.495414957021807E+000  0.579888513220352E+000  0.251361752788036E+002 -0.167451030290137E+002 -0.282663213720632E+002
  0.418812829306129E-010  0.603208445860902E+002 -0.191788513457629E+002  0.695958039469458E+002 -0.626140683733525E+000  0.398796894855806E+001  0.256295217288315E+002 -0.167451030290137E+002 -0.282550035053445E+002
  0.497072066278108E-010  0.599649336883769E+002 -0.192037963440724E+002  0.682669449054566E+002 -0.400545933458698E+000 -0.149707366141949E+001 -0.452209683248939E+002 -0.167451030290137E+002 -0.280770480564879E+002
  0.527452142928851E-010  0.598329983653943E+002 -0.192941742907321E+002  0.655510115329412E+002 -0.313496843541814E+000 -0.352192824326740E+001 -0.841399204922368E+002 -0.167451030290137E+002 -0.280110803949966E+002
  0.550981315565811E-010  0.597324237567469E+002 -0.193111213528894E+002  0.644287938659996E+002 -0.493959347942755E+000  0.363555733224731E+001  0.989163927940687E+002 -0.167451030290137E+002 -0.279607930906729E+002
  0.814030207820016E-010  0.589385415170618E+002 -0.190817973962909E+002  0.725397799425133E+002 -0.429976766131128E+000 -0.116574893147062E+001 -0.875841087157471E+002 -0.167451030290137E+002 -0.275638519708303E+002
  0.824197342817856E-010  0.589004273930475E+002 -0.193971113078699E+002  0.636009333796838E+002 -0.893217999946313E+000  0.605925869716045E+001  0.713982639711425E+002 -0.167451030290137E+002 -0.275447949088232E+002
  0.870227934063039E-010  0.587784479564824E+002 -0.193836870621016E+002  0.641336715811685E+002 -0.788354186890253E+000  0.520896311190959E+001  0.831928029654067E+002 -0.167451030290137E+002 -0.274838051905406E+002
  0.103069719684743E-009  0.584266877273057E+002 -0.194287056675430E+002  0.624138525974914E+002 -0.736046047096400E+000  0.463598570455543E+001  0.611431006024304E+002 -0.167451030290137E+002 -0.273079250759523E+002
  0.114068841777196E-009  0.582106056578927E+002 -0.193673628884775E+002  0.637205306852302E+002 -0.437307059443679E+000 -0.333774699729389E+000 -0.825180974459167E+001 -0.167451030290137E+002 -0.271998840412458E+002
  0.124990380034468E-009  0.580144473059700E+002 -0.194186397291240E+002  0.614625265920807E+002 -0.322744028149941E+000  0.541670610261935E+000  0.493601997535257E+002 -0.167451030290137E+002 -0.271018048652844E+002
  0.128175626878502E-009  0.579508289528467E+002 -0.191935468258116E+002  0.693647930719797E+002 -0.243875712235267E+000 -0.310708140036429E+001 -0.479049212505237E+002 -0.167451030290137E+002 -0.270699956887228E+002
  0.151072582364839E-009  0.576088218858500E+002 -0.190945439611485E+002  0.720951085808241E+002 -0.466630083135522E+000 -0.367400532940660E-001  0.991023500105402E+002 -0.167451030290137E+002 -0.268989921552244E+002
  0.153853207831582E-009  0.575590556950215E+002 -0.193213299030829E+002  0.650225383719019E+002 -0.522484412596372E+000  0.470944482774079E+001  0.737874115875351E+002 -0.167451030290137E+002 -0.268741090598102E+002
  0.169801191167856E-009  0.573485079355027E+002 -0.190756924320343E+002  0.740652326750739E+002 -0.786660008818407E+000  0.516956906664054E+001  0.542206778056499E+002 -0.167451030290137E+002 -0.267688351800508E+002
  0.202981724908878E-009  0.569782435281965E+002 -0.191349392482431E+002  0.712361226457883E+002 -0.518634955032270E+000  0.254341282085146E+001  0.181075131546062E+002 -0.167451030290137E+002 -0.265837029763977E+002
  0.213743059362140E-009  0.568616370696404E+002 -0.190783735660607E+002  0.718741693017843E+002 -0.408597774077158E+000  0.240412600594719E+001  0.387104034067778E+002 -0.167451030290137E+002 -0.265253997471196E+002
  0.222473884635930E-009  0.567682778125520E+002 -0.192679585520273E+002  0.668280996529260E+002 -0.241737701141444E+000 -0.158502023962227E+001 -0.129884626447406E+002 -0.167451030290137E+002 -0.264787201185754E+002
  0.242678283999073E-009  0.565811349076938E+002 -0.193050374584491E+002  0.648053394057782E+002 -0.419863756606495E+000  0.340990597818562E+000 -0.862253387710967E+002 -0.167451030290137E+002 -0.263851486661463E+002
  0.252614605238598E-009  0.564875890305167E+002 -0.192390049209622E+002  0.673243099500909E+002 -0.592830054577038E-001 -0.477779728395861E+001 -0.597070368252596E+002 -0.167451030290137E+002 -0.263383757275578E+002
  0.281901529509341E-009  0.562549143531869E+002 -0.190687079679917E+002  0.730269763111945E+002 -0.445727509252454E+000  0.359108880896004E+000  0.219535206244562E+002 -0.167451030290137E+002 -0.262220383888929E+002
  0.280339106715734E-009  0.562527409837960E+002 -0.191568094101933E+002  0.707745929586595E+002 -0.413020585406837E+000  0.341179784296472E+000 -0.649221509802339E+001 -0.167451030290137E+002 -0.262209517041974E+002
  0.289095318277872E-009  0.561779389204267E+002 -0.192682284164098E+002  0.655295158793242E+002 -0.179734133143163E-001 -0.325261102408455E+001 -0.435952865431096E+002 -0.167451030290137E+002 -0.261835506725128E+002
  0.292505517378338E-009  0.561411956858657E+002 -0.193547527503752E+002  0.646773027403389E+002 -0.639887373729554E+000  0.243622897517822E+001  0.321015534773857E+002 -0.167451030290137E+002 -0.261651790552323E+002
  0.310136859426981E-009  0.560108462949259E+002 -0.192204002984314E+002  0.670780657753246E+002 -0.439064471674011E-002 -0.294119810584291E+001 -0.236632722151362E+002 -0.167451030290137E+002 -0.261000043597624E+002
  0.328221991408116E-009  0.558842042085834E+002 -0.191720363541230E+002  0.706784287184963E+002 -0.615723155631132E+000  0.276778423588062E+001  0.756587099707876E+002 -0.167451030290137E+002 -0.260366833165911E+002
  0.328286569813251E-009  0.558705216574144E+002 -0.192084347179822E+002  0.694250455069251E+002 -0.461735161546825E+000  0.180732423747790E+000 -0.566315467315465E+002 -0.167451030290137E+002 -0.260298420410066E+002
  0.339304674367782E-009  0.557912095063698E+002 -0.191521139133092E+002  0.710774538874130E+002 -0.531049702758880E+000  0.101553310438432E+001  0.747302884314105E+002 -0.167451030290137E+002 -0.259901859654843E+002
  0.339149900133342E-009  0.557788329314701E+002 -0.191005159856514E+002  0.719361193627776E+002 -0.430310016044419E+000 -0.649950726472039E+000 -0.269925673914577E+002 -0.167451030290137E+002 -0.259839976780344E+002
  0.339725731573924E-009  0.557621509914256E+002 -0.190640414789078E+002  0.732090962378400E+002 -0.685438303698400E+000  0.460915952740609E+001  0.567901558481517E+002 -0.167451030290137E+002 -0.259756567080122E+002
  0.357948716845538E-009  0.556443596922467E+002 -0.191415673643107E+002  0.693561070369604E+002 -0.929903725100787E-001 -0.518781862139789E+001 -0.950795351844248E+002 -0.167451030290137E+002 -0.259167610584228E+002
  0.370187159558677E-009  0.555638326322367E+002 -0.192270360668398E+002  0.686498026428950E+002 -0.457708976243459E+000 -0.114237863412404E+001 -0.299842838602146E+002 -0.167451030290137E+002 -0.258764975284178E+002
  0.413389513655800E-009  0.553297804139222E+002 -0.191212739933559E+002  0.710094669398667E+002 -0.103059515928862E+000 -0.500403864069557E+001 -0.967952659566498E+002 -0.167451030290137E+002 -0.257594714192605E+002
  0.425957457587652E-009  0.552565929372146E+002 -0.191827798481569E+002  0.676759464780747E+002 -0.185118931933244E+000 -0.146116997643952E+001 -0.327310856917298E+002 -0.167451030290137E+002 -0.257228776809067E+002
  0.471709637329223E-009  0.550392555624314E+002 -0.191613757938114E+002  0.702321366782425E+002 -0.535505275193270E+000  0.112540886970282E+001  0.218994092863952E+002 -0.167451030290137E+002 -0.256142089935151E+002
  0.484782354870420E-009  0.549712936445230E+002 -0.193399600867015E+002  0.658406661729215E+002 -0.659797531822720E+000  0.199812008750931E+001  0.790971775830084E+001 -0.167451030290137E+002 -0.255802280345609E+002
  0.513388901265282E-009  0.548433373336340E+002 -0.193877139566736E+002  0.626824317811256E+002 -0.373549210571549E+000 -0.111073336205149E+001 -0.404302132165817E+002 -0.167451030290137E+002 -0.255162498791164E+002
  0.571690436504562E-009  0.546149202484771E+002 -0.192044566578480E+002  0.671376563911650E+002 -0.289623635207294E+000  0.226364420258882E-001 -0.382691788614833E+002 -0.167451030290137E+002 -0.254020413365380E+002
  0.594946300318424E-009  0.545218841631435E+002 -0.192887584911673E+002  0.648412397026510E+002 -0.435683695944897E+000  0.347118691117000E+001  0.975646921380567E+002 -0.167451030290137E+002 -0.253555232938712E+002
  0.623279299179737E-009  0.544155479142899E+002 -0.191710318114524E+002  0.685658387101117E+002 -0.424389179772210E+000  0.442226875302629E+001  0.898874322589334E+002 -0.167451030290137E+002 -0.253023551694443E+002
  0.632003206800211E-009  0.543744593557130E+002 -0.191317322145038E+002  0.702633303199300E+002 -0.480868272383010E+000  0.234731591183510E+001  0.547112467259694E+002 -0.167451030290137E+002 -0.252818108901559E+002
  0.641975308981632E-009  0.543298595198051E+002 -0.191464873623389E+002  0.690838831731110E+002 -0.233026739491710E+000 -0.571627276488078E+000 -0.535263236791529E+002 -0.167451030290137E+002 -0.252595109722020E+002
  0.683139631556696E-009  0.541922715666769E+002 -0.190915202221645E+002  0.717953037771964E+002 -0.421674083344571E+000  0.702523950227128E+000  0.604330712918990E+002 -0.167451030290137E+002 -0.251907169956379E+002
  0.754691572735822E-009  0.539797627300665E+002 -0.191664912988472E+002  0.688666380389237E+002 -0.494043478585369E+000  0.257841107645297E+001  0.309774911732550E+002 -0.167451030290137E+002 -0.250844625773327E+002
  0.759067765790180E-009  0.539549098375312E+002 -0.190807046820069E+002  0.736262420254815E+002 -0.676878336945954E+000  0.410584521729745E+001  0.497412517728559E+002 -0.167451030290137E+002 -0.250720361310650E+002
  0.104136728928660E-008  0.533092232050771E+002 -0.191767461357778E+002  0.692416612098695E+002 -0.299381655954114E+000  0.223146941268517E-001  0.830200831255406E+002 -0.167451030290137E+002 -0.247491928148379E+002
  0.106167057833557E-008  0.532573158518751E+002 -0.191022331366774E+002  0.709307360437693E+002 -0.418792218514666E+000  0.256671725816328E+001  0.424258250975243E+002 -0.167451030290137E+002 -0.247232391382370E+002
  0.107520373148189E-008  0.532186938134953E+002 -0.191778555579637E+002  0.699299548895631E+002 -0.834140374481147E+000  0.559619387628993E+001  0.708507823494633E+002 -0.167451030290137E+002 -0.247039281190470E+002
  0.114559965472843E-008  0.530785686189501E+002 -0.191145889414132E+002  0.717337751094729E+002 -0.502936994794024E+000 -0.921175215568434E+000  0.567873007376228E+002 -0.167451030290137E+002 -0.246338655217745E+002
  0.115614743212367E-008  0.530469493680680E+002 -0.190963756697976E+002  0.732302992261069E+002 -0.751997140534460E+000  0.546518538622448E+001  0.669405919186239E+002 -0.167451030290137E+002 -0.246180558963334E+002
  0.123770907116687E-008  0.528973225845686E+002 -0.192566222973074E+002  0.654463276795308E+002 -0.501192304987026E-001 -0.439144957932246E+001 -0.624998695960496E+002 -0.167451030290137E+002 -0.245432425045837E+002
  0.134945007678461E-008  0.527111634764466E+002 -0.191875012741914E+002  0.697450870619041E+002 -0.529871776340264E+000  0.199826094303186E+000  0.181032926227720E+002 -0.167451030290137E+002 -0.244501629505227E+002
  0.143401294731396E-008  0.525763151669766E+002 -0.191910646000957E+002  0.676835350437182E+002 -0.228616985684659E+000 -0.792159141579667E-001 -0.906906684225793E+002 -0.167451030290137E+002 -0.243827387957877E+002
  0.143745445928504E-008  0.525582319980529E+002 -0.193074143401487E+002  0.659364703374386E+002 -0.346770531823708E+000 -0.317998613932467E+001 -0.805407512428467E+002 -0.167451030290137E+002 -0.243736972113259E+002
  0.223116595085258E-008  0.516656419444946E+002 -0.191418687843415E+002  0.703505075058895E+002 -0.236752889988572E+000 -0.364897942975423E+001 -0.598591595744808E+002 -0.167451030290137E+002 -0.239274021845467E+002
  0.227083897553853E-008  0.516171027406406E+002 -0.192328964548425E+002  0.694242196421172E+002 -0.716251603876214E+000  0.223332206450890E+001  0.926788425485337E+001 -0.167451030290137E+002 -0.239031325826197E+002
  0.231961472676602E-008  0.515613101554440E+002 -0.191591715695512E+002  0.705808376564103E+002 -0.376906435284015E+000 -0.281806333843159E+001 -0.815854389676421E+002 -0.167451030290137E+002 -0.238752362900214E+002
  0.270467377637878E-008  0.512408606720919E+002 -0.193072234397751E+002  0.641565087590652E+002 -0.305641271141604E+000  0.254276994619115E+000 -0.839979008521392E+002 -0.167451030290137E+002 -0.237150115483454E+002
  0.273555319256581E-008  0.512048668370195E+002 -0.192306966551276E+002  0.680446761951190E+002 -0.193205602317157E+000 -0.448209217472910E+001 -0.988147094122520E+002 -0.167451030290137E+002 -0.236970146308091E+002
  0.274047761025167E-008  0.511879806797682E+002 -0.193970663422992E+002  0.640851893319353E+002 -0.100664638536767E+001  0.741530515065662E+001  0.865488093075637E+002 -0.167451030290137E+002 -0.236885715521835E+002
  0.286250567226764E-008  0.510875613244587E+002 -0.191697655777914E+002  0.687222882280933E+002 -0.243657359230488E+000  0.113559748264436E-001 -0.570930306595218E+002 -0.167451030290137E+002 -0.236383618745288E+002
  0.297183766378823E-008  0.509993059329567E+002 -0.191176659732110E+002  0.715395376952838E+002 -0.485886191497197E+000 -0.933264646522717E+000  0.575033865872882E+002 -0.167451030290137E+002 -0.235942341787778E+002
  0.316256395583436E-008  0.508616117004215E+002 -0.191960297081912E+002  0.676542669384863E+002 -0.398950075715717E+000  0.273260294266668E+001  0.871628132374249E+002 -0.167451030290137E+002 -0.235253870625101E+002
  0.316498930520571E-008  0.508467894160429E+002 -0.193727758228832E+002  0.646168416203543E+002 -0.739171323983979E+000  0.316829336408740E+001  0.270553614798106E+002 -0.167451030290137E+002 -0.235179759203209E+002
  0.316871554606531E-008  0.508311470530992E+002 -0.191119087909340E+002  0.708814310577408E+002 -0.123722664098598E+000 -0.528612632071367E+001 -0.965350271434076E+002 -0.167451030290137E+002 -0.235101547388490E+002
  0.342755995720890E-008  0.506608133476109E+002 -0.191055121105061E+002  0.723879140808134E+002 -0.460626413916701E+000  0.821436257277865E+000  0.965951022972818E+002 -0.167451030290137E+002 -0.234249878861049E+002
  0.406106488431286E-008  0.503083310607498E+002 -0.192540694953794E+002  0.655907387025011E+002 -0.254057082111498E-001 -0.319370039280896E+001 -0.228261330055049E+002 -0.167451030290137E+002 -0.232487467426743E+002
  0.403420545362706E-008  0.503083136898453E+002 -0.193696151508821E+002  0.634558282602195E+002 -0.523596323989825E+000  0.396107259569319E+001  0.488845573518134E+002 -0.167451030290137E+002 -0.232487380572220E+002
  0.404860710868888E-008  0.502878975455081E+002 -0.191582354365554E+002  0.711101008331780E+002 -0.586128489008027E+000  0.308045736822236E+001  0.912998000336835E+002 -0.167451030290137E+002 -0.232385299850534E+002
  0.542950991432808E-008  0.496876565070671E+002 -0.192938767949960E+002  0.681243556354276E+002 -0.119720547756070E+001  0.854837877080617E+001  0.803559851753265E+002 -0.167451030290137E+002 -0.229384094658330E+002
  0.539714929422826E-008  0.496863233595961E+002 -0.193564088867103E+002  0.637741369760925E+002 -0.427635929541004E+000  0.340909654267486E+001  0.772384088770499E+002 -0.167451030290137E+002 -0.229377428920974E+002
  0.546878997631768E-008  0.496466613234566E+002 -0.191305774223287E+002  0.719727920938321E+002 -0.950986341737800E+000  0.681236274430270E+001  0.790796430576542E+002 -0.167451030290137E+002 -0.229179118740277E+002
  0.580377940485776E-008  0.495144683463910E+002 -0.192115430346415E+002  0.678207134180999E+002 -0.664738495797907E+000  0.601483623123895E+001  0.680392219210212E+002 -0.167451030290137E+002 -0.228518153854949E+002
  0.693746429199690E-008  0.491443252507670E+002 -0.193404611289336E+002  0.632181585818393E+002 -0.225331479356620E+000 -0.220976720909376E+001 -0.918687712357534E+002 -0.167451030290137E+002 -0.226667438376829E+002
  0.695381806057232E-008  0.491263270893162E+002 -0.192487036754351E+002  0.664564678219247E+002 -0.121141976883765E-001 -0.374952638440089E+001 -0.292976947799093E+002 -0.167451030290137E+002 -0.226577447569575E+002
  0.767938455501410E-008  0.489145409280466E+002 -0.191977912323454E+002  0.698343355123161E+002 -0.567058634490093E+000  0.319387078029467E+001  0.711242682934382E+002 -0.167451030290137E+002 -0.225518516763227E+002
  0.815997194708883E-008  0.487798491961478E+002 -0.193979374803731E+002  0.637704218610768E+002 -0.753474587647734E+000  0.291350465671611E+001  0.843210112419423E+001 -0.167451030290137E+002 -0.224845058103733E+002
  0.833275629657845E-008  0.487246529941532E+002 -0.192352945914893E+002  0.681599961780988E+002 -0.343295490679809E+000 -0.122014847647079E+001 -0.152930713137371E+002 -0.167451030290137E+002 -0.224569077093760E+002
  0.829728382558582E-008  0.487198960648695E+002 -0.191118121860845E+002  0.713856385272356E+002 -0.480637878603994E+000  0.197881565264051E+001  0.878489638560337E+002 -0.167451030290137E+002 -0.224545292447342E+002
  0.947329078523979E-008  0.484415107167890E+002 -0.193359960183650E+002  0.634402682269483E+002 -0.341782552475936E+000  0.238561463205135E+001  0.676068099715274E+002 -0.167451030290137E+002 -0.223153365706939E+002
  0.102910556284730E-007  0.482626240518547E+002 -0.191249867263192E+002  0.707271019839182E+002 -0.380532262192430E+000 -0.181348006446540E+001 -0.976779441467190E+002 -0.167451030290137E+002 -0.222258932382267E+002
  0.118180185893570E-007  0.479726344994038E+002 -0.193579258175291E+002  0.647556395706800E+002 -0.856032335258712E+000  0.440313783990985E+001  0.340041455590421E+002 -0.167451030290137E+002 -0.220808984620013E+002
  0.148816941048332E-007  0.474983323976392E+002 -0.192438785633573E+002  0.663499403394825E+002 -0.235138296757229E+000  0.117766875602554E+000 -0.278137116532078E+002 -0.167451030290137E+002 -0.218437474111190E+002
  0.148930161746311E-007  0.474835222803950E+002 -0.193057517450374E+002  0.660783916577858E+002 -0.465964922457559E+000  0.202252876669199E+001  0.506575691668288E+002 -0.167451030290137E+002 -0.218363423524969E+002
  0.152034645216720E-007  0.474289713130004E+002 -0.191427186595904E+002  0.704998953454576E+002 -0.335827280009040E+000 -0.290332355753078E+001 -0.764556013982119E+002 -0.167451030290137E+002 -0.218090668687996E+002
  0.154182292189631E-007  0.473876278396428E+002 -0.191275699046067E+002  0.723183142924701E+002 -0.750165967622162E+000  0.230199057417456E+001  0.861471997768591E+001 -0.167451030290137E+002 -0.217883951321208E+002
  0.186045402577959E-007  0.469986285023749E+002 -0.191689035483866E+002  0.707081197800651E+002 -0.775473883586334E+000  0.438578983555946E+001  0.585499963584823E+002 -0.167451030290137E+002 -0.215938954634869E+002
  0.203246947464438E-007  0.468084774451719E+002 -0.194305806501262E+002  0.621478512937163E+002 -0.737678700785847E+000  0.586258355332991E+001  0.822836999728897E+002 -0.167451030290137E+002 -0.214988199348854E+002
  0.215084393992371E-007  0.466819708565048E+002 -0.191648303387615E+002  0.701141902408383E+002 -0.308606120930841E+000 -0.196385677264084E+001 -0.822132092211194E+002 -0.167451030290137E+002 -0.214355666405518E+002
  0.214167884100670E-007  0.466772223084735E+002 -0.191517077214135E+002  0.707648572520813E+002 -0.432841081311983E+000 -0.182101668315628E+001 -0.790830042376404E+002 -0.167451030290137E+002 -0.214331923665362E+002
  0.228931365204103E-007  0.465306091615105E+002 -0.191189066734478E+002  0.716183722326815E+002 -0.580790984998944E+000  0.282033075707373E+001  0.594747239521421E+002 -0.167451030290137E+002 -0.213598857930547E+002
  0.241395631566143E-007  0.464112901382958E+002 -0.191395046754389E+002  0.712191273979493E+002 -0.399325600369268E+000 -0.599519249875579E+000 -0.302280146856152E+002 -0.167451030290137E+002 -0.213002262814473E+002
  0.276093540354066E-007  0.461293960321153E+002 -0.191737735033686E+002  0.701156227224193E+002 -0.416968288741004E+000  0.109382853146133E+001  0.644241404297216E+002 -0.167451030290137E+002 -0.211592792283571E+002
  0.320490055759767E-007  0.458178838947104E+002 -0.192334407100798E+002  0.672575295532568E+002 -0.413565968516134E+000 -0.139438387177150E+001 -0.999930598728756E+002 -0.167451030290137E+002 -0.210035231596546E+002
  0.338453292887700E-007  0.456955251060399E+002 -0.193150729437021E+002  0.642742522602950E+002 -0.506855392712378E+000  0.376018998746946E+001  0.471490055234112E+002 -0.167451030290137E+002 -0.209423437653194E+002
  0.337477928435961E-007  0.456880079991586E+002 -0.192724083850593E+002  0.653622506918746E+002 -0.376530960833211E+000  0.214476408017339E+001  0.918894426495603E+002 -0.167451030290137E+002 -0.209385852118787E+002
  0.370380867274284E-007  0.454886554411943E+002 -0.193260414970408E+002  0.638952558706365E+002 -0.204589664434178E+000 -0.858166194207277E+000 -0.248069186159947E+002 -0.167451030290137E+002 -0.208389089328966E+002
  0.390361762935758E-007  0.453702822372938E+002 -0.191318454169634E+002  0.698506441651304E+002 -0.510826981745616E-001 -0.429030714709755E+001 -0.761680184386132E+002 -0.167451030290137E+002 -0.207797223309463E+002
  0.388266315768852E-007  0.453677579947028E+002 -0.193130834899458E+002  0.650461072365231E+002 -0.221721362272358E+000 -0.413876631123340E+001 -0.743875476863215E+002 -0.167451030290137E+002 -0.207784602096508E+002
  0.392488057926321E-007  0.453328396571155E+002 -0.192789145938261E+002  0.673022441080320E+002 -0.797671419234579E+000  0.367977714240185E+001  0.325933469692217E+002 -0.167451030290137E+002 -0.207610010408572E+002
  0.439445323776595E-007  0.450935361861221E+002 -0.191938861923001E+002  0.692806980813520E+002 -0.454177035500470E+000  0.315566403212125E+001  0.881382557011625E+002 -0.167451030290137E+002 -0.206413493053605E+002
  0.438100880489425E-007  0.450863752992116E+002 -0.192265190847048E+002  0.686475874223998E+002 -0.971316956518361E+000  0.691256066304980E+001  0.736279783453069E+002 -0.167451030290137E+002 -0.206377688619052E+002
  0.485405267104983E-007  0.448680163344027E+002 -0.190957490488611E+002  0.721686772418096E+002 -0.466039050979669E+000  0.121615657046310E+001  0.414468739705377E+002 -0.167451030290137E+002 -0.205285893795008E+002
  0.488995180036187E-007  0.448399902722554E+002 -0.192747223734053E+002  0.655717773851175E+002 -0.649140764318523E-001 -0.338735581601164E+001 -0.528077590093514E+002 -0.167451030290137E+002 -0.205145763484271E+002
  0.496184802792664E-007  0.447975095649023E+002 -0.192720687977144E+002  0.676162446935141E+002 -0.728657669335964E+000  0.377895334302215E+001  0.558772322159653E+002 -0.167451030290137E+002 -0.204933359947506E+002
  0.493575814374498E-007  0.447947644207603E+002 -0.190866781316492E+002  0.720141423604912E+002 -0.473294059504441E+000  0.219756497226035E+001  0.183097257217398E+002 -0.167451030290137E+002 -0.204919634226796E+002
  0.533560568674840E-007  0.446256830910733E+002 -0.193798139715567E+002  0.645632291893880E+002 -0.101878732581208E+001  0.674191174179585E+001  0.525130703826107E+002 -0.167451030290137E+002 -0.204074227578361E+002
  0.537288002231203E-007  0.445984706603124E+002 -0.191272097514226E+002  0.713948751696948E+002 -0.367834944610586E+000 -0.124926440090878E+001 -0.939361238409571E+002 -0.167451030290137E+002 -0.203938165424556E+002
  0.568457537652006E-007  0.444723968733758E+002 -0.192839185694084E+002  0.655791145648104E+002 -0.105218066616380E+000 -0.260612659849243E+001 -0.243353187834820E+002 -0.167451030290137E+002 -0.203307796489873E+002
  0.565184327750648E-007  0.444706571814366E+002 -0.193542599923694E+002  0.631391783305253E+002 -0.167075463217903E+000 -0.279240041162090E+001 -0.841269465917925E+002 -0.167451030290137E+002 -0.203299098030177E+002
  0.640490751662679E-007  0.442072025755209E+002 -0.191829522046385E+002  0.684049787415019E+002 -0.258496505574367E+000  0.374195095376866E+000 -0.405175192964597E+002 -0.167451030290137E+002 -0.201981825000599E+002
  0.705914294030591E-007  0.439993951869222E+002 -0.193008755868546E+002  0.662934419483262E+002 -0.849781130747292E+000  0.608033202123710E+001  0.868127286254276E+002 -0.167451030290137E+002 -0.200942788057605E+002
  0.757643582466721E-007  0.438446676341536E+002 -0.193853832619532E+002  0.639277242954163E+002 -0.786217733521207E+000  0.643710583923137E+001  0.789856252929318E+002 -0.167451030290137E+002 -0.200169150293762E+002
  0.781628792331010E-007  0.437690448077202E+002 -0.193066980066722E+002  0.648185971012192E+002 -0.881919825297821E-001 -0.417792028476335E+001 -0.857709552517948E+002 -0.167451030290137E+002 -0.199791036161595E+002
  0.789843087461469E-007  0.437348469932112E+002 -0.191379057765312E+002  0.710444921594874E+002 -0.317267453364684E+000 -0.266087250649627E+001 -0.982909616563105E+002 -0.167451030290137E+002 -0.199620047089050E+002
  0.898217027016606E-007  0.434644030777166E+002 -0.193894177541223E+002  0.630882063423957E+002 -0.441118887045305E+000  0.665156294715173E+000  0.103445987370770E+002 -0.167451030290137E+002 -0.198267827511577E+002
  0.940887191020261E-007  0.433582909261090E+002 -0.193820837502251E+002  0.625205968789181E+002 -0.318981421048976E+000 -0.144064007278118E+000 -0.859283697635676E+002 -0.167451030290137E+002 -0.197737266753539E+002
  0.100294149559618E-006  0.432172634277416E+002 -0.193367508133372E+002  0.634964821005107E+002 -0.280143928749267E+000  0.152001292607713E+000  0.217434226503534E+002 -0.167451030290137E+002 -0.197032129261702E+002
  0.105869961044138E-006  0.430957659532148E+002 -0.191908230930411E+002  0.686857910585501E+002 -0.400486043867216E+000 -0.157016558547007E+001 -0.774954842956463E+002 -0.167451030290137E+002 -0.196424641889068E+002
  0.107541103656583E-006  0.430511537164030E+002 -0.191704249274809E+002  0.683922525272054E+002 -0.204157586538518E+000 -0.196480419626113E+001 -0.976232626876309E+002 -0.167451030290137E+002 -0.196201580705009E+002
  0.108718334521831E-006  0.430160899976161E+002 -0.192606543213068E+002  0.676852070469361E+002 -0.489280137843076E+000  0.537741103799011E+000  0.326334775523787E+002 -0.167451030290137E+002 -0.196026262111074E+002
  0.109773100688867E-006  0.429834907848082E+002 -0.191406672767641E+002  0.714045505805693E+002 -0.543195385927220E+000  0.183633919038466E+001  0.375376106445838E+002 -0.167451030290137E+002 -0.195863266047035E+002
  0.111484592256468E-006  0.429392599376352E+002 -0.192848696636468E+002  0.652238309363254E+002 -0.401755106814344E+000  0.756146449745941E+000  0.411910589406772E+001 -0.167451030290137E+002 -0.195642111811170E+002
  0.115272051156506E-006  0.428591536491796E+002 -0.193357911211839E+002  0.640845792180590E+002 -0.292719362819758E+000  0.148581766346027E+000 -0.328332703103943E+002 -0.167451030290137E+002 -0.195241580368892E+002
  0.118955738211830E-006  0.427829516051383E+002 -0.191998608376965E+002  0.694058912102454E+002 -0.103888648610905E+001  0.873000008323844E+001  0.992886959584585E+002 -0.167451030290137E+002 -0.194860570148686E+002
  0.143347274218934E-006  0.423966251173802E+002 -0.191466583773633E+002  0.695353447771103E+002 -0.376940366752581E+000  0.135848462109030E+001  0.901434805428134E+002 -0.167451030290137E+002 -0.192928937709895E+002
  0.146277369554120E-006  0.423428671648009E+002 -0.193620652677824E+002  0.629143695810386E+002 -0.118483141768871E+000 -0.420373500535301E+001 -0.851276119123836E+002 -0.167451030290137E+002 -0.192660147946999E+002
  0.204279187818436E-006  0.416616120491776E+002 -0.190842884694558E+002  0.722253788878113E+002 -0.440153000887120E+000  0.233205186878022E+001  0.751335718267161E+002 -0.167451030290137E+002 -0.189253872368882E+002
  0.207530537450078E-006  0.416167412210798E+002 -0.191426349026928E+002  0.705563606901247E+002 -0.210059597122389E+000 -0.391942523089070E+001 -0.945010976612320E+002 -0.167451030290137E+002 -0.189029518228393E+002
  0.206485516216978E-006  0.416135485890835E+002 -0.191053944496961E+002  0.714319066679777E+002 -0.413202080047641E+000  0.628992704701242E+000  0.710731866754739E+002 -0.167451030290137E+002 -0.189013555068412E+002
  0.208575833281793E-006  0.415801146769615E+002 -0.194005760957307E+002  0.625463375299194E+002 -0.582607362418229E+000  0.440425908248758E+001  0.840669399067502E+002 -0.167451030290137E+002 -0.188846385507802E+002
  0.228031876493458E-006  0.413884601025933E+002 -0.191861238768209E+002  0.699885799364490E+002 -0.507990848100704E+000  0.163174163277816E+001  0.823007572588623E+002 -0.167451030290137E+002 -0.187888112635961E+002
  0.244997407562504E-006  0.412316466156613E+002 -0.193500202401411E+002  0.633831120135183E+002 -0.423316494351069E+000  0.251071783672795E+001  0.679778903666541E+002 -0.167451030290137E+002 -0.187104045201301E+002
  0.249573671733788E-006  0.411813444902546E+002 -0.192137221419106E+002  0.678651027431076E+002 -0.285301218487181E+000  0.975092134136109E-001 -0.258111256269243E+002 -0.167451030290137E+002 -0.186852534574267E+002
  0.269565564493921E-006  0.410139404175252E+002 -0.193811098306383E+002  0.633722628066229E+002 -0.415294251571408E+000  0.434459982458931E+000  0.763871037569563E+002 -0.167451030290137E+002 -0.186015514210620E+002
  0.273036121465847E-006  0.409750664185836E+002 -0.193370314623783E+002  0.635712911445906E+002 -0.368768692354601E+000  0.190448723203518E+001  0.366417459776390E+002 -0.167451030290137E+002 -0.185821144215912E+002
  0.303862559258711E-006  0.407478345491881E+002 -0.191589101719753E+002  0.694745130174518E+002 -0.357098379195658E+000 -0.119646641266022E+001 -0.379136844085596E+002 -0.167451030290137E+002 -0.184684984868935E+002
  0.302610107682766E-006  0.407428060395341E+002 -0.192879765601222E+002  0.656004288542918E+002 -0.205019681324754E+000 -0.455521680786384E+001 -0.900410032383493E+002 -0.167451030290137E+002 -0.184659842320665E+002
  0.321812035888637E-006  0.406064720900079E+002 -0.191470934972518E+002  0.702405344566536E+002 -0.229300498329787E+000 -0.172518279077160E+001 -0.217340052896659E+002 -0.167451030290137E+002 -0.183978172573034E+002
  0.331512167735156E-006  0.405337892477509E+002 -0.192938447752596E+002  0.659204263265542E+002 -0.349319275838266E+000  0.340683066991939E+000  0.251048267809990E+001 -0.167451030290137E+002 -0.183614758361749E+002
  0.362728700448669E-006  0.403405188440814E+002 -0.192625205000300E+002  0.656134354671991E+002 -0.330932801377026E+000  0.866368578984142E+000  0.208721477929824E+002 -0.167451030290137E+002 -0.182648406343401E+002
  0.390382526926891E-006  0.401802859115673E+002 -0.193372710248094E+002  0.653048095556136E+002 -0.591440757213539E+000  0.291257580226757E+001  0.588092950082860E+002 -0.167451030290137E+002 -0.181847241680831E+002
  0.467079207739133E-006  0.398082533134972E+002 -0.191657172990411E+002  0.695268554523235E+002 -0.434579895347880E+000 -0.374245344908648E+000  0.403619482009213E+002 -0.167451030290137E+002 -0.179987078690480E+002
  0.502267063552364E-006  0.396496979793957E+002 -0.191393252666688E+002  0.709263428404446E+002 -0.326053947447234E+000 -0.186008876784952E+001 -0.508627068228556E+002 -0.167451030290137E+002 -0.179194302019973E+002
  0.535728041523108E-006  0.395074195544571E+002 -0.192763082570461E+002  0.653593863149992E+002 -0.350585249412862E+000  0.321054336461033E+000 -0.561105104850680E+002 -0.167451030290137E+002 -0.178482909895280E+002
  0.645808809028522E-006  0.391203767657558E+002 -0.193273178507242E+002  0.661908396759892E+002 -0.944121787424797E+000  0.503234881809967E+001  0.274910532268211E+002 -0.167451030290137E+002 -0.176547695951773E+002
  0.716614414146066E-006  0.388990188391577E+002 -0.193332387155731E+002  0.658692907165975E+002 -0.107069844319289E+001  0.869564583144577E+001  0.865430793672056E+002 -0.167451030290137E+002 -0.175440906318783E+002
  0.742006287419761E-006  0.388160901588376E+002 -0.192429549707218E+002  0.676691990958223E+002 -0.344032952460414E+000 -0.120615734394774E+001 -0.860803822377411E+002 -0.167451030290137E+002 -0.175026262917182E+002
  0.741460312081268E-006  0.388042732342520E+002 -0.192215213511488E+002  0.672221437437085E+002 -0.127980444568898E-001 -0.483080464651050E+001 -0.726267091933496E+002 -0.167451030290137E+002 -0.174967178294254E+002
  0.786328075606071E-006  0.386734792127842E+002 -0.192870579767681E+002  0.660978267996628E+002 -0.348333242712742E+000  0.627738159149198E+000  0.933588224344010E+002 -0.167451030290137E+002 -0.174313208186915E+002
  0.834850005927593E-006  0.385404341858214E+002 -0.191238573057317E+002  0.709426818908381E+002 -0.410505495953764E+000 -0.211437183711841E+000 -0.161450659569464E+002 -0.167451030290137E+002 -0.173647983052101E+002
  0.910978928064482E-006  0.383526097176993E+002 -0.191130338017237E+002  0.707354933684518E+002 -0.273541836168370E+000 -0.141786260366304E+001 -0.572614573365998E+002 -0.167451030290137E+002 -0.172708860711491E+002
  0.967904706289740E-006  0.382180928881068E+002 -0.192346254117095E+002  0.679979476103910E+002 -0.364476274432478E+000 -0.881246163423244E+000 -0.832736655384419E+002 -0.167451030290137E+002 -0.172036276563528E+002
  0.101853504166450E-005  0.381028297992119E+002 -0.191042291323472E+002  0.715276330386489E+002 -0.389491184001150E+000  0.156898127387503E+001  0.405584615781782E+002 -0.167451030290137E+002 -0.171459961119054E+002
  0.106170376167504E-005  0.380065215561003E+002 -0.192787176347737E+002  0.652438800351693E+002 -0.258993224762092E+000  0.430403773093078E+000 -0.551705827528292E+002 -0.167451030290137E+002 -0.170978419903496E+002
  0.108012365193924E-005  0.379588312966233E+002 -0.191642705215394E+002  0.713624103293112E+002 -0.101472606587272E+001  0.853688914656404E+001  0.960758829573195E+002 -0.167451030290137E+002 -0.170739968606111E+002
  0.108356985882642E-005  0.379391712352891E+002 -0.190957655683041E+002  0.718368753287345E+002 -0.478915573941900E+000  0.330843830644578E+001  0.724907217228041E+002 -0.167451030290137E+002 -0.170641668299440E+002
  0.110702063944771E-005  0.378830595839056E+002 -0.192261178521637E+002  0.685769678351487E+002 -0.981039947328759E+000  0.748685471938525E+001  0.682063229287197E+002 -0.167451030290137E+002 -0.170361110042522E+002
  0.118034447733608E-005  0.377415024429084E+002 -0.191680792498806E+002  0.703463393409506E+002 -0.469267900232865E+000 -0.219711597722146E+000 -0.289375339514472E+002 -0.167451030290137E+002 -0.169653324337536E+002
  0.126557197962150E-005  0.375887776535304E+002 -0.191203664433217E+002  0.714585029074674E+002 -0.377531721071410E+000 -0.183853865740564E+001 -0.805518991699304E+002 -0.167451030290137E+002 -0.168889700390646E+002
  0.131834357826221E-005  0.374937847563879E+002 -0.191364299439057E+002  0.701995010982683E+002 -0.259281643160215E+000 -0.121012775572557E+001 -0.471715250728228E+002 -0.167451030290137E+002 -0.168414735904934E+002
  0.139740265651869E-005  0.373640173018802E+002 -0.193148874172521E+002  0.640217237260517E+002 -0.123246660313545E+000 -0.302999892122013E+001 -0.583949965958324E+002 -0.167451030290137E+002 -0.167765898632395E+002
  0.141937547416705E-005  0.373195248169091E+002 -0.192639883095373E+002  0.661409069664692E+002 -0.387831250274085E+000 -0.678590197044645E+000 -0.430455047776991E+002 -0.167451030290137E+002 -0.167543436207540E+002
  0.146238484680183E-005  0.372465325477732E+002 -0.193736748208204E+002  0.635907544166525E+002 -0.489106180417714E+000  0.228364040350745E+001  0.741916112614241E+002 -0.167451030290137E+002 -0.167178474861860E+002
  0.151542552351021E-005  0.371619880356690E+002 -0.192335469222919E+002  0.664613051933642E+002 -0.112799116917566E+000 -0.343771790945157E+001 -0.994587086812801E+002 -0.167451030290137E+002 -0.166755752301339E+002
  0.163381903157077E-005  0.369982510194640E+002 -0.192401183722912E+002  0.670577470914762E+002 -0.294662301677780E+000  0.598375938273740E+000  0.875862809025962E+002 -0.167451030290137E+002 -0.165937067220314E+002
  0.171577782736330E-005  0.368870693681497E+002 -0.191848291969747E+002  0.698951239115926E+002 -0.472649642230714E+000 -0.660502840006281E-001 -0.453717991418512E+002 -0.167451030290137E+002 -0.165381158963743E+002
  0.173743514872751E-005  0.368486933790390E+002 -0.192787114376150E+002  0.652359789619867E+002 -0.142699349194681E+000 -0.438819761815722E+001 -0.913893405509210E+002 -0.167451030290137E+002 -0.165189279018189E+002
  0.178258979054592E-005  0.367840897493445E+002 -0.193322600728513E+002  0.646797275529584E+002 -0.410186907477286E+000  0.205839496495343E+001  0.466977951394656E+002 -0.167451030290137E+002 -0.164866260869717E+002
  0.183900134810225E-005  0.367084897973688E+002 -0.191072588396130E+002  0.712967067008227E+002 -0.512072901477280E+000  0.428200606938923E+001  0.921284327968330E+002 -0.167451030290137E+002 -0.164488261109838E+002
  0.201853176139904E-005  0.365089052766278E+002 -0.193848556613780E+002  0.633132725074273E+002 -0.742919434140208E+000  0.557138327002811E+001  0.549228237550914E+002 -0.167451030290137E+002 -0.163490338506133E+002
  0.202578497938954E-005  0.364884424446895E+002 -0.192789423197850E+002  0.655995843899824E+002 -0.365371565511358E+000 -0.123998205808976E+001 -0.823787758620047E+002 -0.167451030290137E+002 -0.163388024346442E+002
  0.223956020131947E-005  0.362745088826394E+002 -0.192138799317206E+002  0.687271015012173E+002 -0.787777176970292E+000  0.552271791815076E+001  0.427783064096300E+002 -0.167451030290137E+002 -0.162318356536191E+002
  0.223523920233494E-005  0.362650823170048E+002 -0.191140156554233E+002  0.711624447291323E+002 -0.256804136469737E+000 -0.329727273474926E+001 -0.929384619275548E+002 -0.167451030290137E+002 -0.162271223708018E+002
  0.225462818167228E-005  0.362345195811852E+002 -0.191457963568727E+002  0.709433025961907E+002 -0.464368578785723E+000  0.552426767620258E-001 -0.546203001032298E+002 -0.167451030290137E+002 -0.162118410028920E+002
  0.231246278318499E-005  0.361705744490798E+002 -0.191918168563837E+002  0.686054127267263E+002 -0.150655103846698E+000 -0.276979462713741E+001 -0.322129419093274E+002 -0.167451030290137E+002 -0.161798684368393E+002
  0.232621196643483E-005  0.361454291984603E+002 -0.193525338450972E+002  0.644831975694356E+002 -0.603425128918340E+000  0.486667279855431E+001  0.813908078680829E+002 -0.167451030290137E+002 -0.161672958115296E+002
  0.237793184366817E-005  0.360881601979221E+002 -0.193150134309210E+002  0.644426240992617E+002 -0.295674751372957E+000  0.983960802733391E+000  0.333368757672170E+002 -0.167451030290137E+002 -0.161386613112605E+002
  0.238291354577233E-005  0.360706855500354E+002 -0.192074883823186E+002  0.686168673184909E+002 -0.356189076893170E+000  0.285664850258559E+000  0.281185882666257E+002 -0.167451030290137E+002 -0.161299239873171E+002
  0.238133599696698E-005  0.360587209534594E+002 -0.192356098003031E+002  0.665054621706408E+002 -0.294791351673874E+000  0.149376170959053E+001  0.481482346166263E+002 -0.167451030290137E+002 -0.161239416890291E+002
  0.250491393724433E-005  0.359442464598130E+002 -0.192253200279762E+002  0.667256378584164E+002 -0.348912438665439E-001 -0.377256039530788E+001 -0.555642253441689E+002 -0.167451030290137E+002 -0.160667044422059E+002
  0.248898789457603E-005  0.359437138098813E+002 -0.192670262177903E+002  0.656166991648306E+002 -0.171979001949769E+000 -0.232016473950782E+001 -0.816696795768278E+002 -0.167451030290137E+002 -0.160664381172401E+002
  0.258345078879124E-005  0.358559250034678E+002 -0.191230912638324E+002  0.706689796994470E+002 -0.519552888243782E+000  0.458362382656145E+001  0.915697159355555E+002 -0.167451030290137E+002 -0.160225437140333E+002
  0.304280487624445E-005  0.355153284652324E+002 -0.191759201204367E+002  0.702315458748263E+002 -0.755485004558027E+000  0.666049432996448E+001  0.883184341366413E+002 -0.167451030290137E+002 -0.158522454449156E+002
  0.302869858781285E-005  0.355113328366115E+002 -0.192161156814447E+002  0.670949020262052E+002 -0.267191036614093E+000  0.151722759191401E+000 -0.913198144405369E+002 -0.167451030290137E+002 -0.158502476306052E+002
  0.344217055241659E-005  0.352421052938521E+002 -0.191991920718188E+002  0.676333282984668E+002 -0.226768478001082E+000 -0.957649198885507E+000 -0.412653425323999E+002 -0.167451030290137E+002 -0.157156338592255E+002
  0.349057448490993E-005  0.352008880392543E+002 -0.191633642040841E+002  0.701003286535323E+002 -0.563603260745802E+000  0.508640991167603E+001  0.960796183205241E+002 -0.167451030290137E+002 -0.156950252319266E+002
  0.385101417044144E-005  0.349910585478572E+002 -0.192336345423023E+002  0.667753995937006E+002 -0.432196061869922E+000  0.260678516016187E+001  0.675158020450426E+002 -0.167451030290137E+002 -0.155901104862280E+002
  0.404754009632029E-005  0.348782239055053E+002 -0.191412396331662E+002  0.699494472876618E+002 -0.152746891327856E+000 -0.361942010301092E+001 -0.836614432646717E+002 -0.167451030290137E+002 -0.155336931650521E+002
  0.407930878844234E-005  0.348492983270586E+002 -0.191762151593557E+002  0.698296268832048E+002 -0.441336550957731E+000  0.106056357090791E+000  0.138195801122780E+002 -0.167451030290137E+002 -0.155192303758287E+002
  0.439716291804518E-005  0.346859452773470E+002 -0.192534180774353E+002  0.669418427051198E+002 -0.462073672086677E+000  0.281951439092404E+000  0.428159951398557E+002 -0.167451030290137E+002 -0.154375538509729E+002
  0.452167812977996E-005  0.346168088899330E+002 -0.192668659480100E+002  0.655997919613219E+002 -0.328768629972453E+000  0.142438014047679E+000 -0.470801614567383E+002 -0.167451030290137E+002 -0.154029856572659E+002
  0.458968936295269E-005  0.345736614999480E+002 -0.192619666261273E+002  0.677339934854681E+002 -0.753864970993169E+000  0.628090448665028E+001  0.818109721495829E+002 -0.167451030290137E+002 -0.153814119622734E+002
  0.521968963408841E-005  0.343031212181305E+002 -0.193423815666649E+002  0.636538446675814E+002 -0.425853581027334E+000  0.143770119184968E+001  0.615763366186688E+001 -0.167451030290137E+002 -0.152461418213647E+002
  0.528691097477615E-005  0.342642397416097E+002 -0.192775855835144E+002  0.653475115164161E+002 -0.152621694337862E+000 -0.306591353077106E+001 -0.419318765904599E+002 -0.167451030290137E+002 -0.152267010831043E+002
  0.569226865765855E-005  0.341032011768058E+002 -0.191602679593190E+002  0.704264154788454E+002 -0.419458873415715E+000  0.902698975208907E-001 -0.282102298314160E+002 -0.167451030290137E+002 -0.151461818007023E+002
  0.608562733989597E-005  0.339562702134372E+002 -0.191885937478121E+002  0.697901687022573E+002 -0.484965695366417E+000  0.944294425489634E+000  0.660773664927056E+001 -0.167451030290137E+002 -0.150727163190180E+002
  0.688148871457180E-005  0.336971707395530E+002 -0.192903565701614E+002  0.661945607373796E+002 -0.332349693928597E+000 -0.316547357391682E+001 -0.957837851761630E+002 -0.167451030290137E+002 -0.149431665820759E+002
  0.713383295190129E-005  0.336118543352689E+002 -0.192130953080912E+002  0.691226752763719E+002 -0.100828115348638E+001  0.831334798371500E+001  0.850747735881921E+002 -0.167451030290137E+002 -0.149005083799339E+002
  0.730020884992276E-005  0.335524566769708E+002 -0.193255247436068E+002  0.652997971604297E+002 -0.444825097059182E+000  0.360345534675009E+000  0.334377613322784E+002 -0.167451030290137E+002 -0.148708095507848E+002
  0.760147897054640E-005  0.334582878466855E+002 -0.192184251222725E+002  0.688138205639041E+002 -0.467209886879475E+000  0.792653790747870E+000  0.225831232748461E+002 -0.167451030290137E+002 -0.148237251356421E+002
  0.833487391226415E-005  0.332607876435722E+002 -0.193520966952158E+002  0.642662850856911E+002 -0.848458604368242E+000  0.718677256526353E+001  0.908289857815192E+002 -0.167451030290137E+002 -0.147249750340855E+002
  0.945796758208546E-005  0.329946803020053E+002 -0.191676903001290E+002  0.690484050745175E+002 -0.199795161772083E+000 -0.261664114361755E+001 -0.351141705478486E+002 -0.167451030290137E+002 -0.145919213633021E+002
  0.978819617520512E-005  0.329127518742698E+002 -0.192496117354295E+002  0.669479315555894E+002 -0.218248989891987E+000 -0.201851006646107E+001 -0.380505930114372E+002 -0.167451030290137E+002 -0.145509571494343E+002
  0.976287543398248E-005  0.329046432220866E+002 -0.193763952595912E+002  0.633924795437403E+002 -0.514107749265225E+000  0.201674918155515E+001  0.900474725264533E+001 -0.167451030290137E+002 -0.145469028233427E+002
  0.102743715601857E-004  0.327892228860217E+002 -0.192176188947328E+002  0.681969814992537E+002 -0.328994779057657E+000 -0.240304174923580E+000 -0.146517681692346E+002 -0.167451030290137E+002 -0.144891926553103E+002
  0.121206142548172E-004  0.324454236726617E+002 -0.193141081778207E+002  0.646944861968995E+002 -0.505633707719465E+000  0.320412087639858E+001  0.690705372360959E+002 -0.167451030290137E+002 -0.143172930486303E+002
  0.130769329896131E-004  0.322802502328839E+002 -0.192865351925924E+002  0.677374050194829E+002 -0.950473474002415E+000  0.727374905913605E+001  0.846593565954072E+002 -0.167451030290137E+002 -0.142347063287414E+002
  0.140938970409759E-004  0.321171770832597E+002 -0.192470939157143E+002  0.667550803921119E+002 -0.487768084602029E+000  0.210580508500126E+001  0.381137153029795E+002 -0.167451030290137E+002 -0.141531697539293E+002
  0.141973956378056E-004  0.320892546532486E+002 -0.192225713413957E+002  0.679893109241983E+002 -0.446880089837587E+000  0.293735791933353E+001  0.507729620625409E+002 -0.167451030290137E+002 -0.141392085389237E+002
  0.155378085182482E-004  0.318955300258008E+002 -0.192762309290541E+002  0.668396472713239E+002 -0.551358905608020E+000  0.263629145148309E+001  0.179873949689354E+002 -0.167451030290137E+002 -0.140423462251998E+002
  0.166046051200280E-004  0.317494334188525E+002 -0.192177189911556E+002  0.686473519525253E+002 -0.411217992637267E+000  0.394831126538087E-001 -0.921632727540818E+001 -0.167451030290137E+002 -0.139692979217257E+002
  0.171671032696512E-004  0.316695145772091E+002 -0.191766740461548E+002  0.712186353283409E+002 -0.975502431529869E+000  0.727670503450119E+001  0.886014851575270E+002 -0.167451030290137E+002 -0.139293385009040E+002
  0.171149656522852E-004  0.316623088652907E+002 -0.191428697619689E+002  0.702953303289518E+002 -0.608573124199209E+000  0.407877949479756E+001  0.582550361147325E+002 -0.167451030290137E+002 -0.139257356449448E+002
  0.172513324013046E-004  0.316331475477583E+002 -0.192205696773502E+002  0.677297853567988E+002 -0.675239011364181E+000  0.563046975257272E+001  0.626868244718528E+002 -0.167451030290137E+002 -0.139111549861786E+002
  0.177085597231495E-004  0.315675409788989E+002 -0.191359333622784E+002  0.704949584191081E+002 -0.599890393769352E+000  0.503057250527318E+001  0.727972774707172E+002 -0.167451030290137E+002 -0.138783517017489E+002
  0.180718785703206E-004  0.315136340193298E+002 -0.191479733078777E+002  0.709950573598212E+002 -0.525533326753698E+000  0.195959628512875E+001  0.278395700557622E+002 -0.167451030290137E+002 -0.138513982219643E+002
  0.187498436319264E-004  0.314266882282438E+002 -0.192364663860928E+002  0.686291086784344E+002 -0.682899684551423E+000  0.419059744941372E+001  0.783946954071566E+002 -0.167451030290137E+002 -0.138079253264213E+002
  0.186801110504415E-004  0.314208512129736E+002 -0.193461379158519E+002  0.637797289194081E+002 -0.317319041372764E+000 -0.579995442782034E+000 -0.943559388014374E+002 -0.167451030290137E+002 -0.138050068187862E+002
  0.187874702409580E-004  0.313961005406774E+002 -0.193001633053800E+002  0.647311117328544E+002 -0.287859117747827E+000  0.538929097498134E+000  0.593942483020396E+002 -0.167451030290137E+002 -0.137926314826381E+002
  0.204028438006969E-004  0.312178432111748E+002 -0.191713343396261E+002  0.687726587560735E+002 -0.293156342185425E+000  0.301822115505111E+000 -0.283086568852470E+001 -0.167451030290137E+002 -0.137035028178868E+002
  0.220231571865922E-004  0.310517137136874E+002 -0.192382826915635E+002  0.685712734841198E+002 -0.971349127637194E+000  0.708853312908193E+001  0.828336319664860E+002 -0.167451030290137E+002 -0.136204380691431E+002
  0.235323940415624E-004  0.309058577429863E+002 -0.193000843914850E+002  0.647796232589981E+002 -0.422184107878852E+000  0.314287029010934E+001  0.754243958533133E+002 -0.167451030290137E+002 -0.135475100837926E+002
  0.254491273922821E-004  0.307359616305848E+002 -0.191523161660859E+002  0.694092328384773E+002 -0.308867634876637E+000  0.137632274031354E-001 -0.210617811562981E+002 -0.167451030290137E+002 -0.134625620275918E+002
  0.265559758423284E-004  0.306375258533473E+002 -0.191501585426265E+002  0.703149622125540E+002 -0.346950459091304E+000 -0.404719016620900E+000 -0.216058601602802E+002 -0.167451030290137E+002 -0.134133441389731E+002
  0.273760550999226E-004  0.305634089105335E+002 -0.193043615008268E+002  0.669429021169232E+002 -0.104891204123347E+001  0.784158689609338E+001  0.895076513591936E+002 -0.167451030290137E+002 -0.133762856675662E+002
  0.286468900272809E-004  0.304593675113349E+002 -0.192537725027575E+002  0.672989836390962E+002 -0.688107119814344E+000  0.549213348739057E+001  0.574782871026327E+002 -0.167451030290137E+002 -0.133242649679669E+002
  0.320860871203884E-004  0.302193231730922E+002 -0.191654547736875E+002  0.708081384297374E+002 -0.913200024701991E+000  0.732964730302305E+001  0.767936147784284E+002 -0.167451030290137E+002 -0.132042427988455E+002
  0.325679972337395E-004  0.301762188614098E+002 -0.193322640117104E+002  0.652593308618767E+002 -0.942736979974605E+000  0.719277859501247E+001  0.749704919511187E+002 -0.167451030290137E+002 -0.131826906430043E+002
  0.332429841727119E-004  0.301219025434713E+002 -0.193596646905122E+002  0.643677076415044E+002 -0.811540841202790E+000  0.452342655212851E+001  0.327788025801102E+002 -0.167451030290137E+002 -0.131555324840351E+002
  0.342494053335226E-004  0.300489625389953E+002 -0.192947080087198E+002  0.662315480847510E+002 -0.444653140208807E+000 -0.878737737914276E+000 -0.809437359742942E+002 -0.167451030290137E+002 -0.131190624817971E+002
  0.347648303791291E-004  0.300057993486852E+002 -0.193356748086198E+002  0.646022169417187E+002 -0.747263964963405E+000  0.701116567022725E+001  0.920985262984825E+002 -0.167451030290137E+002 -0.130974808866420E+002
  0.371492068445942E-004  0.298598379304706E+002 -0.192995269688669E+002  0.656985230511316E+002 -0.609846253531880E+000  0.270479174618311E+001  0.874301803855933E+001 -0.167451030290137E+002 -0.130245001775347E+002
  0.372538679583157E-004  0.298409221322647E+002 -0.191913561492341E+002  0.698995136251863E+002 -0.705129685802730E+000  0.438104093491637E+001  0.756348795892486E+002 -0.167451030290137E+002 -0.130150422784318E+002
  0.385024782998982E-004  0.297616993800154E+002 -0.191994138777370E+002  0.691325703602487E+002 -0.502307533615328E+000  0.109505473477554E+001  0.268959527422180E+002 -0.167451030290137E+002 -0.129754309023071E+002
  0.384486643339271E-004  0.297512076006557E+002 -0.191541841486984E+002  0.701434864869375E+002 -0.421672495755698E+000 -0.573145887432547E+000 -0.481465108143725E+002 -0.167451030290137E+002 -0.129701850126273E+002
  0.388437764677463E-004  0.297174706902348E+002 -0.191779313415665E+002  0.698235661697899E+002 -0.540541392687607E+000  0.267773854464621E+001  0.919565869503784E+002 -0.167451030290137E+002 -0.129533165574168E+002
  0.421187604150717E-004  0.295422908310170E+002 -0.191853013781942E+002  0.691123265035437E+002 -0.367673720554168E+000  0.144724031754881E+001  0.625614435102646E+002 -0.167451030290137E+002 -0.128657266278079E+002
  0.485977066174304E-004  0.292428355778593E+002 -0.192043013987671E+002  0.683237797236940E+002 -0.398268247000249E+000 -0.140039041692056E+001 -0.861820306446694E+002 -0.167451030290137E+002 -0.127159990012291E+002
  0.510394564633866E-004  0.291315011946215E+002 -0.192664796279877E+002  0.672049151757331E+002 -0.818949687576588E+000  0.568974231424252E+001  0.739824194568149E+002 -0.167451030290137E+002 -0.126603318096102E+002
  0.537890822404556E-004  0.290132690602059E+002 -0.193343725400602E+002  0.639439092632882E+002 -0.249527563207520E+000 -0.226901226739594E+001 -0.956619506638025E+002 -0.167451030290137E+002 -0.126012157424024E+002
  0.547125357901995E-004  0.289659352899156E+002 -0.192524179880703E+002  0.665098236062609E+002 -0.456563151635658E+000  0.381245832082525E+001  0.647735723470513E+002 -0.167451030290137E+002 -0.125775488572572E+002
  0.605937222423813E-004  0.287484493291144E+002 -0.192908185225941E+002  0.650015038672831E+002 -0.296168736850252E+000  0.579378021072008E+000  0.800415107911078E+002 -0.167451030290137E+002 -0.124688058768566E+002
  0.626484802719116E-004  0.286684639851426E+002 -0.191811978818235E+002  0.696433204519164E+002 -0.468379584497434E+000  0.306500613386927E+000 -0.468415291528041E+002 -0.167451030290137E+002 -0.124288132048707E+002
  0.634628771527413E-004  0.286293435005804E+002 -0.191142239399040E+002  0.720200167632625E+002 -0.684951322559853E+000  0.339061556052394E+001  0.218628975280428E+002 -0.167451030290137E+002 -0.124092529625896E+002
  0.701134486838101E-004  0.284167354102551E+002 -0.192261789245610E+002  0.685606617594873E+002 -0.509931430771236E+000  0.188734171888624E+001  0.477156801580443E+002 -0.167451030290137E+002 -0.123029489174270E+002
  0.715046207755592E-004  0.283641514283764E+002 -0.191864858632904E+002  0.692676520473209E+002 -0.297782496028681E+000 -0.243932494446463E+001 -0.769257702103459E+002 -0.167451030290137E+002 -0.122766569264876E+002
  0.766445367570083E-004  0.282120298354422E+002 -0.191998327539671E+002  0.689859827021625E+002 -0.333681960042075E+000 -0.224576316421689E+001 -0.640336890791268E+002 -0.167451030290137E+002 -0.122005961300205E+002
  0.793989415524639E-004  0.281281273300070E+002 -0.192145190769840E+002  0.673022958118696E+002 -0.297036843197501E+000 -0.237725476120323E+000 -0.551719626598268E+001 -0.167451030290137E+002 -0.121586448773029E+002
  0.815639238838639E-004  0.280610342098620E+002 -0.191586582127558E+002  0.693217747835556E+002 -0.408232338070067E+000  0.263891392235176E+001  0.926138758424457E+002 -0.167451030290137E+002 -0.121250983172304E+002
  0.869583384462330E-004  0.279196609632611E+002 -0.192993250064289E+002  0.651191726534105E+002 -0.459659124251924E+000  0.105267793681801E+001  0.310049266355350E+001 -0.167451030290137E+002 -0.120544116939300E+002
  0.869934380778556E-004  0.279055647660414E+002 -0.191932934734132E+002  0.692662249343368E+002 -0.406769263575990E+000  0.476217987635417E+000  0.394860419303776E+002 -0.167451030290137E+002 -0.120473635953201E+002
  0.890763846430751E-004  0.278449525513212E+002 -0.192625387982315E+002  0.683077598022661E+002 -0.832646178572358E+000  0.485428191491956E+001  0.435612027181634E+002 -0.167451030290137E+002 -0.120170574879600E+002
  0.917764898445688E-004  0.277719396521703E+002 -0.191915080956998E+002  0.686636576010290E+002 -0.172864597446664E+000 -0.400054252922935E+001 -0.960512776660452E+002 -0.167451030290137E+002 -0.119805510383846E+002
  0.100455096439825E-003  0.275779412404449E+002 -0.193462916197515E+002  0.637557484122144E+002 -0.390331944199305E+000  0.102797964880385E+001  0.760497289615472E+001 -0.167451030290137E+002 -0.118835518325219E+002
  0.111472163644342E-003  0.273565239944919E+002 -0.193491640800032E+002  0.645121944573030E+002 -0.796720920368083E+000  0.573528099616545E+001  0.674136658668718E+002 -0.167451030290137E+002 -0.117728432095454E+002
  0.113093077341844E-003  0.273143623757821E+002 -0.192883387803988E+002  0.663256175873015E+002 -0.395095153843986E+000 -0.146801277135096E+001 -0.670942282742844E+002 -0.167451030290137E+002 -0.117517624001905E+002
  0.121864907193648E-003  0.271516694100149E+002 -0.191493030527892E+002  0.696510198793022E+002 -0.287835228942554E+000 -0.115682346726080E+001 -0.510582836791588E+002 -0.167451030290137E+002 -0.116704159173069E+002
  0.121523050922625E-003  0.271439986221873E+002 -0.192705627984132E+002  0.669871687641219E+002 -0.454116589218752E+000  0.173172565872152E+001  0.924789652651880E+002 -0.167451030290137E+002 -0.116665805233931E+002
  0.125426514283180E-003  0.270674773783499E+002 -0.193708498665620E+002  0.636233639955218E+002 -0.545814774791028E+000  0.279749387631929E+001  0.316535145304275E+002 -0.167451030290137E+002 -0.116283199014744E+002
  0.130173244911771E-003  0.269798959470826E+002 -0.192927295998788E+002  0.653433712254135E+002 -0.356928020356002E+000 -0.100117107075406E+001 -0.435102174509349E+002 -0.167451030290137E+002 -0.115845291858407E+002
  0.143114098528151E-003  0.267770548866657E+002 -0.193083086129980E+002  0.657695183821613E+002 -0.815121507411803E+000  0.451655442860363E+001  0.296432403153255E+002 -0.167451030290137E+002 -0.114831086556323E+002
  0.150108506132622E-003  0.266683333954564E+002 -0.192080153656555E+002  0.688127561788666E+002 -0.613772652150890E+000  0.375253727079060E+001  0.853708593026571E+002 -0.167451030290137E+002 -0.114287479100276E+002
  0.153881760092118E-003  0.266053920918263E+002 -0.191895916894798E+002  0.683460529800910E+002 -0.233275060827703E+000 -0.210561429886698E+001 -0.907373007123322E+002 -0.167451030290137E+002 -0.113972772582126E+002
  0.156709337738100E-003  0.265556865632082E+002 -0.192298388732613E+002  0.682709067215779E+002 -0.614366212007056E+000  0.491391473845309E+001  0.748954321656437E+002 -0.167451030290137E+002 -0.113724244939035E+002
  0.156677562251163E-003  0.265428030529502E+002 -0.193394140056194E+002  0.644846848459185E+002 -0.442460395979696E+000  0.229949088670758E+001  0.698277076909922E+002 -0.167451030290137E+002 -0.113659827387745E+002
  0.159901907898323E-003  0.264887727641352E+002 -0.191188848778761E+002  0.719849561628086E+002 -0.774972424349283E+000  0.621537270009995E+001  0.827859718671173E+002 -0.167451030290137E+002 -0.113389675943670E+002
  0.171425163986685E-003  0.263363111623213E+002 -0.192484328309373E+002  0.677749538401119E+002 -0.521465184266857E+000  0.145275891314529E+001  0.264108244252781E+002 -0.167451030290137E+002 -0.112627367934601E+002
  0.176744615091190E-003  0.262619040203067E+002 -0.192979564785523E+002  0.653618527428300E+002 -0.583725893806471E+000  0.418562548648709E+001  0.747239954593005E+002 -0.167451030290137E+002 -0.112255332224528E+002
  0.178491430066471E-003  0.262289454325344E+002 -0.191920000477060E+002  0.689050306406973E+002 -0.750491723213305E+000  0.655740870727717E+001  0.802844020713976E+002 -0.167451030290137E+002 -0.112090539285666E+002
  0.187649700316364E-003  0.261155836684778E+002 -0.192316659544794E+002  0.674310457643196E+002 -0.325795004270184E+000  0.727029517549227E+000  0.637175527199668E+002 -0.167451030290137E+002 -0.111523730465383E+002
  0.192593986020469E-003  0.260502798928392E+002 -0.191412073645947E+002  0.706687595051217E+002 -0.433824227220047E+000  0.160347663869301E+001  0.432321823009382E+002 -0.167451030290137E+002 -0.111197211587190E+002
  0.198711468107141E-003  0.259744516275325E+002 -0.193446832345201E+002  0.655726006596624E+002 -0.895253159533034E+000  0.575264944393688E+001  0.569420998062809E+002 -0.167451030290137E+002 -0.110818070260657E+002
  0.199372330067601E-003  0.259545221053771E+002 -0.192893899419606E+002  0.654906068192559E+002 -0.199258902778079E+000 -0.300540667592380E+001 -0.811819994422877E+002 -0.167451030290137E+002 -0.110718422649880E+002
  0.218490383080673E-003  0.257580971834052E+002 -0.192297524867616E+002  0.669568029941971E+002 -0.257345557702045E+000 -0.835921214325793E+000 -0.438829213616074E+002 -0.167451030290137E+002 -0.109736298040020E+002
  0.223791138578133E-003  0.256968656987365E+002 -0.191251820887220E+002  0.717407827577934E+002 -0.776595309954678E+000  0.531034653928030E+001  0.535448439273307E+002 -0.167451030290137E+002 -0.109430140616677E+002
  0.224175612817460E-003  0.256801435519612E+002 -0.192310965366840E+002  0.678750699888151E+002 -0.472596598642973E+000  0.107895234769678E+001  0.764883611699352E+002 -0.167451030290137E+002 -0.109346529882800E+002
  0.234778247088712E-003  0.255744310490339E+002 -0.192179361491132E+002  0.673758187124971E+002 -0.204485936129876E+000 -0.262258351730048E+001 -0.998481923418304E+002 -0.167451030290137E+002 -0.108817967368164E+002
  0.233787967015534E-003  0.255695956806403E+002 -0.193426389352072E+002  0.647814888214477E+002 -0.712709404692660E+000  0.378833988358171E+001  0.356091257225979E+002 -0.167451030290137E+002 -0.108793790526196E+002
  0.238556456312230E-003  0.255159237638042E+002 -0.192366631819000E+002  0.672011434638630E+002 -0.183029570201784E+000 -0.392134617088995E+001 -0.700845202987082E+002 -0.167451030290137E+002 -0.108525430942015E+002
  0.239638096469153E-003  0.254935869634123E+002 -0.192212268062208E+002  0.694028382841311E+002 -0.807125567356201E+000  0.385359828531372E+001  0.303201340224253E+002 -0.167451030290137E+002 -0.108413746940056E+002
  0.241679652873992E-003  0.254633313842101E+002 -0.192942010686984E+002  0.650809977560315E+002 -0.200484717748930E+000 -0.369633446450708E+001 -0.921931408096819E+002 -0.167451030290137E+002 -0.108262469044045E+002
  0.244190588746395E-003  0.254293704566953E+002 -0.192174758579285E+002  0.685145128792024E+002 -0.414999347976410E+000  0.798385594773059E+000  0.507565910972878E+002 -0.167451030290137E+002 -0.108092664406471E+002
  0.262806273982283E-003  0.252691450950292E+002 -0.192983294924856E+002  0.652486024892111E+002 -0.559946787047847E+000  0.469542552217345E+001  0.661434286251377E+002 -0.167451030290137E+002 -0.107291537598140E+002
  0.267193384528719E-003  0.252227449637330E+002 -0.193415013393417E+002  0.652462420635845E+002 -0.678003800370087E+000  0.317852774688775E+001  0.202159983598234E+002 -0.167451030290137E+002 -0.107059536941659E+002
  0.269579365912458E-003  0.251916755636549E+002 -0.191828121371612E+002  0.704801570239991E+002 -0.100586855847642E+001  0.746404372260330E+001  0.734692336055975E+002 -0.167451030290137E+002 -0.106904189941268E+002
  0.270436607526089E-003  0.251720367228335E+002 -0.192604975751595E+002  0.659796199124552E+002 -0.295087893213384E+000  0.476928117175541E+000 -0.518452949856767E+002 -0.167451030290137E+002 -0.106805995737162E+002
  0.269580376340488E-003  0.251650898964636E+002 -0.192640420491924E+002  0.662078539294861E+002 -0.121223992416968E+000 -0.463930228763377E+001 -0.956335961537025E+002 -0.167451030290137E+002 -0.106771261605312E+002
  0.271288833277336E-003  0.251391658701676E+002 -0.191907147724115E+002  0.685672226536913E+002 -0.322961514147958E+000  0.860409640925306E+000  0.919399985675967E+002 -0.167451030290137E+002 -0.106641641473832E+002
  0.279864690757196E-003  0.250636324241139E+002 -0.192616169964451E+002  0.665782164907816E+002 -0.382693220147119E+000  0.185854512436729E+001  0.408609357938956E+002 -0.167451030290137E+002 -0.106263974243564E+002
  0.279512808786136E-003  0.250528595787310E+002 -0.191544691607691E+002  0.695560422766708E+002 -0.316985666557567E+000 -0.816386280613319E+000 -0.757116610580358E+002 -0.167451030290137E+002 -0.106210110016649E+002
  0.278273784564583E-003  0.250484558001420E+002 -0.192384876025578E+002  0.684712879438056E+002 -0.693352873823607E+000  0.507401621391593E+001  0.733768506854861E+002 -0.167451030290137E+002 -0.106188091123704E+002
  0.293583773399055E-003  0.249280515909484E+002 -0.192289535915787E+002  0.677112146193370E+002 -0.649065118667532E+000  0.464091301930140E+001  0.417562597686818E+002 -0.167451030290137E+002 -0.105586070077736E+002
  0.292258594153439E-003  0.249238105469583E+002 -0.192172697789438E+002  0.693929351486196E+002 -0.745034334882615E+000  0.430607863921396E+001  0.389620759184083E+002 -0.167451030290137E+002 -0.105564864857786E+002
  0.294821098858219E-003  0.248930620194120E+002 -0.192734386250449E+002  0.671188331462938E+002 -0.590962148677058E+000  0.386129856330021E+001  0.662344418330719E+002 -0.167451030290137E+002 -0.105411122220054E+002
  0.301265096927943E-003  0.248365291939681E+002 -0.192640137456755E+002  0.660179958745353E+002 -0.310193121624032E+000 -0.168936211535518E+001 -0.654660052681039E+002 -0.167451030290137E+002 -0.105128458092835E+002
  0.304388354555196E-003  0.248026125677770E+002 -0.192345636074067E+002  0.670455224582143E+002 -0.302249869923311E+000  0.447511107023981E+000  0.762744294835794E+002 -0.167451030290137E+002 -0.104958874961879E+002
  0.303173930021916E-003  0.247973188841707E+002 -0.192933310290197E+002  0.661628955013573E+002 -0.428853388120219E+000  0.298178481169266E+000 -0.312222504305504E+002 -0.167451030290137E+002 -0.104932406543848E+002
  0.308808455083571E-003  0.247472007368662E+002 -0.191616587350881E+002  0.698829486362185E+002 -0.620400920100961E+000  0.404535717971113E+001  0.612828783405652E+002 -0.167451030290137E+002 -0.104681815807325E+002
  0.307065163883201E-003  0.247452340773463E+002 -0.192954524859343E+002  0.673330672103218E+002 -0.896428599161466E+000  0.521343221126422E+001  0.421891180946436E+002 -0.167451030290137E+002 -0.104671982509726E+002
  0.306509982199875E-003  0.247355643160513E+002 -0.192417590113675E+002  0.672347440519936E+002 -0.312171694004371E+000 -0.103521721979762E+001 -0.790596310132228E+002 -0.167451030290137E+002 -0.104623633703251E+002
  0.312156350697121E-003  0.246857675043737E+002 -0.193600754359688E+002  0.643153755984170E+002 -0.685931118725788E+000  0.443335804017203E+001  0.597811795641501E+002 -0.167451030290137E+002 -0.104374649644863E+002
  0.316254394384278E-003  0.246463929211095E+002 -0.193168153038659E+002  0.652846473736549E+002 -0.437653219373702E+000 -0.850881541073463E-001  0.663255561376133E+002 -0.167451030290137E+002 -0.104177776728542E+002
  0.314549202828456E-003  0.246439166827569E+002 -0.192690013153007E+002  0.664622679408087E+002 -0.292800017694052E+000 -0.310362998033729E+001 -0.812872301893434E+002 -0.167451030290137E+002 -0.104165395536779E+002
  0.312587488729789E-003  0.246431398328393E+002 -0.192926744825028E+002  0.651489409241346E+002 -0.419143661037184E+000  0.217631609351373E+001  0.265073916925688E+002 -0.167451030290137E+002 -0.104161511287191E+002
  0.310895141201377E-003  0.246407081577188E+002 -0.192066456141376E+002  0.684839429815373E+002 -0.407643079656486E+000  0.144071155908906E+001  0.162281564917076E+002 -0.167451030290137E+002 -0.104149352911588E+002
  0.311132805434559E-003  0.246258907535233E+002 -0.192038001341080E+002  0.690323907336086E+002 -0.451060214507157E+000  0.924206146365412E+000  0.744625087693059E+002 -0.167451030290137E+002 -0.104075265890611E+002
  0.309235565469554E-003  0.246248346958733E+002 -0.192806635152824E+002  0.658193293143953E+002 -0.318896121848580E+000  0.625248618765379E-001 -0.847540753070433E+002 -0.167451030290137E+002 -0.104069985602361E+002
  0.307619380096034E-003  0.246220257992280E+002 -0.191808012969001E+002  0.696407744563659E+002 -0.749759920985201E+000  0.448711879762669E+001  0.440092990757486E+002 -0.167451030290137E+002 -0.104055941119134E+002
  0.319808483800264E-003  0.245310185365028E+002 -0.193227499196585E+002  0.662773765430120E+002 -0.937903611317676E+000  0.765746187759320E+001  0.917091396571862E+002 -0.167451030290137E+002 -0.103600904805508E+002
  0.325017205754320E-003  0.244854178646518E+002 -0.193238336854455E+002  0.645114653894439E+002 -0.560435359823748E+000  0.410412495021438E+001  0.535485555984515E+002 -0.167451030290137E+002 -0.103372901446253E+002
  0.334074832087672E-003  0.244171549905397E+002 -0.191437822736227E+002  0.704234597114478E+002 -0.434675862242795E+000  0.254690151673276E+001  0.912391100603452E+002 -0.167451030290137E+002 -0.103031587075692E+002
  0.334175273657315E-003  0.244032646836762E+002 -0.191615085123298E+002  0.697554684424073E+002 -0.420329822904253E+000  0.592414340491985E+000  0.395638385258638E+002 -0.167451030290137E+002 -0.102962135541375E+002
  0.333643413218885E-003  0.243931612566298E+002 -0.193009990807209E+002  0.658877032220266E+002 -0.437060485327723E+000 -0.185222950909164E+000 -0.753151327775027E+002 -0.167451030290137E+002 -0.102911618406143E+002
  0.337812410931501E-003  0.243550362779824E+002 -0.191495360997980E+002  0.708640328140508E+002 -0.772689006392642E+000  0.466341860855898E+001  0.351181635883933E+002 -0.167451030290137E+002 -0.102720993512906E+002
  0.350824357001754E-003  0.242661572992512E+002 -0.191393163656391E+002  0.704467709194810E+002 -0.503275616211503E+000  0.310322616611526E+001  0.455559388758791E+002 -0.167451030290137E+002 -0.102276598619250E+002
  0.369247253078590E-003  0.241505066310648E+002 -0.191702119341707E+002  0.703167254327836E+002 -0.931533453789656E+000  0.798875258701001E+001  0.954502790688300E+002 -0.167451030290137E+002 -0.101698345278318E+002
  0.385711967621570E-003  0.240499687239142E+002 -0.192089064981692E+002  0.683746412037180E+002 -0.576510972044967E+000  0.520580247248335E+001  0.843633948283212E+002 -0.167451030290137E+002 -0.101195655742565E+002
  0.405618182405591E-003  0.239360368651983E+002 -0.193071231903706E+002  0.661962691103806E+002 -0.710244703462283E+000  0.479453841740001E+001  0.814816548355922E+002 -0.167451030290137E+002 -0.100625996448986E+002
  0.406998901248407E-003  0.239159513675305E+002 -0.191250856737232E+002  0.711392456801812E+002 -0.527710032685022E+000  0.182375039744627E+001  0.885965009263697E+001 -0.167451030290137E+002 -0.100525568960647E+002
  0.426464160029916E-003  0.238092265924091E+002 -0.191410845542966E+002  0.708091754328128E+002 -0.568385205240431E+000  0.259720382430450E+001  0.321192737264144E+002 -0.167451030290137E+002 -0.999919450850398E+001
  0.428556570983822E-003  0.237861486676838E+002 -0.193070130963397E+002  0.669121090559820E+002 -0.106543910182626E+001  0.803343174708883E+001  0.813198721626214E+002 -0.167451030290137E+002 -0.998765554614133E+001
  0.430649746580851E-003  0.237631148692703E+002 -0.191467593040524E+002  0.703671000957387E+002 -0.415375851850204E+000  0.127526206858729E+001  0.296214941562709E+002 -0.167451030290137E+002 -0.997613864693457E+001
  0.435775705280316E-003  0.237261606502878E+002 -0.191838509840268E+002  0.692204255222468E+002 -0.778588497978750E+000  0.704602249293817E+001  0.994582975025597E+002 -0.167451030290137E+002 -0.995766153744334E+001
  0.441594522662726E-003  0.236863427289602E+002 -0.191549142680168E+002  0.700414868925484E+002 -0.388971849213375E+000  0.148309909602491E+001  0.935339396769380E+002 -0.167451030290137E+002 -0.993775257677951E+001
  0.457554029642931E-003  0.236020478758681E+002 -0.192040485701659E+002  0.679239518704307E+002 -0.333768228845170E+000 -0.197043715508400E+000  0.564103880183976E+002 -0.167451030290137E+002 -0.989560515023346E+001
  0.456941284526503E-003  0.235914389362932E+002 -0.193340370471420E+002  0.649639630266782E+002 -0.600884740417472E+000  0.308784954448643E+001  0.443962751739102E+002 -0.167451030290137E+002 -0.989030068044601E+001
  0.461772985240244E-003  0.235571128628807E+002 -0.192552205570273E+002  0.672527666865313E+002 -0.507295542762473E+000  0.367318113217058E+001  0.779684289985080E+002 -0.167451030290137E+002 -0.987313764373977E+001
  0.468534568526879E-003  0.235147508012028E+002 -0.192276745096782E+002  0.693369802855568E+002 -0.883038708706708E+000  0.540481753073376E+001  0.436109121154484E+002 -0.167451030290137E+002 -0.985195661290082E+001
  0.499361296045066E-003  0.233740217369016E+002 -0.192930210655409E+002  0.673545809903297E+002 -0.911452496066617E+000  0.642701568316798E+001  0.712746586611344E+002 -0.167451030290137E+002 -0.978159208075021E+001
  0.521967833217792E-003  0.232721804717354E+002 -0.192595575341812E+002  0.664443427630573E+002 -0.518623402296897E+000  0.166972554276285E+001  0.762977918343921E+001 -0.167451030290137E+002 -0.973067144816713E+001
  0.525465043988381E-003  0.232455359767353E+002 -0.192865097808555E+002  0.663478214667041E+002 -0.679368116746248E+000  0.250973950703796E+001  0.121818267527212E+002 -0.167451030290137E+002 -0.971734920066709E+001
  0.522463162378337E-003  0.232437052709956E+002 -0.193002815897828E+002  0.652830825500573E+002 -0.279547038497587E+000 -0.246208305864814E+001 -0.606397002989988E+002 -0.167451030290137E+002 -0.971643384779722E+001
  0.556017844385359E-003  0.231059243671073E+002 -0.191286768620772E+002  0.712416850515178E+002 -0.634322827540086E+000  0.374157818450170E+001  0.362577247337292E+002 -0.167451030290137E+002 -0.964754339585305E+001
  0.559411367911234E-003  0.230804658532256E+002 -0.192658724794005E+002  0.673966702691972E+002 -0.585885878599637E+000  0.306374978092029E+001  0.539067083332236E+002 -0.167451030290137E+002 -0.963481413891220E+001
  0.604406695893142E-003  0.229124523543079E+002 -0.191930024484027E+002  0.694693771787133E+002 -0.869571009114794E+000  0.605068235065620E+001  0.569647396807699E+002 -0.167451030290137E+002 -0.955080738945336E+001
  0.605894231496437E-003  0.228942470159994E+002 -0.193034937056075E+002  0.654610518978669E+002 -0.353500814684872E+000 -0.671032466746384E+000 -0.766701090631374E+002 -0.167451030290137E+002 -0.954170472029910E+001
  0.616563546987919E-003  0.228460460126244E+002 -0.192629177131104E+002  0.671467815454766E+002 -0.445209729592121E+000  0.804655043690099E+000  0.787621510559911E+002 -0.167451030290137E+002 -0.951760421861164E+001
  0.613116485568341E-003  0.228439698292670E+002 -0.192480822469884E+002  0.675110136891234E+002 -0.383983249557370E+000 -0.110339628204499E+001 -0.647064863461440E+002 -0.167451030290137E+002 -0.951656612693292E+001
  0.625349621505945E-003  0.227911688549046E+002 -0.191489632948216E+002  0.699975986272041E+002 -0.386028461473163E+000  0.936594988334640E+000  0.320345882318353E+002 -0.167451030290137E+002 -0.949016563975171E+001
  0.643048268669020E-003  0.227220619662843E+002 -0.192760377194182E+002  0.658049377865964E+002 -0.310327441481469E+000  0.955470129016351E-001 -0.274930987380520E+002 -0.167451030290137E+002 -0.945561219544156E+001
  0.643593092343320E-003  0.227070790950777E+002 -0.192717959577362E+002  0.659739473971037E+002 -0.276717885159411E+000 -0.148954985064738E+001 -0.956386415194061E+002 -0.167451030290137E+002 -0.944812075983825E+001
  0.678673955914037E-003  0.225876417151071E+002 -0.192795908522894E+002  0.665931082200235E+002 -0.720516248987321E+000  0.452541830086134E+001  0.318300247344881E+002 -0.167451030290137E+002 -0.938840206985295E+001
  0.680592893781637E-003  0.225687056468338E+002 -0.192971403569622E+002  0.659981232396966E+002 -0.458142924176728E+000  0.184120498905560E+001  0.525365890431539E+002 -0.167451030290137E+002 -0.937893403571630E+001
  0.678865635768769E-003  0.225604987581822E+002 -0.192969437590524E+002  0.667264568174553E+002 -0.781401967242528E+000  0.608992921460373E+001  0.775948735398658E+002 -0.167451030290137E+002 -0.937483059139050E+001
  0.678636414089827E-003  0.225478850947264E+002 -0.193236996722104E+002  0.647989014729822E+002 -0.378156196778707E+000  0.298425849953951E+000  0.402813023075836E+001 -0.167451030290137E+002 -0.936852375966261E+001
  0.681195683270235E-003  0.225270678086910E+002 -0.192198223111107E+002  0.682622780617729E+002 -0.601209371705691E+000  0.315126619135568E+001  0.179256081744174E+002 -0.167451030290137E+002 -0.935811511664492E+001
  0.690566611889259E-003  0.224864530723696E+002 -0.192167598586056E+002  0.685213643059790E+002 -0.413901732176676E+000 -0.285392926679412E+000 -0.656427027008717E+002 -0.167451030290137E+002 -0.933780774848422E+001
  0.700198862954565E-003  0.224454600921897E+002 -0.192940748623586E+002  0.653303111998327E+002 -0.316623135551653E+000 -0.429354086433797E+000 -0.971941316039551E+002 -0.167451030290137E+002 -0.931731125839429E+001
  0.707365483088171E-003  0.224118048129582E+002 -0.191507227333737E+002  0.706823033817554E+002 -0.545556807385735E+000  0.286540746948047E+001  0.463310356333892E+002 -0.167451030290137E+002 -0.930048361877851E+001
  0.733456910995267E-003  0.223260729876307E+002 -0.192436548301123E+002  0.671221526645662E+002 -0.401514625927461E+000 -0.560709105773435E+000 -0.320693937440899E+002 -0.167451030290137E+002 -0.925761770611476E+001
  0.746588621141007E-003  0.222772929542224E+002 -0.191768294830106E+002  0.697109443586114E+002 -0.447271914612728E+000  0.164057875331135E+001  0.768485660065233E+002 -0.167451030290137E+002 -0.923322768941063E+001
  0.751040156684671E-003  0.222521142771331E+002 -0.192230519863878E+002  0.681518280782079E+002 -0.400267187020899E+000  0.128528408835964E+001  0.707378504139887E+002 -0.167451030290137E+002 -0.922063835086597E+001
  0.759534811350018E-003  0.222163311231729E+002 -0.191412425360479E+002  0.714918190946806E+002 -0.764510848870486E+000  0.553014767370093E+001  0.701752425930262E+002 -0.167451030290137E+002 -0.920274677388585E+001
  0.763432345457879E-003  0.221928053294802E+002 -0.193197862509393E+002  0.653017455369912E+002 -0.520888555095204E+000  0.304251337661890E+001  0.520004845957418E+002 -0.167451030290137E+002 -0.919098387703951E+001
  0.767128678329729E-003  0.221698561520884E+002 -0.192686776278761E+002  0.672779694566535E+002 -0.693870070846793E+000  0.508410195090771E+001  0.592418770513896E+002 -0.167451030290137E+002 -0.917950928834360E+001
  0.764334077832116E-003  0.221638662414779E+002 -0.193156854588252E+002  0.664510924504606E+002 -0.916006058976390E+000  0.731284676869438E+001  0.869389855375481E+002 -0.167451030290137E+002 -0.917651433303835E+001
  0.776798749159782E-003  0.221182244790622E+002 -0.191459229339631E+002  0.707349638094685E+002 -0.595184360426585E+000  0.324593255307763E+001  0.280981815256743E+002 -0.167451030290137E+002 -0.915369345183050E+001
  0.778974170249597E-003  0.220993422315882E+002 -0.191780403697439E+002  0.696059309030177E+002 -0.445680489657123E+000  0.979310965919868E+000  0.667721668504130E+002 -0.167451030290137E+002 -0.914425232809351E+001
  0.809191061622049E-003  0.220099388030672E+002 -0.191863606109651E+002  0.691092236444230E+002 -0.482757083835917E+000  0.139056069937743E+001  0.219358965823777E+002 -0.167451030290137E+002 -0.909955061383303E+001
  0.804781547631535E-003  0.220075780938281E+002 -0.193216860205621E+002  0.659588138899438E+002 -0.722559657810821E+000  0.414467726412097E+001  0.408480307366114E+002 -0.167451030290137E+002 -0.909837025921346E+001
  0.807714125826852E-003  0.219870143682741E+002 -0.191572002011376E+002  0.698839319083445E+002 -0.348230644887174E+000 -0.173882742285887E+001 -0.952544964884652E+002 -0.167451030290137E+002 -0.908808839643648E+001
  0.806142045338212E-003  0.219776217415522E+002 -0.192353816301301E+002  0.681248019647514E+002 -0.525941472211391E+000  0.265428469347878E+001  0.839191747963532E+002 -0.167451030290137E+002 -0.908339208307552E+001
  0.825428909623777E-003  0.219170462965118E+002 -0.192660165791272E+002  0.660608534310943E+002 -0.390552463928103E+000  0.117971676803569E+001  0.575431827923007E+002 -0.167451030290137E+002 -0.905310436055534E+001
  0.821370098622648E-003  0.219136158986238E+002 -0.192442113369693E+002  0.670880460269168E+002 -0.664794858989064E+000  0.614386092504546E+001  0.858393434458579E+002 -0.167451030290137E+002 -0.905138916161131E+001
  0.824777802855000E-003  0.218920463686479E+002 -0.192797790939448E+002  0.673437903017575E+002 -0.910705680297027E+000  0.489765288783678E+001  0.292950176161453E+002 -0.167451030290137E+002 -0.904060439662338E+001
  0.827714756397325E-003  0.218716481277272E+002 -0.191572992412994E+002  0.699719969820238E+002 -0.423691615368421E+000  0.135612362369051E+001  0.866593408263314E+002 -0.167451030290137E+002 -0.903040527616304E+001
  0.847444203093679E-003  0.218112462380862E+002 -0.193116856911358E+002  0.666782033179700E+002 -0.990582473017421E+000  0.751231908727420E+001  0.772865254278893E+002 -0.167451030290137E+002 -0.900020433134254E+001
  0.920316080456847E-003  0.216329727992045E+002 -0.191933757227717E+002  0.699124501211524E+002 -0.763959635402726E+000  0.549416794502015E+001  0.617030136692581E+002 -0.167451030290137E+002 -0.891106761190166E+001
  0.926357145175403E-003  0.216065983748248E+002 -0.193332104638086E+002  0.648184046045322E+002 -0.596197807363255E+000  0.427683880473914E+001  0.924099484752617E+002 -0.167451030290137E+002 -0.889788039971182E+001
  0.945475652261402E-003  0.215524527086552E+002 -0.192857850412499E+002  0.658197674918016E+002 -0.349233114508596E+000  0.986296957693265E+000  0.947879992286892E+002 -0.167451030290137E+002 -0.887080756662703E+001
  0.100487955778930E-002  0.214172939557648E+002 -0.192861876914375E+002  0.665935840167990E+002 -0.563848607826669E+000  0.365326070360260E+001  0.909725967761715E+002 -0.167451030290137E+002 -0.880322819018180E+001
  0.100262252296637E-002  0.214085020726877E+002 -0.191412917038325E+002  0.713958946080222E+002 -0.837593317455790E+000  0.666871410357318E+001  0.906321665284576E+002 -0.167451030290137E+002 -0.879883224864326E+001
  0.102456790391542E-002  0.213519092344483E+002 -0.192625392817578E+002  0.659847998370171E+002 -0.244288599588734E+000 -0.156863231734032E+001 -0.537733028179573E+002 -0.167451030290137E+002 -0.877053582952356E+001
  0.102830254286854E-002  0.213313432298483E+002 -0.193247311578786E+002  0.647244321533441E+002 -0.401886166142097E+000  0.123493889158448E+001  0.340960881040934E+002 -0.167451030290137E+002 -0.876025282722356E+001
  0.103366084712441E-002  0.213076595538118E+002 -0.192647584977077E+002  0.676840354393194E+002 -0.637895092161662E+000  0.218258603660538E+001  0.135000214721177E+002 -0.167451030290137E+002 -0.874841098920532E+001
  0.104843115447016E-002  0.212659940947824E+002 -0.192374512042343E+002  0.673661614125776E+002 -0.380293799455853E+000  0.214983857846996E+001  0.967341314943328E+002 -0.167451030290137E+002 -0.872757825969065E+001
  0.105100655923952E-002  0.212477981601552E+002 -0.191736621060802E+002  0.696750169709043E+002 -0.428806511100993E+000  0.301416609550142E+000 -0.647725247457123E+002 -0.167451030290137E+002 -0.871848029237702E+001
  0.110119387478328E-002  0.211412158764506E+002 -0.193540240868833E+002  0.640217340092116E+002 -0.593940329922260E+000  0.295156606515695E+001  0.209446848740957E+002 -0.167451030290137E+002 -0.866518915052472E+001
  0.109506273581279E-002  0.211390933457192E+002 -0.192390487083854E+002  0.691130898195273E+002 -0.977181394517047E+000  0.707241280603087E+001  0.800318620243775E+002 -0.167451030290137E+002 -0.866412788515904E+001
  0.109390261462599E-002  0.211279242048396E+002 -0.191947104417242E+002  0.684702033333832E+002 -0.501224671531984E+000  0.356629907080645E+001  0.965776377621387E+002 -0.167451030290137E+002 -0.865854331471923E+001
  0.113922321720177E-002  0.210334452005859E+002 -0.192202365982023E+002  0.688438832523431E+002 -0.609329905664915E+000  0.363252748681746E+001  0.571996372052600E+002 -0.167451030290137E+002 -0.861130381259239E+001
  0.113461714580841E-002  0.210282588434992E+002 -0.192854928321451E+002  0.660184197091302E+002 -0.389146966740161E+000  0.166151277848794E+001  0.848021727602097E+002 -0.167451030290137E+002 -0.860871063404903E+001
  0.115623466379856E-002  0.209772228211544E+002 -0.193317600664199E+002  0.645649187670226E+002 -0.425189535726473E+000  0.902127555702890E+000  0.657046466190070E+001 -0.167451030290137E+002 -0.858319262287662E+001
  0.118932319549144E-002  0.209075024236603E+002 -0.192173011219206E+002  0.678689884458285E+002 -0.618584689357334E+000  0.381099111335711E+001  0.322195613318852E+002 -0.167451030290137E+002 -0.854833242412958E+001
  0.122281900718376E-002  0.208386644325135E+002 -0.192223551348767E+002  0.675722612970549E+002 -0.363307011862551E+000 -0.125659029044851E+001 -0.732869544573295E+002 -0.167451030290137E+002 -0.851391342855619E+001
  0.123176376020795E-002  0.208107988695791E+002 -0.191947341829264E+002  0.692952101461583E+002 -0.486293242350885E+000  0.157918398312623E+001  0.263541628830499E+002 -0.167451030290137E+002 -0.849998064708897E+001
  0.128479871226819E-002  0.207131998475787E+002 -0.192673674799065E+002  0.660890873623846E+002 -0.556542100626624E+000  0.511034951070961E+001  0.989688812447999E+002 -0.167451030290137E+002 -0.845118113608875E+001
  0.144700442121313E-002  0.204621238798397E+002 -0.191781058787553E+002  0.693288066704233E+002 -0.469860928585595E+000  0.194659302194644E+001  0.596206829242893E+002 -0.167451030290137E+002 -0.832564315221926E+001
  0.144724645018027E-002  0.204485002982188E+002 -0.193034242074221E+002  0.650085667742613E+002 -0.405044471280832E+000  0.188442834987464E+001  0.299632965343962E+002 -0.167451030290137E+002 -0.831883136140880E+001
  0.147454649534092E-002  0.203978357516621E+002 -0.193174759856882E+002  0.647493792152129E+002 -0.363846579125353E+000  0.154881289947690E+000  0.275603259763377E+002 -0.167451030290137E+002 -0.829349908813048E+001
  0.149582865070134E-002  0.203558869603031E+002 -0.192432089566904E+002  0.665960486978934E+002 -0.341064538670826E+000  0.185633373288264E+000  0.444677703387047E+002 -0.167451030290137E+002 -0.827252469245099E+001
  0.153348224330281E-002  0.202928762936298E+002 -0.193212481249728E+002  0.653073246709479E+002 -0.608260557021507E+000  0.457840287254187E+001  0.688431305051332E+002 -0.167451030290137E+002 -0.824101935911431E+001
  0.156097793499496E-002  0.202440444462897E+002 -0.192251111824644E+002  0.682200297974106E+002 -0.433984675993591E+000 -0.417442910660736E+000 -0.629174330658532E+002 -0.167451030290137E+002 -0.821660343544429E+001
  0.155711458637766E-002  0.202357114044178E+002 -0.192448050639247E+002  0.684175243671108E+002 -0.745796672373219E+000  0.446182876530630E+001  0.404037715909793E+002 -0.167451030290137E+002 -0.821243691450833E+001
  0.158577094214252E-002  0.201859499121283E+002 -0.191653927669120E+002  0.698108917433602E+002 -0.413313712035350E+000  0.118065235353377E+001  0.579238850511138E+002 -0.167451030290137E+002 -0.818755616836359E+001
  0.160370287957646E-002  0.201501716922705E+002 -0.192096513089080E+002  0.687009928424621E+002 -0.428641254058221E+000 -0.185969525882475E+000 -0.823906397498887E+002 -0.167451030290137E+002 -0.816966705843467E+001
  0.160967530870660E-002  0.201294481429670E+002 -0.191634399940471E+002  0.697713788318270E+002 -0.387522246295701E+000  0.365159630349631E+000 -0.166876618310150E+002 -0.167451030290137E+002 -0.815930528378291E+001
  0.160377259506144E-002  0.201235065801418E+002 -0.192399792555651E+002  0.668235964242797E+002 -0.316227117200084E+000  0.765598136577360E+000  0.828485984806244E+002 -0.167451030290137E+002 -0.815633450237033E+001
  0.162493442095987E-002  0.200840000289166E+002 -0.191927448637701E+002  0.696653400612295E+002 -0.703619587501654E+000  0.506560634515747E+001  0.937642525383233E+002 -0.167451030290137E+002 -0.813658122675770E+001
  0.164669834842883E-002  0.200441012961828E+002 -0.192623197179524E+002  0.670646612816638E+002 -0.463891437815294E+000  0.130969300495352E+001  0.619527451392404E+002 -0.167451030290137E+002 -0.811663186039084E+001
  0.167321171889787E-002  0.199988668464221E+002 -0.192336127279218E+002  0.676662079293885E+002 -0.740664453563654E+000  0.631865820519464E+001  0.995810470021806E+002 -0.167451030290137E+002 -0.809401463551047E+001
  0.171277475312232E-002  0.199388382537453E+002 -0.192603792113637E+002  0.669963595623680E+002 -0.584475115765836E+000  0.460191129385752E+001  0.659655179107475E+002 -0.167451030290137E+002 -0.806400033917206E+001
  0.173220572329448E-002  0.199029874424965E+002 -0.192776569548057E+002  0.666446970356902E+002 -0.523096513113183E+000  0.363181188070487E+001  0.849651188706695E+002 -0.167451030290137E+002 -0.804607493354765E+001
  0.178145724173932E-002  0.198336261099864E+002 -0.192652068670438E+002  0.667250940542825E+002 -0.358341570709435E+000 -0.955216843792495E+000 -0.871256513490853E+002 -0.167451030290137E+002 -0.801139426729260E+001
  0.177321646406654E-002  0.198296102159789E+002 -0.192090922573416E+002  0.677272949591672E+002 -0.280372819981151E+000 -0.230689606502141E+001 -0.930102820466132E+002 -0.167451030290137E+002 -0.800938632028886E+001
  0.180498600488288E-002  0.197808056716706E+002 -0.192194865696192E+002  0.682435778323287E+002 -0.400729239279493E+000  0.115480859068868E+001  0.909510190694969E+002 -0.167451030290137E+002 -0.798498404813471E+001
  0.182790417709784E-002  0.197422821584333E+002 -0.192891286783520E+002  0.658774663570860E+002 -0.401006857824714E+000  0.144849175902951E+001  0.320893926982453E+002 -0.167451030290137E+002 -0.796572229151606E+001
  0.183893979943483E-002  0.197169547580567E+002 -0.191402462812050E+002  0.709619112320458E+002 -0.617065250113175E+000  0.387967968288997E+001  0.526651845387933E+002 -0.167451030290137E+002 -0.795305859132779E+001
  0.183755453448000E-002  0.197051728312271E+002 -0.191896072349858E+002  0.701166488225314E+002 -0.798293885736750E+000  0.477081770875722E+001  0.516473311689952E+002 -0.167451030290137E+002 -0.794716762791298E+001
  0.192068517189493E-002  0.196033910408916E+002 -0.192786890828212E+002  0.661605340370489E+002 -0.388766611432436E+000 -0.939837809745541E-001  0.190185103404927E+002 -0.167451030290137E+002 -0.789627673274522E+001
  0.194160009157343E-002  0.195684410757502E+002 -0.192032940250891E+002  0.685078971721505E+002 -0.423138898892174E+000 -0.985317124097964E-001 -0.460177995312684E+002 -0.167451030290137E+002 -0.787880175017451E+001
  0.197455849142152E-002  0.195214871860711E+002 -0.191990886297248E+002  0.702578192280015E+002 -0.981940603040859E+000  0.779485746147832E+001  0.919806052615011E+002 -0.167451030290137E+002 -0.785532480533497E+001
  0.198338897677798E-002  0.194992737780354E+002 -0.191843334411356E+002  0.699379420724972E+002 -0.884090638320461E+000  0.631005235339153E+001  0.656474241527131E+002 -0.167451030290137E+002 -0.784421810131714E+001
  0.197976434668722E-002  0.194896430230290E+002 -0.192738749981758E+002  0.663447397849372E+002 -0.429010613420734E+000  0.165947670395198E+000 -0.293725372516863E+002 -0.167451030290137E+002 -0.783940272381392E+001
  0.200918671934993E-002  0.194468495332841E+002 -0.192257583811840E+002  0.679907845682087E+002 -0.515619904205735E+000  0.258527007538764E+001  0.770982677851266E+002 -0.167451030290137E+002 -0.781800597894149E+001
  0.200280744911063E-002  0.194399206521219E+002 -0.192363388553300E+002  0.668434729647399E+002 -0.367055402258582E+000  0.189464626956239E+001  0.811793291572164E+002 -0.167451030290137E+002 -0.781454153836036E+001
  0.199123932101603E-002  0.194382169697688E+002 -0.192137873072146E+002  0.685045718188718E+002 -0.683140827560161E+000  0.515103363549127E+001  0.944065938213268E+002 -0.167451030290137E+002 -0.781368969718383E+001
  0.198432203382672E-002  0.194318877006215E+002 -0.192841204228298E+002  0.657275995816381E+002 -0.306624992635186E+000 -0.132237729720912E+001 -0.290512152340174E+002 -0.167451030290137E+002 -0.781052506261018E+001
  0.211567712456993E-002  0.192904034079978E+002 -0.192537401058135E+002  0.673119099518257E+002 -0.434885784942148E+000  0.125283989660452E+001  0.673115357758979E+002 -0.167451030290137E+002 -0.773978291629831E+001
  0.210622553874580E-002  0.192860691492040E+002 -0.193121686013423E+002  0.649153246138687E+002 -0.388039230315528E+000  0.173076515305594E+001  0.845949842864189E+002 -0.167451030290137E+002 -0.773761578690140E+001
  0.211375633920870E-002  0.192656418260443E+002 -0.192299108921709E+002  0.674855523387497E+002 -0.434181408937040E+000  0.156983820779599E+001  0.846897374825866E+002 -0.167451030290137E+002 -0.772740212532156E+001
  0.213253119238364E-002  0.192346667262872E+002 -0.192897436257577E+002  0.668663142981781E+002 -0.914307865483284E+000  0.561125669779292E+001  0.451703141696399E+002 -0.167451030290137E+002 -0.771191457544304E+001
  0.214921773686447E-002  0.192057890304631E+002 -0.192679883737726E+002  0.659233361846956E+002 -0.371344341977754E+000  0.163862580571659E+001  0.642152764839884E+002 -0.167451030290137E+002 -0.769747572753097E+001
  0.213682703664564E-002  0.192040637390525E+002 -0.191641923570225E+002  0.698096972543934E+002 -0.431802177976316E+000  0.157497863655387E+001  0.443334135411986E+002 -0.167451030290137E+002 -0.769661308182568E+001
  0.214509552972307E-002  0.191830505500364E+002 -0.192865705173703E+002  0.662319588477760E+002 -0.443598905217905E+000  0.161628397670154E+001  0.806512872163930E+002 -0.167451030290137E+002 -0.768610648731760E+001
  0.224950703124536E-002  0.190747074494050E+002 -0.193117249594461E+002  0.649825604729926E+002 -0.394662176764482E+000  0.155852338948991E+001  0.490112700337514E+002 -0.167451030290137E+002 -0.763193493700191E+001
  0.225921827069485E-002  0.190528028428910E+002 -0.191843683205622E+002  0.691461006210949E+002 -0.343730094918505E+000 -0.113510437353703E+001 -0.453788994890103E+002 -0.167451030290137E+002 -0.762098263374491E+001
  0.224843159559135E-002  0.190490856594539E+002 -0.192681363289927E+002  0.660617495638854E+002 -0.303362144755277E+000 -0.900234069822497E+000 -0.169776974137453E+002 -0.167451030290137E+002 -0.761912404202635E+001
  0.226621619568744E-002  0.190200392499337E+002 -0.192450519444786E+002  0.668075504365136E+002 -0.358318688428224E+000 -0.114945702380011E+001 -0.833433016381905E+002 -0.167451030290137E+002 -0.760460083726626E+001
  0.232190518449461E-002  0.189581971998471E+002 -0.193429208078504E+002  0.643889739235469E+002 -0.465149813090415E+000  0.849065586064029E+000  0.102383271810488E+001 -0.167451030290137E+002 -0.757367981222298E+001
  0.235955843670451E-002  0.189127352153113E+002 -0.191863134115838E+002  0.690212955395943E+002 -0.612946540652899E+000  0.360196890585586E+001  0.284388341790247E+002 -0.167451030290137E+002 -0.755094881995507E+001
  0.235767794720940E-002  0.189010406987628E+002 -0.192984658938985E+002  0.652419643889447E+002 -0.421998123907988E+000  0.237705193619091E+001  0.461292364066577E+002 -0.167451030290137E+002 -0.754510156168080E+001
  0.242325702147760E-002  0.188328810174530E+002 -0.192965122612339E+002  0.656968118523731E+002 -0.421786765783357E+000  0.122440839346069E+000  0.189836308406657E+002 -0.167451030290137E+002 -0.751102172102590E+001
  0.246991447423700E-002  0.187814499074289E+002 -0.192179756569559E+002  0.678701372208191E+002 -0.268092784213082E+000 -0.186599445032658E+001 -0.358526899969193E+002 -0.167451030290137E+002 -0.748530616601388E+001
  0.250796820265947E-002  0.187375819817927E+002 -0.192772578929852E+002  0.658381843372273E+002 -0.343267408653560E+000  0.109315806137818E+001  0.529810384448224E+002 -0.167451030290137E+002 -0.746337220319578E+001
  0.260446604620855E-002  0.186487834219433E+002 -0.193217553852901E+002  0.655923665206912E+002 -0.693554438944241E+000  0.511677227722343E+001  0.884681871057630E+002 -0.167451030290137E+002 -0.741897292327107E+001
  0.265583466080858E-002  0.185964317426179E+002 -0.191688751312495E+002  0.696691504892827E+002 -0.500770398671452E+000  0.313747362602069E+001  0.516273627962094E+002 -0.167451030290137E+002 -0.739279708360839E+001
  0.276925869621479E-002  0.184995012827545E+002 -0.192837683237267E+002  0.657769972807177E+002 -0.394148882171583E+000 -0.907790463790921E-001 -0.738217181448329E+002 -0.167451030290137E+002 -0.734433185367668E+001
  0.288382756288040E-002  0.184051346753365E+002 -0.192653521345849E+002  0.664818095748213E+002 -0.345273218139057E+000 -0.278733681058437E+000 -0.628140721202186E+002 -0.167451030290137E+002 -0.729714854996768E+001
  0.294962171059580E-002  0.183467285863903E+002 -0.192753605602484E+002  0.668951421445545E+002 -0.560779546622717E+000  0.286809737324887E+001  0.342159298992959E+002 -0.167451030290137E+002 -0.726794550549455E+001
  0.302599065749249E-002  0.182823163019188E+002 -0.192510405218160E+002  0.670843809607660E+002 -0.301112740306207E+000 -0.259895795958887E+001 -0.942569465770007E+002 -0.167451030290137E+002 -0.723573936325883E+001
  0.306041030424270E-002  0.182464062857224E+002 -0.192223362896222E+002  0.679364769549390E+002 -0.456007333171858E+000  0.104567308530728E+001  0.193796205203594E+002 -0.167451030290137E+002 -0.721778435516062E+001
  0.322361997338148E-002  0.181292053000731E+002 -0.192667128165736E+002  0.669113602084148E+002 -0.656823967644000E+000  0.436685559566191E+001  0.386388954819079E+002 -0.167451030290137E+002 -0.715918386233596E+001
  0.343902302169337E-002  0.179865512500535E+002 -0.192003931505412E+002  0.692244272539553E+002 -0.696992191179722E+000  0.533233852323891E+001  0.638441833938485E+002 -0.167451030290137E+002 -0.708785683732616E+001
  0.348529903279741E-002  0.179465293236448E+002 -0.192491901147893E+002  0.673616847491014E+002 -0.419664514461880E+000 -0.620158499912582E+000 -0.660701568873581E+002 -0.167451030290137E+002 -0.706784587412182E+001
  0.350211849112591E-002  0.179236117935033E+002 -0.192015521247462E+002  0.688813248653773E+002 -0.452257015965248E+000  0.169768436661233E+001  0.722652321465023E+002 -0.167451030290137E+002 -0.705638710905107E+001
  0.355922984511121E-002  0.178779704735602E+002 -0.192193047638261E+002  0.675812295587689E+002 -0.249383215728006E+000 -0.164660540970114E+001 -0.355340482173635E+002 -0.167451030290137E+002 -0.703356644907953E+001
  0.354151233760974E-002  0.178746620598975E+002 -0.193071549176268E+002  0.651401602445063E+002 -0.395392779825642E+000  0.136544707132454E+001  0.449473494861599E+002 -0.167451030290137E+002 -0.703191224224815E+001
  0.355683133347738E-002  0.178527405270273E+002 -0.192224216642060E+002  0.682255930213464E+002 -0.433909353613081E+000  0.310190986767777E+000 -0.455225370252709E+002 -0.167451030290137E+002 -0.702095147581309E+001
  0.354155695153862E-002  0.178480586943355E+002 -0.192923789435431E+002  0.657248427458872E+002 -0.595318267420139E+000  0.529739564759650E+001  0.853849291259294E+002 -0.167451030290137E+002 -0.701861055946718E+001
  0.353756415859518E-002  0.178370257044246E+002 -0.192223989694133E+002  0.684322274204315E+002 -0.538695246931234E+000  0.237959250296277E+001  0.473095162847318E+002 -0.167451030290137E+002 -0.701309406451171E+001
  0.354238158592524E-002  0.178210148873541E+002 -0.192138834094623E+002  0.679876098354246E+002 -0.344805755449187E+000  0.178704674418759E+000 -0.283909278326128E+002 -0.167451030290137E+002 -0.700508865597645E+001
  0.358099370470168E-002  0.177860436664852E+002 -0.191924540297528E+002  0.696607594091777E+002 -0.734155057332480E+000  0.503581944019927E+001  0.762773390328705E+002 -0.167451030290137E+002 -0.698760304554203E+001
  0.358091717497851E-002  0.177727973236759E+002 -0.192147262131294E+002  0.676778716491776E+002 -0.239554948086989E+000 -0.213019479915642E+001 -0.546293166470135E+002 -0.167451030290137E+002 -0.698097987413738E+001
  0.369146476820066E-002  0.176986994908195E+002 -0.192817044314661E+002  0.656224529692733E+002 -0.362747203901311E+000  0.102496463000733E+001  0.784361659589424E+002 -0.167451030290137E+002 -0.694393095770915E+001
  0.369536377660615E-002  0.176832990750628E+002 -0.192536239851190E+002  0.670589623868567E+002 -0.362348946351458E+000 -0.940300166208580E+000 -0.944345587215179E+002 -0.167451030290137E+002 -0.693623074983082E+001
  0.379699181856658E-002  0.176157497377461E+002 -0.192294221456573E+002  0.678173318390902E+002 -0.337449989549054E+000 -0.194682502976144E+001 -0.715557402634214E+002 -0.167451030290137E+002 -0.690245608117248E+001
  0.381866415036744E-002  0.175910775801779E+002 -0.192489962045963E+002  0.664773343457829E+002 -0.272717288422589E+000 -0.175583826631130E+001 -0.741999117222079E+002 -0.167451030290137E+002 -0.689012000238839E+001
  0.391466314354565E-002  0.175281312534987E+002 -0.191688192172836E+002  0.697227392031352E+002 -0.573693644635398E+000  0.207208577705708E+001  0.658137507362406E+001 -0.167451030290137E+002 -0.685864683904879E+001
  0.392503256170204E-002  0.175095514401590E+002 -0.192209981952446E+002  0.680161174550452E+002 -0.373669673105181E+000  0.301226599975594E+000  0.217144979535081E+002 -0.167451030290137E+002 -0.684935693237894E+001
  0.400585394588515E-002  0.174554980935946E+002 -0.191918962120137E+002  0.701775875635187E+002 -0.884239837575041E+000  0.697397381158525E+001  0.980350211727917E+002 -0.167451030290137E+002 -0.682233025909674E+001
  0.400423705940045E-002  0.174430164329447E+002 -0.192774268496623E+002  0.667977682157317E+002 -0.566715708196418E+000  0.343366624817655E+001  0.564653861453631E+002 -0.167451030290137E+002 -0.681608942877175E+001
  0.422513297009575E-002  0.173223320131452E+002 -0.191935163558929E+002  0.700258380781057E+002 -0.882333435434629E+000  0.660864752912215E+001  0.692895684094476E+002 -0.167451030290137E+002 -0.675574721887203E+001
  0.432665331632849E-002  0.172615557187422E+002 -0.193262249630649E+002  0.658325060514778E+002 -0.926748115610287E+000  0.758063437174670E+001  0.873514820041145E+002 -0.167451030290137E+002 -0.672535907167054E+001
  0.433014659719712E-002  0.172466525121085E+002 -0.192894803714422E+002  0.662010387722125E+002 -0.507941872095821E+000  0.284153280153999E+001  0.806901527731867E+002 -0.167451030290137E+002 -0.671790746835369E+001
  0.442911143841373E-002  0.171881682504803E+002 -0.192188854525662E+002  0.686440016165162E+002 -0.591357828198732E+000  0.355264957779003E+001  0.435813484123561E+002 -0.167451030290137E+002 -0.668866533753957E+001
  0.441760384635831E-002  0.171800822706818E+002 -0.191828542782216E+002  0.691160911021758E+002 -0.426123654508234E+000  0.248312934770535E+001  0.895798950906684E+002 -0.167451030290137E+002 -0.668462234764031E+001
  0.439483503481783E-002  0.171771280596249E+002 -0.193280015358403E+002  0.649363244037068E+002 -0.657617449357915E+000  0.380852215401760E+001  0.282985101000281E+002 -0.167451030290137E+002 -0.668314524211187E+001
  0.437980254496335E-002  0.171706916809459E+002 -0.192628894962208E+002  0.665612813382227E+002 -0.414232841871566E+000  0.189674211300222E+000 -0.338446850736293E+002 -0.167451030290137E+002 -0.667992705277235E+001
  0.443555640776855E-002  0.171321037476573E+002 -0.192603770764530E+002  0.666588655451731E+002 -0.632869173999943E+000  0.384008863241913E+001  0.301255940572855E+002 -0.167451030290137E+002 -0.666063308612805E+001
  0.441560064026410E-002  0.171278330543733E+002 -0.192143039799727E+002  0.688761327563078E+002 -0.811549192582329E+000  0.450530493673824E+001  0.289006066641267E+002 -0.167451030290137E+002 -0.665849773948607E+001
  0.452579890087667E-002  0.170652434807646E+002 -0.192571020793393E+002  0.663074320310233E+002 -0.256379857085663E+000 -0.250575451871300E+001 -0.811715838387092E+002 -0.167451030290137E+002 -0.662720295268170E+001
  0.450044662417809E-002  0.170631893404863E+002 -0.193325560414578E+002  0.649836893871484E+002 -0.796004178380679E+000  0.656456467067087E+001  0.806883791704658E+002 -0.167451030290137E+002 -0.662617588254257E+001
  0.455356844570188E-002  0.170264311396633E+002 -0.192616986644762E+002  0.664425066738593E+002 -0.580208310150081E+000  0.364675611563053E+001  0.361134806822297E+002 -0.167451030290137E+002 -0.660779678213108E+001
  0.455562408330009E-002  0.170122393890878E+002 -0.192152801739019E+002  0.681924669883012E+002 -0.339243734992403E+000 -0.130359977717958E+001 -0.420620119047003E+002 -0.167451030290137E+002 -0.660070090684334E+001
  0.463741967796999E-002  0.169633591521731E+002 -0.191949085453277E+002  0.701055602901869E+002 -0.793768227762654E+000  0.405212228468777E+001  0.298220728610897E+002 -0.167451030290137E+002 -0.657626078838598E+001
  0.475069737714133E-002  0.169018034350536E+002 -0.192634516489495E+002  0.680533236063084E+002 -0.869241877823901E+000  0.656163091652713E+001  0.858179017668282E+002 -0.167451030290137E+002 -0.654548292982621E+001
  0.475782767395021E-002  0.168855148105260E+002 -0.193253936568035E+002  0.650960785430943E+002 -0.569488073623840E+000  0.331782351963174E+001  0.405580538514064E+002 -0.167451030290137E+002 -0.653733861756240E+001
  0.484999718283387E-002  0.168338518630192E+002 -0.192970683862731E+002  0.662322196308749E+002 -0.669859484533601E+000  0.514275166060291E+001  0.701799930927705E+002 -0.167451030290137E+002 -0.651150714380902E+001
  0.501785225251506E-002  0.167525150177416E+002 -0.192203577606589E+002  0.683821021026062E+002 -0.721075215652540E+000  0.467066864363129E+001  0.578665862302026E+002 -0.167451030290137E+002 -0.647083872117021E+001
  0.501312739205284E-002  0.167411100397311E+002 -0.192585532468244E+002  0.665104130584426E+002 -0.486161440370245E+000  0.345518478543092E+001  0.541955928906015E+002 -0.167451030290137E+002 -0.646513623216495E+001
  0.503978839717178E-002  0.167172126618601E+002 -0.192123318948066E+002  0.686920282056541E+002 -0.611244941582666E+000  0.435365021795476E+001  0.567325018617177E+002 -0.167451030290137E+002 -0.645318754322949E+001
  0.506264728222091E-002  0.166948727198626E+002 -0.192755091838575E+002  0.665089765093462E+002 -0.440805698778004E+000  0.163592654381174E+001  0.518181746232640E+002 -0.167451030290137E+002 -0.644201757223073E+001
  0.503203479188748E-002  0.166937138170103E+002 -0.192284949591240E+002  0.672545843669840E+002 -0.328810841082081E+000 -0.132468491677180E+001 -0.757815368938081E+002 -0.167451030290137E+002 -0.644143812080459E+001
  0.513221026915262E-002  0.166410007624168E+002 -0.192310618695017E+002  0.671261921026942E+002 -0.382758014772721E+000  0.214686567644238E+001  0.985528036297012E+002 -0.167451030290137E+002 -0.641508159350783E+001
  0.511053220761777E-002  0.166361774151161E+002 -0.193092996889700E+002  0.654045209172039E+002 -0.505973760240533E+000  0.340110649048264E+001  0.962117345913747E+002 -0.167451030290137E+002 -0.641266991985748E+001
  0.509240878019493E-002  0.166299935149408E+002 -0.191950310089827E+002  0.697870228354261E+002 -0.739896983208744E+000  0.532778977678566E+001  0.827899747804345E+002 -0.167451030290137E+002 -0.640957796976983E+001
  0.506647662971844E-002  0.166269150798871E+002 -0.192548629236156E+002  0.680770641401170E+002 -0.728311393315767E+000  0.408280092826052E+001  0.413083419454192E+002 -0.167451030290137E+002 -0.640803875224295E+001
  0.508369841141306E-002  0.166068391959361E+002 -0.192266677186430E+002  0.678983353514525E+002 -0.463108219420783E+000  0.103243516795318E+001  0.149827187877519E+002 -0.167451030290137E+002 -0.639800081026746E+001
  0.514348031073436E-002  0.165701682642054E+002 -0.192851583755036E+002  0.660897491225126E+002 -0.406395428318229E+000  0.773603030560970E+000  0.296248935073355E+002 -0.167451030290137E+002 -0.637966534440210E+001
  0.516728282626705E-002  0.165476451162648E+002 -0.192728077715613E+002  0.665228130136442E+002 -0.394209105676620E+000 -0.529324140912044E+000 -0.849338740297223E+002 -0.167451030290137E+002 -0.636840377043181E+001
  0.516982527676058E-002  0.165333722158109E+002 -0.192269454895105E+002  0.688188759496927E+002 -0.709033761434263E+000  0.310321975495324E+001  0.143448772260598E+002 -0.167451030290137E+002 -0.636126732020488E+001
  0.541324635139941E-002  0.164280629593868E+002 -0.192117114140332E+002  0.682104475258998E+002 -0.370883885686539E+000 -0.130732772355230E+001 -0.680639654820446E+002 -0.167451030290137E+002 -0.630861269199281E+001
  0.556375324319756E-002  0.163599259811126E+002 -0.191644969938029E+002  0.703660186286325E+002 -0.734870703438329E+000  0.588808720931723E+001  0.978686861455178E+002 -0.167451030290137E+002 -0.627454420285571E+001
  0.555789088222196E-002  0.163487453470705E+002 -0.192308226800163E+002  0.671268770288258E+002 -0.295077942833971E+000 -0.160584125727545E+001 -0.649944981713748E+002 -0.167451030290137E+002 -0.626895388583470E+001
  0.560830981408544E-002  0.163173948723075E+002 -0.192995867138246E+002  0.667132503385618E+002 -0.986624221793918E+000  0.757287375960787E+001  0.806321815212907E+002 -0.167451030290137E+002 -0.625327864845319E+001
  0.560277903107661E-002  0.163060791129347E+002 -0.192069002655982E+002  0.684073358712311E+002 -0.415497330870344E+000  0.107107090582607E+001  0.528844378064473E+001 -0.167451030290137E+002 -0.624762076876679E+001
  0.560278541491232E-002  0.162927877486883E+002 -0.192000945107755E+002  0.686048411002191E+002 -0.418320670678964E+000  0.229761556979093E+001  0.857349805754677E+002 -0.167451030290137E+002 -0.624097508664355E+001
  0.563712138694049E-002  0.162672793167949E+002 -0.192017447195354E+002  0.682478394000711E+002 -0.313148186036941E+000 -0.878684484156278E+000 -0.372062332512118E+002 -0.167451030290137E+002 -0.622822087069690E+001
  0.569605250893693E-002  0.162331905317545E+002 -0.192283183404349E+002  0.675913646056515E+002 -0.349461776464003E+000 -0.221352088761527E+000 -0.781309485960319E+002 -0.167451030290137E+002 -0.621117647817668E+001
  0.566499730956856E-002  0.162308353924620E+002 -0.192144276695767E+002  0.685056650007188E+002 -0.470451766235603E+000  0.151692872669775E+001  0.326657763954164E+002 -0.167451030290137E+002 -0.620999890853040E+001
  0.580726946177265E-002  0.161679381696687E+002 -0.192825933052561E+002  0.665278424183314E+002 -0.627162520911568E+000  0.473466791641419E+001  0.659869341300335E+002 -0.167451030290137E+002 -0.617855029713377E+001
  0.577543534894534E-002  0.161656427833730E+002 -0.191875244303982E+002  0.687631931591800E+002 -0.375695867430084E+000  0.111296202996440E+000 -0.439741476958863E+002 -0.167451030290137E+002 -0.617740260398592E+001
  0.583884607111134E-002  0.161305146017594E+002 -0.191974627740051E+002  0.688571429711301E+002 -0.435438415708774E+000  0.152829321886296E+001  0.314036188368927E+002 -0.167451030290137E+002 -0.615983851317913E+001
  0.582624998478027E-002  0.161215447576438E+002 -0.192916617528652E+002  0.655012349636709E+002 -0.451282951512520E+000  0.165764758231561E+001  0.863489746944876E+001 -0.167451030290137E+002 -0.615535359112134E+001
  0.585320358505959E-002  0.160990245389284E+002 -0.192759750754503E+002  0.667392207689507E+002 -0.552172582728534E+000  0.393999647579378E+001  0.967902378475111E+002 -0.167451030290137E+002 -0.614409348176361E+001
  0.589541134674441E-002  0.160713650980007E+002 -0.192707838024046E+002  0.660268242507469E+002 -0.364291573978032E+000 -0.704057482413347E-001 -0.441750084922248E+002 -0.167451030290137E+002 -0.613026376129978E+001
  0.586376832092041E-002  0.160688397233306E+002 -0.192035779570846E+002  0.684239172944534E+002 -0.526695585584830E+000  0.259684565365622E+001  0.378088601874372E+002 -0.167451030290137E+002 -0.612900107396473E+001
  0.582846160662106E-002  0.160676293677276E+002 -0.192108677151604E+002  0.680616897801701E+002 -0.430491212031192E+000  0.976518261919992E+000  0.108296491504796E+002 -0.167451030290137E+002 -0.612839589616321E+001
  0.579134298338139E-002  0.160671180357233E+002 -0.192178590907154E+002  0.691038413004922E+002 -0.733947419800619E+000  0.534626722222793E+001  0.848657149891641E+002 -0.167451030290137E+002 -0.612814023016107E+001
  0.582751056364273E-002  0.160413775679068E+002 -0.192594360614723E+002  0.669543148622937E+002 -0.426821149619986E+000  0.290525488887694E+000  0.235821976859427E+001 -0.167451030290137E+002 -0.611526999625284E+001
  0.586084286197413E-002  0.160166814390729E+002 -0.192724253717988E+002  0.665020633048785E+002 -0.435885117997102E+000  0.144071173071185E+001  0.999325752308473E+002 -0.167451030290137E+002 -0.610292193183589E+001
  0.604364471147917E-002  0.159419646883113E+002 -0.192872053128775E+002  0.673096377779134E+002 -0.876455371952580E+000  0.598317331648302E+001  0.618942890481792E+002 -0.167451030290137E+002 -0.606556355645508E+001
  0.646373609786728E-002  0.157942751330098E+002 -0.192699958665685E+002  0.660485182686033E+002 -0.358696043638842E+000  0.120756044222100E+001  0.632949800149096E+002 -0.167451030290137E+002 -0.599171877880430E+001
  0.654132321214348E-002  0.157571220934160E+002 -0.192283189168725E+002  0.677169370423079E+002 -0.478011048470024E+000  0.144247210491335E+001  0.189569896905373E+002 -0.167451030290137E+002 -0.597314225900743E+001
  0.651655561732570E-002  0.157514200364213E+002 -0.191861165148330E+002  0.695789870896025E+002 -0.642796972285001E+000  0.377790914054724E+001  0.544073326056197E+002 -0.167451030290137E+002 -0.597029123051006E+001
  0.648453067867694E-002  0.157479839748595E+002 -0.192374776931097E+002  0.670799494686021E+002 -0.273108276798609E+000 -0.155006911626940E+001 -0.380789059807873E+002 -0.167451030290137E+002 -0.596857319972915E+001
  0.652161692296936E-002  0.157232891001166E+002 -0.192476748552578E+002  0.670520126661171E+002 -0.442965574446925E+000  0.181317974120158E+001  0.861231262214357E+002 -0.167451030290137E+002 -0.595622576235770E+001
  0.656021460810812E-002  0.156981980595632E+002 -0.192405378370502E+002  0.676859474179085E+002 -0.723073757870677E+000  0.533781752908079E+001  0.524154761972485E+002 -0.167451030290137E+002 -0.594368024208102E+001
  0.658197062001758E-002  0.156782872346189E+002 -0.192525749327885E+002  0.666059008333153E+002 -0.339246891459655E+000  0.285841914446829E+000  0.603713903578330E+002 -0.167451030290137E+002 -0.593372482960886E+001
  0.655260072882285E-002  0.156739424654793E+002 -0.192750795754261E+002  0.669969538499743E+002 -0.920977092046029E+000  0.772314770000631E+001  0.971760452316980E+002 -0.167451030290137E+002 -0.593155244503909E+001
  0.667741868874936E-002  0.156229144593388E+002 -0.192168137988297E+002  0.676675758226736E+002 -0.350910718184793E+000  0.745490782237956E+000  0.245484378108961E+002 -0.167451030290137E+002 -0.590603844196882E+001
  0.664991983007551E-002  0.156178787540222E+002 -0.192475624667320E+002  0.678993577333225E+002 -0.717659742034096E+000  0.472350164130495E+001  0.712403066085539E+002 -0.167451030290137E+002 -0.590352058931051E+001
  0.664928446924127E-002  0.156047807659830E+002 -0.192578834689856E+002  0.668153172608555E+002 -0.382136963598849E+000 -0.106810917213741E+001 -0.657228250388965E+002 -0.167451030290137E+002 -0.589697159529091E+001
  0.668179997549851E-002  0.155817353637594E+002 -0.192566962867509E+002  0.664057385581786E+002 -0.290652301599129E+000 -0.165642091684152E+001 -0.812799753289198E+002 -0.167451030290137E+002 -0.588544889417915E+001
  0.668790204786204E-002  0.155666206362019E+002 -0.192977046491940E+002  0.658894887102343E+002 -0.536553422658631E+000  0.310114913343083E+001  0.675882673280944E+002 -0.167451030290137E+002 -0.587789153040036E+001
  0.664433443612085E-002  0.155664029561143E+002 -0.192374102349821E+002  0.682870074189687E+002 -0.713947523177491E+000  0.590147238980892E+001  0.899011504570393E+002 -0.167451030290137E+002 -0.587778269035655E+001
  0.665256413522980E-002  0.155506381955815E+002 -0.192665817486919E+002  0.665681498981345E+002 -0.420945366718244E+000  0.829563079103742E+000  0.714401360756763E+002 -0.167451030290137E+002 -0.586990031009018E+001
  0.662812319469801E-002  0.155447104665310E+002 -0.192589085252144E+002  0.671850614180150E+002 -0.816951541412540E+000  0.669344699302402E+001  0.905483455648958E+002 -0.167451030290137E+002 -0.586693644556492E+001
  0.661119316798981E-002  0.155365364596892E+002 -0.192100991761185E+002  0.681539949927496E+002 -0.403182598225760E+000  0.389161119295157E+000  0.535676529998564E+001 -0.167451030290137E+002 -0.586284944214401E+001
  0.684930295171656E-002  0.154524818920125E+002 -0.192617404172526E+002  0.662796006095567E+002 -0.414887069562411E+000  0.245694133510692E+001  0.653227504145440E+002 -0.167451030290137E+002 -0.582082215830567E+001
  0.682986071358854E-002  0.154448780229219E+002 -0.192532230790933E+002  0.665426003673477E+002 -0.360427529189268E+000  0.148566649147322E+001  0.765635357422705E+002 -0.167451030290137E+002 -0.581702022376035E+001
  0.680740850568087E-002  0.154381744870789E+002 -0.192094092945519E+002  0.680577277969834E+002 -0.334346244609553E+000 -0.113623385532694E+001 -0.428638255674980E+002 -0.167451030290137E+002 -0.581366845583888E+001
  0.678750950511868E-002  0.154307402408564E+002 -0.192090932738173E+002  0.696468695012441E+002 -0.969332269385060E+000  0.721113674508640E+001  0.772726412051812E+002 -0.167451030290137E+002 -0.580995133272763E+001
  0.705956628928875E-002  0.153388520916968E+002 -0.191991058052585E+002  0.698286290783201E+002 -0.923592385567774E+000  0.729056322744259E+001  0.805697892819605E+002 -0.167451030290137E+002 -0.576400725814780E+001
  0.721717082457224E-002  0.152814041941552E+002 -0.192424924351369E+002  0.674132438243044E+002 -0.392420421004179E+000  0.290847451887936E+000  0.583214825851615E+002 -0.167451030290137E+002 -0.573528330937704E+001
  0.737531654832936E-002  0.152247635096099E+002 -0.192750232573883E+002  0.661955074158963E+002 -0.333153581367227E+000 -0.156866180535753E+001 -0.808330838117440E+002 -0.167451030290137E+002 -0.570696296710438E+001
  0.739172735589390E-002  0.152070291704232E+002 -0.192436857550530E+002  0.672981275455786E+002 -0.457492154696788E+000  0.310748890976335E+001  0.823519637548503E+002 -0.167451030290137E+002 -0.569809579751104E+001
  0.759049680889113E-002  0.151406688949949E+002 -0.192407902060457E+002  0.671120785813052E+002 -0.423187973992158E+000  0.210773034735336E+001  0.328774391689990E+002 -0.167451030290137E+002 -0.566491565979689E+001
  0.769833671196718E-002  0.150991653113362E+002 -0.193157145104384E+002  0.654746092635168E+002 -0.601157076026343E+000  0.365383924773761E+001  0.561833878455791E+002 -0.167451030290137E+002 -0.564416386796754E+001
  0.783214303107304E-002  0.150514124791731E+002 -0.192220089993386E+002  0.680434872626615E+002 -0.416895446816815E+000 -0.145402881439669E+000 -0.935199761427225E+002 -0.167451030290137E+002 -0.562028745188598E+001
  0.778563621688678E-002  0.150500346778980E+002 -0.192580646557614E+002  0.664001693279046E+002 -0.402875660605251E+000  0.181125362526596E+001  0.505591976546565E+002 -0.167451030290137E+002 -0.561959855124842E+001
  0.777909882148045E-002  0.150384256456770E+002 -0.192941218050734E+002  0.655069330147532E+002 -0.532930041707467E+000  0.414005310604615E+001  0.776422489801473E+002 -0.167451030290137E+002 -0.561379403513793E+001
  0.773397168910013E-002  0.150367724925693E+002 -0.192903799453269E+002  0.660136639141276E+002 -0.525339463211156E+000  0.291356059474158E+001  0.645826415582262E+002 -0.167451030290137E+002 -0.561296745858409E+001
  0.770231186859967E-002  0.150316874193933E+002 -0.191970664727684E+002  0.687003174293639E+002 -0.388428908806139E+000 -0.122570157458922E+000 -0.363985987712443E+002 -0.167451030290137E+002 -0.561042492199606E+001
  0.768566644017536E-002  0.150227252012241E+002 -0.192442177003569E+002  0.668381157421405E+002 -0.279539324752069E+000 -0.200253889748416E+001 -0.829481566636816E+002 -0.167451030290137E+002 -0.560594381291145E+001
  0.774426442222188E-002  0.149942453118151E+002 -0.192294553731968E+002  0.684949732021283E+002 -0.808770203319685E+000  0.505182242742965E+001  0.521150447164461E+002 -0.167451030290137E+002 -0.559170386820695E+001
  0.775585795394016E-002  0.149779643702881E+002 -0.192036369279480E+002  0.685141222811432E+002 -0.423545531279461E+000  0.661504254833270E+000  0.755262506750705E+001 -0.167451030290137E+002 -0.558356339744347E+001
  0.774732381303895E-002  0.149668771920183E+002 -0.192221508775124E+002  0.677440399476712E+002 -0.371768043696548E+000 -0.460469509020099E+000 -0.244813887230031E+002 -0.167451030290137E+002 -0.557801980830859E+001
  0.780499960061931E-002  0.149387540395537E+002 -0.192108644384713E+002  0.695013544752502E+002 -0.803555143774863E+000  0.455495605765723E+001  0.423578753028659E+002 -0.167451030290137E+002 -0.556395823207629E+001
  0.789238071108753E-002  0.149031983054625E+002 -0.193144068908141E+002  0.658850667233615E+002 -0.851277096230711E+000  0.700401117517080E+001  0.997961277483126E+002 -0.167451030290137E+002 -0.554618036503065E+001
  0.799818351070046E-002  0.148632759648039E+002 -0.192903472568707E+002  0.671054046442202E+002 -0.101344267821854E+001  0.825448521983219E+001  0.953526042463655E+002 -0.167451030290137E+002 -0.552621919470139E+001
  0.806463813674093E-002  0.148334381043997E+002 -0.192384058731274E+002  0.672467038907170E+002 -0.313530533468973E+000 -0.115141110321435E+001 -0.394017512635570E+002 -0.167451030290137E+002 -0.551130026449929E+001
  0.802914043664607E-002  0.148289717469498E+002 -0.191929844853923E+002  0.686328583476736E+002 -0.414235195948751E+000  0.172180259822109E+001  0.531414947889661E+002 -0.167451030290137E+002 -0.550906708577433E+001
  0.799164117826160E-002  0.148250453325153E+002 -0.192043119780020E+002  0.687188165467728E+002 -0.596047918371611E+000  0.305751875144726E+001  0.389448818542619E+002 -0.167451030290137E+002 -0.550710387855708E+001
  0.800459819913383E-002  0.148085162296213E+002 -0.193322867092236E+002  0.651411070372518E+002 -0.804763702046986E+000  0.698067844955010E+001  0.948136728197483E+002 -0.167451030290137E+002 -0.549883932711008E+001
  0.822518934463377E-002  0.147408568130662E+002 -0.192641557677350E+002  0.662486001423544E+002 -0.411626843337483E+000  0.226637133849174E+001  0.752491010188931E+002 -0.167451030290137E+002 -0.546500961883252E+001
  0.835747767633338E-002  0.146956570252207E+002 -0.192220623891845E+002  0.682268879705906E+002 -0.580038894151435E+000  0.249194040148910E+001  0.279434053433324E+002 -0.167451030290137E+002 -0.544240972490976E+001
  0.830353418714441E-002  0.146953188165066E+002 -0.192084221028423E+002  0.684391729058713E+002 -0.565378608373433E+000  0.381915133876312E+001  0.828571313531622E+002 -0.167451030290137E+002 -0.544224062055273E+001
  0.827055157755520E-002  0.146899897847570E+002 -0.192109488402191E+002  0.690960547614010E+002 -0.676762677424803E+000  0.516638048952848E+001  0.973990748128372E+002 -0.167451030290137E+002 -0.543957610467792E+001
  0.833952628225182E-002  0.146600902772017E+002 -0.192359035778076E+002  0.672015405708765E+002 -0.384102277023294E+000  0.954046124388430E-001 -0.639519807770797E+002 -0.167451030290137E+002 -0.542462635090028E+001
  0.839556481294643E-002  0.146334068840003E+002 -0.192734688383052E+002  0.673743715254919E+002 -0.840047520704300E+000  0.419081327075113E+001  0.232033252599440E+002 -0.167451030290137E+002 -0.541128465429958E+001
  0.843369661712253E-002  0.146110545679300E+002 -0.192411867366749E+002  0.672195241717459E+002 -0.402011634757188E+000  0.117718853499934E+000 -0.130254876373754E+002 -0.167451030290137E+002 -0.540010849626442E+001
  0.844128241105497E-002  0.145959673660196E+002 -0.192909830856848E+002  0.660653500087119E+002 -0.666238224932157E+000  0.506094512251879E+001  0.582762144798481E+002 -0.167451030290137E+002 -0.539256489530921E+001
  0.843344670353854E-002  0.145845356634241E+002 -0.192786718295382E+002  0.660224772530126E+002 -0.372461010890893E+000  0.466925020798197E+000  0.178302450919509E+002 -0.167451030290137E+002 -0.538684904401147E+001
  0.843822619182538E-002  0.145701134388027E+002 -0.192440533888067E+002  0.671605014210663E+002 -0.354947839048796E+000 -0.245655382163216E+000 -0.271677008140046E+002 -0.167451030290137E+002 -0.537963793170076E+001
  0.846296812580186E-002  0.145509686839527E+002 -0.192478019517571E+002  0.672223497458956E+002 -0.377580095922638E+000 -0.836697272380100E+000 -0.714071260233439E+002 -0.167451030290137E+002 -0.537006555427575E+001
  0.840853673262918E-002  0.145505845723115E+002 -0.192847260945884E+002  0.656775991533535E+002 -0.417690843350214E+000  0.124208159768411E+001  0.947022477456999E+001 -0.167451030290137E+002 -0.536987349845516E+001
  0.845351353892457E-002  0.145266261050998E+002 -0.192304340384292E+002  0.677163463874821E+002 -0.587341722711365E+000  0.283498717249997E+001  0.149112921824836E+002 -0.167451030290137E+002 -0.535789426484932E+001
  0.857810449451218E-002  0.144840754009869E+002 -0.192728014367482E+002  0.674010082662648E+002 -0.777840203346180E+000  0.631928674608034E+001  0.919308668712190E+002 -0.167451030290137E+002 -0.533661891279286E+001
  0.859668096465578E-002  0.144664598621142E+002 -0.191677342215391E+002  0.700080344566348E+002 -0.711709694064193E+000  0.513868876771148E+001  0.626715075754127E+002 -0.167451030290137E+002 -0.532781114335652E+001
  0.863900834550007E-002  0.144433475627225E+002 -0.192706782114824E+002  0.663997632117513E+002 -0.380864170199774E+000 -0.204099223836511E-001 -0.895975541988265E+002 -0.167451030290137E+002 -0.531625499366069E+001
  0.867250677106890E-002  0.144223183188638E+002 -0.192099302235057E+002  0.682136674350481E+002 -0.399330989543373E+000 -0.120764235203303E-001 -0.891267985922971E+002 -0.167451030290137E+002 -0.530574037173133E+001
  0.863806538693897E-002  0.144169877062631E+002 -0.192760610240470E+002  0.669755049005005E+002 -0.843112800076257E+000  0.731298959212446E+001  0.887673283257980E+002 -0.167451030290137E+002 -0.530307506543095E+001
  0.864793045298520E-002  0.144014158325598E+002 -0.192051492984765E+002  0.686786759871984E+002 -0.725534264418615E+000  0.510027216635013E+001  0.514410315276651E+002 -0.167451030290137E+002 -0.529528912857930E+001
  0.861201202561647E-002  0.143964508720177E+002 -0.192552337306469E+002  0.668740462945216E+002 -0.555393114588839E+000  0.408225755297667E+001  0.985518359566812E+002 -0.167451030290137E+002 -0.529280664830827E+001
  0.859970168130660E-002  0.143860227094655E+002 -0.192658399118397E+002  0.670482981588382E+002 -0.831401645063807E+000  0.686483505657701E+001  0.933768236732288E+002 -0.167451030290137E+002 -0.528759256703215E+001
  0.856342057897830E-002  0.143811892315382E+002 -0.193163431395318E+002  0.653651984110267E+002 -0.649807372945253E+000  0.497056263621020E+001  0.875353504387322E+002 -0.167451030290137E+002 -0.528517582806851E+001
  0.852308497790455E-002  0.143773428436417E+002 -0.192712099025601E+002  0.671399746483304E+002 -0.612614828716032E+000  0.287393014477928E+001  0.324277389460740E+002 -0.167451030290137E+002 -0.528325263412026E+001
  0.851804983795228E-002  0.143652356372642E+002 -0.192059257609454E+002  0.682785574953943E+002 -0.400418620242524E+000  0.904969192356550E+000  0.480822627522310E+002 -0.167451030290137E+002 -0.527719903093152E+001
  0.851151952716847E-002  0.143534804276317E+002 -0.192139988483345E+002  0.682350056842159E+002 -0.685632451871083E+000  0.575405282473760E+001  0.932878767482214E+002 -0.167451030290137E+002 -0.527132142611526E+001
  0.870777620486371E-002  0.142945994249635E+002 -0.192404379114196E+002  0.672738099064194E+002 -0.484974087042142E+000  0.248430279551333E+001  0.236147624157769E+002 -0.167451030290137E+002 -0.524188092478116E+001
  0.867297070394467E-002  0.142893204780148E+002 -0.192133789057717E+002  0.686857856124428E+002 -0.676009382870315E+000  0.521619440242002E+001  0.651495897550278E+002 -0.167451030290137E+002 -0.523924145130683E+001
  0.863333988015966E-002  0.142851912635659E+002 -0.192305756779177E+002  0.673119604522575E+002 -0.310716076623024E+000 -0.149703264279854E+001 -0.915300169054518E+002 -0.167451030290137E+002 -0.523717684408238E+001
  0.863557536478766E-002  0.142713843726709E+002 -0.192997314810801E+002  0.654499852482521E+002 -0.575666350314635E+000  0.317918806949615E+001  0.293777638126251E+002 -0.167451030290137E+002 -0.523027339863487E+001
  0.894083625847328E-002  0.141886177173508E+002 -0.192567471152094E+002  0.669723777315769E+002 -0.647306383247200E+000  0.592148985674693E+001  0.924358665344659E+002 -0.167451030290137E+002 -0.518889007097482E+001
  0.924605889754061E-002  0.141081920927633E+002 -0.192524876805211E+002  0.679659188529946E+002 -0.706811684712781E+000  0.347800671410236E+001  0.325931041397841E+002 -0.167451030290137E+002 -0.514867725868107E+001
  0.920701326024990E-002  0.141033667894494E+002 -0.191945112058460E+002  0.688746797656513E+002 -0.452255584245324E+000  0.164285611853390E+001  0.334788248209341E+002 -0.167451030290137E+002 -0.514626460702410E+001
  0.916921508777405E-002  0.140983053392082E+002 -0.192191061491688E+002  0.676679160195800E+002 -0.330155804838572E+000 -0.105820035574564E+001 -0.763444625886823E+002 -0.167451030290137E+002 -0.514373388190352E+001
  0.918791146331723E-002  0.140809423303372E+002 -0.192763796188416E+002  0.660826075026132E+002 -0.378316719722702E+000  0.666605803132590E+000  0.537375376316093E+002 -0.167451030290137E+002 -0.513505237746802E+001
  0.915476915045424E-002  0.140748806179599E+002 -0.192385034280249E+002  0.675089168236604E+002 -0.392279725084909E+000 -0.148581301499037E+000 -0.549966138760973E+002 -0.167451030290137E+002 -0.513202152127939E+001
  0.931013271888652E-002  0.140279347633670E+002 -0.193064704170699E+002  0.658065216968350E+002 -0.716904352425909E+000  0.409239719442603E+001  0.384533687443118E+002 -0.167451030290137E+002 -0.510854859398292E+001
  0.926816274331745E-002  0.140236820391076E+002 -0.192317333373460E+002  0.686037682481393E+002 -0.761936554308955E+000  0.584382316090491E+001  0.971728164026312E+002 -0.167451030290137E+002 -0.510642223185323E+001
  0.921680425153198E-002  0.140215065518614E+002 -0.191828466683459E+002  0.699327077005407E+002 -0.680540155663223E+000  0.442523527187069E+001  0.620628134017323E+002 -0.167451030290137E+002 -0.510533448823014E+001
  0.972412150160559E-002  0.139010550976707E+002 -0.192330322727755E+002  0.673079491957312E+002 -0.361488798837212E+000 -0.436118036295618E+000 -0.305506422100239E+002 -0.167451030290137E+002 -0.504510876113476E+001
  0.977609258293195E-002  0.138771053694009E+002 -0.192486147867187E+002  0.668820420613736E+002 -0.315150561091135E+000 -0.194597825429219E+001 -0.820570507474078E+002 -0.167451030290137E+002 -0.503313389699987E+001
  0.973418071905931E-002  0.138724090756062E+002 -0.192349354921704E+002  0.675459801877972E+002 -0.428240735486821E+000  0.114484632819192E+001  0.488858380191060E+002 -0.167451030290137E+002 -0.503078575010251E+001
  0.974060144614090E-002  0.138578012124265E+002 -0.192336970915200E+002  0.674764266569366E+002 -0.369176151753992E+000 -0.111273513140241E+001 -0.715634290958230E+002 -0.167451030290137E+002 -0.502348181851265E+001
  0.997887565664857E-002  0.137961770100747E+002 -0.192077635694456E+002  0.681258912452319E+002 -0.452761449399354E+000  0.318659306418628E+001  0.868618556754301E+002 -0.167451030290137E+002 -0.499266971733676E+001
  0.999675280045415E-002  0.137793081326690E+002 -0.192289485292766E+002  0.679526540480650E+002 -0.490692197626443E+000  0.336539187624426E+001  0.995582381387529E+002 -0.167451030290137E+002 -0.498423527863392E+001
  0.997523766950060E-002  0.137703281098278E+002 -0.192386287924749E+002  0.673674367318064E+002 -0.557927161106640E+000  0.427907729084941E+001  0.625292595746597E+002 -0.167451030290137E+002 -0.497974526721334E+001
  0.103127303730808E-001  0.136904924211691E+002 -0.192209286684202E+002  0.690713695191747E+002 -0.794216283252046E+000  0.627355912050652E+001  0.986019621774874E+002 -0.167451030290137E+002 -0.493982742288398E+001
  0.103952852497919E-001  0.136612567929882E+002 -0.192333295560036E+002  0.679007979190523E+002 -0.766977092221770E+000  0.571075922311068E+001  0.695636110608360E+002 -0.167451030290137E+002 -0.492520960879353E+001
  0.104363887834682E-001  0.136400751902328E+002 -0.192425008279980E+002  0.671179858175724E+002 -0.418079802616539E+000  0.153207024712212E+001  0.705802543092508E+002 -0.167451030290137E+002 -0.491461880741581E+001
  0.103696721210116E-001  0.136396125386755E+002 -0.192584350437338E+002  0.666656098866220E+002 -0.621140258343073E+000  0.482514417354554E+001  0.692919414183860E+002 -0.167451030290137E+002 -0.491438748163719E+001
  0.104507035990606E-001  0.136107556482622E+002 -0.192450638741173E+002  0.672327987606702E+002 -0.384960814540051E+000 -0.312808203293500E-001 -0.728786797405325E+002 -0.167451030290137E+002 -0.489995903643053E+001
  0.103977749644081E-001  0.136076215001653E+002 -0.192079235069447E+002  0.682447212566012E+002 -0.387804416303699E+000  0.243852143581591E+000  0.181205851515726E+002 -0.167451030290137E+002 -0.489839196238207E+001
  0.104609039947028E-001  0.135822263320429E+002 -0.192175698543800E+002  0.680923240136648E+002 -0.559665403352872E+000  0.308209085805302E+001  0.245125684671748E+002 -0.167451030290137E+002 -0.488569437832089E+001
  0.106381157848263E-001  0.135353402436674E+002 -0.192412328697860E+002  0.672421298521491E+002 -0.371269775772068E+000  0.127563224000731E+000 -0.761053784535470E+002 -0.167451030290137E+002 -0.486225133413311E+001
  0.105731179138917E-001  0.135343084508143E+002 -0.192271616980594E+002  0.681476921768272E+002 -0.637146426474349E+000  0.466719044662941E+001  0.566527644846244E+002 -0.167451030290137E+002 -0.486173543770656E+001
  0.106419905755477E-001  0.135080337323044E+002 -0.191857852158052E+002  0.695208175427386E+002 -0.639841508479630E+000  0.462028401582391E+001  0.850473958399621E+002 -0.167451030290137E+002 -0.484859807845164E+001
  0.106800271795290E-001  0.134876089911769E+002 -0.192387127065222E+002  0.683596009602139E+002 -0.747944633017846E+000  0.469450649035949E+001  0.413865111397678E+002 -0.167451030290137E+002 -0.483838570788789E+001
  0.106928365578462E-001  0.134719225892156E+002 -0.192465885414100E+002  0.668387313778310E+002 -0.478589367128967E+000  0.315079562031802E+001  0.606743506114548E+002 -0.167451030290137E+002 -0.483054250690721E+001
  0.107275366488844E-001  0.134521536687058E+002 -0.192909777411452E+002  0.661881827984339E+002 -0.552542753216449E+000  0.316320753220702E+001  0.456021357946839E+002 -0.167451030290137E+002 -0.482065804665234E+001
  0.106967404932454E-001  0.134446143552016E+002 -0.193256547892877E+002  0.649990084506464E+002 -0.594134610728776E+000  0.250604600961237E+001  0.161260763749622E+002 -0.167451030290137E+002 -0.481688838990022E+001
  0.106608545687932E-001  0.134380462433794E+002 -0.192847540204742E+002  0.663472380451191E+002 -0.610093628775159E+000  0.471475197700959E+001  0.723873431627402E+002 -0.167451030290137E+002 -0.481360433398910E+001
  0.107096785014480E-001  0.134156185899070E+002 -0.192431665436725E+002  0.671144794547967E+002 -0.445088416548553E+000  0.288480696510375E+001  0.690313706280889E+002 -0.167451030290137E+002 -0.480239050725293E+001
  0.106741614270641E-001  0.134089732330353E+002 -0.192564461666381E+002  0.666974784243519E+002 -0.365700087086101E+000  0.638641906551296E-001 -0.491353151639219E+002 -0.167451030290137E+002 -0.479906782881709E+001
  0.106712616059916E-001  0.133962275561003E+002 -0.192323345403068E+002  0.675032483549535E+002 -0.422607411478455E+000  0.131861177871881E+001  0.495567192555105E+002 -0.167451030290137E+002 -0.479269499034958E+001
  0.107047237230954E-001  0.133766768375412E+002 -0.192237282738344E+002  0.681667830990379E+002 -0.676106317734642E+000  0.408077341419204E+001  0.472530130652337E+002 -0.167451030290137E+002 -0.478291963107002E+001
  0.107111997912454E-001  0.133621781720747E+002 -0.192505081746639E+002  0.667052840076754E+002 -0.377143148769776E+000  0.684778709479872E+000  0.685938562045112E+001 -0.167451030290137E+002 -0.477567029833675E+001
  0.107300636795250E-001  0.133453699109745E+002 -0.191673613778226E+002  0.701210755063414E+002 -0.691864961509282E+000  0.546799769472095E+001  0.793677225016330E+002 -0.167451030290137E+002 -0.476726616778667E+001
  0.107388842460477E-001  0.133304374162654E+002 -0.192243278295378E+002  0.677415364265394E+002 -0.373500205813774E+000  0.210337386696191E+000  0.352926511365953E+002 -0.167451030290137E+002 -0.475979992043212E+001
  0.108802102061496E-001  0.132909995994673E+002 -0.192225807324749E+002  0.676506708757985E+002 -0.347937612039898E+000 -0.546297506159449E+000 -0.379693342570853E+002 -0.167451030290137E+002 -0.474008101203308E+001
  0.108329549377515E-001  0.132864158948794E+002 -0.192553162024343E+002  0.666350818442894E+002 -0.525731260919649E+000  0.301449211206833E+001  0.352917818693137E+002 -0.167451030290137E+002 -0.473778915973912E+001
  0.108204762393327E-001  0.132754319775604E+002 -0.192209200529849E+002  0.693379317327831E+002 -0.988593776525485E+000  0.816480967094540E+001  0.981067605678508E+002 -0.167451030290137E+002 -0.473229720107959E+001
  0.107945959170729E-001  0.132669322047730E+002 -0.193029975757633E+002  0.662611785072113E+002 -0.724426034903616E+000  0.535054901497469E+001  0.796363421798231E+002 -0.167451030290137E+002 -0.472804731468591E+001
  0.108284469733746E-001  0.132473810804307E+002 -0.192857922709990E+002  0.665419867328268E+002 -0.687124656859150E+000  0.442689426737883E+001  0.631192325818898E+002 -0.167451030290137E+002 -0.471827175251475E+001
  0.109644680347850E-001  0.132091255638923E+002 -0.192200329389853E+002  0.678891744935740E+002 -0.368875793623517E+000 -0.330517210256813E+000 -0.504581524324401E+002 -0.167451030290137E+002 -0.469914399424559E+001
  0.109591037405056E-001  0.131968152048124E+002 -0.192534924107584E+002  0.669336101326639E+002 -0.378138589237294E+000 -0.516772756341457E+000 -0.596803202866481E+002 -0.167451030290137E+002 -0.469298881470564E+001
  0.109263271136308E-001  0.131895167076525E+002 -0.192494537360788E+002  0.671025771214392E+002 -0.400039764229359E+000  0.773396122753919E+000  0.285537769431227E+002 -0.167451030290137E+002 -0.468933956612568E+001
  0.108542776977771E-001  0.131894595189935E+002 -0.192502006689503E+002  0.677119274310067E+002 -0.625335103040460E+000  0.386046520956465E+001  0.655631672636974E+002 -0.167451030290137E+002 -0.468931097179617E+001
  0.107979133765329E-001  0.131865831346761E+002 -0.192423014841410E+002  0.672484770234963E+002 -0.410270283223607E+000  0.176617304386656E+001  0.574164631952578E+002 -0.167451030290137E+002 -0.468787277963746E+001
  0.108245945808890E-001  0.131683582262620E+002 -0.192656665915586E+002  0.665043603434802E+002 -0.399820919192148E+000  0.983076253895629E+000  0.174408620287486E+002 -0.167451030290137E+002 -0.467876032543040E+001
  0.108162003905352E-001  0.131566206902545E+002 -0.192032040112115E+002  0.687780312642785E+002 -0.748654143099736E+000  0.598354304897340E+001  0.738328841189394E+002 -0.167451030290137E+002 -0.467289155742665E+001
  0.108030699891731E-001  0.131457609935515E+002 -0.191921848337758E+002  0.687636443177327E+002 -0.536771964526765E+000  0.410664560127913E+001  0.838174039494586E+002 -0.167451030290137E+002 -0.466746170907517E+001
  0.107607715958472E-001  0.131403180884729E+002 -0.192949267043687E+002  0.658434013049414E+002 -0.580799171085633E+000  0.476755667375410E+001  0.863143570802171E+002 -0.167451030290137E+002 -0.466474025653588E+001
  0.108726302751608E-001  0.131063462316683E+002 -0.192229569610182E+002  0.676436301397119E+002 -0.402856730647604E+000  0.159828820516268E+001  0.347123874115235E+002 -0.167451030290137E+002 -0.464775432813355E+001
  0.108218837932438E-001  0.131024137189224E+002 -0.192327638510184E+002  0.673963762676340E+002 -0.418844647914322E+000  0.141993431765504E+001  0.415261473911555E+002 -0.167451030290137E+002 -0.464578807176060E+001
  0.109060141942418E-001  0.130736365597674E+002 -0.191753194566379E+002  0.697200727354570E+002 -0.573460415058191E+000  0.332995181291477E+001  0.476327922989612E+002 -0.167451030290137E+002 -0.463139949218310E+001
  0.109136202712137E-001  0.130589531196644E+002 -0.192613479433496E+002  0.666562436677796E+002 -0.433135174862291E+000  0.444125076372391E+000 -0.224238444754221E+000 -0.167451030290137E+002 -0.462405777213161E+001
  0.108725984883012E-001  0.130531957370608E+002 -0.193145310219460E+002  0.657165024476459E+002 -0.714300136024806E+000  0.441648963760388E+001  0.502476910563871E+002 -0.167451030290137E+002 -0.462117908082983E+001
  0.108505739523449E-001  0.130439621446346E+002 -0.192771790030484E+002  0.666677185906474E+002 -0.811955835806990E+000  0.714392266415163E+001  0.900159788228807E+002 -0.167451030290137E+002 -0.461656228461671E+001
  0.108807195234595E-001  0.130251242702152E+002 -0.192555871173698E+002  0.665837322792528E+002 -0.381546464687265E+000  0.686403461870055E+000  0.541750291724870E+001 -0.167451030290137E+002 -0.460714334740701E+001
  0.108144094485344E-001  0.130240610224761E+002 -0.192355153330445E+002  0.675059987231127E+002 -0.381530417457824E+000 -0.598417496559621E+000 -0.754758161632157E+002 -0.167451030290137E+002 -0.460661172353745E+001
  0.111421195733121E-001  0.129510658765549E+002 -0.192403714050866E+002  0.671767093091178E+002 -0.417474855433239E+000  0.179777879304567E+001  0.312633721899373E+002 -0.167451030290137E+002 -0.457011415057689E+001
  0.112601323608184E-001  0.129167050025279E+002 -0.192654702893854E+002  0.677399394058638E+002 -0.984487765426169E+000  0.794147335936198E+001  0.935836005676197E+002 -0.167451030290137E+002 -0.455293371356336E+001
  0.112394147223505E-001  0.129070991280008E+002 -0.192377914108066E+002  0.671495897411190E+002 -0.391104182942143E+000  0.165788741485133E+001  0.715827141031996E+002 -0.167451030290137E+002 -0.454813077629983E+001
  0.112554861542026E-001  0.128909522509822E+002 -0.192177189173360E+002  0.683367340032128E+002 -0.762945124759271E+000  0.652026411817672E+001  0.836205881698938E+002 -0.167451030290137E+002 -0.454005733779053E+001
  0.112414852185267E-001  0.128801525561836E+002 -0.192773973298200E+002  0.667714565997305E+002 -0.786179953569990E+000  0.525797873746634E+001  0.443520671719004E+002 -0.167451030290137E+002 -0.453465749039121E+001
  0.112257995079016E-001  0.128696561024976E+002 -0.192532383697226E+002  0.669579230488182E+002 -0.519816442941304E+000  0.373371469427337E+001  0.619779615812827E+002 -0.167451030290137E+002 -0.452940926354824E+001
  0.114564345765444E-001  0.128156932427329E+002 -0.193033412656103E+002  0.655645665838087E+002 -0.656206877202475E+000  0.523085995690010E+001  0.841453495916419E+002 -0.167451030290137E+002 -0.450242783366585E+001
  0.114076710579924E-001  0.128109351872457E+002 -0.192365965340894E+002  0.678541608911144E+002 -0.530668084638775E+000  0.149081964338109E+001  0.198984721875584E+001 -0.167451030290137E+002 -0.450004880592227E+001
  0.113990641981633E-001  0.127991556313646E+002 -0.192564752627151E+002  0.666204287742632E+002 -0.420925094732605E+000  0.252813965353676E+001  0.873128586356840E+002 -0.167451030290137E+002 -0.449415902798173E+001
  0.113429649803730E-001  0.127957336217518E+002 -0.192380881037000E+002  0.674237513265776E+002 -0.396676429038790E+000  0.231822403957951E+000  0.728385060203601E+002 -0.167451030290137E+002 -0.449244802317533E+001
  0.113172262976623E-001  0.127869879567056E+002 -0.192462214225306E+002  0.670556437771391E+002 -0.381214609431691E+000  0.819480791961675E+000  0.405512452739918E+002 -0.167451030290137E+002 -0.448807519065223E+001
  0.113475744228839E-001  0.127683428756462E+002 -0.191874132060288E+002  0.696076008546001E+002 -0.765210491019753E+000  0.551519349826473E+001  0.698879617858403E+002 -0.167451030290137E+002 -0.447875265012250E+001
  0.114335932150777E-001  0.127399502270622E+002 -0.192136075781239E+002  0.685095078242616E+002 -0.529478486910005E+000  0.371236356257049E+001  0.954983188939093E+002 -0.167451030290137E+002 -0.446455632583052E+001
  0.113922701358204E-001  0.127339025981720E+002 -0.192249038278646E+002  0.677298078712251E+002 -0.385009277661756E+000 -0.207060757766785E+000 -0.811502870388667E+002 -0.167451030290137E+002 -0.446153251138542E+001
  0.114301608054163E-001  0.127139725541957E+002 -0.192770077041833E+002  0.671584354619832E+002 -0.685329889660258E+000  0.366429550785347E+001  0.331360728654777E+002 -0.167451030290137E+002 -0.445156748939727E+001
  0.114249176079585E-001  0.127016011112105E+002 -0.192576207935657E+002  0.668492007203783E+002 -0.575849575121266E+000  0.339930368665179E+001  0.292864747942840E+002 -0.167451030290137E+002 -0.444538176790468E+001
  0.115662612691797E-001  0.126637207783744E+002 -0.192018638667843E+002  0.688266781721246E+002 -0.555445906259658E+000  0.403323471929116E+001  0.740505585136009E+002 -0.167451030290137E+002 -0.442644160148664E+001
  0.116095823620944E-001  0.126429547451186E+002 -0.192434170297449E+002  0.683655585460541E+002 -0.784085820658779E+000  0.606561815223497E+001  0.895016141301441E+002 -0.167451030290137E+002 -0.441605858485874E+001
  0.117551763366975E-001  0.126047399395433E+002 -0.192394377618513E+002  0.676529479006440E+002 -0.478880449444193E+000  0.174406530216599E+001  0.293605942739347E+002 -0.167451030290137E+002 -0.439695118207106E+001
  0.117492563619981E-001  0.125924583193616E+002 -0.191752550501239E+002  0.699653238067588E+002 -0.707834830850105E+000  0.564932872218622E+001  0.938630965304330E+002 -0.167451030290137E+002 -0.439081037198024E+001
  0.119080337531823E-001  0.125523225791262E+002 -0.192306446243753E+002  0.675210315629061E+002 -0.376581146657395E+000  0.476097990221991E-001 -0.815318627697438E+002 -0.167451030290137E+002 -0.437074250186252E+001
  0.119242852281263E-001  0.125363058569069E+002 -0.192544727712158E+002  0.669265706061722E+002 -0.403803598594446E+000  0.632684528611268E+000  0.424784240496874E+001 -0.167451030290137E+002 -0.436273414075288E+001
  0.119398926114807E-001  0.125204007357219E+002 -0.192787694155790E+002  0.673592648506472E+002 -0.848963740220661E+000  0.541398398284417E+001  0.550631775563019E+002 -0.167451030290137E+002 -0.435478158016036E+001
  0.121096125023143E-001  0.124788827603145E+002 -0.192111649619930E+002  0.688891479737378E+002 -0.650993747163154E+000  0.534014800629229E+001  0.969410942563038E+002 -0.167451030290137E+002 -0.433402259245667E+001
  0.120689994277360E-001  0.124723125242291E+002 -0.192334058408486E+002  0.684341152336983E+002 -0.849161338341694E+000  0.635421490533459E+001  0.636883012352262E+002 -0.167451030290137E+002 -0.433073747441395E+001
  0.121921741837861E-001  0.124387151360910E+002 -0.191974790420479E+002  0.690394926655337E+002 -0.538044203583139E+000  0.187626081956416E+001  0.699477788010832E+001 -0.167451030290137E+002 -0.431393878034492E+001
  0.126220866624587E-001  0.123561182435475E+002 -0.193208579184936E+002  0.656736228713944E+002 -0.691692964627598E+000  0.332183723014702E+001  0.238294422585818E+002 -0.167451030290137E+002 -0.427264033407318E+001
  0.125646472689392E-001  0.123519513401691E+002 -0.192882343446181E+002  0.667169184180854E+002 -0.644299948254905E+000  0.286073813939343E+001  0.202054823587007E+002 -0.167451030290137E+002 -0.427055688238399E+001
  0.126590768023917E-001  0.123236874676089E+002 -0.192271686588716E+002  0.683860766129505E+002 -0.633150584170592E+000  0.291922865300836E+001  0.157951136173015E+002 -0.167451030290137E+002 -0.425642494610387E+001
  0.129805440667169E-001  0.122602441131434E+002 -0.192883432408401E+002  0.659714154146630E+002 -0.519970892843201E+000  0.375987271730267E+001  0.912706819604058E+002 -0.167451030290137E+002 -0.422470326887113E+001
  0.129731065856211E-001  0.122481012990186E+002 -0.192440973293964E+002  0.673162233393364E+002 -0.437966834512360E+000  0.152190174807387E+001  0.225044594309902E+002 -0.167451030290137E+002 -0.421863186180871E+001
  0.131634296247629E-001  0.122056841911497E+002 -0.191983295034915E+002  0.689038737413169E+002 -0.688933239517938E+000  0.549838170859385E+001  0.706758151346951E+002 -0.167451030290137E+002 -0.419742330787426E+001
  0.131047520501161E-001  0.122013302764783E+002 -0.192969502679072E+002  0.659819600738673E+002 -0.521278022720590E+000  0.977318234070525E+000 -0.541478720940361E+000 -0.167451030290137E+002 -0.419524635053854E+001
  0.130410216768880E-001  0.121977912179646E+002 -0.192185023799566E+002  0.681036257589050E+002 -0.518237163361087E+000  0.219838189212185E+001  0.289529606600334E+002 -0.167451030290137E+002 -0.419347682128172E+001
  0.130025427793046E-001  0.121904120648098E+002 -0.191897571821628E+002  0.696869539271222E+002 -0.753843183053348E+000  0.592403120568470E+001  0.756071301149819E+002 -0.167451030290137E+002 -0.418978724470430E+001
  0.131600494770962E-001  0.121530414817621E+002 -0.192697227761431E+002  0.668111142855813E+002 -0.570510167358268E+000  0.293049696553967E+001  0.446915863099654E+002 -0.167451030290137E+002 -0.417110195318047E+001
  0.132934843171738E-001  0.121195757389752E+002 -0.192354319487874E+002  0.679935899000186E+002 -0.600283709054826E+000  0.430178816931665E+001  0.968751219317954E+002 -0.167451030290137E+002 -0.415436908178703E+001
  0.134641932438466E-001  0.120807670631468E+002 -0.192296102774984E+002  0.678551195152604E+002 -0.520133371638871E+000  0.179105616887567E+001  0.177564306531663E+002 -0.167451030290137E+002 -0.413496474387280E+001
  0.134982574179760E-001  0.120624244026200E+002 -0.192637801206606E+002  0.665105028195586E+002 -0.528487295993955E+000  0.412985037778551E+001  0.761568955618727E+002 -0.167451030290137E+002 -0.412579341360944E+001
  0.137592169758342E-001  0.120108386609885E+002 -0.193111469739302E+002  0.657008822073207E+002 -0.636811936261588E+000  0.385139679191671E+001  0.479155122741533E+002 -0.167451030290137E+002 -0.410000054279367E+001
  0.136915716798846E-001  0.120074065503322E+002 -0.193049808939687E+002  0.657198223746996E+002 -0.614199836886507E+000  0.441981429382547E+001  0.656665188453932E+002 -0.167451030290137E+002 -0.409828448746553E+001
  0.137339002165368E-001  0.119879438507566E+002 -0.193191689609511E+002  0.656218625883913E+002 -0.803708886091269E+000  0.653404280866794E+001  0.819500728512400E+002 -0.167451030290137E+002 -0.408855313767771E+001
  0.136525292942688E-001  0.119865396532982E+002 -0.192034671351477E+002  0.697185371331197E+002 -0.892464609805562E+000  0.687338527692938E+001  0.857391595589734E+002 -0.167451030290137E+002 -0.408785103894850E+001
  0.139587522396555E-001  0.119288867449072E+002 -0.192259881770213E+002  0.685442733780709E+002 -0.690308606978012E+000  0.505441728544338E+001  0.885490163458863E+002 -0.167451030290137E+002 -0.405902458475300E+001
  0.139882835295893E-001  0.119113709069557E+002 -0.192481940492353E+002  0.671543309594755E+002 -0.629299823256831E+000  0.546568508360498E+001  0.840120819125584E+002 -0.167451030290137E+002 -0.405026666577726E+001
  0.139595880618430E-001  0.119021888216147E+002 -0.192475638804939E+002  0.669418239131292E+002 -0.443019441166640E+000  0.196007190850623E+001  0.241876079241569E+002 -0.167451030290137E+002 -0.404567562310679E+001
  0.140824933211030E-001  0.118713680780125E+002 -0.192265493602768E+002  0.675812639538715E+002 -0.488122091060968E+000  0.219753385163682E+001  0.171437188595534E+002 -0.167451030290137E+002 -0.403026525130565E+001
  0.140551715403570E-001  0.118619630091724E+002 -0.192558094820917E+002  0.673444033107900E+002 -0.823647796374199E+000  0.643271619779160E+001  0.716424905887178E+002 -0.167451030290137E+002 -0.402556271688563E+001
  0.140017194473813E-001  0.118562944626847E+002 -0.192024085355234E+002  0.693642981853774E+002 -0.676992376580515E+000  0.412334916412642E+001  0.500518918913485E+002 -0.167451030290137E+002 -0.402272844364177E+001
  0.139407055423885E-001  0.118517396230382E+002 -0.192450772535905E+002  0.677239067088075E+002 -0.586289767525456E+000  0.367771301433863E+001  0.526433778128560E+002 -0.167451030290137E+002 -0.402045102381851E+001
  0.141761042148495E-001  0.118049610806284E+002 -0.192586119843023E+002  0.670971268459813E+002 -0.745103616558995E+000  0.606051488173894E+001  0.905215142383311E+002 -0.167451030290137E+002 -0.399706175261364E+001
  0.140846197520545E-001  0.118046206772511E+002 -0.192369151205067E+002  0.681805849550794E+002 -0.776734292906955E+000  0.696921766203045E+001  0.997826610137450E+002 -0.167451030290137E+002 -0.399689155092498E+001
  0.141668617218274E-001  0.117796872888890E+002 -0.192365252623694E+002  0.685530347483763E+002 -0.767804301525315E+000  0.446526684050974E+001  0.358988430732978E+002 -0.167451030290137E+002 -0.398442485674393E+001
  0.149909517492889E-001  0.116533157102263E+002 -0.192827627828772E+002  0.672412278906594E+002 -0.838759304575925E+000  0.478177625827261E+001  0.353039578824736E+002 -0.167451030290137E+002 -0.392123906741258E+001
  0.152236556829552E-001  0.116092192035254E+002 -0.193023040352230E+002  0.658698907034485E+002 -0.699572797627358E+000  0.613859807342592E+001  0.952570628603417E+002 -0.167451030290137E+002 -0.389919081406210E+001
  0.153956274679530E-001  0.115734640672086E+002 -0.192811051576051E+002  0.660596724685021E+002 -0.591145074428133E+000  0.443089192086079E+001  0.719600939088192E+002 -0.167451030290137E+002 -0.388131324590374E+001
  0.155108257005843E-001  0.115452656338125E+002 -0.192730919924382E+002  0.669846199049863E+002 -0.595686207619817E+000  0.265789242842168E+001  0.260458489961966E+002 -0.167451030290137E+002 -0.386721402920568E+001
  0.155416386596820E-001  0.115280073987639E+002 -0.192814923197531E+002  0.672831170746316E+002 -0.871583764214724E+000  0.605202412339647E+001  0.594384784273308E+002 -0.167451030290137E+002 -0.385858491168139E+001
  0.155760707774667E-001  0.115102922636642E+002 -0.192447711853183E+002  0.682783852709597E+002 -0.799351141322670E+000  0.492724784144140E+001  0.523376616971942E+002 -0.167451030290137E+002 -0.384972734413152E+001
  0.154952673364557E-001  0.115074055140225E+002 -0.192073260235950E+002  0.686545278137962E+002 -0.595100139755091E+000  0.412137982672326E+001  0.805976739972362E+002 -0.167451030290137E+002 -0.384828396931065E+001
  0.154215166072583E-001  0.115036582838082E+002 -0.193159299096057E+002  0.656636673628012E+002 -0.756084478707042E+000  0.649995179247823E+001  0.973608549366373E+002 -0.167451030290137E+002 -0.384641035420353E+001
  0.153209763972288E-001  0.115034508399228E+002 -0.192367210614328E+002  0.676692326151409E+002 -0.493589771491296E+000  0.277840650467306E+001  0.568553042942058E+002 -0.167451030290137E+002 -0.384630663226084E+001
  0.152949605433202E-001  0.114935607502727E+002 -0.192263263910841E+002  0.680418697877869E+002 -0.638864280158951E+000  0.240166342381792E+001  0.910350237978632E+001 -0.167451030290137E+002 -0.384136158743577E+001
  0.153281266740043E-001  0.114759394897785E+002 -0.192461349148180E+002  0.671359979027225E+002 -0.499249235108532E+000  0.302651876377226E+001  0.434686618138248E+002 -0.167451030290137E+002 -0.383255095718867E+001
  0.154235846071579E-001  0.114502337633438E+002 -0.192518253407212E+002  0.673324105633827E+002 -0.567922331860011E+000  0.267016297843828E+001  0.355729597430615E+002 -0.167451030290137E+002 -0.381969809397131E+001
  0.153255378463020E-001  0.114496991353116E+002 -0.192481056865071E+002  0.681220830990687E+002 -0.759339468150503E+000  0.583606745136066E+001  0.853420222111518E+002 -0.167451030290137E+002 -0.381943077995522E+001
  0.152424343934828E-001  0.114472846550863E+002 -0.192508735445811E+002  0.677636763002604E+002 -0.703766461919978E+000  0.592152649947770E+001  0.961060026588748E+002 -0.167451030290137E+002 -0.381822353984257E+001
  0.153542303493374E-001  0.114193800611527E+002 -0.192316678643052E+002  0.681634193105819E+002 -0.605929699307590E+000  0.457949014821026E+001  0.918146270485854E+002 -0.167451030290137E+002 -0.380427124287577E+001
  0.154652822188377E-001  0.113916777237365E+002 -0.192263799074544E+002  0.680322276138402E+002 -0.570953683296890E+000  0.169803306034303E+001  0.712107613617590E+001 -0.167451030290137E+002 -0.379042007416769E+001
  0.157446803324520E-001  0.113425788448898E+002 -0.192578879721748E+002  0.668253618802883E+002 -0.455867019413413E+000  0.207517617494896E+001  0.482060449160043E+002 -0.167451030290137E+002 -0.376587063474434E+001
  0.157511380364523E-001  0.113284696246631E+002 -0.192685293229187E+002  0.670656507511596E+002 -0.811441298979242E+000  0.534960719780821E+001  0.474894610912733E+002 -0.167451030290137E+002 -0.375881602463100E+001
  0.157330049097828E-001  0.113174843184591E+002 -0.192517215643665E+002  0.678324358390457E+002 -0.781491729415082E+000  0.365555456684975E+001  0.186061991335539E+002 -0.167451030290137E+002 -0.375332337152898E+001
  0.157121255090972E-001  0.113068512123071E+002 -0.192187970329713E+002  0.679171642740075E+002 -0.485435399002010E+000  0.339879174852970E+001  0.796557858441078E+002 -0.167451030290137E+002 -0.374800681845296E+001
  0.156557619802267E-001  0.113007495524877E+002 -0.192897687715997E+002  0.658462640473150E+002 -0.582587596833870E+000  0.442868522176355E+001  0.763759512578703E+002 -0.167451030290137E+002 -0.374495598854329E+001
  0.158221906705270E-001  0.112663116657985E+002 -0.192476558631618E+002  0.675325456381047E+002 -0.764306867773782E+000  0.535903720256400E+001  0.506583804645622E+002 -0.167451030290137E+002 -0.372773704519866E+001
  0.157814912762019E-001  0.112581738050688E+002 -0.192096064673620E+002  0.693907014323998E+002 -0.774882813059411E+000  0.447731189779730E+001  0.423763167874079E+002 -0.167451030290137E+002 -0.372366811483384E+001
  0.157478289833034E-001  0.112491553230459E+002 -0.192743094079106E+002  0.666541778327382E+002 -0.737110749131083E+000  0.467297027713520E+001  0.393463586256694E+002 -0.167451030290137E+002 -0.371915887382238E+001
  0.156531487072096E-001  0.112479270802938E+002 -0.192132552446705E+002  0.683660237165401E+002 -0.687150669879007E+000  0.490456017788312E+001  0.542643947795717E+002 -0.167451030290137E+002 -0.371854475244634E+001
  0.156734213500015E-001  0.112320494388052E+002 -0.192829147355292E+002  0.662166454743096E+002 -0.670147003932952E+000  0.591276131144485E+001  0.903842187123652E+002 -0.167451030290137E+002 -0.371060593170203E+001
  0.156223462255749E-001  0.112252884143460E+002 -0.193060932563367E+002  0.662802802948087E+002 -0.743844731096692E+000  0.391525185431132E+001  0.278723217896167E+002 -0.167451030290137E+002 -0.370722541947241E+001
  0.155218827336432E-001  0.112249023730677E+002 -0.192828060383947E+002  0.666636710895546E+002 -0.851359527674041E+000  0.735657869770093E+001  0.912563848895832E+002 -0.167451030290137E+002 -0.370703239883327E+001
  0.154988175625614E-001  0.112145874532826E+002 -0.191940145301015E+002  0.692664758908064E+002 -0.728875074005801E+000  0.542323893318057E+001  0.752227237961197E+002 -0.167451030290137E+002 -0.370187493894072E+001
  0.154397205561031E-001  0.112089389458333E+002 -0.192391702912391E+002  0.682897300609057E+002 -0.698332386131501E+000  0.451281153752863E+001  0.585282739363539E+002 -0.167451030290137E+002 -0.369905068521609E+001
  0.153415536572145E-001  0.112084066073745E+002 -0.192743544409511E+002  0.663933316132523E+002 -0.517650393388455E+000  0.382522692419177E+001  0.888516785118689E+002 -0.167451030290137E+002 -0.369878451598669E+001
  0.153675658051564E-001  0.111917293226507E+002 -0.192222150631529E+002  0.684989012018680E+002 -0.641070150634702E+000  0.468777048886910E+001  0.908725041935337E+002 -0.167451030290137E+002 -0.369044587362475E+001
  0.158183618824881E-001  0.111206157615369E+002 -0.192243708502011E+002  0.682318080266853E+002 -0.613865153855391E+000  0.511427439440748E+001  0.921706460279285E+002 -0.167451030290137E+002 -0.365488909306789E+001
  0.161154364198825E-001  0.110701143025649E+002 -0.191927750523420E+002  0.691228817915027E+002 -0.643365695731972E+000  0.482892608158773E+001  0.817843343292528E+002 -0.167451030290137E+002 -0.362963836358187E+001
  0.161762656879658E-001  0.110492902361803E+002 -0.192787302667547E+002  0.668640519656011E+002 -0.662092824472184E+000  0.423912679959559E+001  0.606580601042915E+002 -0.167451030290137E+002 -0.361922633038959E+001
  0.164985300838839E-001  0.109965487424532E+002 -0.192303081480548E+002  0.683959075723116E+002 -0.743757397144599E+000  0.327982050915194E+001  0.176505796939031E+002 -0.167451030290137E+002 -0.359285558352600E+001
  0.168279502990530E-001  0.109437198147284E+002 -0.192392634725834E+002  0.678692756997308E+002 -0.567998213639774E+000  0.300813541409245E+001  0.341153513313930E+002 -0.167451030290137E+002 -0.356644111966362E+001
  0.167283734368297E-001  0.109423005819356E+002 -0.192554296468137E+002  0.681970196897734E+002 -0.935817645555927E+000  0.751481721174762E+001  0.897106333470643E+002 -0.167451030290137E+002 -0.356573150326720E+001
  0.166441367616781E-001  0.109391080524419E+002 -0.192097225514210E+002  0.694213780662365E+002 -0.903530123588782E+000  0.694294307656076E+001  0.830349613705456E+002 -0.167451030290137E+002 -0.356413523852036E+001
  0.166450033932481E-001  0.109257148331560E+002 -0.192829158343304E+002  0.660614013983466E+002 -0.510018916226975E+000  0.294856058421584E+001  0.457287885238468E+002 -0.167451030290137E+002 -0.355743862887740E+001
  0.166879218643731E-001  0.109072754652864E+002 -0.192587732325928E+002  0.671339233984658E+002 -0.751353746273093E+000  0.544161456628123E+001  0.648315524804807E+002 -0.167451030290137E+002 -0.354821894494262E+001
  0.167105839653216E-001  0.108912722339478E+002 -0.192164302418226E+002  0.691276345181936E+002 -0.675538531790340E+000  0.231294111762277E+001  0.853246496452871E+001 -0.167451030290137E+002 -0.354021732927332E+001
  0.169404724667792E-001  0.108506565677460E+002 -0.191975453183579E+002  0.687349525164054E+002 -0.502782879493275E+000  0.179244083884699E+001  0.145934807690749E+002 -0.167451030290137E+002 -0.351990949617240E+001
  0.170945594568410E-001  0.108192581362480E+002 -0.192503763405464E+002  0.683160709777908E+002 -0.879390532847118E+000  0.638927415554456E+001  0.697612101275351E+002 -0.167451030290137E+002 -0.350421028042340E+001
  0.171896533499200E-001  0.107948742489576E+002 -0.192737749930892E+002  0.672862270650850E+002 -0.692121705027516E+000  0.328028979933408E+001  0.244368083967956E+002 -0.167451030290137E+002 -0.349201833677823E+001
  0.170973263491251E-001  0.107923562754422E+002 -0.192624061533758E+002  0.679008756927918E+002 -0.969620653561734E+000  0.791763713452929E+001  0.975344717438437E+002 -0.167451030290137E+002 -0.349075935002052E+001
  0.175454556349237E-001  0.107273214284671E+002 -0.192443810347395E+002  0.672579591751763E+002 -0.588939403385501E+000  0.469001430103900E+001  0.987807631492943E+002 -0.167451030290137E+002 -0.345824192653298E+001
  0.175391641160872E-001  0.107147496395487E+002 -0.192376945913988E+002  0.683038957298383E+002 -0.781789551649481E+000  0.558611653217060E+001  0.763219210702418E+002 -0.167451030290137E+002 -0.345195603207379E+001
  0.178539017125551E-001  0.106658890786413E+002 -0.192996234998959E+002  0.656093658438875E+002 -0.562063535290656E+000  0.290601825651373E+001  0.266888437692179E+002 -0.167451030290137E+002 -0.342752575162005E+001
  0.178990794899363E-001  0.106475455557940E+002 -0.192658054867165E+002  0.664736852780582E+002 -0.550814282853710E+000  0.250463970440544E+001  0.177039923639694E+002 -0.167451030290137E+002 -0.341835399019642E+001
  0.179009585816821E-001  0.106340465161947E+002 -0.192285297280626E+002  0.684247821958347E+002 -0.849880041892384E+000  0.688972937234120E+001  0.922777941523535E+002 -0.167451030290137E+002 -0.341160447039679E+001
  0.178657334183700E-001  0.106246968696858E+002 -0.192726962705382E+002  0.664014660241925E+002 -0.627436746590570E+000  0.507604241359837E+001  0.742252075430923E+002 -0.167451030290137E+002 -0.340692964714231E+001
  0.179228407089234E-001  0.106050250388706E+002 -0.193080213604163E+002  0.661224633425396E+002 -0.820231595732048E+000  0.669181184155106E+001  0.861361920351210E+002 -0.167451030290137E+002 -0.339709373173472E+001
  0.178502464316783E-001  0.105998531591538E+002 -0.192695752497671E+002  0.665108826055987E+002 -0.614324785083421E+000  0.387451098618948E+001  0.481076534314819E+002 -0.167451030290137E+002 -0.339450779187631E+001
  0.182116251568358E-001  0.105464784312634E+002 -0.192295205669664E+002  0.684003285231888E+002 -0.826294500103710E+000  0.625296780493036E+001  0.791705482180860E+002 -0.167451030290137E+002 -0.336782042793110E+001
  0.188492485963878E-001  0.104643635142545E+002 -0.192309797315587E+002  0.679210167733918E+002 -0.707313977068822E+000  0.543316120819155E+001  0.797668703482321E+002 -0.167451030290137E+002 -0.332676296942668E+001
  0.188688162688021E-001  0.104489992773756E+002 -0.192165006145273E+002  0.684197349218559E+002 -0.560697280524810E+000  0.243745817991377E+001  0.272653965006334E+002 -0.167451030290137E+002 -0.331908085098722E+001
  0.188755733519864E-001  0.104349941031818E+002 -0.192386210181056E+002  0.686253109658153E+002 -0.931402048361766E+000  0.720635977787311E+001  0.798562888824817E+002 -0.167451030290137E+002 -0.331207826389033E+001
  0.189306552443710E-001  0.104158772022332E+002 -0.192358990289570E+002  0.676823138559766E+002 -0.685300245409891E+000  0.428415366675018E+001  0.414163932186885E+002 -0.167451030290137E+002 -0.330251981341604E+001
  0.193094666420648E-001  0.103629623236948E+002 -0.192221424989844E+002  0.679447916429231E+002 -0.536545951477598E+000  0.436439506084438E+001  0.952957889383956E+002 -0.167451030290137E+002 -0.327606237414683E+001
  0.191946682113413E-001  0.103615991024602E+002 -0.192525632279272E+002  0.677950109167298E+002 -0.758504033109265E+000  0.647027605626490E+001  0.955534262793203E+002 -0.167451030290137E+002 -0.327538076352952E+001
  0.191576168860859E-001  0.103521743329757E+002 -0.192469908864250E+002  0.677592256025058E+002 -0.794216002972499E+000  0.601944088441133E+001  0.803892900942088E+002 -0.167451030290137E+002 -0.327066837878726E+001
  0.191085298555482E-001  0.103440163685570E+002 -0.192290200301131E+002  0.678045826707724E+002 -0.498441903966292E+000  0.320307791363049E+001  0.786415179171228E+002 -0.167451030290137E+002 -0.326658939657793E+001
  0.190600618211148E-001  0.103358066489915E+002 -0.192652141559209E+002  0.665598628551727E+002 -0.513210984084438E+000  0.353581720946200E+001  0.679408124061498E+002 -0.167451030290137E+002 -0.326248453679519E+001
  0.189375666700669E-001  0.103354126394063E+002 -0.192053798867839E+002  0.690548651985673E+002 -0.754747847431932E+000  0.648079243107466E+001  0.907035984992287E+002 -0.167451030290137E+002 -0.326228753200260E+001
  0.192667258459260E-001  0.102876596443723E+002 -0.191977746913255E+002  0.688513323712218E+002 -0.571300659789526E+000  0.345147462768654E+001  0.404683365833204E+002 -0.167451030290137E+002 -0.323841103448555E+001
  0.191636705997122E-001  0.102850970153622E+002 -0.192348333481174E+002  0.673886695658202E+002 -0.501761017981790E+000  0.306520315775686E+001  0.522999521227769E+002 -0.167451030290137E+002 -0.323712971998050E+001
  0.191347661131172E-001  0.102748267990551E+002 -0.191873812221192E+002  0.694191696420751E+002 -0.705905848969397E+000  0.573700805674891E+001  0.904361630601447E+002 -0.167451030290137E+002 -0.323199461182699E+001
  0.190840583724980E-001  0.102668448125206E+002 -0.192594524170091E+002  0.673753202561850E+002 -0.617007947792345E+000  0.337193385133289E+001  0.437261594163221E+002 -0.167451030290137E+002 -0.322800361855972E+001
  0.189897063705436E-001  0.102634682950403E+002 -0.192894560345888E+002  0.665471913521080E+002 -0.809752619299985E+000  0.528606011525450E+001  0.456031650996825E+002 -0.167451030290137E+002 -0.322631535981956E+001
  0.188862402467531E-001  0.102611060790698E+002 -0.192622845926231E+002  0.673560949538214E+002 -0.647555363835312E+000  0.377318769315774E+001  0.377508444294768E+002 -0.167451030290137E+002 -0.322513425183430E+001
  0.188808325245079E-001  0.102483897382891E+002 -0.193025124212268E+002  0.658315692459279E+002 -0.632353506529975E+000  0.316997492086038E+001  0.284911239451436E+002 -0.167451030290137E+002 -0.321877608144398E+001
  0.189560225851762E-001  0.102271517723831E+002 -0.192670850290114E+002  0.667276630860365E+002 -0.529802743892202E+000  0.302418423188886E+001  0.414267551292092E+002 -0.167451030290137E+002 -0.320815709849096E+001
  0.190726092839240E-001  0.102015996042860E+002 -0.192783928684974E+002  0.661696646178224E+002 -0.534386158631694E+000  0.333971716517448E+001  0.518337747893349E+002 -0.167451030290137E+002 -0.319538101444243E+001
  0.189783230520100E-001  0.101982221209144E+002 -0.192505118472128E+002  0.673173310137416E+002 -0.563782237143741E+000  0.432834597892787E+001  0.867405741619057E+002 -0.167451030290137E+002 -0.319369227275664E+001
  0.189130477658247E-001  0.101918238234690E+002 -0.192057163493293E+002  0.692811894470465E+002 -0.794039490747785E+000  0.502399519455955E+001  0.506630688163273E+002 -0.167451030290137E+002 -0.319049312403394E+001
  0.188516850038826E-001  0.101850342216976E+002 -0.192505269920634E+002  0.669620561620536E+002 -0.505112965961882E+000  0.271546661230079E+001  0.305711778254246E+002 -0.167451030290137E+002 -0.318709832314820E+001
  0.187991055414027E-001  0.101773311540728E+002 -0.192318857415770E+002  0.679114107804163E+002 -0.731214251438296E+000  0.659877438018127E+001  0.954387378580938E+002 -0.167451030290137E+002 -0.318324678933580E+001
  0.187814728714811E-001  0.101659188541411E+002 -0.192035337219019E+002  0.689147540962366E+002 -0.573772243474814E+000  0.304948619319070E+001  0.333418860850036E+002 -0.167451030290137E+002 -0.317754063936999E+001
  0.190379189958574E-001  0.101255061115285E+002 -0.192002658713527E+002  0.695420239014935E+002 -0.790058280677291E+000  0.650407529757162E+001  0.954778105404086E+002 -0.167451030290137E+002 -0.315733426806369E+001
  0.189244579211257E-001  0.101241721692397E+002 -0.192843516632540E+002  0.668430665402653E+002 -0.789544005097030E+000  0.603917215705672E+001  0.704688388248202E+002 -0.167451030290137E+002 -0.315666729691926E+001
  0.188301346606894E-001  0.101208764064930E+002 -0.192451470458114E+002  0.676722940638296E+002 -0.564830602266568E+000  0.269242718610300E+001  0.241016779730769E+002 -0.167451030290137E+002 -0.315501941554590E+001
  0.187758289058496E-001  0.101133636168809E+002 -0.191854330697665E+002  0.697518426796661E+002 -0.686661191939228E+000  0.306623800118162E+001  0.174503783079770E+002 -0.167451030290137E+002 -0.315126302073986E+001
  0.187775037921573E-001  0.100998961306265E+002 -0.192037545263081E+002  0.695208972845946E+002 -0.834910008514810E+000  0.623155244575511E+001  0.784761933253411E+002 -0.167451030290137E+002 -0.314452927761268E+001
  0.186659869247148E-001  0.100985201649364E+002 -0.192541771890155E+002  0.679008770600774E+002 -0.767827285330290E+000  0.441898022491104E+001  0.332095596260064E+002 -0.167451030290137E+002 -0.314384129476763E+001
  0.188725469230945E-001  0.100632204081130E+002 -0.192509031992993E+002  0.673552273631188E+002 -0.571519036249384E+000  0.308642247683276E+001  0.474435811989461E+002 -0.167451030290137E+002 -0.312619141635592E+001
  0.188788872644265E-001  0.100492595239450E+002 -0.193034712729450E+002  0.663123299693600E+002 -0.751681329909128E+000  0.370081912795478E+001  0.222525108904193E+002 -0.167451030290137E+002 -0.311921097427194E+001
  0.187807497510475E-001  0.100463940902792E+002 -0.191978300379322E+002  0.697154793405565E+002 -0.839654351659344E+000  0.649735516246379E+001  0.814269863747254E+002 -0.167451030290137E+002 -0.311777825743901E+001
  0.187126574085391E-001  0.100403694731876E+002 -0.192432190317068E+002  0.681982884976504E+002 -0.760353820342588E+000  0.625602813021439E+001  0.976082431077797E+002 -0.167451030290137E+002 -0.311476594889320E+001
  0.190605641110376E-001  0.999023772230336E+001 -0.192735621688092E+002  0.664121912815468E+002 -0.647088268143099E+000  0.510757017170147E+001  0.707341101170487E+002 -0.167451030290137E+002 -0.308970007345110E+001
  0.190469435956733E-001  0.997837833056829E+001 -0.192122605279110E+002  0.690455304176737E+002 -0.806305019007245E+000  0.499495708232801E+001  0.456995549813095E+002 -0.167451030290137E+002 -0.308377037758357E+001
  0.189933379941195E-001  0.997072596860372E+001 -0.192862472548162E+002  0.670390595395890E+002 -0.852033559751656E+000  0.672315110562364E+001  0.877645503488116E+002 -0.167451030290137E+002 -0.307994419660128E+001
  0.192075548888050E-001  0.993500608388847E+001 -0.192104525523506E+002  0.685138128958783E+002 -0.572969411972964E+000  0.437537444443226E+001  0.820874972365017E+002 -0.167451030290137E+002 -0.306208425424366E+001
  0.191454928490660E-001  0.992818971418763E+001 -0.192880470411604E+002  0.669816765877777E+002 -0.906140527082408E+000  0.702079676949180E+001  0.834674585622163E+002 -0.167451030290137E+002 -0.305867606939324E+001
  0.190950833811669E-001  0.992017350924190E+001 -0.192616042505456E+002  0.672329355660204E+002 -0.688426127290812E+000  0.472933303001984E+001  0.708335753149073E+002 -0.167451030290137E+002 -0.305466796692037E+001
  0.190502404515318E-001  0.991158675119748E+001 -0.191876820273956E+002  0.695771295416013E+002 -0.736995757827957E+000  0.536839100357965E+001  0.628024307374005E+002 -0.167451030290137E+002 -0.305037458789816E+001
  0.191599186746680E-001  0.988681605700847E+001 -0.192049346897502E+002  0.686052349207384E+002 -0.652330990172870E+000  0.523601556449009E+001  0.837575060717504E+002 -0.167451030290137E+002 -0.303798924080365E+001
  0.191043589561817E-001  0.987933497433213E+001 -0.192114770747959E+002  0.686233675444941E+002 -0.584595955136060E+000  0.372791829216342E+001  0.648704417239930E+002 -0.167451030290137E+002 -0.303424869946549E+001
  0.189842340925997E-001  0.987866124191765E+001 -0.192122518648733E+002  0.683764118521253E+002 -0.658352265194525E+000  0.515865562248231E+001  0.801546738472700E+002 -0.167451030290137E+002 -0.303391183325825E+001
  0.189467342974049E-001  0.986932668851615E+001 -0.192830595419792E+002  0.668084779798176E+002 -0.690477032133094E+000  0.286686128139562E+001  0.116214341512892E+002 -0.167451030290137E+002 -0.302924455655750E+001
  0.190548652029511E-001  0.984465585085832E+001 -0.192121157520501E+002  0.683998610179688E+002 -0.591939321724346E+000  0.247421855243392E+001  0.112505685482972E+002 -0.167451030290137E+002 -0.301690913772858E+001
  0.191005515473693E-001  0.982657726289233E+001 -0.191941155115433E+002  0.695205294958839E+002 -0.740745544999625E+000  0.441106557481328E+001  0.366974709013978E+002 -0.167451030290137E+002 -0.300786984374559E+001
  0.193221452790166E-001  0.979021887656447E+001 -0.192971349886791E+002  0.664239143733052E+002 -0.809038836398214E+000  0.646356748542232E+001  0.917762614301795E+002 -0.167451030290137E+002 -0.298969065058165E+001
  0.194736026782717E-001  0.976131383559699E+001 -0.192396118811479E+002  0.679447623203691E+002 -0.778514291589825E+000  0.472959182492553E+001  0.392305834631140E+002 -0.167451030290137E+002 -0.297523813009791E+001
  0.197203066255177E-001  0.972284663347298E+001 -0.192054960615970E+002  0.685285480614759E+002 -0.570871865679566E+000  0.305398476102743E+001  0.268889229709193E+002 -0.167451030290137E+002 -0.295600452903591E+001
  0.197153265611898E-001  0.971006268148496E+001 -0.192420394166615E+002  0.683129686742773E+002 -0.700927657337687E+000  0.291751733153473E+001  0.142270021025885E+002 -0.167451030290137E+002 -0.294961255304190E+001
  0.198598500049974E-001  0.968216604668811E+001 -0.192295986638024E+002  0.688991150532050E+002 -0.904283898684870E+000  0.706482848827673E+001  0.879190070453014E+002 -0.167451030290137E+002 -0.293566423564348E+001
  0.200450749087160E-001  0.965031020696092E+001 -0.192671123745592E+002  0.668202960839302E+002 -0.743444639025255E+000  0.591211370706968E+001  0.787400860549228E+002 -0.167451030290137E+002 -0.291973631577988E+001
  0.199732976214798E-001  0.964419556262831E+001 -0.192736532361777E+002  0.665474794276391E+002 -0.580090342209509E+000  0.441515857548191E+001  0.939020921981707E+002 -0.167451030290137E+002 -0.291667899361358E+001
  0.198580093912481E-001  0.964248415925334E+001 -0.192477953253114E+002  0.679792449143092E+002 -0.724891345557835E+000  0.544170578220397E+001  0.772589779142176E+002 -0.167451030290137E+002 -0.291582329192609E+001
  0.201347362061662E-001  0.960151693096007E+001 -0.192288146623585E+002  0.687784556830074E+002 -0.763660405330280E+000  0.369450844215529E+001  0.218615950943716E+002 -0.167451030290137E+002 -0.289533967777946E+001
  0.200326117871435E-001  0.959839776155408E+001 -0.191888909464390E+002  0.693029332414451E+002 -0.653455315026678E+000  0.465957608867225E+001  0.627659510381218E+002 -0.167451030290137E+002 -0.289378009307646E+001
  0.199113335089535E-001  0.959725356065073E+001 -0.192862136441480E+002  0.660729580665623E+002 -0.548932078756070E+000  0.259785390931991E+001  0.270220824182278E+002 -0.167451030290137E+002 -0.289320799262479E+001
  0.199910155715434E-001  0.957597675816488E+001 -0.191945085821969E+002  0.690746228842389E+002 -0.678315977830265E+000  0.517439277247884E+001  0.723570391296274E+002 -0.167451030290137E+002 -0.288256959138186E+001
  0.204581847557186E-001  0.951648750518832E+001 -0.192020579482416E+002  0.691081279830467E+002 -0.723512363860664E+000  0.605413826626896E+001  0.874445004893185E+002 -0.167451030290137E+002 -0.285282496489358E+001
  0.205389800522140E-001  0.949531539647621E+001 -0.192620306059837E+002  0.673116513697282E+002 -0.575377691424571E+000  0.143754295491945E+001  0.426032390073159E+001 -0.167451030290137E+002 -0.284223891053752E+001
  0.204936058592501E-001  0.948644954788352E+001 -0.192878764161399E+002  0.663128053855899E+002 -0.672014999963424E+000  0.485525140356469E+001  0.744470452678192E+002 -0.167451030290137E+002 -0.283780598624118E+001
  0.204410300779667E-001  0.947829800027839E+001 -0.192752860583371E+002  0.665746106799023E+002 -0.519545459186813E+000  0.189764453061528E+001  0.114866209362109E+002 -0.167451030290137E+002 -0.283373021243862E+001
  0.205728779758994E-001  0.945215002297923E+001 -0.192594955434192E+002  0.678250692448510E+002 -0.817542125737183E+000  0.578685861543739E+001  0.711002181096515E+002 -0.167451030290137E+002 -0.282065622378903E+001
  0.204532060466115E-001  0.945052885775016E+001 -0.192597653098808E+002  0.670507424210190E+002 -0.678230052800749E+000  0.504975629058603E+001  0.583251140573179E+002 -0.167451030290137E+002 -0.281984564117450E+001
  0.205387053296845E-001  0.942889672079969E+001 -0.192501639101434E+002  0.674055305543382E+002 -0.642552616075674E+000  0.281076884000082E+001  0.194345783564583E+002 -0.167451030290137E+002 -0.280902957269926E+001
  0.204955938953375E-001  0.941981011485131E+001 -0.192827782903319E+002  0.661209721302306E+002 -0.472461333957304E+000  0.125569884800535E+001  0.560573023898536E+001 -0.167451030290137E+002 -0.280448626972508E+001
  0.207153349440671E-001  0.938519240252149E+001 -0.191955757167371E+002  0.692463576597035E+002 -0.666852252619080E+000  0.534246590665985E+001  0.927060809668956E+002 -0.167451030290137E+002 -0.278717741356017E+001
  0.208341141885984E-001  0.936046830934436E+001 -0.192652245633072E+002  0.665387708441358E+002 -0.467297121847998E+000  0.162685273738674E+001  0.118922594841377E+002 -0.167451030290137E+002 -0.277481536697160E+001
  0.211394702116313E-001  0.931807888238922E+001 -0.192305132890703E+002  0.680856137667429E+002 -0.730333545116027E+000  0.476093073728348E+001  0.422310043211337E+002 -0.167451030290137E+002 -0.275362065349403E+001
  0.211614531087978E-001  0.930271108117740E+001 -0.192195140466127E+002  0.680487111465260E+002 -0.590476708947654E+000  0.316287416545480E+001  0.297131662455070E+002 -0.167451030290137E+002 -0.274593675288812E+001
  0.210370557329828E-001  0.930121366701717E+001 -0.192197893633475E+002  0.680017042232199E+002 -0.466517869265036E+000  0.139292914334329E+001  0.101343525091215E+002 -0.167451030290137E+002 -0.274518804580801E+001
  0.209295130110504E-001  0.929817492708641E+001 -0.192345707085391E+002  0.679273250810842E+002 -0.541545638243562E+000  0.229361772255485E+001  0.248916964650384E+002 -0.167451030290137E+002 -0.274366867584262E+001
  0.209089001078099E-001  0.928685655739775E+001 -0.191956612845741E+002  0.691042582682366E+002 -0.707712424137603E+000  0.584235081094853E+001  0.857051965101585E+002 -0.167451030290137E+002 -0.273800949099830E+001
  0.208382451063684E-001  0.928033728278607E+001 -0.191957097281509E+002  0.695373575928929E+002 -0.766760265892687E+000  0.605898692225207E+001  0.818781997882189E+002 -0.167451030290137E+002 -0.273474985369246E+001
  0.207595502701604E-001  0.927461541858022E+001 -0.192362603136578E+002  0.674551405172126E+002 -0.587008784644269E+000  0.404024281449434E+001  0.553322888720018E+002 -0.167451030290137E+002 -0.273188892158953E+001
  0.207878530066935E-001  0.925860147058312E+001 -0.192193420047324E+002  0.682507088545517E+002 -0.591005711689769E+000  0.444062813813826E+001  0.720321027421441E+002 -0.167451030290137E+002 -0.272388194759098E+001
  0.208333410273394E-001  0.924094076248453E+001 -0.192207475294384E+002  0.686976963888144E+002 -0.698861626391343E+000  0.458094855858309E+001  0.490988313144802E+002 -0.167451030290137E+002 -0.271505159354169E+001
  0.214294348464663E-001  0.917123007769153E+001 -0.192685090888045E+002  0.670068699543660E+002 -0.804151694512164E+000  0.599775209377984E+001  0.664535731778971E+002 -0.167451030290137E+002 -0.268019625114519E+001
  0.213503424406613E-001  0.916533630854033E+001 -0.192686011093377E+002  0.667527390807749E+002 -0.616728739286885E+000  0.433424950036013E+001  0.547252630900472E+002 -0.167451030290137E+002 -0.267724936656959E+001
  0.212603408362068E-001  0.916049597176183E+001 -0.191926412868454E+002  0.694315055916045E+002 -0.674484197770149E+000  0.300978538161351E+001  0.183199663637883E+002 -0.167451030290137E+002 -0.267482919818033E+001
  0.212431229748868E-001  0.914882725894525E+001 -0.192205938189510E+002  0.689662816724666E+002 -0.712337486500666E+000  0.288042193730917E+001  0.132312167596777E+002 -0.167451030290137E+002 -0.266899484177205E+001
  0.211792698570122E-001  0.914155887737048E+001 -0.192473433327409E+002  0.677457078682519E+002 -0.782310764203878E+000  0.530267507988190E+001  0.583607568237510E+002 -0.167451030290137E+002 -0.266536065098466E+001
  0.211215678775593E-001  0.913372613921442E+001 -0.192466666825694E+002  0.673093013771577E+002 -0.676716884901976E+000  0.491419835239379E+001  0.622660336742380E+002 -0.167451030290137E+002 -0.266144428190663E+001
  0.210225588429906E-001  0.912983425565775E+001 -0.192405843075909E+002  0.674466513727093E+002 -0.609059230733062E+000  0.472212630057063E+001  0.877004288716343E+002 -0.167451030290137E+002 -0.265949834012830E+001
  0.209628862267073E-001  0.912223025050135E+001 -0.192239828852503E+002  0.689475450977200E+002 -0.802441614687828E+000  0.475651410414305E+001  0.396006040764338E+002 -0.167451030290137E+002 -0.265569633755009E+001
  0.209430384307910E-001  0.911083567497521E+001 -0.192682165204192E+002  0.675034595712661E+002 -0.853502155839228E+000  0.689347448578744E+001  0.843185913519411E+002 -0.167451030290137E+002 -0.264999904978703E+001
  0.208281543533849E-001  0.910854789061842E+001 -0.192138072541829E+002  0.691000584504959E+002 -0.783469561791192E+000  0.603877605151481E+001  0.869230561316523E+002 -0.167451030290137E+002 -0.264885515760863E+001
  0.209822440583998E-001  0.908051697936614E+001 -0.192642712181622E+002  0.672034582868034E+002 -0.739405100290356E+000  0.633514280569474E+001  0.897860528326727E+002 -0.167451030290137E+002 -0.263483970198249E+001
  0.209077497397818E-001  0.907434122963428E+001 -0.192907472246231E+002  0.668407064150565E+002 -0.864479201225336E+000  0.646434578591060E+001  0.732740916604424E+002 -0.167451030290137E+002 -0.263175182711656E+001
  0.207855727266840E-001  0.907277367230619E+001 -0.192736724087479E+002  0.673670236983819E+002 -0.829536437980047E+000  0.679666237870679E+001  0.958374750192666E+002 -0.167451030290137E+002 -0.263096804845252E+001
  0.209407748978181E-001  0.904460642036646E+001 -0.192557816397496E+002  0.674261380310615E+002 -0.648310270075953E+000  0.516434408521191E+001  0.913793437327489E+002 -0.167451030290137E+002 -0.261688442248265E+001
  0.211942611176485E-001  0.900725286962973E+001 -0.192620975267112E+002  0.674260313227410E+002 -0.847912175074596E+000  0.664315038277138E+001  0.842356215533379E+002 -0.167451030290137E+002 -0.259820764711429E+001
  0.212396505144196E-001  0.898968518603011E+001 -0.192159702214894E+002  0.685344103571716E+002 -0.622522413655897E+000  0.283795355549600E+001  0.243574360929968E+002 -0.167451030290137E+002 -0.258942380531447E+001
  0.211308123466318E-001  0.898667103268688E+001 -0.192839513208574E+002  0.668160519383900E+002 -0.642843047202263E+000  0.243658795499119E+001  0.112416785276911E+002 -0.167451030290137E+002 -0.258791672864286E+001
  0.212155532889708E-001  0.896537738259007E+001 -0.192543048001557E+002  0.673167328152133E+002 -0.660035133098657E+000  0.473678268655049E+001  0.776005791503278E+002 -0.167451030290137E+002 -0.257726990359445E+001
  0.212545752455324E-001  0.894841305821290E+001 -0.192122110740451E+002  0.682849635654287E+002 -0.545125321583352E+000  0.284851561997261E+001  0.278816551604888E+002 -0.167451030290137E+002 -0.256878774140587E+001
  0.213055987499695E-001  0.893032854793664E+001 -0.192902274752285E+002  0.660859242135589E+002 -0.656607249000358E+000  0.501750403209291E+001  0.770695724662932E+002 -0.167451030290137E+002 -0.255974548626774E+001
  0.213369219020393E-001  0.891410125366695E+001 -0.192413944223569E+002  0.676475405180383E+002 -0.599303733255639E+000  0.479600686364465E+001  0.890770715378869E+002 -0.167451030290137E+002 -0.255163183913289E+001
  0.215224080067428E-001  0.888350090712053E+001 -0.192701649184418E+002  0.668627051094559E+002 -0.571599044375450E+000  0.285754794901774E+001  0.304279330331214E+002 -0.167451030290137E+002 -0.253633166585969E+001
  0.214837161832524E-001  0.887381054950707E+001 -0.192403515497940E+002  0.674822313580936E+002 -0.582265909758899E+000  0.478603943571648E+001  0.886578859538712E+002 -0.167451030290137E+002 -0.253148648705295E+001
  0.214562319247819E-001  0.886308171515849E+001 -0.192775455167278E+002  0.671293303977808E+002 -0.800110392474658E+000  0.634266265366473E+001  0.822294372610498E+002 -0.167451030290137E+002 -0.252612206987867E+001
  0.217779009134874E-001  0.882003142918596E+001 -0.192936566782868E+002  0.664304358726973E+002 -0.819364594526770E+000  0.595494461948064E+001  0.653760054572907E+002 -0.167451030290137E+002 -0.250459692689240E+001
  0.217326583197025E-001  0.881090157414121E+001 -0.192615303466197E+002  0.674120753142816E+002 -0.661015850864677E+000  0.377376050643767E+001  0.363452471304663E+002 -0.167451030290137E+002 -0.250003199937003E+001
  0.217199856731686E-001  0.879877905954778E+001 -0.192892024319995E+002  0.660885785115466E+002 -0.641650421944825E+000  0.501167548729669E+001  0.788167597088495E+002 -0.167451030290137E+002 -0.249397074207331E+001
  0.215930913273834E-001  0.879720880986403E+001 -0.192065209847036E+002  0.690233943000604E+002 -0.690159204690938E+000  0.511621337709667E+001  0.804100411141233E+002 -0.167451030290137E+002 -0.249318561723144E+001
  0.214630714069325E-001  0.879599886083041E+001 -0.192460938493579E+002  0.675869491031938E+002 -0.626710537609995E+000  0.324308810683554E+001  0.355322443884919E+002 -0.167451030290137E+002 -0.249258064271462E+001
  0.213548003194966E-001  0.879282436669191E+001 -0.192716952099407E+002  0.668321633575101E+002 -0.610868980409618E+000  0.346329445267673E+001  0.334194922564512E+002 -0.167451030290137E+002 -0.249099339564537E+001
  0.212623848240888E-001  0.878820930699843E+001 -0.192708151705287E+002  0.668033046310571E+002 -0.659396857417853E+000  0.407832741050734E+001  0.365031221310106E+002 -0.167451030290137E+002 -0.248868586579864E+001
  0.212824638460610E-001  0.877303242324091E+001 -0.192697011187597E+002  0.671149775932885E+002 -0.707793623026289E+000  0.582859283898702E+001  0.919259451363306E+002 -0.167451030290137E+002 -0.248109742391988E+001
  0.216658944925550E-001  0.872403153425080E+001 -0.192194921541728E+002  0.686905090153624E+002 -0.695074872275190E+000  0.269490189698310E+001  0.101561937637581E+002 -0.167451030290137E+002 -0.245659697942482E+001
  0.217890062667336E-001  0.869941004658392E+001 -0.192333789634170E+002  0.679462561402758E+002 -0.660336698713774E+000  0.449392215797522E+001  0.478900872140465E+002 -0.167451030290137E+002 -0.244428623559138E+001
  0.216716029617085E-001  0.869692647838998E+001 -0.192632142612855E+002  0.672341227139576E+002 -0.760021154818407E+000  0.423716586087181E+001  0.305041123577820E+002 -0.167451030290137E+002 -0.244304445149441E+001
  0.216366077970062E-001  0.868686959042336E+001 -0.192498044835159E+002  0.676728855620027E+002 -0.765706014918094E+000  0.483252203625966E+001  0.396986380224852E+002 -0.167451030290137E+002 -0.243801600751110E+001
  0.215455308191672E-001  0.868201705915482E+001 -0.192670697771812E+002  0.666086610406126E+002 -0.565837920043796E+000  0.351671916451439E+001  0.423294813570057E+002 -0.167451030290137E+002 -0.243558974187683E+001
  0.216572340826027E-001  0.865838571783578E+001 -0.192256940574885E+002  0.687450117769172E+002 -0.732894519641144E+000  0.419375566670427E+001  0.358753866059185E+002 -0.167451030290137E+002 -0.242377407121731E+001
  0.217917813803145E-001  0.863270990958272E+001 -0.192637230434741E+002  0.674891439237899E+002 -0.855127326659825E+000  0.702274239633509E+001  0.987742085233852E+002 -0.167451030290137E+002 -0.241093616709078E+001
  0.216582716530074E-001  0.863171173181249E+001 -0.192752510913162E+002  0.664664469393192E+002 -0.484245311367148E+000  0.129275320063965E+001  0.373824956305913E+001 -0.167451030290137E+002 -0.241043707820566E+001
  0.215622613716806E-001  0.862730827850724E+001 -0.192309033894898E+002  0.687889505132173E+002 -0.879766970775778E+000  0.646836890619490E+001  0.728488037856735E+002 -0.167451030290137E+002 -0.240823535155304E+001
  0.214744165776870E-001  0.862218384891015E+001 -0.192418816169728E+002  0.680253889005517E+002 -0.659314638503471E+000  0.320514988211507E+001  0.296480315458548E+002 -0.167451030290137E+002 -0.240567313675450E+001
  0.213620495297295E-001  0.861938744094147E+001 -0.192590104253053E+002  0.676659568884761E+002 -0.853127559088881E+000  0.642705878481571E+001  0.790186106993613E+002 -0.167451030290137E+002 -0.240427493277016E+001
  0.212695002790177E-001  0.861478200848111E+001 -0.192727223251862E+002  0.667767545464369E+002 -0.719381769815886E+000  0.568021422130026E+001  0.704647696184770E+002 -0.167451030290137E+002 -0.240197221653998E+001
  0.213524400155590E-001  0.859370915340241E+001 -0.192287083671761E+002  0.680775846501091E+002 -0.570577451852012E+000  0.343866945214617E+001  0.520899302796393E+002 -0.167451030290137E+002 -0.239143578900063E+001
  0.218214298810863E-001  0.853696708911315E+001 -0.192077506251351E+002  0.690641104008141E+002 -0.615160437320742E+000  0.228846509883098E+001  0.126166388089755E+002 -0.167451030290137E+002 -0.236306475685600E+001
  0.217264921252991E-001  0.853239831930219E+001 -0.192525841737652E+002  0.672298031645016E+002 -0.654699997384828E+000  0.503467033854413E+001  0.853142526573168E+002 -0.167451030290137E+002 -0.236078037195051E+001
  0.215920166367587E-001  0.853152664382318E+001 -0.192074635470016E+002  0.693196625583508E+002 -0.869605769527769E+000  0.717747206437530E+001  0.937830975888131E+002 -0.167451030290137E+002 -0.236034453421101E+001
  0.216518512046744E-001  0.851270293726272E+001 -0.192461582261817E+002  0.678813586027754E+002 -0.661786213551475E+000  0.404025661932219E+001  0.509684933630501E+002 -0.167451030290137E+002 -0.235093268093078E+001
  0.218737771822529E-001  0.847901870450801E+001 -0.192354716396340E+002  0.682338946354140E+002 -0.858719666950488E+000  0.749828217758136E+001  0.972002987854287E+002 -0.167451030290137E+002 -0.233409056455343E+001
  0.219276351554397E-001  0.846081123882173E+001 -0.192137658261785E+002  0.690669403832548E+002 -0.809249737854878E+000  0.551608321329568E+001  0.540677374777676E+002 -0.167451030290137E+002 -0.232498683171028E+001
  0.217836332529815E-001  0.846069975528483E+001 -0.192899662285805E+002  0.660342815281743E+002 -0.538906458626589E+000  0.207202179487586E+001  0.113216516794716E+002 -0.167451030290137E+002 -0.232493108994183E+001
  0.216605339600361E-001  0.845874472275158E+001 -0.192834521879832E+002  0.667859319918812E+002 -0.676993940120622E+000  0.284348723526835E+001  0.175941965288219E+002 -0.167451030290137E+002 -0.232395357367521E+001
  0.215907730830844E-001  0.845190732094792E+001 -0.192519165694522E+002  0.674213619605295E+002 -0.649833499572594E+000  0.360970222808569E+001  0.403336355998560E+002 -0.167451030290137E+002 -0.232053487277338E+001
  0.214720274725793E-001  0.844964825770578E+001 -0.192148862121711E+002  0.686575258008139E+002 -0.733972041407890E+000  0.528374502476327E+001  0.690823159225718E+002 -0.167451030290137E+002 -0.231940534115231E+001
  0.214427063286401E-001  0.843909214026378E+001 -0.192703324635187E+002  0.668987192694336E+002 -0.689381750100559E+000  0.597254237864581E+001  0.962833126318902E+002 -0.167451030290137E+002 -0.231412728243131E+001
  0.214894011264359E-001  0.842145248188916E+001 -0.192859681135734E+002  0.663146637562949E+002 -0.564175750880722E+000  0.237835465395072E+001  0.191980067666410E+002 -0.167451030290137E+002 -0.230530745324400E+001
  0.213801040121234E-001  0.841836154086935E+001 -0.192399941000910E+002  0.682093175715556E+002 -0.809685312132584E+000  0.601490577803424E+001  0.787617357376847E+002 -0.167451030290137E+002 -0.230376198273409E+001
  0.212486323999281E-001  0.841740892515678E+001 -0.192001430242673E+002  0.689664567912552E+002 -0.647244174742677E+000  0.481812023354305E+001  0.707719401562270E+002 -0.167451030290137E+002 -0.230328567487781E+001
  0.212969476271115E-001  0.839957739390749E+001 -0.192606386198160E+002  0.678703338999010E+002 -0.902684598211219E+000  0.738636090967507E+001  0.975433035778821E+002 -0.167451030290137E+002 -0.229436990925317E+001
  0.212173324870795E-001  0.839377898999039E+001 -0.192839046690295E+002  0.666861813165688E+002 -0.773034814143253E+000  0.575929200349545E+001  0.638749420470573E+002 -0.167451030290137E+002 -0.229147070729462E+001
  0.211369217906441E-001  0.838808402178333E+001 -0.192323620812912E+002  0.686183676942892E+002 -0.800305051675894E+000  0.607794776515252E+001  0.803887496429452E+002 -0.167451030290137E+002 -0.228862322319109E+001
  0.212595679193919E-001  0.836322355657281E+001 -0.192243690207593E+002  0.687769451063854E+002 -0.711132432533094E+000  0.322459560060118E+001  0.214508123410258E+002 -0.167451030290137E+002 -0.227619299058583E+001
  0.211823704337582E-001  0.835721006445306E+001 -0.192310917439997E+002  0.685195738904867E+002 -0.822582394826366E+000  0.689095696865243E+001  0.902170420161811E+002 -0.167451030290137E+002 -0.227318624452595E+001
  0.212473987978169E-001  0.833779052710411E+001 -0.192565820106294E+002  0.679444516541521E+002 -0.893099610776707E+000  0.696721611555794E+001  0.865695447124577E+002 -0.167451030290137E+002 -0.226347647585148E+001
  0.212830554249962E-001  0.832114792605684E+001 -0.192710943068344E+002  0.672750017096247E+002 -0.778607921148785E+000  0.449505008724273E+001  0.401487936895111E+002 -0.167451030290137E+002 -0.225515517532784E+001
  0.211861778106731E-001  0.831698335500113E+001 -0.192805192539901E+002  0.661691890518049E+002 -0.520632662962774E+000  0.185793876534623E+001  0.107861957953958E+002 -0.167451030290137E+002 -0.225307288979998E+001
  0.212387547379209E-001  0.829873709452486E+001 -0.192465297390253E+002  0.678851700772539E+002 -0.648196806000485E+000  0.291142773862572E+001  0.237129598641987E+002 -0.167451030290137E+002 -0.224394975956185E+001
  0.211269499726188E-001  0.829600419132247E+001 -0.192354672925882E+002  0.684573438448260E+002 -0.771546278947698E+000  0.450188035967551E+001  0.427028315255903E+002 -0.167451030290137E+002 -0.224258330796065E+001
  0.210191201776987E-001  0.829294904037194E+001 -0.192206033210744E+002  0.683693934252132E+002 -0.563401337741334E+000  0.215220372879359E+001  0.101889978857017E+002 -0.167451030290137E+002 -0.224105573248539E+001
  0.209262487206956E-001  0.828851638997883E+001 -0.192493511217187E+002  0.680225714676935E+002 -0.737428760339918E+000  0.296410017194760E+001  0.134363286708743E+002 -0.167451030290137E+002 -0.223883940728884E+001
  0.209208287056487E-001  0.827574538278357E+001 -0.192529546119557E+002  0.672599004328570E+002 -0.700861380561720E+000  0.433652737580552E+001  0.389308108451364E+002 -0.167451030290137E+002 -0.223245390369121E+001
  0.211919888562068E-001  0.823670034809081E+001 -0.192756558089268E+002  0.669836756644081E+002 -0.673691582491940E+000  0.389309732252667E+001  0.386162526715619E+002 -0.167451030290137E+002 -0.221293138634483E+001
  0.211575509106508E-001  0.822666399723681E+001 -0.192564591527294E+002  0.674786776394254E+002 -0.792403437089235E+000  0.526797218144759E+001  0.476652801305092E+002 -0.167451030290137E+002 -0.220791321091782E+001
  0.211533815984947E-001  0.821376907112637E+001 -0.192461745635487E+002  0.680519455150419E+002 -0.827601112199569E+000  0.600448399284628E+001  0.615077374238421E+002 -0.167451030290137E+002 -0.220146574786261E+001
  0.213443800037407E-001  0.818250259732358E+001 -0.192381877767525E+002  0.679484228599184E+002 -0.570137613895162E+000  0.193478440319089E+001  0.119838247423686E+002 -0.167451030290137E+002 -0.218583251096121E+001
  0.216986213249505E-001  0.813629300835129E+001 -0.192455371570487E+002  0.673175920945796E+002 -0.637571622215208E+000  0.441337621268410E+001  0.579045648285984E+002 -0.167451030290137E+002 -0.216272771647507E+001
  0.215973378851518E-001  0.813236125107146E+001 -0.192485372004382E+002  0.678134163421482E+002 -0.654361477299026E+000  0.363329192838663E+001  0.392586988580623E+002 -0.167451030290137E+002 -0.216076183783515E+001
  0.215006852218105E-001  0.812804267689267E+001 -0.192841037214145E+002  0.662367952564335E+002 -0.570011641173130E+000  0.147372618209457E+001  0.204377693001068E+001 -0.167451030290137E+002 -0.215860255074575E+001
  0.213604461376846E-001  0.812784140133143E+001 -0.192061289955633E+002  0.688226120884637E+002 -0.647109476334331E+000  0.488390772045127E+001  0.739294024818265E+002 -0.167451030290137E+002 -0.215850191296513E+001
  0.213877909183201E-001  0.811199363406313E+001 -0.192649796829576E+002  0.672403504796658E+002 -0.695408652308594E+000  0.484106525800725E+001  0.567930014802638E+002 -0.167451030290137E+002 -0.215057802933099E+001
  0.220242915060402E-001  0.804005302421960E+001 -0.192317613946367E+002  0.686013610991836E+002 -0.840964700286988E+000  0.628576004595445E+001  0.695087394743946E+002 -0.167451030290137E+002 -0.211460772440922E+001
  0.220469979173205E-001  0.802470305845981E+001 -0.192248959351505E+002  0.680980990865586E+002 -0.563217149452468E+000  0.234434685845426E+001  0.206322849439636E+002 -0.167451030290137E+002 -0.210693274152932E+001
  0.219557013347288E-001  0.801971316513092E+001 -0.192862664674402E+002  0.667105632865396E+002 -0.719580128102333E+000  0.414265379511472E+001  0.402195624154691E+002 -0.167451030290137E+002 -0.210443779486488E+001
  0.218218309054349E-001  0.801865600230121E+001 -0.192873388041037E+002  0.663618761768661E+002 -0.611068104298691E+000  0.308902726384627E+001  0.254055567927785E+002 -0.167451030290137E+002 -0.210390921345003E+001
  0.217365584994298E-001  0.801319755671110E+001 -0.192615885348129E+002  0.676898536487136E+002 -0.892733981701080E+000  0.680729003607559E+001  0.756379299892228E+002 -0.167451030290137E+002 -0.210117999065497E+001
  0.221465700950123E-001  0.796253433317494E+001 -0.192223006248266E+002  0.686682612632627E+002 -0.656585662334286E+000  0.326196996660580E+001  0.265979639476062E+002 -0.167451030290137E+002 -0.207584837888689E+001
  0.220089622769928E-001  0.796171102551174E+001 -0.192229452014632E+002  0.681454388796177E+002 -0.502906802644405E+000  0.146868461555849E+001  0.488580338474395E+001 -0.167451030290137E+002 -0.207543672505529E+001
  0.218725395600206E-001  0.796085753601172E+001 -0.192402892707549E+002  0.676890878406824E+002 -0.592193815243587E+000  0.380935636427859E+001  0.628356286154556E+002 -0.167451030290137E+002 -0.207500998030528E+001
  0.218809033092449E-001  0.794680382509326E+001 -0.192211149432763E+002  0.682711675342560E+002 -0.636500505608738E+000  0.538155799192241E+001  0.957174286786565E+002 -0.167451030290137E+002 -0.206798312484605E+001
  0.217524777326905E-001  0.794528792287824E+001 -0.192588874685783E+002  0.674292810366222E+002 -0.623401049060469E+000  0.294890693360233E+001  0.261561675785674E+002 -0.167451030290137E+002 -0.206722517373854E+001
  0.216823931397549E-001  0.793845306671349E+001 -0.192697951631556E+002  0.664486334026957E+002 -0.465518319949898E+000  0.108449734849080E+001  0.296250017951745E+001 -0.167451030290137E+002 -0.206380774565617E+001
  0.217105742896589E-001  0.792256621896254E+001 -0.192891765390345E+002  0.665837297419113E+002 -0.770526391546516E+000  0.587636832211507E+001  0.717525141554031E+002 -0.167451030290137E+002 -0.205586432178069E+001
  0.216848309953877E-001  0.791165003887055E+001 -0.192165677919046E+002  0.685708811999323E+002 -0.656251688222071E+000  0.535564305442606E+001  0.948193174992469E+002 -0.167451030290137E+002 -0.205040623173469E+001
  0.217338646984449E-001  0.789384366214944E+001 -0.192553238969675E+002  0.672386808689716E+002 -0.526282885345826E+000  0.176261853675465E+001  0.812422859593134E+001 -0.167451030290137E+002 -0.204150304337414E+001
  0.217279325231459E-001  0.788110054358095E+001 -0.192756199063934E+002  0.667411202079628E+002 -0.789763382651946E+000  0.682634191594394E+001  0.995450906592278E+002 -0.167451030290137E+002 -0.203513148408990E+001
  0.216877476112675E-001  0.787151380008363E+001 -0.192575721568676E+002  0.675023407747533E+002 -0.724390090835445E+000  0.567670286218604E+001  0.769714000971602E+002 -0.167451030290137E+002 -0.203033811234123E+001
  0.216558645802699E-001  0.786116706625346E+001 -0.192699739746809E+002  0.672150687871699E+002 -0.600615398248707E+000  0.154721590840898E+001  0.230869847922031E+001 -0.167451030290137E+002 -0.202516474542615E+001
  0.216890037859324E-001  0.784481979068949E+001 -0.192396940585391E+002  0.677579436143352E+002 -0.574439073738714E+000  0.262899347203786E+001  0.183498205316449E+002 -0.167451030290137E+002 -0.201699110764417E+001
  0.216537185984185E-001  0.783478709464055E+001 -0.192424997143561E+002  0.674639170191079E+002 -0.613375683375331E+000  0.367715599077178E+001  0.344122682990059E+002 -0.167451030290137E+002 -0.201197475961969E+001
  0.215145426343021E-001  0.783439419194135E+001 -0.192790669460402E+002  0.671014804853341E+002 -0.808449755243289E+000  0.622282369345902E+001  0.806419936997957E+002 -0.167451030290137E+002 -0.201177830827009E+001
  0.214044516434639E-001  0.783136548041501E+001 -0.192324957299069E+002  0.680502079513135E+002 -0.595810653897122E+000  0.347753352022281E+001  0.451249696388536E+002 -0.167451030290137E+002 -0.201026395250693E+001
  0.212788697617986E-001  0.782984513648093E+001 -0.192246881195846E+002  0.681804024555967E+002 -0.709520724948841E+000  0.567704275087835E+001  0.744894194742300E+002 -0.167451030290137E+002 -0.200950378053989E+001
  0.212489473475564E-001  0.781937043665882E+001 -0.192457745579537E+002  0.673014930654263E+002 -0.637158970193112E+000  0.486383589748473E+001  0.688204492617127E+002 -0.167451030290137E+002 -0.200426643062883E+001
  0.211480628176878E-001  0.781559944883098E+001 -0.192760599804038E+002  0.671480673227016E+002 -0.741547590547387E+000  0.376278780244403E+001  0.282366992453002E+002 -0.167451030290137E+002 -0.200238093671491E+001
  0.210144412642303E-001  0.781498721964098E+001 -0.192085803257090E+002  0.689117254865984E+002 -0.676451360250388E+000  0.318646894984759E+001  0.225991299245372E+002 -0.167451030290137E+002 -0.200207482211991E+001
  0.208780167081646E-001  0.781472434893876E+001 -0.192613505564129E+002  0.671384385147441E+002 -0.784727858351703E+000  0.653048461125484E+001  0.868159833077413E+002 -0.167451030290137E+002 -0.200194338676880E+001
  0.208004745045933E-001  0.780887721168942E+001 -0.192833334505017E+002  0.664979052193761E+002 -0.526309945869358E+000  0.121884645938350E+001  0.170271522286112E+001 -0.167451030290137E+002 -0.199901981814413E+001
  0.206781648271973E-001  0.780738311604586E+001 -0.192259162456760E+002  0.687525360100972E+002 -0.757622328906751E+000  0.380828182469393E+001  0.266956314817588E+002 -0.167451030290137E+002 -0.199827277032235E+001
  0.205708778616361E-001  0.780449788005566E+001 -0.192460604948458E+002  0.677987728097262E+002 -0.730510408323898E+000  0.548703208827750E+001  0.827608202175823E+002 -0.167451030290137E+002 -0.199683015232725E+001
  0.204787646842057E-001  0.780018459331706E+001 -0.192366136867345E+002  0.676875211732227E+002 -0.638633358769888E+000  0.469865375111892E+001  0.605607149861274E+002 -0.167451030290137E+002 -0.199467350895795E+001
  0.203444681735637E-001  0.780005438685173E+001 -0.192468870516048E+002  0.678244128342643E+002 -0.693865452283763E+000  0.500602164508119E+001  0.651120084022933E+002 -0.167451030290137E+002 -0.199460840572528E+001
  0.202128954160860E-001  0.779974180751883E+001 -0.192391461540251E+002  0.677578345913696E+002 -0.634922050374209E+000  0.408719141505546E+001  0.433131167005159E+002 -0.167451030290137E+002 -0.199445211605883E+001
  0.201176159510442E-001  0.779590260397706E+001 -0.192297988942171E+002  0.678340030460953E+002 -0.577397158304394E+000  0.422419216557612E+001  0.762876735700130E+002 -0.167451030290137E+002 -0.199253251428795E+001
  0.200757593252401E-001  0.778677904488801E+001 -0.192947528681107E+002  0.663690136740859E+002 -0.681384571387223E+000  0.340931923803272E+001  0.239434390929322E+002 -0.167451030290137E+002 -0.198797073474342E+001
  0.200127525273598E-001  0.777977673307721E+001 -0.191986370816231E+002  0.690593174453128E+002 -0.648573787925541E+000  0.379702610232845E+001  0.388565528692752E+002 -0.167451030290137E+002 -0.198446957883802E+001
  0.199706285791945E-001  0.777070179487650E+001 -0.192360928522300E+002  0.677955067906610E+002 -0.701746155017858E+000  0.594907551020731E+001  0.853974791763600E+002 -0.167451030290137E+002 -0.197993210973767E+001
  0.199218746562069E-001  0.776230124170028E+001 -0.192448931112377E+002  0.678514937404887E+002 -0.705706838925558E+000  0.575880677345743E+001  0.878421744125815E+002 -0.167451030290137E+002 -0.197573183314956E+001
  0.197923962988673E-001  0.776205319294621E+001 -0.192383483445115E+002  0.677320238588601E+002 -0.637519258255671E+000  0.467704230328794E+001  0.796204433043950E+002 -0.167451030290137E+002 -0.197560780877253E+001
  0.196775237771567E-001  0.776040566602500E+001 -0.192668594317855E+002  0.670994998803910E+002 -0.668821851747842E+000  0.495269296429757E+001  0.719031025864967E+002 -0.167451030290137E+002 -0.197478404531192E+001
  0.196162447101594E-001  0.775335462993084E+001 -0.192699258615634E+002  0.666984916119879E+002 -0.585921524787223E+000  0.360402197632522E+001  0.514637891470954E+002 -0.167451030290137E+002 -0.197125852726484E+001
  0.195930477581853E-001  0.774243201970589E+001 -0.192173284485633E+002  0.683377311353691E+002 -0.577386211461296E+000  0.313456235195802E+001  0.388649981642219E+002 -0.167451030290137E+002 -0.196579722215237E+001
  0.194895050658247E-001  0.773974029059603E+001 -0.192521405644431E+002  0.679048028393814E+002 -0.890710377216462E+000  0.734403096260806E+001  0.889383317022620E+002 -0.167451030290137E+002 -0.196445135759744E+001
  0.194356642517303E-001  0.773198395935087E+001 -0.192655973304093E+002  0.668450316558964E+002 -0.714186803971971E+000  0.619542520958517E+001  0.993222431573934E+002 -0.167451030290137E+002 -0.196057319197485E+001
  0.194053994783246E-001  0.772181165565165E+001 -0.192666024876296E+002  0.674137054368966E+002 -0.774739564068668E+000  0.479591471732182E+001  0.408424056625108E+002 -0.167451030290137E+002 -0.195548704012525E+001
  0.193459418334294E-001  0.771465992593320E+001 -0.192282366017714E+002  0.682739796778019E+002 -0.644515678670031E+000  0.428350005098788E+001  0.548704598598601E+002 -0.167451030290137E+002 -0.195191117526602E+001
  0.193012103072182E-001  0.770600057838944E+001 -0.192943953745002E+002  0.661099522673035E+002 -0.678054733996855E+000  0.420049104524294E+001  0.434514180264891E+002 -0.167451030290137E+002 -0.194758150149414E+001
  0.193182822975668E-001  0.769094326760172E+001 -0.192430085630972E+002  0.680051663147182E+002 -0.680941803519415E+000  0.402755850360233E+001  0.391537341843985E+002 -0.167451030290137E+002 -0.194005284610028E+001
  0.193182030926650E-001  0.767766238217544E+001 -0.192442993523924E+002  0.675922575663126E+002 -0.717109222982759E+000  0.456975187233091E+001  0.427534187338246E+002 -0.167451030290137E+002 -0.193341240338714E+001
  0.193092679521821E-001  0.766529855955243E+001 -0.192855771566380E+002  0.665840400451443E+002 -0.691876404167116E+000  0.376652010749098E+001  0.347230953481263E+002 -0.167451030290137E+002 -0.192723049207564E+001
  0.193091754345376E-001  0.765201905685706E+001 -0.192702964811903E+002  0.665857446896514E+002 -0.612919490450797E+000  0.429937021671999E+001  0.611423927728295E+002 -0.167451030290137E+002 -0.192059074072795E+001
  0.193545976509850E-001  0.763403076762049E+001 -0.192914540062345E+002  0.663200566015334E+002 -0.756626713424810E+000  0.584811926280514E+001  0.764533564341242E+002 -0.167451030290137E+002 -0.191159659610966E+001
  0.194604866195054E-001  0.760982950891924E+001 -0.192244921834152E+002  0.682998016001333E+002 -0.572248194535043E+000  0.253691854025267E+001  0.214467059196258E+002 -0.167451030290137E+002 -0.189949596675904E+001
  0.195318909540702E-001  0.758921546216127E+001 -0.192701069375062E+002  0.671509058409177E+002 -0.586815566143141E+000  0.134050479899809E+001  0.913753631440997E+000 -0.167451030290137E+002 -0.188918894338006E+001
  0.194400352273430E-001  0.758535428094360E+001 -0.192353528885055E+002  0.683495003804845E+002 -0.885139880771311E+000  0.743213354824418E+001  0.949681253062661E+002 -0.167451030290137E+002 -0.188725835277122E+001
  0.194857225524996E-001  0.756737037657486E+001 -0.192632602038664E+002  0.674647796041463E+002 -0.858075759260275E+000  0.674430930687286E+001  0.838156529076990E+002 -0.167451030290137E+002 -0.187826640058685E+001
  0.195636678727598E-001  0.754609700017363E+001 -0.192058458802884E+002  0.691805793930519E+002 -0.722053467189760E+000  0.459923782682233E+001  0.500203906885618E+002 -0.167451030290137E+002 -0.186762971238624E+001
  0.195874767647056E-001  0.753037540400373E+001 -0.192223247661340E+002  0.682827399414222E+002 -0.585709435215673E+000  0.325646119777739E+001  0.360202430794356E+002 -0.167451030290137E+002 -0.185976891430128E+001
  0.194947988534684E-001  0.752657175240984E+001 -0.192928481560382E+002  0.662659606594069E+002 -0.654317470399153E+000  0.339761133628495E+001  0.255911980196037E+002 -0.167451030290137E+002 -0.185786708850434E+001
  0.193775598689022E-001  0.752534669847456E+001 -0.192262997730322E+002  0.683477513165873E+002 -0.747623779939956E+000  0.631052776685119E+001  0.875998390047877E+002 -0.167451030290137E+002 -0.185725456153670E+001
  0.192910555216992E-001  0.752100590256170E+001 -0.192346145067784E+002  0.683341635995111E+002 -0.699177856828568E+000  0.391618456624405E+001  0.393881604864198E+002 -0.167451030290137E+002 -0.185508416358027E+001
  0.192556674196206E-001  0.751138904753155E+001 -0.192959846830677E+002  0.661433290792745E+002 -0.647556243112874E+000  0.326254336767067E+001  0.263988124306015E+002 -0.167451030290137E+002 -0.185027573606520E+001
  0.191535262677476E-001  0.750873714375233E+001 -0.192115886235607E+002  0.689047640310537E+002 -0.714569496921635E+000  0.459235554209930E+001  0.537487841652713E+002 -0.167451030290137E+002 -0.184894978417559E+001
  0.190959389328468E-001  0.750147035202404E+001 -0.192393820963800E+002  0.676836283997008E+002 -0.571076656854906E+000  0.331546983380141E+001  0.475540274265062E+002 -0.167451030290137E+002 -0.184531638831144E+001
  0.190954713951038E-001  0.748823023442936E+001 -0.192604197838640E+002  0.676547007035066E+002 -0.809227454841543E+000  0.572181722305263E+001  0.683467027154404E+002 -0.167451030290137E+002 -0.183869632951410E+001
  0.189895448428900E-001  0.748606645083702E+001 -0.192229424263240E+002  0.688630771963695E+002 -0.818390067168423E+000  0.555852882397428E+001  0.561643713588778E+002 -0.167451030290137E+002 -0.183761443771793E+001
  0.189166216720739E-001  0.748047249972553E+001 -0.192440867284165E+002  0.678904627299217E+002 -0.842010381222891E+000  0.703345366427899E+001  0.931494884858794E+002 -0.167451030290137E+002 -0.183481746216219E+001
  0.190628770878390E-001  0.745177972087357E+001 -0.192688990741000E+002  0.673688143389892E+002 -0.739486821596872E+000  0.434143626646003E+001  0.387938019946062E+002 -0.167451030290137E+002 -0.182047107273621E+001
  0.189880775720828E-001  0.744635373509019E+001 -0.192694101307534E+002  0.672519670608628E+002 -0.763540056432603E+000  0.543753402711509E+001  0.702914846490941E+002 -0.167451030290137E+002 -0.181775807984452E+001
  0.189996588989948E-001  0.743184516901550E+001 -0.192798933128122E+002  0.665771252417579E+002 -0.698549044122432E+000  0.583013816426395E+001  0.989020135761667E+002 -0.167451030290137E+002 -0.181050379680717E+001
  0.188846891034450E-001  0.743069514939945E+001 -0.192479235220867E+002  0.672772006716201E+002 -0.571269460918378E+000  0.328918953414516E+001  0.440023066036179E+002 -0.167451030290137E+002 -0.180992878699914E+001
  0.187830235615448E-001  0.742820213110552E+001 -0.192164920767048E+002  0.687890772711892E+002 -0.639165050039068E+000  0.235640764863839E+001  0.121244613914779E+002 -0.167451030290137E+002 -0.180868227785218E+001
  0.188075582969235E-001  0.741230231312300E+001 -0.192606949552173E+002  0.669920066844435E+002 -0.619435833521723E+000  0.483615449141613E+001  0.889179363880310E+002 -0.167451030290137E+002 -0.180073236886092E+001
  0.188864756280716E-001  0.739063869853751E+001 -0.192129564504066E+002  0.687586808845440E+002 -0.694182115698556E+000  0.449255786099812E+001  0.454233294979744E+002 -0.167451030290137E+002 -0.178990056156818E+001
  0.188188785153060E-001  0.738452070980208E+001 -0.192142132722519E+002  0.686869517564746E+002 -0.692814492140622E+000  0.459980844865136E+001  0.582068329043988E+002 -0.167451030290137E+002 -0.178684156720046E+001
  0.188586941378381E-001  0.736700463896742E+001 -0.192060700312421E+002  0.687542440002049E+002 -0.563280378808562E+000  0.207436799375871E+001  0.126295087407453E+002 -0.167451030290137E+002 -0.177808353178313E+001
  0.187458722564589E-001  0.736571645987883E+001 -0.192629552544866E+002  0.673998663943868E+002 -0.697515781437344E+000  0.450691540834771E+001  0.537936824382418E+002 -0.167451030290137E+002 -0.177743944223883E+001
  0.187700496018215E-001  0.734984955174519E+001 -0.192388732258494E+002  0.680259267488230E+002 -0.651731281427399E+000  0.354168109804966E+001  0.383550776739490E+002 -0.167451030290137E+002 -0.176950598817201E+001
  0.186838352019618E-001  0.734576800807131E+001 -0.192546877194717E+002  0.675602198346272E+002 -0.667771679885390E+000  0.430876235323894E+001  0.519948456265985E+002 -0.167451030290137E+002 -0.176746521633508E+001
  0.186484279735619E-001  0.733627266413313E+001 -0.192366589877797E+002  0.684180156118472E+002 -0.770242186360235E+000  0.514783326199842E+001  0.581302324190249E+002 -0.167451030290137E+002 -0.176271754436598E+001
  0.185291053150321E-001  0.733582176968876E+001 -0.192253836080441E+002  0.683799619632772E+002 -0.625524355180137E+000  0.300063961071405E+001  0.278704118470650E+002 -0.167451030290137E+002 -0.176249209714380E+001
  0.184216386040977E-001  0.733416622691342E+001 -0.192519694544345E+002  0.671328786328024E+002 -0.621285873335870E+000  0.374787303389656E+001  0.399737686184608E+002 -0.167451030290137E+002 -0.176166432575613E+001
  0.184248526548754E-001  0.732052822892827E+001 -0.192900245862573E+002  0.661818315856951E+002 -0.610650687340718E+000  0.278641414001138E+001  0.206371835791429E+002 -0.167451030290137E+002 -0.175484532676356E+001
  0.183250745927284E-001  0.731809938891650E+001 -0.192299969238164E+002  0.686270408922887E+002 -0.823875528390938E+000  0.633553898749728E+001  0.835327078785292E+002 -0.167451030290137E+002 -0.175363090675767E+001
  0.182618459702592E-001  0.731172301265964E+001 -0.192754798382523E+002  0.669097357475683E+002 -0.823031877755037E+000  0.662968599713664E+001  0.828583278001720E+002 -0.167451030290137E+002 -0.175044271862924E+001
  0.181709426723952E-001  0.730841433112671E+001 -0.192687858292231E+002  0.674340814175511E+002 -0.788320423364855E+000  0.527543995621888E+001  0.573410091107161E+002 -0.167451030290137E+002 -0.174878837786277E+001
  0.181804029102216E-001  0.729408426765806E+001 -0.192327036772510E+002  0.682864616916146E+002 -0.697665331817661E+000  0.493189607858115E+001  0.637342987992949E+002 -0.167451030290137E+002 -0.174162334612845E+001
  0.180717752165132E-001  0.729278100204560E+001 -0.192684863106877E+002  0.669362802848278E+002 -0.682813337440499E+000  0.383463664411548E+001  0.365807592520325E+002 -0.167451030290137E+002 -0.174097171332222E+001
  0.182114890067804E-001  0.726408928029135E+001 -0.192398840226425E+002  0.676445027459559E+002 -0.570372980434804E+000  0.341693918846907E+001  0.477033822478608E+002 -0.167451030290137E+002 -0.172662585244510E+001
  0.182260128432115E-001  0.724920581143443E+001 -0.192740900866254E+002  0.667621124170621E+002 -0.675001461327172E+000  0.531855374616571E+001  0.884844616580303E+002 -0.167451030290137E+002 -0.171918411801663E+001
  0.181628789341490E-001  0.724285664302411E+001 -0.192631283320912E+002  0.672859404430290E+002 -0.684824827280017E+000  0.435939299377169E+001  0.551069303953859E+002 -0.167451030290137E+002 -0.171600953381148E+001
  0.180580256194401E-001  0.724114690480564E+001 -0.192340385658450E+002  0.684030996867413E+002 -0.735921733134233E+000  0.386448716096378E+001  0.262675541785954E+002 -0.167451030290137E+002 -0.171515466470224E+001
  0.180401958150111E-001  0.722983351846598E+001 -0.192111083041527E+002  0.686410920807329E+002 -0.624346613370142E+000  0.360277570814039E+001  0.414084521630054E+002 -0.167451030290137E+002 -0.170949797153241E+001
  0.181696494275629E-001  0.720224399476747E+001 -0.192728464180094E+002  0.669397879842621E+002 -0.683648263629956E+000  0.468125152840702E+001  0.560607512841378E+002 -0.167451030290137E+002 -0.169570320968316E+001
  0.181353489504515E-001  0.719273405697918E+001 -0.192440360455640E+002  0.678070694931330E+002 -0.791563565878148E+000  0.701760708986673E+001  0.982528443431447E+002 -0.167451030290137E+002 -0.169094824078901E+001
  0.181563776700250E-001  0.717712722875194E+001 -0.192246070921809E+002  0.682746097157935E+002 -0.710849106027657E+000  0.585295581836640E+001  0.823757866138079E+002 -0.167451030290137E+002 -0.168314482667539E+001
  0.181265431226796E-001  0.716712724500957E+001 -0.192170919905485E+002  0.685381633351976E+002 -0.641052501024260E+000  0.246171944752908E+001  0.117189601361104E+002 -0.167451030290137E+002 -0.167814483480421E+001
  0.180324379488098E-001  0.716424834078276E+001 -0.192169460240272E+002  0.683807088207218E+002 -0.681761233735274E+000  0.532523446187131E+001  0.770346534900897E+002 -0.167451030290137E+002 -0.167670538269080E+001
  0.180058685372631E-001  0.715390827475851E+001 -0.192651835145789E+002  0.672893592300276E+002 -0.688899685811563E+000  0.415715425029277E+001  0.405940703636546E+002 -0.167451030290137E+002 -0.167153534967867E+001
  0.180282955018494E-001  0.713812966660515E+001 -0.192805617338055E+002  0.670070460284680E+002 -0.841539487808889E+000  0.638553011388825E+001  0.754705187318781E+002 -0.167451030290137E+002 -0.166364604560200E+001
  0.179645361103087E-001  0.713192637635289E+001 -0.192774904387112E+002  0.667768158621163E+002 -0.669582574758278E+000  0.437920053760782E+001  0.520308354903704E+002 -0.167451030290137E+002 -0.166054440047586E+001
  0.178492143163572E-001  0.713151750492923E+001 -0.192286515452604E+002  0.680783535537080E+002 -0.633703029811062E+000  0.512354835960238E+001  0.920962374666712E+002 -0.167451030290137E+002 -0.166033996476403E+001
  0.180270640399218E-001  0.709839902930832E+001 -0.192692841798217E+002  0.669345600092941E+002 -0.666477910782818E+000  0.528042687961114E+001  0.880056592620109E+002 -0.167451030290137E+002 -0.164378072695358E+001
  0.179350834929959E-001  0.709534078421964E+001 -0.192411255898925E+002  0.682950856013895E+002 -0.824769680593777E+000  0.527316906141573E+001  0.480374728765602E+002 -0.167451030290137E+002 -0.164225160440924E+001
  0.178666181570915E-001  0.708970110271677E+001 -0.192505409061570E+002  0.680418387842486E+002 -0.825994236177433E+000  0.639852657781717E+001  0.835194207361059E+002 -0.167451030290137E+002 -0.163943176365780E+001
  0.177613178896118E-001  0.708823426529884E+001 -0.192390502449282E+002  0.683994310296863E+002 -0.806500355418623E+000  0.556226632826981E+001  0.612272375973157E+002 -0.167451030290137E+002 -0.163869834494884E+001
  0.177146759230187E-001  0.708020417203677E+001 -0.192548758775892E+002  0.675955786171326E+002 -0.710907686187881E+000  0.553133109376821E+001  0.838228039200940E+002 -0.167451030290137E+002 -0.163468329831780E+001
  0.176373934136103E-001  0.707565942705461E+001 -0.192380943193842E+002  0.679611982555137E+002 -0.751525941140675E+000  0.480562017864809E+001  0.468537057824449E+002 -0.167451030290137E+002 -0.163241092582673E+001
  0.175243052230272E-001  0.707523531514292E+001 -0.192848576505979E+002  0.664655457645554E+002 -0.724342056461168E+000  0.568929777506859E+001  0.814211579146692E+002 -0.167451030290137E+002 -0.163219886987088E+001
  0.174416605213750E-001  0.707140054950384E+001 -0.192456929053736E+002  0.673516260018719E+002 -0.529552217573542E+000  0.188020229290603E+001  0.129551249806557E+002 -0.167451030290137E+002 -0.163028148705134E+001
  0.174696236827406E-001  0.705490755243929E+001 -0.192579884492373E+002  0.672319210702040E+002 -0.712796738097708E+000  0.551995491974702E+001  0.687166714930602E+002 -0.167451030290137E+002 -0.162203498851907E+001
  0.174108570786735E-001  0.704835766994736E+001 -0.192395639101785E+002  0.680759843243703E+002 -0.680398787918668E+000  0.418116700134875E+001  0.440281387808410E+002 -0.167451030290137E+002 -0.161876004727310E+001
  0.173559001476423E-001  0.704139151839165E+001 -0.192196417375228E+002  0.685475521794783E+002 -0.664417717861665E+000  0.468368017353525E+001  0.663171429521026E+002 -0.167451030290137E+002 -0.161527697149525E+001
  0.174107975356928E-001  0.702178633883735E+001 -0.192915540104162E+002  0.664306473162539E+002 -0.689630832784121E+000  0.364881241831189E+001  0.279876578621794E+002 -0.167451030290137E+002 -0.160547438171810E+001
  0.173104778358956E-001  0.702005443013162E+001 -0.192556141817930E+002  0.670816101167608E+002 -0.542490268351116E+000  0.259396229390828E+001  0.266900422733328E+002 -0.167451030290137E+002 -0.160460842736523E+001
  0.172018871718500E-001  0.701935109735108E+001 -0.192559424326143E+002  0.676796092753689E+002 -0.715401802693001E+000  0.453134736838697E+001  0.504168913937320E+002 -0.167451030290137E+002 -0.160425676097496E+001
  0.170909180919093E-001  0.701900577273091E+001 -0.192694220190188E+002  0.667403416554887E+002 -0.563344791394349E+000  0.187897837103244E+001  0.949800482567646E+001 -0.167451030290137E+002 -0.160408409866488E+001
  0.169845601527417E-001  0.701820171054601E+001 -0.192309731237760E+002  0.685053920672294E+002 -0.774089343585972E+000  0.617012106746868E+001  0.894539219955240E+002 -0.167451030290137E+002 -0.160368206757243E+001
  0.168949161917207E-001  0.701549651599455E+001 -0.192444965622618E+002  0.673819686196636E+002 -0.543290601695014E+000  0.275566926022355E+001  0.313442315324914E+002 -0.167451030290137E+002 -0.160232947029670E+001
  0.169223920483844E-001  0.699895751338292E+001 -0.192499524303356E+002  0.674185970855634E+002 -0.743866836072670E+000  0.621819692647910E+001  0.851964955967712E+002 -0.167451030290137E+002 -0.159405996899088E+001
  0.168201089921206E-001  0.699779359548128E+001 -0.192715484216138E+002  0.672664423440935E+002 -0.710377888408487E+000  0.341316346959977E+001  0.227161385611792E+002 -0.167451030290137E+002 -0.159347801004006E+001
  0.167684873636468E-001  0.699065203327719E+001 -0.192531461968122E+002  0.678828145537070E+002 -0.793913724664637E+000  0.444798174960509E+001  0.334469629120981E+002 -0.167451030290137E+002 -0.158990722893802E+001
  0.166604812497576E-001  0.699028664775519E+001 -0.192491449576403E+002  0.675929213790720E+002 -0.750793206207689E+000  0.516506130322562E+001  0.510915775232853E+002 -0.167451030290137E+002 -0.158972453617701E+001
  0.166015544016496E-001  0.698408394877645E+001 -0.192765608519718E+002  0.670586345553860E+002 -0.834707756697745E+000  0.619580596097785E+001  0.687698419009143E+002 -0.167451030290137E+002 -0.158662318668765E+001
  0.164930286096302E-001  0.698391195636883E+001 -0.192387206609906E+002  0.681297804654434E+002 -0.785557117567379E+000  0.481089560167016E+001  0.409329455459061E+002 -0.167451030290137E+002 -0.158653719048384E+001
  0.164723178530862E-001  0.697313590494949E+001 -0.192861793516230E+002  0.667240900625360E+002 -0.752122800626088E+000  0.440623321953623E+001  0.365892465132929E+002 -0.167451030290137E+002 -0.158114916477417E+001
  0.163649461973206E-001  0.697292611116858E+001 -0.192667269132758E+002  0.668419184714645E+002 -0.547553274605260E+000  0.224997190082250E+001  0.161455010787098E+002 -0.167451030290137E+002 -0.158104426788371E+001
  0.163312666976146E-001  0.696375732085242E+001 -0.192859613468627E+002  0.667523988512025E+002 -0.715865806263811E+000  0.347351631038746E+001  0.228444282185654E+002 -0.167451030290137E+002 -0.157645987272563E+001
  0.162472627123313E-001  0.696078228862473E+001 -0.192133897984852E+002  0.684478060572916E+002 -0.598362580044052E+000  0.255897111629485E+001  0.162461259275652E+002 -0.167451030290137E+002 -0.157497235661179E+001
  0.161401128733986E-001  0.696072678299186E+001 -0.192501369775456E+002  0.680126336699719E+002 -0.808039463160537E+000  0.553640489023073E+001  0.565331996664987E+002 -0.167451030290137E+002 -0.157494460379535E+001
  0.160509672985901E-001  0.695851477880979E+001 -0.192355142633287E+002  0.679376984008002E+002 -0.702166012845438E+000  0.384673508245442E+001  0.298636620794130E+002 -0.167451030290137E+002 -0.157383860170431E+001
  0.159667127436540E-001  0.695575172140542E+001 -0.192563995177708E+002  0.675615325349082E+002 -0.705691409953450E+000  0.500882153406600E+001  0.644268211703140E+002 -0.167451030290137E+002 -0.157245707300213E+001
  0.159153468247125E-001  0.694890713347932E+001 -0.192324168671905E+002  0.684993146664605E+002 -0.725952489791080E+000  0.363947865937783E+001  0.245822400858304E+002 -0.167451030290137E+002 -0.156903477903908E+001
  0.158167816584788E-001  0.694804274035742E+001 -0.192458648006498E+002  0.678461972269571E+002 -0.775156573793127E+000  0.533596420165818E+001  0.520524096708037E+002 -0.167451030290137E+002 -0.156860258247813E+001
  0.157133160302142E-001  0.694787965290039E+001 -0.192814524937770E+002  0.667865347832545E+002 -0.771959415930924E+000  0.656521223095132E+001  0.973367136062874E+002 -0.167451030290137E+002 -0.156852103874962E+001
  0.157960157768841E-001  0.692409209836548E+001 -0.192792189550846E+002  0.666989740672836E+002 -0.690985253391701E+000  0.395480604138061E+001  0.385748191901264E+002 -0.167451030290137E+002 -0.155662726148216E+001
  0.157722450120101E-001  0.691381499632828E+001 -0.192743168404440E+002  0.670433426681774E+002 -0.826012446266198E+000  0.696447012672427E+001  0.911246353985950E+002 -0.167451030290137E+002 -0.155148871046356E+001
  0.156925281104122E-001  0.691066004684669E+001 -0.192043703047812E+002  0.689482352198054E+002 -0.580107167977795E+000  0.198534617395107E+001  0.810800170610946E+001 -0.167451030290137E+002 -0.154991123572277E+001
  0.156995469524592E-001  0.689647661566766E+001 -0.192377598640854E+002  0.683954047989238E+002 -0.825736961811177E+000  0.583390275726595E+001  0.660391715857890E+002 -0.167451030290137E+002 -0.154281952013325E+001
  0.156952887612628E-001  0.688373006420136E+001 -0.192714956517666E+002  0.672378858282645E+002 -0.708842036462470E+000  0.290791454529971E+001  0.129489934091197E+002 -0.167451030290137E+002 -0.153644624440010E+001
  0.156258562308193E-001  0.687930816981926E+001 -0.192180316787111E+002  0.687764012682586E+002 -0.654589563034362E+000  0.292479238724545E+001  0.193743684442741E+002 -0.167451030290137E+002 -0.153423529720905E+001
  0.155580754132648E-001  0.687471342415549E+001 -0.192744997018189E+002  0.666878115128942E+002 -0.718727225564908E+000  0.518837975170865E+001  0.606765657225065E+002 -0.167451030290137E+002 -0.153193792437717E+001
  0.154663046297849E-001  0.687325645926534E+001 -0.192579542208611E+002  0.674062992790356E+002 -0.805150869515691E+000  0.619257572307148E+001  0.721689465440795E+002 -0.167451030290137E+002 -0.153120944193209E+001
  0.154214419489216E-001  0.686577714856134E+001 -0.192659940786084E+002  0.674341045407846E+002 -0.805258027373486E+000  0.555017849310533E+001  0.555766515983310E+002 -0.167451030290137E+002 -0.152746978658009E+001
  0.155033849331100E-001  0.684188904812805E+001 -0.192539435911032E+002  0.678527606283656E+002 -0.725143321704000E+000  0.361395966882620E+001  0.247977450600365E+002 -0.167451030290137E+002 -0.151552573636344E+001
  0.155170551766159E-001  0.682683722246620E+001 -0.192762595257166E+002  0.668552930542576E+002 -0.739102387001239E+000  0.565430846933479E+001  0.806974204599247E+002 -0.167451030290137E+002 -0.150799982353252E+001
  0.154255210245756E-001  0.682538094867958E+001 -0.192680653413702E+002  0.670049521238959E+002 -0.780162812413699E+000  0.669078962251843E+001  0.999430736505784E+002 -0.167451030290137E+002 -0.150727168663921E+001
  0.153538988741330E-001  0.682139967735302E+001 -0.192134740008383E+002  0.687204170904820E+002 -0.682746128562237E+000  0.457661003900822E+001  0.588930083666318E+002 -0.167451030290137E+002 -0.150528105097593E+001
  0.153007267144263E-001  0.681504882221692E+001 -0.192729004816156E+002  0.668443084417220E+002 -0.654992517858538E+000  0.393203535692728E+001  0.460055327427717E+002 -0.167451030290137E+002 -0.150210562340788E+001
  0.153660957715432E-001  0.679323336843449E+001 -0.192400277100473E+002  0.676828341761722E+002 -0.637425743365904E+000  0.331409395711626E+001  0.300774040992718E+002 -0.167451030290137E+002 -0.149119789651666E+001
  0.153799914915667E-001  0.677813647950648E+001 -0.192614306792584E+002  0.675160175852050E+002 -0.742161186115006E+000  0.406907632988315E+001  0.292401159438575E+002 -0.167451030290137E+002 -0.148364945205266E+001
  0.153410539449465E-001  0.676991721730169E+001 -0.192673995483558E+002  0.671261147245208E+002 -0.756279199259471E+000  0.531775257035743E+001  0.548780473993450E+002 -0.167451030290137E+002 -0.147953982095026E+001
  0.152803633161965E-001  0.676455600897086E+001 -0.192709669022047E+002  0.670695090571882E+002 -0.834200925825952E+000  0.724591408227488E+001  0.986476379907733E+002 -0.167451030290137E+002 -0.147685921678485E+001
  0.151819459768570E-001  0.676419013048042E+001 -0.192732374682201E+002  0.670247498412244E+002 -0.735221105919564E+000  0.478035635843647E+001  0.543748588718511E+002 -0.167451030290137E+002 -0.147667627753963E+001
  0.151347858305571E-001  0.675712337595124E+001 -0.192404973818268E+002  0.680282776147304E+002 -0.581578323624175E+000  0.130432348270665E+001  0.185861632883184E+001 -0.167451030290137E+002 -0.147314290027504E+001
  0.151300657772606E-001  0.674445812351939E+001 -0.192421847839891E+002  0.676935827460701E+002 -0.560293410473463E+000  0.214289481175557E+001  0.157700033462604E+002 -0.167451030290137E+002 -0.146681027405911E+001
  0.150679527616598E-001  0.673939647898040E+001 -0.192413841433544E+002  0.675599274199077E+002 -0.676695018139344E+000  0.571825162889803E+001  0.904303782606148E+002 -0.167451030290137E+002 -0.146427945178962E+001
  0.150857321820352E-001  0.672374888612097E+001 -0.192595418944939E+002  0.670038482208465E+002 -0.616517180784020E+000  0.341799235779872E+001  0.286313456707249E+002 -0.167451030290137E+002 -0.145645565535991E+001
  0.150310960091517E-001  0.671771637265392E+001 -0.192268339059377E+002  0.680504551368292E+002 -0.655500506120395E+000  0.550209478432937E+001  0.961754312859609E+002 -0.167451030290137E+002 -0.145343939862638E+001
  0.151056893608873E-001  0.669452662884839E+001 -0.192653138231340E+002  0.669772661933513E+002 -0.720626310750761E+000  0.542610198626320E+001  0.720347233973662E+002 -0.167451030290137E+002 -0.144184452672361E+001
  0.150476247637398E-001  0.668894013539516E+001 -0.192339203716457E+002  0.678735476928704E+002 -0.707016561340697E+000  0.565277136614433E+001  0.819166923819635E+002 -0.167451030290137E+002 -0.143905127999700E+001
  0.149496992733363E-001  0.668870899314526E+001 -0.192238374800610E+002  0.682223742034134E+002 -0.623895891455605E+000  0.373629641718874E+001  0.382032220001461E+002 -0.167451030290137E+002 -0.143893570887205E+001
  0.148856567229811E-001  0.668400604942840E+001 -0.192446925073684E+002  0.675993054086444E+002 -0.627839414296485E+000  0.388358039515161E+001  0.410536723146815E+002 -0.167451030290137E+002 -0.143658423701362E+001
  0.147962407368850E-001  0.668276690206555E+001 -0.192305549355773E+002  0.679318843933490E+002 -0.674604505236083E+000  0.473954309262660E+001  0.574337030151764E+002 -0.167451030290137E+002 -0.143596466333220E+001
  0.147178067583417E-001  0.668010789550171E+001 -0.192696563089945E+002  0.667715393016779E+002 -0.682511073749107E+000  0.558520728390172E+001  0.890649842153745E+002 -0.167451030290137E+002 -0.143463516005027E+001
  0.146818140202731E-001  0.667171584684206E+001 -0.192645220661595E+002  0.673288172610344E+002 -0.736948025305166E+000  0.372458068653003E+001  0.228442922970575E+002 -0.167451030290137E+002 -0.143043913572045E+001
  0.146442512155932E-001  0.666355023431797E+001 -0.192369409863372E+002  0.684203041442373E+002 -0.869251229046825E+000  0.731643399082432E+001  0.965549482038784E+002 -0.167451030290137E+002 -0.142635632945841E+001
  0.145580247525889E-001  0.666207210686097E+001 -0.192702091513257E+002  0.671422056500288E+002 -0.669051791511561E+000  0.287200257223540E+001  0.141382522536657E+002 -0.167451030290137E+002 -0.142561726572991E+001
  0.144632593541420E-001  0.666184457099783E+001 -0.192087382416261E+002  0.688853874263550E+002 -0.688276222313870E+000  0.413656380100851E+001  0.391296254487262E+002 -0.167451030290137E+002 -0.142550349779833E+001
  0.143721861305789E-001  0.666118903775475E+001 -0.192590055472693E+002  0.670032322483676E+002 -0.587347711374304E+000  0.258291463902858E+001  0.196601501141319E+002 -0.167451030290137E+002 -0.142517573117680E+001
  0.143073868693068E-001  0.665693765612690E+001 -0.192625302120742E+002  0.668748632990883E+002 -0.579255146993357E+000  0.317093315326147E+001  0.317223947543901E+002 -0.167451030290137E+002 -0.142305004036287E+001
  0.142587014176267E-001  0.665046581473496E+001 -0.192165603537963E+002  0.685594118285812E+002 -0.677937577191962E+000  0.528558124835966E+001  0.825661589061248E+002 -0.167451030290137E+002 -0.141981411966690E+001
  0.141794530125656E-001  0.664832353003608E+001 -0.192821316378303E+002  0.665483756835216E+002 -0.690843388004443E+000  0.355767430025645E+001  0.248929812954297E+002 -0.167451030290137E+002 -0.141874297731746E+001
  0.140945193683253E-001  0.664705028709447E+001 -0.192719793405317E+002  0.665763064633340E+002 -0.526565497888242E+000  0.130819918580344E+001  0.313541525522758E+001 -0.167451030290137E+002 -0.141810635584666E+001
  0.140988723676019E-001  0.663314361022267E+001 -0.192277303927848E+002  0.682235066530257E+002 -0.753256113874756E+000  0.571861514836984E+001  0.691437808444085E+002 -0.167451030290137E+002 -0.141115301741076E+001
  0.140560804469571E-001  0.662593401692678E+001 -0.192428954441076E+002  0.678171977715041E+002 -0.757450654689938E+000  0.600554670978508E+001  0.866215250221290E+002 -0.167451030290137E+002 -0.140754822076281E+001
  0.139829528023424E-001  0.662307721847597E+001 -0.192764558674844E+002  0.665076892154630E+002 -0.622771422002145E+000  0.362533792329170E+001  0.366549988200931E+002 -0.167451030290137E+002 -0.140611982153741E+001
  0.139027432864778E-001  0.662129363561808E+001 -0.192448291354187E+002  0.675216597202836E+002 -0.689801463768438E+000  0.548779994984939E+001  0.751599232352113E+002 -0.167451030290137E+002 -0.140522803010846E+001
  0.139366790335841E-001  0.660312862085653E+001 -0.192156756692599E+002  0.685802540196722E+002 -0.691695317254381E+000  0.430949253339509E+001  0.454772769619637E+002 -0.167451030290137E+002 -0.139614552272769E+001
  0.138755999230651E-001  0.659862403075786E+001 -0.192423693679285E+002  0.677617708010980E+002 -0.745068492928175E+000  0.535996836219514E+001  0.640076645919406E+002 -0.167451030290137E+002 -0.139389322767835E+001
  0.137910720247053E-001  0.659755588198055E+001 -0.192692999798189E+002  0.669381026613558E+002 -0.736980316014779E+000  0.544093628852490E+001  0.622467925978886E+002 -0.167451030290137E+002 -0.139335915328970E+001
  0.137057090463654E-001  0.659668472318800E+001 -0.192378910135266E+002  0.683225489717428E+002 -0.733293289541348E+000  0.393183656367088E+001  0.324148876403522E+002 -0.167451030290137E+002 -0.139292357389342E+001
  0.136513137366310E-001  0.659134904435497E+001 -0.192675990329166E+002  0.670112856590637E+002 -0.765804084147584E+000  0.671967797626831E+001  0.973358399812249E+002 -0.167451030290137E+002 -0.139025573447691E+001
  0.136568336893683E-001  0.657725141592475E+001 -0.192839119192990E+002  0.667415877573584E+002 -0.690389991159230E+000  0.297790277609925E+001  0.165915522496869E+002 -0.167451030290137E+002 -0.138320692026180E+001
  0.135831042355128E-001  0.657478902680487E+001 -0.192569737362689E+002  0.673199573441631E+002 -0.691189805085802E+000  0.556455296900559E+001  0.816271905445753E+002 -0.167451030290137E+002 -0.138197572570186E+001
  0.135443056628165E-001  0.656722088550438E+001 -0.192396463830336E+002  0.681822319017566E+002 -0.712128187370412E+000  0.429359302023775E+001  0.436895170922059E+002 -0.167451030290137E+002 -0.137819165505161E+001
  0.134556556893939E-001  0.656706519545619E+001 -0.192130841746968E+002  0.687995142339500E+002 -0.710328739638245E+000  0.460237385801130E+001  0.471978715703679E+002 -0.167451030290137E+002 -0.137811381002751E+001
  0.134167657243549E-001  0.655956494334962E+001 -0.192235362955661E+002  0.685253145063015E+002 -0.651399886989507E+000  0.264120437422671E+001  0.118155231083008E+002 -0.167451030290137E+002 -0.137436368397423E+001
  0.133451800005580E-001  0.655697551260383E+001 -0.192708764328130E+002  0.665928319149393E+002 -0.587621281622146E+000  0.263886531560647E+001  0.164420797081368E+002 -0.167451030290137E+002 -0.137306896860133E+001
  0.133466611651531E-001  0.654346446202180E+001 -0.192581116409525E+002  0.671192512273909E+002 -0.685001696676673E+000  0.581302203024066E+001  0.906661124338669E+002 -0.167451030290137E+002 -0.136631344331032E+001
  0.132593122421999E-001  0.654330765112250E+001 -0.192653524194999E+002  0.672846361947316E+002 -0.810531538401644E+000  0.601519730712525E+001  0.661019543914516E+002 -0.167451030290137E+002 -0.136623503786067E+001
  0.131752685447805E-001  0.654273584405168E+001 -0.192568526284999E+002  0.675182116784974E+002 -0.668813955529089E+000  0.295714877813601E+001  0.204233108267472E+002 -0.167451030290137E+002 -0.136594913432526E+001
  0.132136862454834E-001  0.652362345441006E+001 -0.192453090531326E+002  0.680626211076160E+002 -0.786909630131409E+000  0.629745528557589E+001  0.860953475330015E+002 -0.167451030290137E+002 -0.135639293950445E+001
  0.131395455893981E-001  0.652158776698568E+001 -0.192681299245427E+002  0.672873261472094E+002 -0.827466964971311E+000  0.630136184578095E+001  0.718224251686629E+002 -0.167451030290137E+002 -0.135537509579226E+001
  0.130660192955717E-001  0.651952171560067E+001 -0.192459022062058E+002  0.681260250230994E+002 -0.844700142029571E+000  0.643734763815239E+001  0.745380722625607E+002 -0.167451030290137E+002 -0.135434207009976E+001
  0.129797028969213E-001  0.651948881311941E+001 -0.192234940745016E+002  0.683060982062743E+002 -0.685273404983904E+000  0.519708115537848E+001  0.789219698110971E+002 -0.167451030290137E+002 -0.135432561885912E+001
  0.129316866768328E-001  0.651361210900787E+001 -0.192198746651194E+002  0.682771732222385E+002 -0.567413885571652E+000  0.261614664859140E+001  0.219347713110116E+002 -0.167451030290137E+002 -0.135138726680335E+001
  0.128521200835509E-001  0.651266671611989E+001 -0.192488223799880E+002  0.678982370116581E+002 -0.770999520973690E+000  0.645816203388623E+001  0.984782028419337E+002 -0.167451030290137E+002 -0.135091457035937E+001
  0.129070409547807E-001  0.649084925441001E+001 -0.192535128360359E+002  0.672011981222070E+002 -0.668860478452286E+000  0.556563497896560E+001  0.912975134153298E+002 -0.167451030290137E+002 -0.134000583950443E+001
  0.128881000409443E-001  0.648049729844890E+001 -0.192624095475642E+002  0.669014857291579E+002 -0.633883137526503E+000  0.430969665814922E+001  0.540166810234050E+002 -0.167451030290137E+002 -0.133482986152387E+001
  0.128116352360823E-001  0.647910950766286E+001 -0.192816273153030E+002  0.664962240438115E+002 -0.628711945647953E+000  0.306035627659488E+001  0.207043597243374E+002 -0.167451030290137E+002 -0.133413596613085E+001
  0.128047207880364E-001  0.646690011493549E+001 -0.192653121034969E+002  0.668266927363497E+002 -0.636419192422057E+000  0.369681720610673E+001  0.337735619416129E+002 -0.167451030290137E+002 -0.132803126976717E+001
  0.127425856757198E-001  0.646333968483380E+001 -0.192162000799489E+002  0.685095239933228E+002 -0.572508379976385E+000  0.226514633177310E+001  0.136376662986789E+002 -0.167451030290137E+002 -0.132625105471632E+001
  0.126754981440692E-001  0.646060807302971E+001 -0.192493974339218E+002  0.673440528676989E+002 -0.669138839029998E+000  0.438194666370176E+001  0.461767848022775E+002 -0.167451030290137E+002 -0.132488524881428E+001
  0.126417836165322E-001  0.645264571228348E+001 -0.192548177371736E+002  0.674832045675242E+002 -0.749407950734658E+000  0.640383385368117E+001  0.922736124731927E+002 -0.167451030290137E+002 -0.132090406844116E+001
  0.125642989968476E-001  0.645165284358788E+001 -0.192501859922196E+002  0.677604488072599E+002 -0.710927882132322E+000  0.498865619091162E+001  0.625555418035939E+002 -0.167451030290137E+002 -0.132040763409336E+001
  0.125197360446411E-001  0.644546995123549E+001 -0.192659441212964E+002  0.669757246730289E+002 -0.624616069812446E+000  0.309282337452870E+001  0.281172933971449E+002 -0.167451030290137E+002 -0.131731618791716E+001
  0.125560354201113E-001  0.642639051141141E+001 -0.192744245833041E+002  0.668596319321753E+002 -0.760882842467804E+000  0.606676590504875E+001  0.850153378896541E+002 -0.167451030290137E+002 -0.130777646800512E+001
  0.125213548113567E-001  0.641863320269307E+001 -0.192317011893285E+002  0.684278592055088E+002 -0.787359333963430E+000  0.634665015165049E+001  0.929887178221963E+002 -0.167451030290137E+002 -0.130389781364595E+001
  0.124576058795778E-001  0.641555255962806E+001 -0.192331010040663E+002  0.683555282173534E+002 -0.741389839528370E+000  0.391057987457148E+001  0.300064466067469E+002 -0.167451030290137E+002 -0.130235749211345E+001
  0.124318633527571E-001  0.640640057101019E+001 -0.192664286783659E+002  0.667746762656763E+002 -0.559258462313823E+000  0.231145376516976E+001  0.132116864015029E+002 -0.167451030290137E+002 -0.129778149780451E+001
  0.123563882565351E-001  0.640529069540987E+001 -0.192687595247887E+002  0.668968954803656E+002 -0.601186856690880E+000  0.256258686243315E+001  0.190946933342915E+002 -0.167451030290137E+002 -0.129722656000435E+001
  0.123027681833880E-001  0.640069941888377E+001 -0.192724907949276E+002  0.667237476412255E+002 -0.682407337402793E+000  0.459272693659898E+001  0.500134750988557E+002 -0.167451030290137E+002 -0.129493092174130E+001
  0.122981112794155E-001  0.638816752654355E+001 -0.192646858802850E+002  0.673376324956657E+002 -0.836624992099447E+000  0.705387842093333E+001  0.984232957481150E+002 -0.167451030290137E+002 -0.128866497557119E+001
  0.122719127478209E-001  0.637914356376045E+001 -0.192703646466857E+002  0.668964339420988E+002 -0.693426951388748E+000  0.473383805309072E+001  0.515676041953186E+002 -0.167451030290137E+002 -0.128415299417964E+001
  0.121987236223329E-001  0.637781809751452E+001 -0.192563580702545E+002  0.672839552048646E+002 -0.638421284949597E+000  0.420216681588144E+001  0.585275876119054E+002 -0.167451030290137E+002 -0.128349026105668E+001
  0.121361812265524E-001  0.637480931255458E+001 -0.192777634028866E+002  0.669966740682246E+002 -0.729178957065341E+000  0.364418205423316E+001  0.237574891406893E+002 -0.167451030290137E+002 -0.128198586857671E+001
  0.121146123765502E-001  0.636507786008260E+001 -0.192720826590219E+002  0.671047072710976E+002 -0.766133487988405E+000  0.460775633038311E+001  0.410098186315175E+002 -0.167451030290137E+002 -0.127712014234072E+001
  0.120525817484208E-001  0.636205571155658E+001 -0.192145060912886E+002  0.686078324943565E+002 -0.615135529051703E+000  0.228452323558493E+001  0.112631519181705E+002 -0.167451030290137E+002 -0.127560906807771E+001
  0.119731424912513E-001  0.636199237463236E+001 -0.192763977567219E+002  0.666079886680999E+002 -0.652175007836497E+000  0.324834034369161E+001  0.214894430647450E+002 -0.167451030290137E+002 -0.127557739961560E+001
  0.119200185272705E-001  0.635759688874499E+001 -0.192567870659593E+002  0.677673604730465E+002 -0.828773709969538E+000  0.689274910091510E+001  0.986294012322720E+002 -0.167451030290137E+002 -0.127337965667192E+001
  0.118704852975874E-001  0.635263605085094E+001 -0.192363125923342E+002  0.680245190075374E+002 -0.767936133407825E+000  0.632356435236299E+001  0.831465430693775E+002 -0.167451030290137E+002 -0.127089923772489E+001
  0.118926424957062E-001  0.633561728727818E+001 -0.192248019030380E+002  0.678518225596940E+002 -0.469066479875542E+000  0.930769024920998E+000  0.354595396376695E+000 -0.167451030290137E+002 -0.126238985593851E+001
  0.118698293080052E-001  0.632616840750605E+001 -0.192445586422498E+002  0.673486574553673E+002 -0.514063502698575E+000  0.120736597802600E+001  0.243614019458683E+001 -0.167451030290137E+002 -0.125766541605244E+001
  0.117933105397102E-001  0.632581404425660E+001 -0.192182159266138E+002  0.681185541475352E+002 -0.489226476626878E+000  0.111916245955298E+001  0.159701912239596E+001 -0.167451030290137E+002 -0.125748823442772E+001
  0.117448940572883E-001  0.632075269777114E+001 -0.192231515532057E+002  0.682718941315683E+002 -0.603479364008437E+000  0.272155073327955E+001  0.166430013609397E+002 -0.167451030290137E+002 -0.125495756118499E+001
  0.116671725415816E-001  0.632074254281890E+001 -0.192653158895808E+002  0.673716160656727E+002 -0.658708499786868E+000  0.253719987425637E+001  0.114372825061013E+002 -0.167451030290137E+002 -0.125495248370887E+001
  0.116092790309657E-001  0.631740233293363E+001 -0.192710435220956E+002  0.671833520330370E+002 -0.778318935862736E+000  0.626736955004020E+001  0.895144300587257E+002 -0.167451030290137E+002 -0.125328237876624E+001
  0.115816437049832E-001  0.630887982610604E+001 -0.192404307503579E+002  0.677201632344890E+002 -0.547417582152348E+000  0.197039726675557E+001  0.122960594119696E+002 -0.167451030290137E+002 -0.124902112535244E+001
  0.115326935077764E-001  0.630406172037869E+001 -0.192334028351269E+002  0.679564808387082E+002 -0.681933281114062E+000  0.447140399654403E+001  0.530657599595122E+002 -0.167451030290137E+002 -0.124661207248877E+001
  0.114742916249751E-001  0.630092642222047E+001 -0.192503605095153E+002  0.673340950095715E+002 -0.682384737635635E+000  0.527769542655464E+001  0.762223257598191E+002 -0.167451030290137E+002 -0.124504442340966E+001
  0.114089564899663E-001  0.629905797291247E+001 -0.192308815524691E+002  0.681075396393765E+002 -0.613486126522666E+000  0.297022112445716E+001  0.275432389154138E+002 -0.167451030290137E+002 -0.124411019875566E+001
  0.113984733007209E-001  0.628760744448570E+001 -0.192294807436495E+002  0.685757681747070E+002 -0.826186971635507E+000  0.646978252008033E+001  0.836797604622172E+002 -0.167451030290137E+002 -0.123838493454227E+001
  0.113337700106953E-001  0.628570367881156E+001 -0.192386424156217E+002  0.677660040812274E+002 -0.662065569146620E+000  0.453839296406862E+001  0.617114426012903E+002 -0.167451030290137E+002 -0.123743305170520E+001
  0.112620699142682E-001  0.628510725491086E+001 -0.192512557443569E+002  0.673499269617609E+002 -0.505800709541154E+000  0.120690196585462E+001  0.199218604873128E+001 -0.167451030290137E+002 -0.123713483975485E+001
  0.112397494493444E-001  0.627578593259236E+001 -0.192221014667059E+002  0.684059790951445E+002 -0.681831865113364E+000  0.519103677252896E+001  0.747939186366282E+002 -0.167451030290137E+002 -0.123247417859560E+001
  0.111991500715632E-001  0.626973417571413E+001 -0.192514328258505E+002  0.673263599026120E+002 -0.635407775855734E+000  0.384129353123621E+001  0.453318416508178E+002 -0.167451030290137E+002 -0.122944830015649E+001
  0.111451474006551E-001  0.626611248324294E+001 -0.192635961393218E+002  0.669666215371321E+002 -0.670583623798071E+000  0.513478448785799E+001  0.771068919740981E+002 -0.167451030290137E+002 -0.122763745392089E+001
  0.110800841510016E-001  0.626453323045530E+001 -0.192536208370102E+002  0.679027836212953E+002 -0.850331580123349E+000  0.713411410858917E+001  0.988511758791503E+002 -0.167451030290137E+002 -0.122684782752707E+001
  0.110206143011695E-001  0.626200760455229E+001 -0.192501241962970E+002  0.673266366813532E+002 -0.645454027258554E+000  0.508258708475337E+001  0.801505087105630E+002 -0.167451030290137E+002 -0.122558501457556E+001
  0.109678398134327E-001  0.625831893737037E+001 -0.192640498107953E+002  0.671497766086455E+002 -0.711446044147545E+000  0.531597560883497E+001  0.765991296544430E+002 -0.167451030290137E+002 -0.122374068098460E+001
  0.108976669365933E-001  0.625786707881466E+001 -0.192597357370268E+002  0.676807257620569E+002 -0.815975561181431E+000  0.554888385907156E+001  0.573219968686748E+002 -0.167451030290137E+002 -0.122351475170675E+001
  0.108773704969378E-001  0.624830638109565E+001 -0.192477756845927E+002  0.674444707536759E+002 -0.592056814900957E+000  0.309333315847520E+001  0.270692268708822E+002 -0.167451030290137E+002 -0.121873440284725E+001
  0.108331834510394E-001  0.624315842499429E+001 -0.192533444531786E+002  0.676266069696916E+002 -0.731937259035519E+000  0.382490679226902E+001  0.286118966091316E+002 -0.167451030290137E+002 -0.121616042479657E+001
  0.108067704082089E-001  0.623475161539152E+001 -0.192415050478166E+002  0.676524791708760E+002 -0.561646757036220E+000  0.247166483424778E+001  0.194467409927309E+002 -0.167451030290137E+002 -0.121195701999518E+001
  0.107662722027551E-001  0.622897157793737E+001 -0.192659301370241E+002  0.672706645802295E+002 -0.701944203690529E+000  0.423507706622837E+001  0.449478815459564E+002 -0.167451030290137E+002 -0.120906700126810E+001
  0.107092496761159E-001  0.622630345174272E+001 -0.192440242460420E+002  0.680984390239667E+002 -0.782045201896960E+000  0.608198998682213E+001  0.818862843903190E+002 -0.167451030290137E+002 -0.120773293817078E+001
  0.106453518786496E-001  0.622498330667727E+001 -0.192588258933178E+002  0.670490315891540E+002 -0.612650726528618E+000  0.281937524372982E+001  0.206013128798446E+002 -0.167451030290137E+002 -0.120707286563806E+001
  0.105965744967603E-001  0.622087935195928E+001 -0.192458958307353E+002  0.679309203250914E+002 -0.680367827069599E+000  0.262925347524309E+001  0.101522222348835E+002 -0.167451030290137E+002 -0.120502088827906E+001
  0.105617241679531E-001  0.621417876607497E+001 -0.192394567470744E+002  0.682140762985896E+002 -0.746113810605188E+000  0.487082520598302E+001  0.510552282252793E+002 -0.167451030290137E+002 -0.120167059533690E+001
  0.104968448818154E-001  0.621321330837549E+001 -0.192453596820563E+002  0.676799345094081E+002 -0.699098295125131E+000  0.363031235797582E+001  0.244701619579285E+002 -0.167451030290137E+002 -0.120118786648716E+001
  0.104321174331186E-001  0.621229514780199E+001 -0.192707011697250E+002  0.669291487176168E+002 -0.605955995831164E+000  0.263924485518846E+001  0.189139092814198E+002 -0.167451030290137E+002 -0.120072878620041E+001
  0.103727585247149E-001  0.621041859269488E+001 -0.192341413324084E+002  0.680222102859718E+002 -0.678692704063750E+000  0.502441204723367E+001  0.667592058496309E+002 -0.167451030290137E+002 -0.119979050864686E+001
  0.103578619331618E-001  0.620000382433789E+001 -0.192135635793628E+002  0.685740882039264E+002 -0.586029526533304E+000  0.247460881384536E+001  0.165425087327295E+002 -0.167451030290137E+002 -0.119458312446837E+001
  0.103363008954394E-001  0.619088229971521E+001 -0.192411612372724E+002  0.679912138153739E+002 -0.693117421569021E+000  0.467899350108298E+001  0.601765441322415E+002 -0.167451030290137E+002 -0.119002236215703E+001
  0.103055284236008E-001  0.618355634751759E+001 -0.192620107654833E+002  0.669167289938250E+002 -0.622437501086425E+000  0.315001120022795E+001  0.235869068989853E+002 -0.167451030290137E+002 -0.118635938605822E+001
  0.102402995228823E-001  0.618296650594521E+001 -0.192386098167651E+002  0.677278733549490E+002 -0.632466505783369E+000  0.372760669185264E+001  0.425338008285619E+002 -0.167451030290137E+002 -0.118606446527203E+001
  0.102282563674343E-001  0.617203091469717E+001 -0.192435501928766E+002  0.676738382173056E+002 -0.751450036757838E+000  0.637665855032907E+001  0.939790838274304E+002 -0.167451030290137E+002 -0.118059666964800E+001
  0.101755614706907E-001  0.616907225159888E+001 -0.192769871997453E+002  0.667618997851113E+002 -0.752168116320328E+000  0.589639431358907E+001  0.765417560994484E+002 -0.167451030290137E+002 -0.117911733809886E+001
  0.101082395139507E-001  0.616905921910520E+001 -0.192486837816497E+002  0.673370029164217E+002 -0.585762906893809E+000  0.249362524669355E+001  0.129980018828117E+002 -0.167451030290137E+002 -0.117911082185202E+001
  0.100586273675575E-001  0.616561048155519E+001 -0.192739163531179E+002  0.667797904802362E+002 -0.705060644276357E+000  0.562653123593544E+001  0.829373483014234E+002 -0.167451030290137E+002 -0.117738645307702E+001
  0.999548214013584E-002  0.616491640784546E+001 -0.192388555887121E+002  0.679577590467893E+002 -0.593258484994955E+000  0.227326318156465E+001  0.118598605331361E+002 -0.167451030290137E+002 -0.117703941622215E+001
  0.995823588562684E-002  0.615909386026743E+001 -0.192496537328134E+002  0.676803934967451E+002 -0.766542471860044E+000  0.515651101687224E+001  0.547303608981539E+002 -0.167451030290137E+002 -0.117412814243314E+001
  0.100094278374891E-001  0.613554978161100E+001 -0.192542965484858E+002  0.676731159510220E+002 -0.765248284741974E+000  0.581708898003273E+001  0.718092261694422E+002 -0.167451030290137E+002 -0.116235610310492E+001
  0.994407906895772E-002  0.613536095017555E+001 -0.192464909298822E+002  0.676949945346981E+002 -0.604194467396857E+000  0.226808311624664E+001  0.136358896900892E+002 -0.167451030290137E+002 -0.116226168738720E+001
  0.991090974459544E-002  0.612875418635129E+001 -0.192352813112069E+002  0.677873120732736E+002 -0.600216611523949E+000  0.353610268089463E+001  0.388517177223030E+002 -0.167451030290137E+002 -0.115895830547507E+001
  0.985910579852937E-002  0.612594644110666E+001 -0.192355657116489E+002  0.679627182019133E+002 -0.605204225292664E+000  0.309228069903473E+001  0.303419739112480E+002 -0.167451030290137E+002 -0.115755443285275E+001
  0.980315495079899E-002  0.612403976982068E+001 -0.192439500364207E+002  0.680711908919054E+002 -0.787266542328475E+000  0.657070674442106E+001  0.987866829777928E+002 -0.167451030290137E+002 -0.115660109720976E+001
  0.975363017901235E-002  0.612088013609497E+001 -0.192469304191095E+002  0.675105033686060E+002 -0.601673840942274E+000  0.318734865636470E+001  0.346014240738109E+002 -0.167451030290137E+002 -0.115502128034691E+001
  0.970139419044968E-002  0.611833092187951E+001 -0.192198192303200E+002  0.686115797369257E+002 -0.745200847794002E+000  0.517023424224783E+001  0.601107462015656E+002 -0.167451030290137E+002 -0.115374667323918E+001
  0.964873423720116E-002  0.611592756951598E+001 -0.192501432772066E+002  0.679461634652530E+002 -0.850453753235404E+000  0.685998622435831E+001  0.857692770190698E+002 -0.167451030290137E+002 -0.115254499705741E+001
  0.960053179637447E-002  0.611265497852490E+001 -0.192311958307160E+002  0.683937545214910E+002 -0.749684053445576E+000  0.515313894765064E+001  0.623527187285838E+002 -0.167451030290137E+002 -0.115090870156187E+001
  0.953970818083195E-002  0.611207708591592E+001 -0.192399992947530E+002  0.676751526024152E+002 -0.650621167439126E+000  0.513812032096741E+001  0.813967609322796E+002 -0.167451030290137E+002 -0.115061975525738E+001
  0.949183469478449E-002  0.610884994602576E+001 -0.192313422963630E+002  0.680524594329128E+002 -0.727443617164311E+000  0.624927369238067E+001  0.940925006883877E+002 -0.167451030290137E+002 -0.114900618531230E+001
  0.947795120663413E-002  0.609848835607021E+001 -0.192845677026502E+002  0.664755411529331E+002 -0.659515592048412E+000  0.301753514590870E+001  0.184446948682168E+002 -0.167451030290137E+002 -0.114382539033453E+001
  0.945397904625929E-002  0.609026418960658E+001 -0.192283266766691E+002  0.681837431342155E+002 -0.628189195733377E+000  0.371790793674350E+001  0.430144147085828E+002 -0.167451030290137E+002 -0.113971330710271E+001
  0.941531594748444E-002  0.608517109726709E+001 -0.192758276390355E+002  0.664409263177890E+002 -0.556877856755977E+000  0.184796243367090E+001  0.661393607810408E+001 -0.167451030290137E+002 -0.113716676093296E+001
  0.937189578077129E-002  0.608112665007627E+001 -0.192325475089653E+002  0.679782407346474E+002 -0.603077888353404E+000  0.269489532521355E+001  0.216822826269167E+002 -0.167451030290137E+002 -0.113514453733756E+001
  0.931653055333501E-002  0.607968776292124E+001 -0.192589112436598E+002  0.673500715108025E+002 -0.751284438350755E+000  0.633396078234557E+001  0.898366046049848E+002 -0.167451030290137E+002 -0.113442509376004E+001
  0.929570220816319E-002  0.607087494943542E+001 -0.192673636413532E+002  0.667556913777368E+002 -0.534183248699668E+000  0.171791060926241E+001  0.569336198284995E+001 -0.167451030290137E+002 -0.113001868701713E+001
  0.930559596681542E-002  0.605545832225511E+001 -0.192303307511205E+002  0.683789414604833E+002 -0.693928008895399E+000  0.302815339532846E+001  0.175773435342640E+002 -0.167451030290137E+002 -0.112231037342697E+001
  0.925135416716751E-002  0.605386123442201E+001 -0.192535515608727E+002  0.672386098233572E+002 -0.629870898382809E+000  0.438757140021246E+001  0.595951534543291E+002 -0.167451030290137E+002 -0.112151182951042E+001
  0.921546322162060E-002  0.604834630735363E+001 -0.192331336214551E+002  0.677558114989740E+002 -0.512887386604801E+000  0.161592122087374E+001  0.675676293731793E+001 -0.167451030290137E+002 -0.111875436597623E+001
  0.917527053981692E-002  0.604379917779834E+001 -0.192302999255299E+002  0.680124450525473E+002 -0.683020427403186E+000  0.530019583769692E+001  0.745071461900125E+002 -0.167451030290137E+002 -0.111648080119859E+001
  0.912043525022756E-002  0.604249879712372E+001 -0.192431124771363E+002  0.676689455869821E+002 -0.613973391734910E+000  0.229749019904693E+001  0.119671079552953E+002 -0.167451030290137E+002 -0.111583061086128E+001
  0.907512190448171E-002  0.603917114106972E+001 -0.192562269799973E+002  0.672324628333604E+002 -0.633737270411335E+000  0.417547947025222E+001  0.566832315630350E+002 -0.167451030290137E+002 -0.111416678283428E+001
  0.901551393551847E-002  0.603906195383136E+001 -0.192577337280347E+002  0.672587230809377E+002 -0.684068689191975E+000  0.560658858815209E+001  0.885922941143331E+002 -0.167451030290137E+002 -0.111411218921510E+001
  0.895979309221921E-002  0.603817232765000E+001 -0.192346642994734E+002  0.680239128229899E+002 -0.633232468393695E+000  0.375788969318263E+001  0.426371482442901E+002 -0.167451030290137E+002 -0.111366737612442E+001
  0.892361921182429E-002  0.603297429980636E+001 -0.192814117002926E+002  0.667299585328505E+002 -0.735980721443843E+000  0.471582797775764E+001  0.474006053561579E+002 -0.167451030290137E+002 -0.111106836220260E+001
  0.888227578945111E-002  0.602897281191294E+001 -0.192709555487851E+002  0.668796349929792E+002 -0.731597809854021E+000  0.529902080287033E+001  0.619797111656944E+002 -0.167451030290137E+002 -0.110906761825589E+001
  0.882373162383353E-002  0.602890960571543E+001 -0.192516732831525E+002  0.672692991913499E+002 -0.488745119349210E+000  0.714426952893687E+000 -0.650089582855344E+000 -0.167451030290137E+002 -0.110903601515713E+001
  0.877265591246312E-002  0.602723105220286E+001 -0.192283324943684E+002  0.682884870857560E+002 -0.755654603685813E+000  0.543277469707582E+001  0.610098644363333E+002 -0.167451030290137E+002 -0.110819673840085E+001
  0.874153989323558E-002  0.602104844252055E+001 -0.192579241944947E+002  0.670479961771182E+002 -0.607312357738433E+000  0.356866386718804E+001  0.375902721079281E+002 -0.167451030290137E+002 -0.110510543355969E+001
  0.868482572530847E-002  0.602077741705159E+001 -0.192231605800616E+002  0.685695710205786E+002 -0.745017033298218E+000  0.527948005259804E+001  0.601291759490871E+002 -0.167451030290137E+002 -0.110496992082522E+001
  0.863371305259972E-002  0.601929367426303E+001 -0.192311445746684E+002  0.680470003834352E+002 -0.699368450473009E+000  0.565871646528893E+001  0.892949991087666E+002 -0.167451030290137E+002 -0.110422804943093E+001
  0.858815359607147E-002  0.601658638317788E+001 -0.192226564565609E+002  0.684384630235720E+002 -0.619430657137530E+000  0.284800990268156E+001  0.222277110016062E+002 -0.167451030290137E+002 -0.110287440388836E+001
  0.853257141444021E-002  0.601628328446036E+001 -0.192517656184460E+002  0.675998471421768E+002 -0.693367044792934E+000  0.465764954349225E+001  0.604919866035393E+002 -0.167451030290137E+002 -0.110272285452960E+001
  0.848940434879433E-002  0.601313806452580E+001 -0.192454944181495E+002  0.677003064870827E+002 -0.753825293585004E+000  0.605110702313344E+001  0.779730136355027E+002 -0.167451030290137E+002 -0.110115024456232E+001
  0.846779041868905E-002  0.600494745017562E+001 -0.192317036345158E+002  0.680851699055639E+002 -0.667274608210203E+000  0.342403085561899E+001  0.281569710379672E+002 -0.167451030290137E+002 -0.109705493738723E+001
  0.841480696254437E-002  0.600421179568210E+001 -0.192468750089979E+002  0.674943792521026E+002 -0.699194103544578E+000  0.514977492208849E+001  0.660864125012960E+002 -0.167451030290137E+002 -0.109668711014047E+001
  0.836657066969133E-002  0.600242031830908E+001 -0.192604671129807E+002  0.669710505373155E+002 -0.549980584547706E+000  0.147818719939327E+001  0.189529187939898E+001 -0.167451030290137E+002 -0.109579137145396E+001
  0.831829624964656E-002  0.600070448784203E+001 -0.192441236470062E+002  0.677009159128157E+002 -0.650054697008331E+000  0.276415028723690E+001  0.165665267902724E+002 -0.167451030290137E+002 -0.109493345622044E+001
  0.827233010564234E-002  0.599849786804202E+001 -0.192517771469739E+002  0.677913851727428E+002 -0.846213775601015E+000  0.698677477369370E+001  0.894454907545602E+002 -0.167451030290137E+002 -0.109383014632043E+001
  0.821897356798667E-002  0.599815056692743E+001 -0.192363755874640E+002  0.680658684623349E+002 -0.669458916268635E+000  0.434105342409066E+001  0.527365018780123E+002 -0.167451030290137E+002 -0.109365649576314E+001
  0.820124297834131E-002  0.598918069286869E+001 -0.192645071135577E+002  0.674363419701877E+002 -0.807821704726673E+000  0.596539582590554E+001  0.719412947870186E+002 -0.167451030290137E+002 -0.108917155873377E+001
  0.815712380730932E-002  0.598667979395027E+001 -0.192275489557318E+002  0.682993995612774E+002 -0.737005197449367E+000  0.609249275310133E+001  0.871119058575528E+002 -0.167451030290137E+002 -0.108792110927456E+001
  0.818200782400274E-002  0.596729882150353E+001 -0.192410753481689E+002  0.679450945034783E+002 -0.630190819951923E+000  0.222842452132897E+001  0.104797793131277E+002 -0.167451030290137E+002 -0.107823062305119E+001
  0.815506131832201E-002  0.596060737726670E+001 -0.192445364077881E+002  0.675762346904783E+002 -0.714982649396636E+000  0.620504980403633E+001  0.980395135421256E+002 -0.167451030290137E+002 -0.107488490093277E+001
  0.811347131799649E-002  0.595754419034397E+001 -0.192583753880582E+002  0.670212673920386E+002 -0.586385220538097E+000  0.309249203107764E+001  0.300944548416316E+002 -0.167451030290137E+002 -0.107335330747141E+001
  0.806382680130654E-002  0.595653025052498E+001 -0.192704496285872E+002  0.668917456461836E+002 -0.642400554188622E+000  0.317314955956132E+001  0.264939433586325E+002 -0.167451030290137E+002 -0.107284633756191E+001
  0.801586909548342E-002  0.595517120364839E+001 -0.192166669106660E+002  0.685906589835205E+002 -0.656932585198837E+000  0.367464890564434E+001  0.357450786870808E+002 -0.167451030290137E+002 -0.107216681412362E+001
  0.799579550968395E-002  0.594689686135268E+001 -0.192469002071109E+002  0.674600775334823E+002 -0.668318125434988E+000  0.535195150007843E+001  0.846139860464838E+002 -0.167451030290137E+002 -0.106802964297576E+001
  0.798809493385056E-002  0.593553486030231E+001 -0.192276925218788E+002  0.684767676753019E+002 -0.794896185126614E+000  0.589840833053839E+001  0.684667892424550E+002 -0.167451030290137E+002 -0.106234864245058E+001
  0.794096283022012E-002  0.593408131262888E+001 -0.192412487053445E+002  0.676143539629337E+002 -0.569991160235255E+000  0.274498732611183E+001  0.252985977305145E+002 -0.167451030290137E+002 -0.106162186861386E+001
  0.791091583635842E-002  0.592837417516848E+001 -0.192561490958117E+002  0.670646354141508E+002 -0.601367690455297E+000  0.295896778858391E+001  0.228558947024341E+002 -0.167451030290137E+002 -0.105876829988366E+001
  0.790951872392252E-002  0.591543833222501E+001 -0.192237976676057E+002  0.683187685901547E+002 -0.695544854679268E+000  0.537045898395949E+001  0.753779521683954E+002 -0.167451030290137E+002 -0.105230037841193E+001
  0.785812730799559E-002  0.591518647448829E+001 -0.192678696266251E+002  0.668840500757997E+002 -0.688525460226454E+000  0.452544007923552E+001  0.483236425727142E+002 -0.167451030290137E+002 -0.105217444954356E+001
  0.780834390540457E-002  0.591460824639248E+001 -0.192716560969189E+002  0.670403131831146E+002 -0.737020849297156E+000  0.558617357474218E+001  0.755925425998200E+002 -0.167451030290137E+002 -0.105188533549566E+001
  0.776613128146140E-002  0.591216067614032E+001 -0.192616829093755E+002  0.670422658943105E+002 -0.687229519561136E+000  0.487197432631677E+001  0.601275873472900E+002 -0.167451030290137E+002 -0.105066155036958E+001
  0.772460909760561E-002  0.590959342381963E+001 -0.192382318156696E+002  0.676604934118064E+002 -0.616977609206065E+000  0.374809064688207E+001  0.426563433346783E+002 -0.167451030290137E+002 -0.104937792420923E+001
  0.767382330368016E-002  0.590949684441018E+001 -0.192519106708774E+002  0.674847641137936E+002 -0.746141575915772E+000  0.553587116622862E+001  0.642071007774749E+002 -0.167451030290137E+002 -0.104932963450451E+001
  0.764094246271897E-002  0.590479578231857E+001 -0.192249882722109E+002  0.683531830434207E+002 -0.708607670680241E+000  0.551461589133199E+001  0.824934957863168E+002 -0.167451030290137E+002 -0.104697910345871E+001
  0.766006156385383E-002  0.588650856445749E+001 -0.192258826016806E+002  0.685083473492391E+002 -0.726669644334089E+000  0.484977152176315E+001  0.530121704007953E+002 -0.167451030290137E+002 -0.103783549452816E+001
  0.761429461074483E-002  0.588520481956122E+001 -0.192244056303687E+002  0.682660752813530E+002 -0.651874263838091E+000  0.432409243959204E+001  0.551816036815765E+002 -0.167451030290137E+002 -0.103718362208003E+001
  0.756814123777834E-002  0.588407544699135E+001 -0.192239357053357E+002  0.683452790077102E+002 -0.680671623343758E+000  0.493281320540522E+001  0.687314335180059E+002 -0.167451030290137E+002 -0.103661893579509E+001
  0.755643504986684E-002  0.587388230025045E+001 -0.192625262898639E+002  0.670141953904735E+002 -0.668324935942563E+000  0.495434727421540E+001  0.691391680755512E+002 -0.167451030290137E+002 -0.103152236242465E+001
  0.753206572404384E-002  0.586705359079811E+001 -0.192215991934065E+002  0.684643127353821E+002 -0.688394350650549E+000  0.467047097386570E+001  0.547027709597100E+002 -0.167451030290137E+002 -0.102810800769848E+001
  0.748373702972921E-002  0.586663863856172E+001 -0.192374408844885E+002  0.682876656109984E+002 -0.843115361967833E+000  0.719838406104510E+001  0.987182109407886E+002 -0.167451030290137E+002 -0.102790053158028E+001
  0.745051066086268E-002  0.586224894313795E+001 -0.192495556072176E+002  0.676594905123136E+002 -0.654281269742210E+000  0.376130641636113E+001  0.397539911563157E+002 -0.167451030290137E+002 -0.102570568386839E+001
  0.743689736670444E-002  0.585261752542284E+001 -0.192800258508203E+002  0.666221135638673E+002 -0.571222681589204E+000  0.152908524688116E+001  0.370217536398359E+001 -0.167451030290137E+002 -0.102088997501084E+001
  0.744841350919440E-002  0.583623380665642E+001 -0.192642862044261E+002  0.671443419000656E+002 -0.731208910678738E+000  0.467617948075930E+001  0.471253998901855E+002 -0.167451030290137E+002 -0.101269811562763E+001
  0.743889965152468E-002  0.582550095386151E+001 -0.192422544839488E+002  0.681596442730411E+002 -0.803625792215179E+000  0.584634196352958E+001  0.697236220638589E+002 -0.167451030290137E+002 -0.100733168923017E+001
  0.740239940126546E-002  0.582204936950013E+001 -0.192307361968268E+002  0.684639208321615E+002 -0.802986942717034E+000  0.642216292112931E+001  0.844723637345105E+002 -0.167451030290137E+002 -0.100560589704949E+001
  0.736598992605665E-002  0.581862176541137E+001 -0.192401144319119E+002  0.682122277517688E+002 -0.749208729202250E+000  0.449407115468085E+001  0.422537459206293E+002 -0.167451030290137E+002 -0.100389209500511E+001
  0.733430505154122E-002  0.581395425488259E+001 -0.192236751864289E+002  0.683458164327144E+002 -0.682853661948271E+000  0.431674929399834E+001  0.435537798649701E+002 -0.167451030290137E+002 -0.100155833974072E+001
  0.732265533515919E-002  0.580384446952601E+001 -0.192574499569361E+002  0.672435474832198E+002 -0.638677832304732E+000  0.402743851534422E+001  0.461487273713161E+002 -0.167451030290137E+002 -0.996503447062423E+000
  0.728320973047662E-002  0.580135808571737E+001 -0.192763767466298E+002  0.668929197958615E+002 -0.735148588552928E+000  0.433190903824269E+001  0.375907217272733E+002 -0.167451030290137E+002 -0.995260255158109E+000
  0.724041830906682E-002  0.579985436000315E+001 -0.192689162203610E+002  0.670340703410971E+002 -0.762016283558873E+000  0.649245644984279E+001  0.995028003770541E+002 -0.167451030290137E+002 -0.994508392300995E+000
  0.719739666211987E-002  0.579848446714871E+001 -0.192335302170772E+002  0.680649914064738E+002 -0.698734604670146E+000  0.578974335651904E+001  0.931405491411651E+002 -0.167451030290137E+002 -0.993823445873775E+000
  0.715466935157062E-002  0.579710375413394E+001 -0.192488355814330E+002  0.677334044830766E+002 -0.769932652392396E+000  0.629638920071073E+001  0.839341696510187E+002 -0.167451030290137E+002 -0.993133089366391E+000
  0.713144572697499E-002  0.579031710688219E+001 -0.192570894254764E+002  0.674973428734076E+002 -0.764165192275956E+000  0.581046070290242E+001  0.698558084314636E+002 -0.167451030290137E+002 -0.989739765740518E+000
  0.709772983743432E-002  0.578650599927635E+001 -0.192275096402296E+002  0.681793995032321E+002 -0.627593780788695E+000  0.326879157486136E+001  0.312327155897056E+002 -0.167451030290137E+002 -0.987834211937596E+000
  0.705296656622880E-002  0.578587026155827E+001 -0.192653102651464E+002  0.674130329164435E+002 -0.764783078129891E+000  0.453441797512381E+001  0.391556894115896E+002 -0.167451030290137E+002 -0.987516343078558E+000
  0.701925387844319E-002  0.578216395729311E+001 -0.192638462711377E+002  0.673909412081168E+002 -0.710074973198121E+000  0.384169076234295E+001  0.301092716764139E+002 -0.167451030290137E+002 -0.985663190945974E+000
  0.697818590448476E-002  0.578061075854235E+001 -0.192542536062020E+002  0.677463400068578E+002 -0.771376239451633E+000  0.532911435449088E+001  0.619486112724087E+002 -0.167451030290137E+002 -0.984886591570597E+000
  0.693922145443941E-002  0.577852046921571E+001 -0.192308672833214E+002  0.681422019611962E+002 -0.707341385607498E+000  0.586498083865816E+001  0.907463514426674E+002 -0.167451030290137E+002 -0.983841446907275E+000
  0.691076807673363E-002  0.577344898355964E+001 -0.192753607048134E+002  0.669882270175951E+002 -0.718739095605061E+000  0.378744659743901E+001  0.272527367720018E+002 -0.167451030290137E+002 -0.981305704079239E+000
  0.689289887361131E-002  0.576533800424971E+001 -0.192667759405882E+002  0.669234987548183E+002 -0.674236849749056E+000  0.478369470231490E+001  0.607654263583896E+002 -0.167451030290137E+002 -0.977250214424274E+000
  0.685427562440790E-002  0.576328711203787E+001 -0.192361512358315E+002  0.680879663611753E+002 -0.770800105020005E+000  0.606359223063800E+001  0.759507542071035E+002 -0.167451030290137E+002 -0.976224768318357E+000
  0.681737897237968E-002  0.576079313302883E+001 -0.192355881644028E+002  0.682878125158073E+002 -0.810802742108491E+000  0.679188747940202E+001  0.991874206161008E+002 -0.167451030290137E+002 -0.974977778813839E+000
  0.677228293613685E-002  0.576077772638570E+001 -0.192563244206755E+002  0.671316112557461E+002 -0.581391334838613E+000  0.291289365321778E+001  0.262740029817518E+002 -0.167451030290137E+002 -0.974970075492268E+000
  0.673021922425789E-002  0.575994969370834E+001 -0.192428801046451E+002  0.680000196065268E+002 -0.672639792057327E+000  0.337543468663431E+001  0.264918346575362E+002 -0.167451030290137E+002 -0.974556059153588E+000
  0.669257182051832E-002  0.575787958719509E+001 -0.192725947051780E+002  0.668810117072990E+002 -0.708365610051215E+000  0.484096938376172E+001  0.537101870089552E+002 -0.167451030290137E+002 -0.973521005896968E+000
  0.665267503150053E-002  0.575654888913622E+001 -0.192216916288840E+002  0.685928268845041E+002 -0.746979223782716E+000  0.502110884760551E+001  0.542124934673507E+002 -0.167451030290137E+002 -0.972855656867531E+000
  0.664498465772838E-002  0.574557310538031E+001 -0.192554448253029E+002  0.672671832865632E+002 -0.624341103701542E+000  0.366294291511241E+001  0.423290443177163E+002 -0.167451030290137E+002 -0.967367764989576E+000
  0.663276649636130E-002  0.573596481337672E+001 -0.192232460774188E+002  0.683929191530630E+002 -0.726572676633347E+000  0.559572954100496E+001  0.747697799545687E+002 -0.167451030290137E+002 -0.962563618987778E+000
  0.659611663801085E-002  0.573375752577385E+001 -0.192438016114193E+002  0.679037923168794E+002 -0.697364861983591E+000  0.332768064572247E+001  0.230943604633638E+002 -0.167451030290137E+002 -0.961459975186342E+000
  0.655556070124775E-002  0.573280331269383E+001 -0.192724493900832E+002  0.670993060102146E+002 -0.761260123811154E+000  0.531058765517552E+001  0.594836370895628E+002 -0.167451030290137E+002 -0.960982868646337E+000
  0.653633815263167E-002  0.572538734395079E+001 -0.192448629474320E+002  0.676894243591937E+002 -0.644232798775755E+000  0.367694175560238E+001  0.403757061124110E+002 -0.167451030290137E+002 -0.957274884274818E+000
  0.649711779902281E-002  0.572413511877194E+001 -0.192490719924427E+002  0.677688188883622E+002 -0.776603465912771E+000  0.665561577806732E+001  0.966367879841534E+002 -0.167451030290137E+002 -0.956648771685390E+000
  0.646523443973663E-002  0.572068481043247E+001 -0.192179178019586E+002  0.685456096146810E+002 -0.663609644435863E+000  0.347154473096912E+001  0.266692551926335E+002 -0.167451030290137E+002 -0.954923617515655E+000
  0.642672087541722E-002  0.571934540305452E+001 -0.192488193268054E+002  0.676490042196144E+002 -0.669437140417925E+000  0.433220181346381E+001  0.540659862239619E+002 -0.167451030290137E+002 -0.954253913826679E+000
  0.639147241607692E-002  0.571705585472407E+001 -0.192293774332193E+002  0.684149945522666E+002 -0.757628162383632E+000  0.590308521132257E+001  0.796832864861261E+002 -0.167451030290137E+002 -0.953109139661458E+000
  0.635823973506830E-002  0.571419296742413E+001 -0.192360679211664E+002  0.682074959210734E+002 -0.780020052828079E+000  0.536566408512895E+001  0.553619339869481E+002 -0.167451030290137E+002 -0.951677696011488E+000
  0.632293924222914E-002  0.571203867760264E+001 -0.192543559176233E+002  0.672833245010984E+002 -0.512457655834538E+000  0.890445963677992E+000  0.380578054814535E+000 -0.167451030290137E+002 -0.950600551100742E+000
  0.630677523123517E-002  0.570386895408071E+001 -0.192395437483441E+002  0.676214930019824E+002 -0.556097081879541E+000  0.183973880677331E+001  0.553552839345193E+001 -0.167451030290137E+002 -0.946515689339775E+000
  0.630418482388870E-002  0.569140150549627E+001 -0.192197540336964E+002  0.686502330544447E+002 -0.691565923494724E+000  0.342000719552698E+001  0.238105887203426E+002 -0.167451030290137E+002 -0.940281965047554E+000
  0.628913734961648E-002  0.568289193136696E+001 -0.192537378578886E+002  0.672759856587924E+002 -0.678061780173463E+000  0.454899011309223E+001  0.516425597298069E+002 -0.167451030290137E+002 -0.936027177982901E+000
  0.625292956967964E-002  0.568115050573987E+001 -0.192552990169544E+002  0.676865752748879E+002 -0.709005876712856E+000  0.376562240479199E+001  0.305049986334900E+002 -0.167451030290137E+002 -0.935156465169358E+000
  0.621763055277044E-002  0.567918380224453E+001 -0.192646136109605E+002  0.669706406659760E+002 -0.643387878458717E+000  0.392943616801102E+001  0.405496973130693E+002 -0.167451030290137E+002 -0.934173113421685E+000
  0.618040788703204E-002  0.567790396416007E+001 -0.192230469503878E+002  0.685237014355019E+002 -0.690771670934695E+000  0.349938783631247E+001  0.266963857099637E+002 -0.167451030290137E+002 -0.933533194379453E+000
  0.615905820329863E-002  0.567153566601810E+001 -0.192299608335771E+002  0.680630554888710E+002 -0.613119234762227E+000  0.325468921506371E+001  0.325662058835846E+002 -0.167451030290137E+002 -0.930349045308471E+000
  0.614018422143378E-002  0.566438484374478E+001 -0.192553363679742E+002  0.672480433069310E+002 -0.611153699127005E+000  0.320283239504333E+001  0.318314075890355E+002 -0.167451030290137E+002 -0.926773634171808E+000
  0.609986764892904E-002  0.566427110061303E+001 -0.192570735983363E+002  0.676760104180190E+002 -0.835825948610499E+000  0.701922271385332E+001  0.951569874629941E+002 -0.167451030290137E+002 -0.926716762605936E+000
  0.606434209142540E-002  0.566266404278466E+001 -0.192683192766171E+002  0.668603280707232E+002 -0.660516160086930E+000  0.402603477167587E+001  0.418497957369008E+002 -0.167451030290137E+002 -0.925913233691747E+000
  0.602740929311673E-002  0.566159251359252E+001 -0.192504872553904E+002  0.676254470416985E+002 -0.742919992509223E+000  0.583996637907277E+001  0.853255883947495E+002 -0.167451030290137E+002 -0.925377469095678E+000
  0.599351008443053E-002  0.565958352994544E+001 -0.192593632462896E+002  0.672014550627132E+002 -0.688053146004522E+000  0.374448003368775E+001  0.290720720781654E+002 -0.167451030290137E+002 -0.924372977272138E+000
  0.595387423364836E-002  0.565956462821995E+001 -0.192612862291456E+002  0.674582821050930E+002 -0.799694692058548E+000  0.626187768934292E+001  0.829534512110655E+002 -0.167451030290137E+002 -0.924363526409396E+000
  0.593074701887293E-002  0.565405946571194E+001 -0.192227855585334E+002  0.684315970753226E+002 -0.724195203339713E+000  0.537568302751634E+001  0.684889318268021E+002 -0.167451030290137E+002 -0.921610945155390E+000
  0.590241929003211E-002  0.565034610403807E+001 -0.192406160314903E+002  0.677406546576255E+002 -0.643005452008374E+000  0.292493542767539E+001  0.195289640951973E+002 -0.167451030290137E+002 -0.919754264318455E+000
  0.586963826778165E-002  0.564819563453791E+001 -0.192644260895745E+002  0.670427225974212E+002 -0.703589825770785E+000  0.504245101497793E+001  0.638103218775104E+002 -0.167451030290137E+002 -0.918679029568372E+000
  0.583192509075714E-002  0.564779826500138E+001 -0.192633995384286E+002  0.670941646772991E+002 -0.705090273295875E+000  0.477523713768685E+001  0.510322722365688E+002 -0.167451030290137E+002 -0.918480344800114E+000
  0.579979903257489E-002  0.564555694497900E+001 -0.192209141090472E+002  0.685932953467502E+002 -0.647010405859308E+000  0.274461704411239E+001  0.164977391608309E+002 -0.167451030290137E+002 -0.917359684788922E+000
  0.577690913650556E-002  0.564017681796548E+001 -0.192566540987615E+002  0.673735236805716E+002 -0.775583439323831E+000  0.668419522229717E+001  0.963669822983607E+002 -0.167451030290137E+002 -0.914669621282163E+000
  0.574007095679263E-002  0.563968216476508E+001 -0.192319690552391E+002  0.680667199086842E+002 -0.562822290115633E+000  0.185266707213331E+001  0.728733837851736E+001 -0.167451030290137E+002 -0.914422294681964E+000
  0.571453275682626E-002  0.563531115032156E+001 -0.192515913409211E+002  0.675920132032144E+002 -0.732482185712004E+000  0.607519482408206E+001  0.899652160556908E+002 -0.167451030290137E+002 -0.912236787460203E+000
  0.567846333835026E-002  0.563468582380580E+001 -0.192587935834553E+002  0.671492513369645E+002 -0.611207707841238E+000  0.339338172451722E+001  0.345789990987589E+002 -0.167451030290137E+002 -0.911924124202322E+000
  0.564559085081588E-002  0.563300833235134E+001 -0.192349411862748E+002  0.682315438575570E+002 -0.783518463338015E+000  0.618945920016230E+001  0.788806968085165E+002 -0.167451030290137E+002 -0.911085378475093E+000
  0.562716749619256E-002  0.562625655409625E+001 -0.192709650762501E+002  0.668678502349147E+002 -0.651365021360776E+000  0.280398222921854E+001  0.159651505425440E+002 -0.167451030290137E+002 -0.907709489347545E+000
  0.559911456482444E-002  0.562296293807837E+001 -0.192513013213292E+002  0.677463205621041E+002 -0.793210951320290E+000  0.557765459475469E+001  0.587713887655335E+002 -0.167451030290137E+002 -0.906062681338602E+000
  0.557369451177867E-002  0.561877455300496E+001 -0.192408799280604E+002  0.677004973568203E+002 -0.673487635433242E+000  0.506569921791423E+001  0.735998692252253E+002 -0.167451030290137E+002 -0.903968488801900E+000
  0.554607015932731E-002  0.561542251573252E+001 -0.192183161980707E+002  0.684311331343518E+002 -0.578989824866506E+000  0.171326705999334E+001  0.387265506713761E+001 -0.167451030290137E+002 -0.902292470165681E+000
  0.551012033731646E-002  0.561513969993828E+001 -0.192629230517849E+002  0.674442213746223E+002 -0.817985663471858E+000  0.653192798615048E+001  0.855837066397930E+002 -0.167451030290137E+002 -0.902151062268561E+000
  0.547434263352139E-002  0.561487913684589E+001 -0.192261376899359E+002  0.683632697542715E+002 -0.673450280860714E+000  0.415167632958194E+001  0.445342442609490E+002 -0.167451030290137E+002 -0.902020780722363E+000
  0.543817914756794E-002  0.561484587588797E+001 -0.192286337390134E+002  0.681782327831658E+002 -0.683651642488034E+000  0.483956069074635E+001  0.646766918706975E+002 -0.167451030290137E+002 -0.902004150243408E+000
  0.541979498587432E-002  0.560832939058223E+001 -0.192424217427207E+002  0.680293584080505E+002 -0.740620751852450E+000  0.413330779489872E+001  0.313707719934668E+002 -0.167451030290137E+002 -0.898745907590539E+000
  0.538805373285712E-002  0.560678782127027E+001 -0.192254459076361E+002  0.684560702154619E+002 -0.733979566556078E+000  0.508042105775785E+001  0.568135281624456E+002 -0.167451030290137E+002 -0.897975122934556E+000
  0.535961806577460E-002  0.560408176589394E+001 -0.192498817316142E+002  0.678356639238230E+002 -0.801198049867233E+000  0.650124657112476E+001  0.854798894862543E+002 -0.167451030290137E+002 -0.896622095246391E+000
  0.532934478706621E-002  0.560212151004272E+001 -0.192765801279304E+002  0.664771513142618E+002 -0.512747543986212E+000  0.123701504212106E+001  0.172557898636956E+001 -0.167451030290137E+002 -0.895641967320780E+000
  0.529852397725742E-002  0.560043245350813E+001 -0.192457560138511E+002  0.677771441177449E+002 -0.715516451207261E+000  0.570478383469618E+001  0.881007714839091E+002 -0.167451030290137E+002 -0.894797439053486E+000
  0.527134991759362E-002  0.559742697970267E+001 -0.192331885627299E+002  0.681532738884998E+002 -0.763101956146392E+000  0.579317394538228E+001  0.733369966311784E+002 -0.167451030290137E+002 -0.893294702150754E+000
  0.524491525828276E-002  0.559419268635971E+001 -0.192554616679624E+002  0.672156293600017E+002 -0.625636153834806E+000  0.380576702636133E+001  0.442923841272893E+002 -0.167451030290137E+002 -0.891677555479276E+000
  0.521957168613140E-002  0.559059107889868E+001 -0.192786070542260E+002  0.666746577570830E+002 -0.629805321166766E+000  0.224416882823466E+001  0.762829583357896E+001 -0.167451030290137E+002 -0.889876751748762E+000
  0.518590654560637E-002  0.559024335270986E+001 -0.192483080329356E+002  0.677701503504759E+002 -0.783294812650665E+000  0.560851574035239E+001  0.634864065014906E+002 -0.167451030290137E+002 -0.889702888654352E+000
  0.515163687490143E-002  0.559021459222570E+001 -0.192644247352868E+002  0.672663368263498E+002 -0.720101308249242E+000  0.493483639813908E+001  0.566145459258041E+002 -0.167451030290137E+002 -0.889688508412271E+000
  0.512482033550897E-002  0.558736357886445E+001 -0.192620882880877E+002  0.672942310346687E+002 -0.687202698811969E+000  0.353368379608440E+001  0.239910862299289E+002 -0.167451030290137E+002 -0.888263001731645E+000
  0.509818973063376E-002  0.558449438539250E+001 -0.192586885379625E+002  0.676051058068092E+002 -0.737729449952973E+000  0.382795627484182E+001  0.275163105784640E+002 -0.167451030290137E+002 -0.886828404995671E+000
  0.506701467244728E-002  0.558347269948397E+001 -0.192615938025693E+002  0.673033335247680E+002 -0.709389554469832E+000  0.410042015459945E+001  0.387752903291130E+002 -0.167451030290137E+002 -0.886317562041405E+000
  0.505069235652115E-002  0.557663659001809E+001 -0.192519660084619E+002  0.672287544201786E+002 -0.586778274388292E+000  0.240085701246026E+001  0.119052239941661E+002 -0.167451030290137E+002 -0.882899507308467E+000
  0.502366046160185E-002  0.557408048575864E+001 -0.192569997257467E+002  0.671726768884251E+002 -0.663559226005674E+000  0.453135628952583E+001  0.554540717171750E+002 -0.167451030290137E+002 -0.881621455178738E+000
  0.499198026433380E-002  0.557344373232454E+001 -0.192427420276609E+002  0.677558004280176E+002 -0.672029663864262E+000  0.354059473086535E+001  0.250613441006665E+002 -0.167451030290137E+002 -0.881303078461691E+000
  0.496014086265734E-002  0.557295172196253E+001 -0.192672334218551E+002  0.670130409134010E+002 -0.652817580249093E+000  0.362068437554578E+001  0.355207927263522E+002 -0.167451030290137E+002 -0.881057073280687E+000
  0.494206119884153E-002  0.556696593483959E+001 -0.192579577269196E+002  0.672409544286355E+002 -0.709338521844917E+000  0.478300439814488E+001  0.530511002458684E+002 -0.167451030290137E+002 -0.878064179719217E+000
  0.491292708004579E-002  0.556550200955272E+001 -0.192666783535652E+002  0.672627470988302E+002 -0.784757522186001E+000  0.641305555597991E+001  0.908730408026927E+002 -0.167451030290137E+002 -0.877332217075782E+000
  0.490101914103608E-002  0.555706640286301E+001 -0.192591846182707E+002  0.673868839759818E+002 -0.663824320331779E+000  0.359438946256219E+001  0.336386717734119E+002 -0.167451030290137E+002 -0.873114413730928E+000
  0.488887904707285E-002  0.554873757337638E+001 -0.192538309949897E+002  0.675991787214505E+002 -0.786878035370732E+000  0.609939250594085E+001  0.795934512802959E+002 -0.167451030290137E+002 -0.868949998987609E+000
  0.485916805794380E-002  0.554764009136934E+001 -0.192536338441803E+002  0.673972919462724E+002 -0.684117479527091E+000  0.517972870372252E+001  0.720642802002666E+002 -0.167451030290137E+002 -0.868401257984091E+000
  0.484785462068665E-002  0.553901296779376E+001 -0.192664391316404E+002  0.672435435462659E+002 -0.685906036909903E+000  0.322950337760752E+001  0.223127013039498E+002 -0.167451030290137E+002 -0.864087696196300E+000
  0.482812565797015E-002  0.553387974439359E+001 -0.192453283816797E+002  0.677176394371557E+002 -0.749791789700536E+000  0.571690541648248E+001  0.744170122181023E+002 -0.167451030290137E+002 -0.861521084496213E+000
  0.480243083899765E-002  0.553126288955907E+001 -0.192634371287397E+002  0.672846733205815E+002 -0.704207942146424E+000  0.440255741792724E+001  0.481349258308865E+002 -0.167451030290137E+002 -0.860212657078953E+000
  0.477142367401424E-002  0.553092878410703E+001 -0.192410218563461E+002  0.678121011098305E+002 -0.663621568883719E+000  0.337963772853362E+001  0.279428586297914E+002 -0.167451030290137E+002 -0.860045604352936E+000
  0.474189853525629E-002  0.553005396695792E+001 -0.192624829925427E+002  0.674649962828630E+002 -0.784551100130116E+000  0.571330996475648E+001  0.685813784838577E+002 -0.167451030290137E+002 -0.859608195778379E+000
  0.471322354904704E-002  0.552889590378228E+001 -0.192372124961031E+002  0.678295240806066E+002 -0.674042939761624E+000  0.491704565530023E+001  0.680123876954578E+002 -0.167451030290137E+002 -0.859029164190561E+000
  0.469855264490811E-002  0.552184195004339E+001 -0.192474110589809E+002  0.679359527356243E+002 -0.786497093342729E+000  0.564605247443823E+001  0.630313295286333E+002 -0.167451030290137E+002 -0.855502187321115E+000
  0.466927527206030E-002  0.552105414811842E+001 -0.192661935322397E+002  0.671290072679943E+002 -0.667562173876862E+000  0.367979983750452E+001  0.311390883755574E+002 -0.167451030290137E+002 -0.855108286358629E+000
  0.464109397061642E-002  0.551987259000899E+001 -0.192173736279895E+002  0.684710625221310E+002 -0.609394768612775E+000  0.257802517161243E+001  0.149274903980403E+002 -0.167451030290137E+002 -0.854517507303912E+000
  0.461137877224563E-002  0.551942993011065E+001 -0.192557514254027E+002  0.676133401845543E+002 -0.736887077678063E+000  0.403929782315372E+001  0.297864984692112E+002 -0.167451030290137E+002 -0.854296177354743E+000
  0.458698107683929E-002  0.551675045465645E+001 -0.192287508258583E+002  0.680368168247451E+002 -0.601014972937349E+000  0.306240398448761E+001  0.271156592483558E+002 -0.167451030290137E+002 -0.852956439627645E+000
  0.456498778987990E-002  0.551307387101707E+001 -0.192613527479809E+002  0.670369081552502E+002 -0.653466048290879E+000  0.378820685407083E+001  0.352268396703725E+002 -0.167451030290137E+002 -0.851118147807954E+000
  0.453901712793368E-002  0.551119547027425E+001 -0.192200231624482E+002  0.685975399364494E+002 -0.654271793997162E+000  0.269475292931245E+001  0.136007662849319E+002 -0.167451030290137E+002 -0.850178947436548E+000
  0.451364100177564E-002  0.550911908822688E+001 -0.192292162017961E+002  0.682825114454259E+002 -0.730832550171396E+000  0.556214746738145E+001  0.722932269018009E+002 -0.167451030290137E+002 -0.849140756412862E+000
  0.449170040227891E-002  0.550557561572118E+001 -0.192363542340749E+002  0.679656247838087E+002 -0.728950648465695E+000  0.615948696809616E+001  0.982780269231974E+002 -0.167451030290137E+002 -0.847369020160011E+000
  0.446675799649624E-002  0.550342347779125E+001 -0.192566835962625E+002  0.674616923013466E+002 -0.734829102879195E+000  0.601292422793175E+001  0.925524419144867E+002 -0.167451030290137E+002 -0.846292951195045E+000
  0.445267985265569E-002  0.549644786446700E+001 -0.192408148800118E+002  0.676554026969366E+002 -0.641202514331532E+000  0.416768743503818E+001  0.502927102269934E+002 -0.167451030290137E+002 -0.842805144532920E+000
  0.442648913162960E-002  0.549495753949085E+001 -0.192435247527834E+002  0.679113901876195E+002 -0.727628966526054E+000  0.404513503240814E+001  0.337634993188628E+002 -0.167451030290137E+002 -0.842059982044848E+000
  0.440677798886657E-002  0.549059433627177E+001 -0.192502211470613E+002  0.674165559619570E+002 -0.598368074501535E+000  0.294030018183395E+001  0.269586326755997E+002 -0.167451030290137E+002 -0.839878380435304E+000
  0.440087362240701E-002  0.547998672262946E+001 -0.192334035154039E+002  0.680763259278278E+002 -0.653996457745966E+000  0.260345279931404E+001  0.114884532512203E+002 -0.167451030290137E+002 -0.834574573614153E+000
  0.438080918783689E-002  0.547583687390479E+001 -0.192565478951525E+002  0.676302503903653E+002 -0.734951409319917E+000  0.447647464597143E+001  0.442341335279036E+002 -0.167451030290137E+002 -0.832499649251814E+000
  0.436081965017877E-002  0.547169462957479E+001 -0.192418874791223E+002  0.680912129473912E+002 -0.796470020869712E+000  0.567901732889199E+001  0.640419055502937E+002 -0.167451030290137E+002 -0.830428527086816E+000
  0.433283384967199E-002  0.547128201646380E+001 -0.192657583217848E+002  0.669276208357811E+002 -0.650619874775423E+000  0.381773310733823E+001  0.363247375351638E+002 -0.167451030290137E+002 -0.830222220531318E+000
  0.430700509196536E-002  0.546995094775621E+001 -0.192592359592526E+002  0.674517214531942E+002 -0.799949678983399E+000  0.623830098196625E+001  0.777869405310227E+002 -0.167451030290137E+002 -0.829556686177527E+000
  0.428464076791225E-002  0.546707401148327E+001 -0.192618436609539E+002  0.670750167935643E+002 -0.661160695689073E+000  0.337481956616806E+001  0.240501287529758E+002 -0.167451030290137E+002 -0.828118218041057E+000
  0.425639626646641E-002  0.546701264267595E+001 -0.192371712932540E+002  0.681400446508729E+002 -0.793084692446212E+000  0.628817540111712E+001  0.838022075844840E+002 -0.167451030290137E+002 -0.828087533637397E+000
  0.424027380457022E-002  0.546131358067660E+001 -0.192667405715091E+002  0.670851588565111E+002 -0.649112522559000E+000  0.331086083627137E+001  0.252959200837542E+002 -0.167451030290137E+002 -0.825238002637719E+000
  0.422765201631503E-002  0.545398666253713E+001 -0.192257352664440E+002  0.685025196237175E+002 -0.729234601836019E+000  0.438002830451830E+001  0.408565721969548E+002 -0.167451030290137E+002 -0.821574543567987E+000
  0.420966184650443E-002  0.544922645127294E+001 -0.192271944730381E+002  0.684579035148643E+002 -0.711853646880090E+000  0.407849281160677E+001  0.372912089586954E+002 -0.167451030290137E+002 -0.819194437935893E+000
  0.418200044787605E-002  0.544912259557638E+001 -0.192496177565367E+002  0.675212616613582E+002 -0.712254342805635E+000  0.579751731290196E+001  0.898634052096411E+002 -0.167451030290137E+002 -0.819142510087611E+000
  0.416159631358643E-002  0.544561546655330E+001 -0.192525559718142E+002  0.672933421155205E+002 -0.603711953397905E+000  0.327573131061352E+001  0.320521790859641E+002 -0.167451030290137E+002 -0.817388945576071E+000
  0.413919119542483E-002  0.544312303025216E+001 -0.192261369312244E+002  0.684034498768194E+002 -0.681233510978515E+000  0.358736674044138E+001  0.303446920503552E+002 -0.167451030290137E+002 -0.816142727425499E+000
  0.412070646315853E-002  0.543878551486497E+001 -0.192551054385766E+002  0.673291877033218E+002 -0.706791527026505E+000  0.563943126678462E+001  0.840598835901477E+002 -0.167451030290137E+002 -0.813973969731907E+000
  0.409568793671104E-002  0.543767627501539E+001 -0.192256590988180E+002  0.683283982025962E+002 -0.697127499079685E+000  0.451006548472556E+001  0.473098443722236E+002 -0.167451030290137E+002 -0.813419349807116E+000
  0.408504418958412E-002  0.542959149304063E+001 -0.192597878343847E+002  0.671930059025562E+002 -0.713724807056613E+000  0.545746052593232E+001  0.720860826628203E+002 -0.167451030290137E+002 -0.809376958819738E+000
  0.406031167721071E-002  0.542844802225144E+001 -0.192303003748344E+002  0.681250510722052E+002 -0.545005863013189E+000  0.126011184025754E+001  0.106143262880731E+001 -0.167451030290137E+002 -0.808805223425141E+000
  0.403739413730620E-002  0.542647947703460E+001 -0.192306015681387E+002  0.682857469076245E+002 -0.766770884278717E+000  0.609907505012157E+001  0.843586787193713E+002 -0.167451030290137E+002 -0.807820950816724E+000
  0.401095959773482E-002  0.542632830054031E+001 -0.192386351789832E+002  0.678760971163682E+002 -0.725652521983085E+000  0.532298830582245E+001  0.665900602665131E+002 -0.167451030290137E+002 -0.807745362569574E+000
  0.398485717577388E-002  0.542609730056222E+001 -0.192215494365065E+002  0.683768604403679E+002 -0.556838962519329E+000  0.147388324640120E+001  0.251729760541606E+001 -0.167451030290137E+002 -0.807629862580529E+000
  0.396276661173017E-002  0.542392631609349E+001 -0.192472581247418E+002  0.677862366966794E+002 -0.781669986589770E+000  0.663320082565851E+001  0.934542661303097E+002 -0.167451030290137E+002 -0.806544370346164E+000
  0.393952274676858E-002  0.542240290054844E+001 -0.192313041204603E+002  0.681983413078373E+002 -0.685516856297963E+000  0.371977448320091E+001  0.284313968239335E+002 -0.167451030290137E+002 -0.805782662573643E+000
  0.392018447209839E-002  0.541895556272571E+001 -0.192586579762840E+002  0.671599934858489E+002 -0.576096657857857E+000  0.197491965470753E+001  0.645121625052538E+001 -0.167451030290137E+002 -0.804058993662276E+000
  0.390947381210111E-002  0.541113832103405E+001 -0.192602267221604E+002  0.673936154147841E+002 -0.702075516363373E+000  0.401022985581465E+001  0.381848065445003E+002 -0.167451030290137E+002 -0.800150372816446E+000
  0.388513610428592E-002  0.541033878269045E+001 -0.192634969269480E+002  0.671692047207771E+002 -0.681203650021892E+000  0.429383023966188E+001  0.488098940025436E+002 -0.167451030290137E+002 -0.799750603644646E+000
  0.386288110995833E-002  0.540853911701900E+001 -0.192671284258162E+002  0.670537822044348E+002 -0.726797443414729E+000  0.485845581229694E+001  0.513967621099020E+002 -0.167451030290137E+002 -0.798850770808919E+000
  0.384455226534169E-002  0.540476234431954E+001 -0.192418599071650E+002  0.679032353362955E+002 -0.738467056251143E+000  0.484671844257901E+001  0.521361053448819E+002 -0.167451030290137E+002 -0.796962384459191E+000
  0.383631975578407E-002  0.539576053912199E+001 -0.192603908735570E+002  0.672050237209803E+002 -0.724615783005001E+000  0.540271928807676E+001  0.671769942460749E+002 -0.167451030290137E+002 -0.792461481860413E+000
  0.381744513259953E-002  0.539233570309474E+001 -0.192421401496259E+002  0.678630475457883E+002 -0.765076567494605E+000  0.639471259468667E+001  0.952142362548758E+002 -0.167451030290137E+002 -0.790749063846794E+000
  0.379345228401245E-002  0.539165639374725E+001 -0.192373351098662E+002  0.677320114939713E+002 -0.550383788986847E+000  0.205771352908493E+001  0.115022733732434E+002 -0.167451030290137E+002 -0.790409409173049E+000
  0.378286107572452E-002  0.538395905969836E+001 -0.192296773875339E+002  0.681175326770111E+002 -0.659804100217568E+000  0.349488680509900E+001  0.295678004672351E+002 -0.167451030290137E+002 -0.786560742148602E+000
  0.376109816176668E-002  0.538220925947952E+001 -0.192410809637289E+002  0.677299434327489E+002 -0.697442030121916E+000  0.533507389064594E+001  0.734111254080607E+002 -0.167451030290137E+002 -0.785685842039182E+000
  0.374276843368102E-002  0.537869101114825E+001 -0.192720826884606E+002  0.669792220368280E+002 -0.725725104435091E+000  0.468832118450304E+001  0.487840507760565E+002 -0.167451030290137E+002 -0.783926717873543E+000
  0.372468852986757E-002  0.537508658233768E+001 -0.192359988384979E+002  0.679637454183605E+002 -0.671571418767225E+000  0.468274361448460E+001  0.612664427084640E+002 -0.167451030290137E+002 -0.782124503468262E+000
  0.370694730301985E-002  0.537134654421600E+001 -0.192481216913700E+002  0.674257781711917E+002 -0.644846520412927E+000  0.389880307811968E+001  0.408148376267222E+002 -0.167451030290137E+002 -0.780254484407419E+000
  0.368905965923517E-002  0.536773169448636E+001 -0.192402378530832E+002  0.678479071946230E+002 -0.719680401379036E+000  0.496687773751867E+001  0.542053676683664E+002 -0.167451030290137E+002 -0.778447059542602E+000
  0.366659681277192E-002  0.536665792463764E+001 -0.192402846135167E+002  0.679506192044614E+002 -0.726032708891432E+000  0.581086906682320E+001  0.846195964875569E+002 -0.167451030290137E+002 -0.777910174618240E+000
  0.365255817130812E-002  0.536104112306933E+001 -0.192677469803464E+002  0.669600055647063E+002 -0.600133468390367E+000  0.225085106258719E+001  0.121700245349382E+002 -0.167451030290137E+002 -0.775101773834089E+000
  0.363860890027818E-002  0.535540474283665E+001 -0.192481691075546E+002  0.677515193434128E+002 -0.775429064806130E+000  0.568528963423164E+001  0.676946916259154E+002 -0.167451030290137E+002 -0.772283583717745E+000
  0.361728183979350E-002  0.535387279248651E+001 -0.192774805036743E+002  0.665530051717676E+002 -0.570875146150391E+000  0.189872932552943E+001  0.642622623440295E+001 -0.167451030290137E+002 -0.771517608542673E+000
  0.359358236398747E-002  0.535373029279561E+001 -0.192324638357387E+002  0.681316383720675E+002 -0.737026343377201E+000  0.618349515675762E+001  0.953084625500645E+002 -0.167451030290137E+002 -0.771446358697225E+000
  0.357072938636481E-002  0.535320059356566E+001 -0.192459160495683E+002  0.679082878297924E+002 -0.810627025687789E+000  0.646730470600110E+001  0.837584357735618E+002 -0.167451030290137E+002 -0.771181509082249E+000
  0.354939579048163E-002  0.535189649951208E+001 -0.192210872278097E+002  0.683880177765410E+002 -0.536090399516592E+000  0.122171117334880E+001  0.162338201399244E+001 -0.167451030290137E+002 -0.770529462055462E+000
  0.352898403572579E-002  0.535014215046124E+001 -0.192468042222037E+002  0.676771646735019E+002 -0.720656871686479E+000  0.496119760698599E+001  0.593914959291152E+002 -0.167451030290137E+002 -0.769652287530038E+000
  0.350817545615104E-002  0.534868092838062E+001 -0.192424372428508E+002  0.680692304136513E+002 -0.790251415379149E+000  0.590000415689114E+001  0.701793052587162E+002 -0.167451030290137E+002 -0.768921676489732E+000
  0.348574390723407E-002  0.534822105910533E+001 -0.192564755313984E+002  0.672447096418502E+002 -0.646890326967375E+000  0.412898403942625E+001  0.490873510220401E+002 -0.167451030290137E+002 -0.768691741852087E+000
  0.346784508115909E-002  0.534522816208851E+001 -0.192383931089402E+002  0.675905457999928E+002 -0.480809968121727E+000  0.969311494750631E+000  0.547507893079043E+000 -0.167451030290137E+002 -0.767195293343677E+000
  0.344514013168682E-002  0.534507668965909E+001 -0.192507215598545E+002  0.674741428542332E+002 -0.676807507875104E+000  0.416858312489949E+001  0.396383701617704E+002 -0.167451030290137E+002 -0.767119557128963E+000
  0.342344915242472E-002  0.534441963124967E+001 -0.192562241810834E+002  0.675701399794702E+002 -0.675469245909965E+000  0.263079217016390E+001  0.108007112406287E+002 -0.167451030290137E+002 -0.766791027924257E+000
  0.340211115684979E-002  0.534363534490340E+001 -0.192396208255775E+002  0.680125101922962E+002 -0.793817668947756E+000  0.661371915005290E+001  0.908424840319476E+002 -0.167451030290137E+002 -0.766398884751119E+000
  0.338053169088248E-002  0.534307259005088E+001 -0.192505231898739E+002  0.677814373162875E+002 -0.746346945807025E+000  0.462167743595625E+001  0.461244890339799E+002 -0.167451030290137E+002 -0.766117507324861E+000
  0.336111182823832E-002  0.534130586784922E+001 -0.192535261579338E+002  0.677469747923414E+002 -0.800455469975523E+000  0.587971902913697E+001  0.682950492855821E+002 -0.167451030290137E+002 -0.765234146224030E+000
  0.333950837906837E-002  0.534091321489519E+001 -0.192279554652766E+002  0.681615118953847E+002 -0.622305314182087E+000  0.246584719333957E+001  0.109634104040472E+002 -0.167451030290137E+002 -0.765037819747014E+000
  0.331784097043993E-002  0.534064281542288E+001 -0.192281563757103E+002  0.681846569560451E+002 -0.644216536792028E+000  0.286126185351980E+001  0.158646850255131E+002 -0.167451030290137E+002 -0.764902620010862E+000
  0.329716512536530E-002  0.533985615982793E+001 -0.192600989639235E+002  0.670931203946479E+002 -0.606266061282575E+000  0.301976405910421E+001  0.265087990353995E+002 -0.167451030290137E+002 -0.764509292213386E+000
  0.328439855912610E-002  0.533432607080126E+001 -0.192249490027413E+002  0.684024925912518E+002 -0.680185309255646E+000  0.348830765155768E+001  0.250588681932422E+002 -0.167451030290137E+002 -0.761744247700050E+000
  0.326982173705843E-002  0.532993314413978E+001 -0.192581908947899E+002  0.672259968742735E+002 -0.666845882687732E+000  0.430505101427548E+001  0.466529293236096E+002 -0.167451030290137E+002 -0.759547784369312E+000
  0.324983230138148E-002  0.532890820535592E+001 -0.192347807112862E+002  0.680132251423950E+002 -0.607547715147495E+000  0.245201164613851E+001  0.122313986283986E+002 -0.167451030290137E+002 -0.759035314977381E+000
  0.323425522004324E-002  0.532522855918269E+001 -0.192455755563591E+002  0.673938396989581E+002 -0.573715756647255E+000  0.240955756222698E+001  0.145479316457522E+002 -0.167451030290137E+002 -0.757195491890764E+000
  0.321361991289940E-002  0.532474082437227E+001 -0.192410834550169E+002  0.675260630135072E+002 -0.539891689612672E+000  0.187824584306964E+001  0.814151372943748E+001 -0.167451030290137E+002 -0.756951624485556E+000
  0.319850052800822E-002  0.532088350993876E+001 -0.192220984899649E+002  0.683274384989277E+002 -0.602415986801774E+000  0.248879767154681E+001  0.154797470130290E+002 -0.167451030290137E+002 -0.755022967268801E+000
  0.318422106359516E-002  0.531654326429118E+001 -0.192491453811981E+002  0.675289358286388E+002 -0.628058387089219E+000  0.351739019794410E+001  0.359360378076758E+002 -0.167451030290137E+002 -0.752852844445011E+000
  0.316635026038301E-002  0.531451039469510E+001 -0.192516930594807E+002  0.676451634106268E+002 -0.692799267805507E+000  0.355274490885894E+001  0.241412491302724E+002 -0.167451030290137E+002 -0.751836409646969E+000
  0.314666406250057E-002  0.531369475581513E+001 -0.192555609717039E+002  0.670759140648416E+002 -0.551286565411043E+000  0.206432437659564E+001  0.105628603041899E+002 -0.167451030290137E+002 -0.751428590206987E+000
  0.312911222731374E-002  0.531159273641660E+001 -0.192695542703363E+002  0.670853259845108E+002 -0.702014833014920E+000  0.363293348254744E+001  0.275245994919705E+002 -0.167451030290137E+002 -0.750377580507719E+000
  0.312360875464340E-002  0.530182434164012E+001 -0.192498825492878E+002  0.674273984067909E+002 -0.647443607930152E+000  0.389799539381776E+001  0.383837998020761E+002 -0.167451030290137E+002 -0.745493383119481E+000
  0.310792447975867E-002  0.529860296019425E+001 -0.192380246674143E+002  0.680575755020033E+002 -0.732588034893136E+000  0.501208515016297E+001  0.541539378631539E+002 -0.167451030290137E+002 -0.743882692396548E+000
  0.308851913771944E-002  0.529784067669476E+001 -0.192417974204456E+002  0.676436350036667E+002 -0.646580589184716E+000  0.408626156738490E+001  0.457222541410586E+002 -0.167451030290137E+002 -0.743501550646800E+000
  0.307036191808241E-002  0.529634416986210E+001 -0.192522318757832E+002  0.672937870208958E+002 -0.618411831747243E+000  0.348775287663236E+001  0.349308694937375E+002 -0.167451030290137E+002 -0.742753297230469E+000
  0.305059498848177E-002  0.529597267140915E+001 -0.192599344100601E+002  0.674705116772121E+002 -0.758569795723387E+000  0.557306309319558E+001  0.681666832574405E+002 -0.167451030290137E+002 -0.742567548003992E+000
  0.303044112582056E-002  0.529594049553329E+001 -0.192514572093284E+002  0.677896412587731E+002 -0.809590264001204E+000  0.652615643780415E+001  0.854653163671020E+002 -0.167451030290137E+002 -0.742551460066069E+000
  0.301214298888868E-002  0.529476423634115E+001 -0.192231852501593E+002  0.683235661062524E+002 -0.626713140482558E+000  0.250640824726028E+001  0.119738553499135E+002 -0.167451030290137E+002 -0.741963330469996E+000
  0.300663131306909E-002  0.528513814079761E+001 -0.192397526756844E+002  0.681258811855055E+002 -0.747714003245761E+000  0.507308201501393E+001  0.562420562256166E+002 -0.167451030290137E+002 -0.737150282698226E+000
  0.298774205297868E-002  0.528445375744322E+001 -0.192494696489378E+002  0.677414568872423E+002 -0.692919313016158E+000  0.355839800320631E+001  0.288129491191523E+002 -0.167451030290137E+002 -0.736808091021029E+000
  0.297902724726416E-002  0.527700690352038E+001 -0.192519040536900E+002  0.676794664788321E+002 -0.737563536103344E+000  0.545720941296300E+001  0.718681814231722E+002 -0.167451030290137E+002 -0.733084664059610E+000
  0.296101633805133E-002  0.527584632465058E+001 -0.192546603816538E+002  0.676643412111318E+002 -0.769269573224017E+000  0.527664234043944E+001  0.591678920111497E+002 -0.167451030290137E+002 -0.732504374624712E+000
  0.294457866096982E-002  0.527369089774144E+001 -0.192506584599848E+002  0.675683907554854E+002 -0.728743301301832E+000  0.600593501983726E+001  0.883892193325153E+002 -0.167451030290137E+002 -0.731426661170142E+000
  0.292533143297695E-002  0.527351771811173E+001 -0.192650919500815E+002  0.670862069903554E+002 -0.692919399114227E+000  0.477050615228307E+001  0.573782930166831E+002 -0.167451030290137E+002 -0.731340071355287E+000
  0.291002457433154E-002  0.527072115017227E+001 -0.192385463064369E+002  0.681573252332492E+002 -0.753447432682905E+000  0.495614533800443E+001  0.533434629170106E+002 -0.167451030290137E+002 -0.729941787385556E+000
  0.289417277407436E-002  0.526835646217904E+001 -0.192577382182468E+002  0.672045560571377E+002 -0.645446147234391E+000  0.357898782314953E+001  0.343600597063357E+002 -0.167451030290137E+002 -0.728759443388941E+000
  0.287610232088159E-002  0.526759399772200E+001 -0.192567899422819E+002  0.672424702397715E+002 -0.667041712117344E+000  0.354132713266193E+001  0.271500209401541E+002 -0.167451030290137E+002 -0.728378211160422E+000
  0.286329462501982E-002  0.526323108849611E+001 -0.192402248891650E+002  0.679127869738114E+002 -0.716633549434946E+000  0.478692389569699E+001  0.499950764967240E+002 -0.167451030290137E+002 -0.726196756547478E+000
  0.284780798840576E-002  0.526078871734223E+001 -0.192644557201824E+002  0.670452515874225E+002 -0.639407683757082E+000  0.312204383381412E+001  0.208633075216118E+002 -0.167451030290137E+002 -0.724975570970536E+000
  0.283278207643695E-002  0.525808018557379E+001 -0.192404020804402E+002  0.679193454650011E+002 -0.735246540481358E+000  0.598466432049366E+001  0.858886894103850E+002 -0.167451030290137E+002 -0.723621305086315E+000
  0.281457082779059E-002  0.525769010756989E+001 -0.192395707828164E+002  0.679107875981907E+002 -0.672094975981429E+000  0.435425566531699E+001  0.520778935953689E+002 -0.167451030290137E+002 -0.723426266084366E+000
  0.279657793102001E-002  0.525722759951626E+001 -0.192463644788759E+002  0.678885806508945E+002 -0.654860612537093E+000  0.265920280728793E+001  0.136147477525534E+002 -0.167451030290137E+002 -0.723195012057552E+000
  0.277871951439887E-002  0.525675108802497E+001 -0.192256262694686E+002  0.682089254075588E+002 -0.615078514938699E+000  0.229181651363697E+001  0.974591902567536E+001 -0.167451030290137E+002 -0.722956756311906E+000
  0.276272669990991E-002  0.525500617952135E+001 -0.192563497937072E+002  0.674435120355331E+002 -0.687575937520082E+000  0.447129885607336E+001  0.510525599425607E+002 -0.167451030290137E+002 -0.722084302060092E+000
  0.274710794011511E-002  0.525305594735317E+001 -0.192532528251605E+002  0.675164259239863E+002 -0.682132364327448E+000  0.449302412310434E+001  0.534751136726987E+002 -0.167451030290137E+002 -0.721109185976005E+000
  0.273073124454068E-002  0.525172540528563E+001 -0.192410477497888E+002  0.679932102462317E+002 -0.773531977953662E+000  0.555758954426616E+001  0.627432145117447E+002 -0.167451030290137E+002 -0.720443914942234E+000
  0.271636948706001E-002  0.524898269412517E+001 -0.192467003917661E+002  0.675902774892848E+002 -0.690215191440947E+000  0.519327685320897E+001  0.705245391021512E+002 -0.167451030290137E+002 -0.719072559362009E+000
  0.270281747164299E-002  0.524569661745697E+001 -0.192388827731346E+002  0.679347700435932E+002 -0.593239792255172E+000  0.217488774097261E+001  0.110049192919921E+002 -0.167451030290137E+002 -0.717429521027905E+000
  0.268658147779115E-002  0.524445788726093E+001 -0.192323754667527E+002  0.683288023277924E+002 -0.717296899519296E+000  0.388897377552718E+001  0.313840214082473E+002 -0.167451030290137E+002 -0.716810155929884E+000
  0.267019179352239E-002  0.524340731525820E+001 -0.192522706116519E+002  0.675285758997465E+002 -0.652815385671691E+000  0.340613580224095E+001  0.263859896148234E+002 -0.167451030290137E+002 -0.716284869928522E+000
  0.265405582389159E-002  0.524224089592725E+001 -0.192482696814778E+002  0.678035615922150E+002 -0.657515388666165E+000  0.241231397756751E+001  0.104621570091274E+002 -0.167451030290137E+002 -0.715701660263047E+000
  0.264256769873631E-002  0.523762763433957E+001 -0.192321119823033E+002  0.679924801635481E+002 -0.646022318639382E+000  0.323237349326840E+001  0.231161247845600E+002 -0.167451030290137E+002 -0.713395029469208E+000
  0.262535914987532E-002  0.523740525280097E+001 -0.192472762011193E+002  0.678351919752290E+002 -0.760423657389744E+000  0.509427198337702E+001  0.514559889093688E+002 -0.167451030290137E+002 -0.713283838699905E+000
  0.260837989911944E-002  0.523709297814072E+001 -0.192581061521940E+002  0.674892084407168E+002 -0.747020036665477E+000  0.473160791647741E+001  0.477371403385084E+002 -0.167451030290137E+002 -0.713127701369782E+000
  0.259350575572855E-002  0.523524142510232E+001 -0.192351831974646E+002  0.680411435678631E+002 -0.649390564752448E+000  0.365242934599184E+001  0.355925880250736E+002 -0.167451030290137E+002 -0.712201924850582E+000
  0.258186848518353E-002  0.523094669610499E+001 -0.192392745557909E+002  0.680078871764185E+002 -0.734618631936039E+000  0.561101202045538E+001  0.739481210197748E+002 -0.167451030290137E+002 -0.710054560351913E+000
  0.256667419061499E-002  0.522946237922997E+001 -0.192639879354487E+002  0.672007473375133E+002 -0.683957355400205E+000  0.417522663828254E+001  0.439431455420989E+002 -0.167451030290137E+002 -0.709312401914406E+000
  0.256003028724643E-002  0.522135705822973E+001 -0.192482559424102E+002  0.677681376491666E+002 -0.680946713285585E+000  0.289472585510118E+001  0.160329932661433E+002 -0.167451030290137E+002 -0.705259741414286E+000
  0.254472441685304E-002  0.522006143155635E+001 -0.192650001243921E+002  0.671157502662613E+002 -0.687029752245505E+000  0.440042146827428E+001  0.493654062760755E+002 -0.167451030290137E+002 -0.704611928077595E+000
  0.252943655160624E-002  0.521882392398617E+001 -0.192416919174706E+002  0.678088331495222E+002 -0.634811597430135E+000  0.277255504953271E+001  0.188926602178693E+002 -0.167451030290137E+002 -0.703993174292508E+000
  0.251697557931927E-002  0.521541195305310E+001 -0.192577059966008E+002  0.672053627484065E+002 -0.621634073643316E+000  0.334497428215369E+001  0.321440473610423E+002 -0.167451030290137E+002 -0.702287188825969E+000
  0.250197402866732E-002  0.521407883171072E+001 -0.192437568991058E+002  0.676253216388718E+002 -0.645388953806095E+000  0.345005734186881E+001  0.308057937251690E+002 -0.167451030290137E+002 -0.701620628154783E+000
  0.248590977970415E-002  0.521367240763716E+001 -0.192406397664791E+002  0.679518288682567E+002 -0.640941763880812E+000  0.208463544540288E+001  0.605327300304039E+001 -0.167451030290137E+002 -0.701417416117997E+000
  0.247003379518663E-002  0.521319705874381E+001 -0.192448426537594E+002  0.678176037504957E+002 -0.763696129045950E+000  0.635014622624781E+001  0.950030653613782E+002 -0.167451030290137E+002 -0.701179741671325E+000
  0.245506573712154E-002  0.521206456348347E+001 -0.192637736563352E+002  0.671190379502548E+002 -0.664204925934590E+000  0.321831026654019E+001  0.201099627324787E+002 -0.167451030290137E+002 -0.700613494041156E+000
  0.244416862402209E-002  0.520767248542859E+001 -0.192569262825277E+002  0.672614046495913E+002 -0.655669458746096E+000  0.415224262504419E+001  0.460322788868164E+002 -0.167451030290137E+002 -0.698417455013716E+000
  0.242913818005301E-002  0.520672039598418E+001 -0.192396095737913E+002  0.680517257857937E+002 -0.780295994492767E+000  0.646813916698424E+001  0.944123142350767E+002 -0.167451030290137E+002 -0.697941410291508E+000
  0.241323103043805E-002  0.520657133035354E+001 -0.192607084746739E+002  0.673467833421963E+002 -0.695642965445574E+000  0.323382869822710E+001  0.196411290978347E+002 -0.167451030290137E+002 -0.697866877476191E+000
  0.239851261910957E-002  0.520551769077979E+001 -0.192558537879244E+002  0.675687122170386E+002 -0.730435896248089E+000  0.488575573136399E+001  0.561211048366671E+002 -0.167451030290137E+002 -0.697340057689317E+000
  0.238397200201908E-002  0.520439020170669E+001 -0.192546081777350E+002  0.676667165318910E+002 -0.775851172730499E+000  0.520514503457233E+001  0.540037628611729E+002 -0.167451030290137E+002 -0.696776313152766E+000
  0.236982722304273E-002  0.520300302465891E+001 -0.192308771792413E+002  0.682711391131309E+002 -0.743046763536262E+000  0.560439550695689E+001  0.726711146190066E+002 -0.167451030290137E+002 -0.696082724628876E+000
  0.235577109208587E-002  0.520161183783535E+001 -0.192354424770885E+002  0.678728792104818E+002 -0.576020668553507E+000  0.211159872046138E+001  0.118267842422564E+002 -0.167451030290137E+002 -0.695387131217098E+000
  0.234301051344402E-002  0.519918566204873E+001 -0.192393087266984E+002  0.678326214475411E+002 -0.601438950652399E+000  0.273728379977067E+001  0.206499051150470E+002 -0.167451030290137E+002 -0.694174043323787E+000
  0.233799418772170E-002  0.519018311590184E+001 -0.192407726874644E+002  0.679429228107034E+002 -0.692197727948022E+000  0.446648581313238E+001  0.518161886824045E+002 -0.167451030290137E+002 -0.689672770250339E+000
  0.232295554862196E-002  0.518980014800444E+001 -0.192511687982840E+002  0.672967551523715E+002 -0.600865043108304E+000  0.286260529421338E+001  0.224446367004448E+002 -0.167451030290137E+002 -0.689481286301642E+000
  0.230853583148745E-002  0.518896473033232E+001 -0.192604791229506E+002  0.671852378127466E+002 -0.680165833574461E+000  0.453884275080684E+001  0.542029275400299E+002 -0.167451030290137E+002 -0.689063577465582E+000
  0.229334093601962E-002  0.518888325688163E+001 -0.192432248992786E+002  0.676309628714761E+002 -0.597415823984317E+000  0.281256034553200E+001  0.234648205436514E+002 -0.167451030290137E+002 -0.689022840740236E+000
  0.228699137603395E-002  0.518113923989826E+001 -0.192533812430241E+002  0.674443720552478E+002 -0.649023813373945E+000  0.349757311684210E+001  0.333483182140762E+002 -0.167451030290137E+002 -0.685150832248553E+000
  0.227482225948061E-002  0.517852059950002E+001 -0.192545138934973E+002  0.674979721710150E+002 -0.745514323910503E+000  0.572206748713633E+001  0.726729234236809E+002 -0.167451030290137E+002 -0.683841512049430E+000
  0.226058466831669E-002  0.517778839211980E+001 -0.192207186235942E+002  0.685163520969521E+002 -0.609728478004839E+000  0.204253830491162E+001  0.741051119980041E+001 -0.167451030290137E+002 -0.683475408359322E+000
  0.224646696962353E-002  0.517702877916270E+001 -0.192531471006613E+002  0.674952940002877E+002 -0.744339441913780E+000  0.537175714818546E+001  0.629030115434386E+002 -0.167451030290137E+002 -0.683095601880772E+000
  0.223341701398247E-002  0.517539177453943E+001 -0.192333255857223E+002  0.681853849972152E+002 -0.713988374117513E+000  0.441582186413371E+001  0.417903111343813E+002 -0.167451030290137E+002 -0.682277099569139E+000
  0.221930263170003E-002  0.517478206771015E+001 -0.192526918743694E+002  0.677079819333604E+002 -0.733408017119580E+000  0.446204524059624E+001  0.439145875961687E+002 -0.167451030290137E+002 -0.681972246154493E+000
  0.220491665250573E-002  0.517449959787871E+001 -0.192533352057347E+002  0.674001915966488E+002 -0.587360276714570E+000  0.235573585007458E+001  0.146286905016499E+002 -0.167451030290137E+002 -0.681831011238776E+000
  0.219218229984189E-002  0.517279486694805E+001 -0.192397172437726E+002  0.678498745097138E+002 -0.702343220525379E+000  0.486633098255205E+001  0.555781244908119E+002 -0.167451030290137E+002 -0.680978645773443E+000
  0.218031244890977E-002  0.517036446130079E+001 -0.192621555579079E+002  0.673755353786908E+002 -0.707293999451970E+000  0.390938800579814E+001  0.339166863726108E+002 -0.167451030290137E+002 -0.679763442949818E+000
  0.216835134214734E-002  0.516807750203437E+001 -0.192358989373045E+002  0.681148787481919E+002 -0.737181563508255E+000  0.466434448076487E+001  0.461271811271217E+002 -0.167451030290137E+002 -0.678619963316607E+000
  0.215616482101266E-002  0.516606047842634E+001 -0.192683600941875E+002  0.670722235646274E+002 -0.664784986797488E+000  0.344817334796456E+001  0.282481168563285E+002 -0.167451030290137E+002 -0.677611451512588E+000
  0.215202283412802E-002  0.515661708263151E+001 -0.192499327813190E+002  0.675364069893621E+002 -0.725645588441347E+000  0.576390417334158E+001  0.799629111001499E+002 -0.167451030290137E+002 -0.672889753615175E+000
  0.213869968965675E-002  0.515574845758686E+001 -0.192346677067120E+002  0.679856205347232E+002 -0.660706636699168E+000  0.383549099365462E+001  0.390901471305450E+002 -0.167451030290137E+002 -0.672455441092849E+000
  0.212577500809367E-002  0.515458252639769E+001 -0.192236175594466E+002  0.683010569410999E+002 -0.533025391251963E+000  0.118553594413727E+001  0.135150820781796E+001 -0.167451030290137E+002 -0.671872475498267E+000
  0.211340475576637E-002  0.515296578148674E+001 -0.192521388559790E+002  0.674842662765152E+002 -0.712136597069754E+000  0.561796697466074E+001  0.818772333679539E+002 -0.167451030290137E+002 -0.671064103042792E+000
  0.210385185895645E-002  0.514873748036645E+001 -0.192426681672822E+002  0.677570796168701E+002 -0.701773040492307E+000  0.427066202068662E+001  0.396291699882011E+002 -0.167451030290137E+002 -0.668949952482646E+000
  0.209986741350322E-002  0.513923974862158E+001 -0.192431871875331E+002  0.679514824055855E+002 -0.755609031157686E+000  0.492331340620481E+001  0.505750939546858E+002 -0.167451030290137E+002 -0.664201086610212E+000
  0.208673608180953E-002  0.513849675193555E+001 -0.192320679711648E+002  0.682651560814369E+002 -0.732342338033660E+000  0.509396884193897E+001  0.600243240671425E+002 -0.167451030290137E+002 -0.663829588267195E+000
  0.207779986467840E-002  0.513379083731132E+001 -0.192373156981184E+002  0.680490830699387E+002 -0.680732314859887E+000  0.318125631761720E+001  0.210905908412130E+002 -0.167451030290137E+002 -0.661476630955082E+000
  0.207437746438597E-002  0.512379872191764E+001 -0.192501342993616E+002  0.676135839825094E+002 -0.711573943315244E+000  0.460149984291071E+001  0.512927215821768E+002 -0.167451030290137E+002 -0.656480573258244E+000
  0.206596925665896E-002  0.511863283953785E+001 -0.192638119478194E+002  0.673225260774457E+002 -0.697871120349788E+000  0.373882616824302E+001  0.301862428195551E+002 -0.167451030290137E+002 -0.653897632068345E+000
  0.205893894277815E-002  0.511216118648755E+001 -0.192524357332817E+002  0.673005957884416E+002 -0.620865198168131E+000  0.337419371371136E+001  0.307475902352857E+002 -0.167451030290137E+002 -0.650661805543197E+000
  0.204566237291222E-002  0.511181037704492E+001 -0.192295843673222E+002  0.682873633746753E+002 -0.678941794302194E+000  0.354842377023279E+001  0.293008837188750E+002 -0.167451030290137E+002 -0.650486400821878E+000
  0.203383740356187E-002  0.511011585281999E+001 -0.192450442750989E+002  0.677593695533250E+002 -0.664146743594904E+000  0.293742326923104E+001  0.153180530500735E+002 -0.167451030290137E+002 -0.649639138709416E+000
  0.202883412498179E-002  0.510175286694482E+001 -0.192630946908822E+002  0.671212242276629E+002 -0.611633591793947E+000  0.273405765900549E+001  0.189342352984087E+002 -0.167451030290137E+002 -0.645457645771832E+000
  0.201811751723155E-002  0.509905608282170E+001 -0.192506916780838E+002  0.676897960367451E+002 -0.770345803231370E+000  0.560053783114878E+001  0.663408437739751E+002 -0.167451030290137E+002 -0.644109253710273E+000
  0.200484339768862E-002  0.509896540323224E+001 -0.192611460674158E+002  0.671534918872947E+002 -0.676610249484804E+000  0.414852638532016E+001  0.429894699787934E+002 -0.167451030290137E+002 -0.644063913915543E+000
  0.199380024713102E-002  0.509672324231677E+001 -0.192516255548298E+002  0.674088328185786E+002 -0.655071697841709E+000  0.387297104022555E+001  0.366166888524619E+002 -0.167451030290137E+002 -0.642942833457804E+000
  0.198092720334920E-002  0.509638909676133E+001 -0.192359643846767E+002  0.680232846172351E+002 -0.726930034771970E+000  0.515200935230371E+001  0.600681126104668E+002 -0.167451030290137E+002 -0.642775760680086E+000
  0.196810961109561E-002  0.509608306300656E+001 -0.192429344557732E+002  0.677431680693114E+002 -0.638559786693414E+000  0.360134519206111E+001  0.355838777326314E+002 -0.167451030290137E+002 -0.642622743802701E+000
  0.195987494059438E-002  0.509117963434208E+001 -0.192468339964796E+002  0.673996361786045E+002 -0.580808660224617E+000  0.238322052519388E+001  0.145898683153941E+002 -0.167451030290137E+002 -0.640171029470461E+000
  0.194771068785190E-002  0.509034252635846E+001 -0.192691263912266E+002  0.670664830394612E+002 -0.649583333262284E+000  0.286200408516724E+001  0.180231216861013E+002 -0.167451030290137E+002 -0.639752475478653E+000
  0.193641765566742E-002  0.508868340060067E+001 -0.192217108837544E+002  0.684189683794678E+002 -0.604800035976204E+000  0.215399484380262E+001  0.950882001427205E+001 -0.167451030290137E+002 -0.638922912599756E+000
  0.192714905252481E-002  0.508499023688360E+001 -0.192569625096095E+002  0.674008448605240E+002 -0.701960828768638E+000  0.408412788573245E+001  0.344024044783041E+002 -0.167451030290137E+002 -0.637076330741218E+000
  0.191612854283875E-002  0.508317109044271E+001 -0.192448978720169E+002  0.677134020424523E+002 -0.728393677795107E+000  0.527934322534090E+001  0.641125213429255E+002 -0.167451030290137E+002 -0.636166757520777E+000
  0.190806208738644E-002  0.507831931181933E+001 -0.192610571302504E+002  0.673500722463393E+002 -0.709334901613098E+000  0.453992721735242E+001  0.483002620236692E+002 -0.167451030290137E+002 -0.633740868209086E+000
  0.189712189571176E-002  0.507653056052354E+001 -0.192509170493145E+002  0.675945133746222E+002 -0.680681267337708E+000  0.397935140581673E+001  0.405905933946455E+002 -0.167451030290137E+002 -0.632846492561189E+000
  0.189194462520247E-002  0.506870696237986E+001 -0.192312410361881E+002  0.682251673076693E+002 -0.713180620927903E+000  0.447544306010365E+001  0.440744115747888E+002 -0.167451030290137E+002 -0.628934693489352E+000
  0.188333849875598E-002  0.506453628324097E+001 -0.192447268753756E+002  0.677720376301485E+002 -0.750110958183079E+000  0.641235417331689E+001  0.984384193786073E+002 -0.167451030290137E+002 -0.626849353919905E+000
  0.187093817540115E-002  0.506445918991402E+001 -0.192442114623117E+002  0.676950247507720E+002 -0.706251123368063E+000  0.520163006892398E+001  0.664074953655207E+002 -0.167451030290137E+002 -0.626810807256429E+000
  0.186221993145930E-002  0.506051153555649E+001 -0.192304581817986E+002  0.682177078049921E+002 -0.677016282710710E+000  0.401267963259665E+001  0.402514036612692E+002 -0.167451030290137E+002 -0.624836980077663E+000
  0.185548297083638E-002  0.505447097769039E+001 -0.192452137044564E+002  0.678667665443443E+002 -0.765149575644963E+000  0.546855635048060E+001  0.639130463109771E+002 -0.167451030290137E+002 -0.621816701144617E+000
  0.184631425234041E-002  0.505108922827642E+001 -0.192634593144618E+002  0.673000587047602E+002 -0.677385061827262E+000  0.340266441192969E+001  0.252952272614613E+002 -0.167451030290137E+002 -0.620125826437629E+000
  0.183434455322733E-002  0.505080840243851E+001 -0.192427082025063E+002  0.676377429759609E+002 -0.619285295940979E+000  0.289773721271836E+001  0.218079482665216E+002 -0.167451030290137E+002 -0.619985413518677E+000
  0.182237036393647E-002  0.505061766605110E+001 -0.192371802939124E+002  0.678848010591634E+002 -0.658787205550988E+000  0.377084204510540E+001  0.370575001147122E+002 -0.167451030290137E+002 -0.619890045324970E+000
  0.181061798532751E-002  0.505026825283300E+001 -0.192625992432462E+002  0.671056202404706E+002 -0.641881465329154E+000  0.340067872480270E+001  0.277252753926869E+002 -0.167451030290137E+002 -0.619715338715921E+000
  0.179875961362559E-002  0.505012095048021E+001 -0.192500508166152E+002  0.676643096243288E+002 -0.645267988200241E+000  0.223650448312838E+001  0.836082467393922E+001 -0.167451030290137E+002 -0.619641687539528E+000
  0.178946805981873E-002  0.504718970787786E+001 -0.192590106348985E+002  0.672975519863631E+002 -0.620456190724987E+000  0.227451302237741E+001  0.110294770207415E+002 -0.167451030290137E+002 -0.618176066238353E+000
  0.177829730964882E-002  0.504642474946873E+001 -0.192592526182412E+002  0.672215171440474E+002 -0.535085452458539E+000  0.102974698607633E+001  0.636450633911551E+000 -0.167451030290137E+002 -0.617793587033789E+000
  0.176688851357857E-002  0.504600814634788E+001 -0.192630030204465E+002  0.671124814333852E+002 -0.648822817852681E+000  0.353852637506891E+001  0.302803048085489E+002 -0.167451030290137E+002 -0.617585285473359E+000
  0.175525304128572E-002  0.504593319718401E+001 -0.192424855916503E+002  0.678814400734593E+002 -0.763656129410923E+000  0.641762977393554E+001  0.954546934183363E+002 -0.167451030290137E+002 -0.617547810891424E+000
  0.174555820694018E-002  0.504372138320374E+001 -0.192573897042651E+002  0.675088229300281E+002 -0.683631854778849E+000  0.295579609629766E+001  0.166461140732187E+002 -0.167451030290137E+002 -0.616441903901288E+000
  0.173558767358552E-002  0.504188893987332E+001 -0.192442635299947E+002  0.677787648455185E+002 -0.743392487412150E+000  0.616217327511629E+001  0.905773503867727E+002 -0.167451030290137E+002 -0.615525682236084E+000
  0.172516904032496E-002  0.504064191991154E+001 -0.192525120333486E+002  0.676237052818847E+002 -0.761632839347237E+000  0.580062646202383E+001  0.723414104641570E+002 -0.167451030290137E+002 -0.614902172255187E+000
  0.171489799543014E-002  0.503929571268968E+001 -0.192577952477741E+002  0.672732076257900E+002 -0.627291818678474E+000  0.286572673896664E+001  0.211422394735302E+002 -0.167451030290137E+002 -0.614229068644259E+000
  0.170444764871810E-002  0.503823163207765E+001 -0.192451298558582E+002  0.678427257133447E+002 -0.784544253265272E+000  0.662722008889496E+001  0.955530518781982E+002 -0.167451030290137E+002 -0.613697028338242E+000
  0.169566760041652E-002  0.503527168806516E+001 -0.192527737398379E+002  0.676901278169981E+002 -0.750267297065461E+000  0.492970695672895E+001  0.501637044923608E+002 -0.167451030290137E+002 -0.612217056331998E+000
  0.168540775283743E-002  0.503412060962110E+001 -0.192447575402434E+002  0.677219265662762E+002 -0.695675066303042E+000  0.459475491124893E+001  0.538109420578883E+002 -0.167451030290137E+002 -0.611641517109970E+000
  0.167459154238588E-002  0.503370801237683E+001 -0.192422743704053E+002  0.679535813859318E+002 -0.724492879527703E+000  0.476542447432417E+001  0.537536986263429E+002 -0.167451030290137E+002 -0.611435218487833E+000
  0.166452066560755E-002  0.503248310051334E+001 -0.192589272582785E+002  0.671854055749218E+002 -0.524984633117858E+000  0.938554568019947E+000  0.288458286151453E+000 -0.167451030290137E+002 -0.610822762556091E+000
  0.165482988999105E-002  0.503087196591244E+001 -0.192550682006419E+002  0.675615586352857E+002 -0.742961203928796E+000  0.489899421588893E+001  0.496040671415639E+002 -0.167451030290137E+002 -0.610017195255640E+000
  0.164460913164536E-002  0.502997382447660E+001 -0.192597460353747E+002  0.670284541026412E+002 -0.590326094321589E+000  0.247653641978356E+001  0.149031496932931E+002 -0.167451030290137E+002 -0.609568124537719E+000
  0.164023555647339E-002  0.502201050408647E+001 -0.192405351961685E+002  0.679649052483516E+002 -0.752710249967101E+000  0.548968955365736E+001  0.647461139501645E+002 -0.167451030290137E+002 -0.605586464342653E+000
  0.162980526804015E-002  0.502148006524144E+001 -0.192367053053594E+002  0.677263517499054E+002 -0.576760239488545E+000  0.232779138200280E+001  0.137972386621059E+002 -0.167451030290137E+002 -0.605321244920143E+000
  0.162196775103024E-002  0.501783191370763E+001 -0.192410755416296E+002  0.679924908428489E+002 -0.700842266112183E+000  0.423899189031316E+001  0.419896137110811E+002 -0.167451030290137E+002 -0.603497169153235E+000
  0.161129105968222E-002  0.501775145867094E+001 -0.192556809315176E+002  0.673311657168419E+002 -0.626864675132725E+000  0.306538203227869E+001  0.221593359119596E+002 -0.167451030290137E+002 -0.603456941634888E+000
  0.160071707619685E-002  0.501763048643428E+001 -0.192518516814787E+002  0.675343490714836E+002 -0.719485087747839E+000  0.480552517816192E+001  0.539353508020386E+002 -0.167451030290137E+002 -0.603396455516560E+000
  0.159430091441355E-002  0.501237411997024E+001 -0.192505462679861E+002  0.673525160454245E+002 -0.561495556454712E+000  0.204488428581261E+001  0.931416316925716E+001 -0.167451030290137E+002 -0.600768272284542E+000
  0.158425133835139E-002  0.501173181048521E+001 -0.192562803183466E+002  0.674551422895705E+002 -0.747253488473282E+000  0.592646273161157E+001  0.820277648309991E+002 -0.167451030290137E+002 -0.600447117542027E+000
  0.157630266730573E-002  0.500850259150170E+001 -0.192375043558854E+002  0.678985090555866E+002 -0.670284581282115E+000  0.377435472455691E+001  0.348552518653526E+002 -0.167451030290137E+002 -0.598832508050269E+000
  0.156629375251391E-002  0.500795322481591E+001 -0.192515392904494E+002  0.676919714780494E+002 -0.784134876371933E+000  0.623374038558914E+001  0.821954968607715E+002 -0.167451030290137E+002 -0.598557824707373E+000
  0.155691554028390E-002  0.500667516974789E+001 -0.192367339031945E+002  0.679657852675725E+002 -0.645876678203510E+000  0.319936648370675E+001  0.261982365799073E+002 -0.167451030290137E+002 -0.597918797173362E+000
  0.154701535918777E-002  0.500614437692661E+001 -0.192348804172667E+002  0.678703816650286E+002 -0.546309853679837E+000  0.164231991134953E+001  0.472878579757234E+001 -0.167451030290137E+002 -0.597653400762724E+000
  0.153756352024040E-002  0.500511222366649E+001 -0.192393720795886E+002  0.679197345578944E+002 -0.632571435375127E+000  0.305815015554249E+001  0.241783889787578E+002 -0.167451030290137E+002 -0.597137324132663E+000
  0.153258267137779E-002  0.499831254025972E+001 -0.192499175661243E+002  0.676990420653124E+002 -0.780396364816904E+000  0.659115936451189E+001  0.962071696421115E+002 -0.167451030290137E+002 -0.593737482429279E+000
  0.152471227469193E-002  0.499532068058638E+001 -0.192545752050351E+002  0.675328710000842E+002 -0.763891724368282E+000  0.591410180577166E+001  0.774516796084568E+002 -0.167451030290137E+002 -0.592241552592612E+000
  0.151601141503338E-002  0.499347740120528E+001 -0.192331267197099E+002  0.679572570524578E+002 -0.631979424500146E+000  0.288404596029715E+001  0.184855981824436E+002 -0.167451030290137E+002 -0.591319912902061E+000
  0.150630128069664E-002  0.499303962365625E+001 -0.192511841236479E+002  0.674817899246906E+002 -0.704544850575298E+000  0.495444536698509E+001  0.599494125672795E+002 -0.167451030290137E+002 -0.591101024127547E+000
  0.149804737251482E-002  0.499073984725172E+001 -0.192498125857573E+002  0.677329253931288E+002 -0.771712744799299E+000  0.624447679986500E+001  0.863231589142195E+002 -0.167451030290137E+002 -0.589951135925284E+000
  0.148872182398334E-002  0.498993994758273E+001 -0.192533487933801E+002  0.675111959959191E+002 -0.701844652679244E+000  0.373432056592749E+001  0.286170546192430E+002 -0.167451030290137E+002 -0.589551186090789E+000
  0.147908187108330E-002  0.498964361745316E+001 -0.192389226673565E+002  0.677962562359687E+002 -0.547673501561072E+000  0.161250903398889E+001  0.545881529545329E+001 -0.167451030290137E+002 -0.589403021026001E+000
  0.147164974378746E-002  0.498642951542000E+001 -0.192652193318230E+002  0.672400694045323E+002 -0.710655570027879E+000  0.409403108459498E+001  0.357166041994402E+002 -0.167451030290137E+002 -0.587795970009421E+000
  0.146350927035549E-002  0.498423419936942E+001 -0.192220650147939E+002  0.682947989485953E+002 -0.569202441567344E+000  0.184334551247001E+001  0.648697665266815E+001 -0.167451030290137E+002 -0.586698311984128E+000
  0.145401090134804E-002  0.498396768379529E+001 -0.192303648340767E+002  0.682621240224010E+002 -0.704185525371068E+000  0.418316319646532E+001  0.395013320126645E+002 -0.167451030290137E+002 -0.586565054197062E+000
  0.144453864123148E-002  0.498375036918249E+001 -0.192328854749170E+002  0.682248572567877E+002 -0.677952621975039E+000  0.328041985597275E+001  0.216414435613308E+002 -0.167451030290137E+002 -0.586456396890664E+000
  0.143545284979677E-002  0.498308051766451E+001 -0.192292791678940E+002  0.683013589913259E+002 -0.694728446536364E+000  0.381675487101501E+001  0.316815567110765E+002 -0.167451030290137E+002 -0.586121471131677E+000
  0.142650222043782E-002  0.498230128415899E+001 -0.192672297941329E+002  0.670680466132443E+002 -0.665446893576803E+000  0.351013481611846E+001  0.278955510006566E+002 -0.167451030290137E+002 -0.585731854378912E+000
  0.142104392329555E-002  0.497667957765338E+001 -0.192561240841071E+002  0.674163178938039E+002 -0.667864752856587E+000  0.385652287647230E+001  0.383889346058535E+002 -0.167451030290137E+002 -0.582921001126108E+000
  0.141193551090229E-002  0.497625107802666E+001 -0.192470013401702E+002  0.678413498028747E+002 -0.710494520550238E+000  0.403979069360758E+001  0.367812940130262E+002 -0.167451030290137E+002 -0.582706751312748E+000
  0.140295649926990E-002  0.497572133405448E+001 -0.192307877422702E+002  0.680424367408793E+002 -0.621052304286016E+000  0.298367789382069E+001  0.214258457037959E+002 -0.167451030290137E+002 -0.582441879326664E+000
  0.139436663424344E-002  0.497471526579596E+001 -0.192398220042567E+002  0.676850366773443E+002 -0.580173560092247E+000  0.245086178063850E+001  0.166541458223828E+002 -0.167451030290137E+002 -0.581938845197400E+000
  0.138518910532821E-002  0.497463341651585E+001 -0.192527579538486E+002  0.674754488200904E+002 -0.690621135724949E+000  0.406282137702862E+001  0.355238792966006E+002 -0.167451030290137E+002 -0.581897920557345E+000
  0.137875412291392E-002  0.497065710418534E+001 -0.192540463122568E+002  0.675272212241246E+002 -0.651233833535658E+000  0.232166135218014E+001  0.806974335638597E+001 -0.167451030290137E+002 -0.579909764392092E+000
  0.137143084441221E-002  0.496801936896303E+001 -0.192296616122390E+002  0.680652378011694E+002 -0.592266570111810E+000  0.230024624282582E+001  0.130035778097921E+002 -0.167451030290137E+002 -0.578590896780935E+000
  0.136291856785900E-002  0.496718268483708E+001 -0.192403564606559E+002  0.679792010606561E+002 -0.677283842708601E+000  0.369207677959587E+001  0.311640270998630E+002 -0.167451030290137E+002 -0.578172554717961E+000
  0.135396955600000E-002  0.496706903219656E+001 -0.192510686907423E+002  0.675993316706081E+002 -0.750716176356535E+000  0.556031978454054E+001  0.679167100331229E+002 -0.167451030290137E+002 -0.578115728397699E+000
  0.134711326271465E-002  0.496393336814036E+001 -0.192310579388267E+002  0.681348343546351E+002 -0.584477993685772E+000  0.155433193875270E+001  0.333942934186202E+001 -0.167451030290137E+002 -0.576547896369601E+000
  0.134202820720435E-002  0.495820812659613E+001 -0.192279141110464E+002  0.682660797061970E+002 -0.593416381091794E+000  0.166467894650719E+001  0.326110023398658E+001 -0.167451030290137E+002 -0.573685275597482E+000
  0.133318225318889E-002  0.495814564353162E+001 -0.192572926693987E+002  0.675495492316223E+002 -0.715701169160921E+000  0.399964973142817E+001  0.335673312813012E+002 -0.167451030290137E+002 -0.573654034065227E+000
  0.132443661538779E-002  0.495801972377498E+001 -0.192351583250912E+002  0.680761282299485E+002 -0.631595801984598E+000  0.230960354103501E+001  0.857616487529307E+001 -0.167451030290137E+002 -0.573591074186910E+000
  0.131580905248688E-002  0.495780153354151E+001 -0.192434034954296E+002  0.678468800390632E+002 -0.725451502256269E+000  0.537727475354243E+001  0.712534567073047E+002 -0.167451030290137E+002 -0.573481979070178E+000
  0.130766952441128E-002  0.495692277119857E+001 -0.192372692327396E+002  0.680421483261341E+002 -0.686531907131118E+000  0.403229364438586E+001  0.402531033365067E+002 -0.167451030290137E+002 -0.573042597898707E+000
  0.130607444985825E-002  0.494607474313602E+001 -0.192488030526245E+002  0.676223718344351E+002 -0.596519020486881E+000  0.198212461768535E+001  0.840698721918484E+001 -0.167451030290137E+002 -0.567618583867429E+000
  0.130021862634317E-002  0.494177287931578E+001 -0.192533844856613E+002  0.673294282187911E+002 -0.607756916118542E+000  0.237501281997227E+001  0.102089142398825E+002 -0.167451030290137E+002 -0.565467651957313E+000
  0.129226627690646E-002  0.494075368114986E+001 -0.192415724097559E+002  0.679813097396922E+002 -0.750821099189758E+000  0.559602650701560E+001  0.712346647674290E+002 -0.167451030290137E+002 -0.564958052874351E+000
  0.128379438111325E-002  0.494061945106859E+001 -0.192488991912946E+002  0.675805959790993E+002 -0.715804811855383E+000  0.514302839797956E+001  0.625871484376098E+002 -0.167451030290137E+002 -0.564890937833718E+000
  0.127654285859078E-002  0.493865940744631E+001 -0.192682900276350E+002  0.669907497379780E+002 -0.663964893893925E+000  0.344255929904277E+001  0.260534279540774E+002 -0.167451030290137E+002 -0.563910916022575E+000
  0.126899330750708E-002  0.493723355666982E+001 -0.192507985170773E+002  0.676248341039537E+002 -0.733090059062840E+000  0.534121040808530E+001  0.648029160062136E+002 -0.167451030290137E+002 -0.563197990634328E+000
  0.126274807165969E-002  0.493381159046702E+001 -0.192490357769192E+002  0.676270852086246E+002 -0.720200539430783E+000  0.523846953216298E+001  0.643350054693795E+002 -0.167451030290137E+002 -0.561487007532929E+000
  0.125731584099641E-002  0.492914488805700E+001 -0.192614743803813E+002  0.671043800176504E+002 -0.538884002914366E+000  0.135517646621869E+001  0.206950777689312E+001 -0.167451030290137E+002 -0.559153656327924E+000
  0.124985257995430E-002  0.492776291348503E+001 -0.192477807952764E+002  0.676084543940745E+002 -0.611694634277673E+000  0.263143480739624E+001  0.181411314624833E+002 -0.167451030290137E+002 -0.558462669041935E+000
  0.124746123700123E-002  0.491830409345965E+001 -0.192623056928437E+002  0.671962643115910E+002 -0.682201920184594E+000  0.403014212692629E+001  0.396004160382524E+002 -0.167451030290137E+002 -0.553733259029242E+000
  0.123961397270661E-002  0.491763592162401E+001 -0.192539341496162E+002  0.674745356968480E+002 -0.684752578656794E+000  0.433668643400947E+001  0.460162247386440E+002 -0.167451030290137E+002 -0.553399173111426E+000
  0.123419852648194E-002  0.491310328782091E+001 -0.192473413744274E+002  0.677179902574449E+002 -0.692023446648510E+000  0.417595942717504E+001  0.394542887286885E+002 -0.167451030290137E+002 -0.551132856209875E+000
  0.122679134992856E-002  0.491185358375931E+001 -0.192640454956202E+002  0.671759399659682E+002 -0.641605421384507E+000  0.272151601490676E+001  0.165092101862691E+002 -0.167451030290137E+002 -0.550508004179077E+000
  0.121942986933729E-002  0.491060184434023E+001 -0.192491437769203E+002  0.677030316288682E+002 -0.740572953401771E+000  0.484938410982426E+001  0.488273552547109E+002 -0.167451030290137E+002 -0.549882134469539E+000
  0.121157486770149E-002  0.491023750372628E+001 -0.192379377622172E+002  0.680102333192983E+002 -0.730134981771200E+000  0.497195571080042E+001  0.556907273381920E+002 -0.167451030290137E+002 -0.549699964162561E+000
  0.120365428570642E-002  0.491006619699498E+001 -0.192542861042533E+002  0.673297649545881E+002 -0.574250152140810E+000  0.211889562435650E+001  0.109548239658429E+002 -0.167451030290137E+002 -0.549614310796909E+000
  0.119579936352813E-002  0.490987167621483E+001 -0.192553852837539E+002  0.675113215298986E+002 -0.684908748198389E+000  0.391984510878086E+001  0.360857110259277E+002 -0.167451030290137E+002 -0.549517050406837E+000
  0.118804006698723E-002  0.490960246761038E+001 -0.192264373134790E+002  0.681548262849001E+002 -0.597943225591584E+000  0.221126628252588E+001  0.953275215872449E+001 -0.167451030290137E+002 -0.549382446104609E+000
  0.118295854548852E-002  0.490488619069738E+001 -0.192399057905916E+002  0.676749492342276E+002 -0.545081916466233E+000  0.167230276682024E+001  0.492611108216919E+001 -0.167451030290137E+002 -0.547024307648112E+000
  0.117550392988229E-002  0.490424032601873E+001 -0.192543843264291E+002  0.674988504173581E+002 -0.657028944651108E+000  0.257369479981371E+001  0.121940648219076E+002 -0.167451030290137E+002 -0.546701375308785E+000
  0.116796151201035E-002  0.490382524124794E+001 -0.192583481986256E+002  0.673878638804115E+002 -0.706799501070086E+000  0.411921766598038E+001  0.381775402895734E+002 -0.167451030290137E+002 -0.546493832923392E+000
  0.116107863204322E-002  0.490235716288417E+001 -0.192514570557780E+002  0.675205399125105E+002 -0.608410895615121E+000  0.229882130551127E+001  0.979140808324482E+001 -0.167451030290137E+002 -0.545759793741502E+000
  0.115445345542223E-002  0.490051286758511E+001 -0.192334915440657E+002  0.681959234168083E+002 -0.679421101002149E+000  0.315096693500092E+001  0.191453797515569E+002 -0.167451030290137E+002 -0.544837646091973E+000
  0.114830267395353E-002  0.489790801573712E+001 -0.192475200186062E+002  0.674646973117092E+002 -0.573787530862992E+000  0.215978817447592E+001  0.994635027987670E+001 -0.167451030290137E+002 -0.543535220167979E+000
  0.114144274945727E-002  0.489660269923802E+001 -0.192424579893670E+002  0.678487269331150E+002 -0.731998068778017E+000  0.519462833599029E+001  0.604821898810482E+002 -0.167451030290137E+002 -0.542882561918428E+000
  0.113547925607115E-002  0.489379004998536E+001 -0.192553838911241E+002  0.674698945355247E+002 -0.692271877285663E+000  0.436706830670601E+001  0.471156897756578E+002 -0.167451030290137E+002 -0.541476237292098E+000
  0.112827813316885E-002  0.489322520297788E+001 -0.192616880682504E+002  0.673246035132153E+002 -0.623587021767792E+000  0.215819862350990E+001  0.863318401282270E+001 -0.167451030290137E+002 -0.541193813788363E+000
  0.112213549604984E-002  0.489085438126691E+001 -0.192501500007038E+002  0.677354673500872E+002 -0.703538650325019E+000  0.349907600414199E+001  0.247830951556196E+002 -0.167451030290137E+002 -0.540008402932872E+000
  0.111520600808727E-002  0.488995412445895E+001 -0.192397702736837E+002  0.680282851001160E+002 -0.741354233715890E+000  0.507069462476584E+001  0.574326329131229E+002 -0.167451030290137E+002 -0.539558274528895E+000
  0.111015573727868E-002  0.488574271727177E+001 -0.192482067236744E+002  0.678015717472413E+002 -0.724050217213226E+000  0.452984115513447E+001  0.464201436331743E+002 -0.167451030290137E+002 -0.537452570935309E+000
  0.110377492685713E-002  0.488398213756884E+001 -0.192386895422892E+002  0.679857539632257E+002 -0.722875997590945E+000  0.463638404827819E+001  0.466413535803547E+002 -0.167451030290137E+002 -0.536572281083840E+000
  0.109652445906589E-002  0.488387397483827E+001 -0.192587630162262E+002  0.672530500247127E+002 -0.649900051996893E+000  0.346914642881589E+001  0.310400477998478E+002 -0.167451030290137E+002 -0.536518199718558E+000
  0.109150630748921E-002  0.487975872818202E+001 -0.192496480493625E+002  0.676548762769903E+002 -0.702247790788326E+000  0.467296870391183E+001  0.541036840940946E+002 -0.167451030290137E+002 -0.534460576390431E+000
  0.108538411562031E-002  0.487771909828884E+001 -0.192386455315666E+002  0.679893390757122E+002 -0.685877219083943E+000  0.358281719949046E+001  0.260587381299816E+002 -0.167451030290137E+002 -0.533440761443843E+000
  0.107902618965728E-002  0.487617999248295E+001 -0.192494874781306E+002  0.677050684716799E+002 -0.643593218106892E+000  0.275636265902325E+001  0.158884876155220E+002 -0.167451030290137E+002 -0.532671208540894E+000
  0.107195376311744E-002  0.487604296272601E+001 -0.192384088965650E+002  0.679551726377243E+002 -0.608326717102252E+000  0.230313272683118E+001  0.122208214842979E+002 -0.167451030290137E+002 -0.532602693662425E+000
  0.106586559766610E-002  0.487414526427266E+001 -0.192507526481322E+002  0.672806181839611E+002 -0.521154360666007E+000  0.142868342958995E+001  0.404682144259618E+001 -0.167451030290137E+002 -0.531653844435748E+000
  0.105896621581813E-002  0.487384432415858E+001 -0.192438686932171E+002  0.678387779980844E+002 -0.688705452561325E+000  0.389728780889535E+001  0.329790908517894E+002 -0.167451030290137E+002 -0.531503374378707E+000
  0.105341799813002E-002  0.487106133966602E+001 -0.192370700465875E+002  0.679870933684101E+002 -0.646242804514066E+000  0.334561292986955E+001  0.284345194246476E+002 -0.167451030290137E+002 -0.530111882132432E+000
  0.104659323788152E-002  0.487077177377127E+001 -0.192522597729787E+002  0.676435740405825E+002 -0.719093857170148E+000  0.455622487621432E+001  0.459953047320098E+002 -0.167451030290137E+002 -0.529967099185058E+000
  0.104357000756137E-002  0.486326832720219E+001 -0.192418980236085E+002  0.679476110473913E+002 -0.713384346304343E+000  0.427273927920778E+001  0.416368200263476E+002 -0.167451030290137E+002 -0.526215375900514E+000
  0.103822928757283E-002  0.486024100276676E+001 -0.192591103802129E+002  0.670525759928209E+002 -0.579227412538638E+000  0.222503147841455E+001  0.116987183647908E+002 -0.167451030290137E+002 -0.524701713682803E+000
  0.103171471820102E-002  0.485954083927647E+001 -0.192443917432416E+002  0.679434149348806E+002 -0.707270338845078E+000  0.360626872405573E+001  0.257405399497661E+002 -0.167451030290137E+002 -0.524351631937656E+000
  0.102677494163501E-002  0.485585060904739E+001 -0.192698262020296E+002  0.669612908789430E+002 -0.611146538092414E+000  0.189190491867718E+001  0.466403165136515E+001 -0.167451030290137E+002 -0.522506516823117E+000
  0.102011887500894E-002  0.485556872512254E+001 -0.192495183995139E+002  0.676434549371372E+002 -0.648496296246045E+000  0.270364812042105E+001  0.158284330117228E+002 -0.167451030290137E+002 -0.522365574860690E+000
  0.101497686307857E-002  0.485238633447399E+001 -0.192559590009954E+002  0.671713501769508E+002 -0.596506794428194E+000  0.252683348544561E+001  0.155828761479793E+002 -0.167451030290137E+002 -0.520774379536417E+000
  0.101103878291947E-002  0.484687228300837E+001 -0.192519927724771E+002  0.672857695010930E+002 -0.593762521178977E+000  0.218090225889157E+001  0.933148799707091E+001 -0.167451030290137E+002 -0.518017353803603E+000
  0.100534525443744E-002  0.484487775953529E+001 -0.192741703061249E+002  0.667757997471809E+002 -0.592697788545941E+000  0.170250364413809E+001  0.398343972351446E+001 -0.167451030290137E+002 -0.517020092067066E+000
  0.100044284058122E-002  0.484136522752436E+001 -0.192582124273790E+002  0.674515492187274E+002 -0.683503617693142E+000  0.359520638912645E+001  0.285472700914169E+002 -0.167451030290137E+002 -0.515263826061599E+000
  0.654070478497376E-002  0.102560544367124E+001 -0.192566408166070E+002  0.675326289218318E+002 -0.711231389156691E+000  0.409793120347612E+001  0.363479093358890E+002 -0.167451030290137E+002 -0.512802721835620E+000
  0.630766812845331E-002  0.100925965542552E+001 -0.192391981294959E+002  0.678673341700342E+002 -0.685526191592476E+000  0.407157125045916E+001  0.384869156923315E+002 -0.167451030290137E+002 -0.504629827712759E+000
  0.632567431648252E-002  0.100355848796310E+001 -0.192437414214107E+002  0.678916875405565E+002 -0.743659209228494E+000  0.522915269332349E+001  0.611930772354508E+002 -0.167451030290137E+002 -0.501779243981553E+000
  0.633485865161601E-002  0.100065676596839E+001 -0.192430715189912E+002  0.677492978960300E+002 -0.680496906597720E+000  0.423818147807096E+001  0.454078262224013E+002 -0.167451030290137E+002 -0.500328382984196E+000
  0.603995206288347E-002  0.998419289476352E+000 -0.192427172091650E+002  0.677073089750519E+002 -0.656654414016111E+000  0.388077947631390E+001  0.382062212827538E+002 -0.167451030290137E+002 -0.499209644738177E+000
  0.604412760184594E-002  0.997037127410394E+000 -0.192510876929904E+002  0.674522407722535E+002 -0.648216698034430E+000  0.373116126969203E+001  0.361793589701299E+002 -0.167451030290137E+002 -0.498518563705198E+000
  0.604667519734569E-002  0.996194306439847E+000 -0.192503843627232E+002  0.675881687160939E+002 -0.717819814772740E+000  0.509084780758001E+001  0.612126348785579E+002 -0.167451030290137E+002 -0.498097153219924E+000
  0.605055326188627E-002  0.994912007874859E+000 -0.192528912825943E+002  0.675712747371207E+002 -0.728799072590109E+000  0.512776212345362E+001  0.614353813618583E+002 -0.167451030290137E+002 -0.497456003937431E+000
  0.605866744033607E-002  0.992231676955541E+000 -0.192465514417355E+002  0.678481317333751E+002 -0.724661163782780E+000  0.426253373782923E+001  0.375278398139288E+002 -0.167451030290137E+002 -0.496115838477770E+000
  0.571220472635908E-002  0.988752064767723E+000 -0.192543178482420E+002  0.676043186467547E+002 -0.721545671140055E+000  0.436659486937771E+001  0.417365738481460E+002 -0.167451030290137E+002 -0.494376032383862E+000
  0.571385044279017E-002  0.988175937165288E+000 -0.192607080086380E+002  0.672290233862500E+002 -0.686606479178535E+000  0.413469703138968E+001  0.401643816830896E+002 -0.167451030290137E+002 -0.494087968582643E+000
  0.575794986851257E-002  0.972799224964966E+000 -0.192442675971953E+002  0.677580988034056E+002 -0.691266804506100E+000  0.442912903552097E+001  0.491824768071164E+002 -0.167451030290137E+002 -0.486399612482481E+000
  0.576207561453968E-002  0.971366677368756E+000 -0.192456260025013E+002  0.677551525996124E+002 -0.684844170370544E+000  0.385867701624105E+001  0.324289086503105E+002 -0.167451030290137E+002 -0.485683338684379E+000
  0.576986131905701E-002  0.968666105645163E+000 -0.192538704460954E+002  0.675014919285914E+002 -0.713780663377610E+000  0.427923992297352E+001  0.393487828368581E+002 -0.167451030290137E+002 -0.484333052822580E+000
  0.577695934508543E-002  0.966207237657535E+000 -0.192579436918577E+002  0.673304889706392E+002 -0.692378205094671E+000  0.433913263769212E+001  0.443441259377335E+002 -0.167451030290137E+002 -0.483103618828769E+000
  0.580065882466725E-002  0.958019193333875E+000 -0.192373000946280E+002  0.679596988948544E+002 -0.679277071226307E+000  0.411105710017108E+001  0.408930308101760E+002 -0.167451030290137E+002 -0.479009596666936E+000
  0.582822038488808E-002  0.948538791540372E+000 -0.192447107886882E+002  0.677897543694058E+002 -0.695394637914311E+000  0.435771911759552E+001  0.467230770735428E+002 -0.167451030290137E+002 -0.474269395770186E+000
  0.584737515853435E-002  0.941976457050401E+000 -0.192492155420761E+002  0.676261084819367E+002 -0.701392052330778E+000  0.428061846668640E+001  0.429099389369793E+002 -0.167451030290137E+002 -0.470988228525200E+000
  0.592269789056044E-002  0.916378056773041E+000 -0.192503383991007E+002  0.675743768710517E+002 -0.683507082342049E+000  0.427147832716756E+001  0.450142111079021E+002 -0.167451030290137E+002 -0.458189028386520E+000
  0.593610994423323E-002  0.911854141864175E+000 -0.192438651581136E+002  0.677187985325090E+002 -0.673984465695460E+000  0.412288193998855E+001  0.428677418478630E+002 -0.167451030290137E+002 -0.455927070932087E+000
  0.511891154418058E-002  0.899777181954171E+000 -0.192551332147949E+002  0.674175063142482E+002 -0.687748399907289E+000  0.406680147103403E+001  0.393133225120511E+002 -0.167451030290137E+002 -0.449888590977084E+000
  0.512804268174652E-002  0.896212751087575E+000 -0.192445179463707E+002  0.677340661580524E+002 -0.687296125823814E+000  0.389859853177888E+001  0.346360824187427E+002 -0.167451030290137E+002 -0.448106375543788E+000
  0.512853295468923E-002  0.896021547722839E+000 -0.192455335660435E+002  0.678491205020344E+002 -0.711921101279713E+000  0.424425449504266E+001  0.404133749416711E+002 -0.167451030290137E+002 -0.448010773861418E+000
  0.529103886533235E-002  0.833631617901688E+000 -0.192477651238945E+002  0.676849462280333E+002 -0.709523138616281E+000  0.455676774387791E+001  0.478307872327834E+002 -0.167451030290137E+002 -0.416815808950845E+000
  0.547458548537479E-002  0.765427711996928E+000 -0.192462279837211E+002  0.677419841986998E+002 -0.699894019292939E+000  0.424830305874304E+001  0.415200852371352E+002 -0.167451030290137E+002 -0.382713855998463E+000
  0.549487693098281E-002  0.758028454683362E+000 -0.192505192838707E+002  0.675412762012992E+002 -0.677516549764221E+000  0.395854737395701E+001  0.371538907153895E+002 -0.167451030290137E+002 -0.379014227341680E+000
