  0.258038629247383E-317  0.294733668674568E+004 -0.191728153532389E+002  0.708364756011554E+002  0.357199997209853E+000 -0.706475902779180E+001 -0.147089238196612E+004
  0.220352502400669E-311  0.292000152550407E+004 -0.186475448914489E+002  0.911167783209107E+002  0.376552401200422E+000 -0.706475902779180E+001 -0.145722480134532E+004
  0.957934375421102E-305  0.288941150227389E+004 -0.192519589741284E+002  0.782022953490404E+002  0.328654173210442E+000 -0.706475902779180E+001 -0.144192978973023E+004
  0.307484451392537E-304  0.288705914093137E+004 -0.191407885905141E+002  0.850513197235391E+002  0.840425628070517E-001 -0.706475902779180E+001 -0.144075360905897E+004
  0.198440425770059E-298  0.286028409033048E+004 -0.187274775714826E+002  0.920266650540995E+002  0.113254932636241E+000 -0.706475902779180E+001 -0.142736608375852E+004
  0.287812027825828E-296  0.285031021199106E+004 -0.188845661863583E+002  0.954158388408349E+002  0.504234484397469E-001 -0.706475902779180E+001 -0.142237914458881E+004
  0.261656799583805E-290  0.282284983794559E+004 -0.194718951997266E+002  0.730351759272517E+002  0.454052541996425E-001 -0.706475902779180E+001 -0.140864895756607E+004
  0.197740411856982E-289  0.281878492429893E+004 -0.192042890180246E+002  0.794831538155250E+002  0.354453120454995E+000 -0.706475902779180E+001 -0.140661650074275E+004
  0.180631918413999E-286  0.280513050059629E+004 -0.188392221065189E+002  0.886164909585631E+002  0.606822492049638E-001 -0.706475902779180E+001 -0.139978928889143E+004
  0.192207807065977E-274  0.274972432619387E+004 -0.187457081474152E+002  0.885057540268064E+002  0.271103600854536E+000 -0.706475902779180E+001 -0.137208620169022E+004
  0.460022951408272E-272  0.273874868662538E+004 -0.188542490390158E+002  0.952004696698465E+002  0.171746608382146E+000 -0.706475902779180E+001 -0.136659838190597E+004
  0.130313209918566E-271  0.273664628682330E+004 -0.186129041165211E+002  0.963338421889669E+002  0.179912914867610E+000 -0.706475902779180E+001 -0.136554718200493E+004
  0.940319647139819E-270  0.272806865795998E+004 -0.186890331185033E+002  0.914136194167203E+002  0.251455651103038E+000 -0.706475902779180E+001 -0.136125836757327E+004
  0.533718811321985E-269  0.272457628858807E+004 -0.185409632242840E+002  0.959991502156257E+002  0.466651953143809E+000 -0.706475902779180E+001 -0.135951218288732E+004
  0.213141190422916E-265  0.270797153581795E+004 -0.186595360713040E+002  0.952074325495752E+002  0.133217009542531E+000 -0.706475902779180E+001 -0.135120980650226E+004
  0.347240722511500E-264  0.270237033806565E+004 -0.189083368177116E+002  0.939420487949613E+002  0.601180345128432E-001 -0.706475902779180E+001 -0.134840920762611E+004
  0.545436376145367E-264  0.270144730160353E+004 -0.194033627443932E+002  0.723802065849980E+002  0.346065192308313E+000 -0.706475902779180E+001 -0.134794768939505E+004
  0.130907101985137E-258  0.267665057630183E+004 -0.187342174004135E+002  0.883624153324422E+002  0.332827913119308E+000 -0.706475902779180E+001 -0.133554932674420E+004
  0.326796064636449E-255  0.266098546829354E+004 -0.187115434162863E+002  0.921003024032401E+002  0.167432908084649E+000 -0.706475902779180E+001 -0.132771677274005E+004
  0.184922299099788E-252  0.264828885825150E+004 -0.188856398321621E+002  0.859634946197100E+002  0.100944557982631E+000 -0.706475902779180E+001 -0.132136846771903E+004
  0.697761214388829E-251  0.264100790497877E+004 -0.191485316043326E+002  0.826854726814379E+002  0.230100926226901E+000 -0.706475902779180E+001 -0.131772799108267E+004
  0.154640344472402E-249  0.263479121370914E+004 -0.185312825051884E+002  0.978657498915424E+002  0.365334158200955E+000 -0.706475902779180E+001 -0.131461964544785E+004
  0.477679881521555E-248  0.262791046537798E+004 -0.193689870577284E+002  0.662053670760376E+002  0.261764741768544E+000 -0.706475902779180E+001 -0.131117927128227E+004
  0.289277022117945E-247  0.262428850657263E+004 -0.191643376211108E+002  0.714635838847146E+002  0.378627978378510E+000 -0.706475902779180E+001 -0.130936829187960E+004
  0.261663414749582E-242  0.260144340654440E+004 -0.189297470255966E+002  0.927706932734163E+002  0.537591865104414E-001 -0.706475902779180E+001 -0.129794574186548E+004
  0.595683588830342E-242  0.259977820461561E+004 -0.194780450238944E+002  0.712842262005180E+002  0.189263154363564E+000 -0.706475902779180E+001 -0.129711314090109E+004
  0.129680804600100E-237  0.257978172012988E+004 -0.193950932025165E+002  0.651598477710492E+002  0.294106274183421E+000 -0.706475902779180E+001 -0.128711489865822E+004
  0.124004481205634E-226  0.252919446417871E+004 -0.193912832062227E+002  0.663545577715627E+002  0.209229095218460E+000 -0.706475902779180E+001 -0.126182127068264E+004
  0.651103258249304E-226  0.252585786243552E+004 -0.194307000196808E+002  0.631285749971317E+002  0.415197782863621E+000 -0.706475902779180E+001 -0.126015296981104E+004
  0.106628241431002E-219  0.249722041014952E+004 -0.190370814516563E+002  0.811169610830174E+002  0.684693958647150E-001 -0.706475902779180E+001 -0.124583424366804E+004
  0.664208058029809E-217  0.248433167504551E+004 -0.189243384560346E+002  0.915508880897956E+002  0.181610603632417E+000 -0.706475902779180E+001 -0.123938987611604E+004
  0.577739949429168E-212  0.246156486662957E+004 -0.191319299810793E+002  0.808195780378866E+002  0.399190093167863E+000 -0.706475902779180E+001 -0.122800647190807E+004
  0.263495682956563E-211  0.245850996951901E+004 -0.188306283107870E+002  0.857139460208743E+002  0.263314395197991E+000 -0.706475902779180E+001 -0.122647902335279E+004
  0.324104082212239E-203  0.242123465192696E+004 -0.188107152723535E+002  0.967553359583738E+002  0.591366697307061E-001 -0.706475902779180E+001 -0.120784136455676E+004
  0.154483584441814E-202  0.241809153480822E+004 -0.190079516737261E+002  0.769524787596000E+002  0.423751738090999E+000 -0.706475902779180E+001 -0.120626980599739E+004
  0.341940108028497E-198  0.239806185788680E+004 -0.189073204176068E+002  0.891146345402285E+002  0.160503729053681E-001 -0.706475902779180E+001 -0.119625496753668E+004
  0.120226441575707E-197  0.239552730428164E+004 -0.191111716901606E+002  0.846138901764281E+002  0.571575453905533E-002 -0.706475902779180E+001 -0.119498769073410E+004
  0.909776417179052E-186  0.234080288778171E+004 -0.190202590198430E+002  0.780736293390709E+002  0.292511729014754E+000 -0.706475902779180E+001 -0.116762548248414E+004
  0.474326856447662E-185  0.233748042137262E+004 -0.189445202138002E+002  0.906339426829567E+002  0.152079455689563E+000 -0.706475902779180E+001 -0.116596424927959E+004
  0.140673892546363E-183  0.233068108486244E+004 -0.188935629879876E+002  0.925647913734646E+002  0.157473562412331E+000 -0.706475902779180E+001 -0.116256458102450E+004
  0.102577809601753E-179  0.231287214898519E+004 -0.188453459370989E+002  0.925035224730368E+002  0.307682616366934E+000 -0.706475902779180E+001 -0.115366011308587E+004
  0.160219467335259E-179  0.231196040248840E+004 -0.190126807058041E+002  0.859885905120505E+002  0.313199672324382E+000 -0.706475902779180E+001 -0.115320423983748E+004
  0.209784706672967E-179  0.231140142732206E+004 -0.191835056066775E+002  0.788645426323460E+002  0.414711453843359E-002 -0.706475902779180E+001 -0.115292475225431E+004
  0.264189713308248E-175  0.229249967460126E+004 -0.186609908562568E+002  0.986170882833436E+002  0.897612033391995E-001 -0.706475902779180E+001 -0.114347387589391E+004
  0.176305538499990E-174  0.228868350165752E+004 -0.191010523510285E+002  0.780365862426474E+002  0.119213298261322E+000 -0.706475902779180E+001 -0.114156578942204E+004
  0.435542913770604E-172  0.227764451097101E+004 -0.189484091806911E+002  0.907236446818413E+002  0.903535977484143E-001 -0.706475902779180E+001 -0.113604629407879E+004
  0.714560483367829E-172  0.227663446168014E+004 -0.186564735024363E+002  0.974104912718994E+002  0.128497680752683E+000 -0.706475902779180E+001 -0.113554126943335E+004
  0.998463012555757E-171  0.227134029190433E+004 -0.191523816052905E+002  0.817186825633948E+002  0.226343569405985E+000 -0.706475902779180E+001 -0.113289418454545E+004
  0.158488063942468E-170  0.227039629670671E+004 -0.194021046896666E+002  0.730785155731656E+002  0.378794490344235E-002 -0.706475902779180E+001 -0.113242218694664E+004
  0.357880997474318E-167  0.225493184301159E+004 -0.185428162475390E+002  0.994082053589896E+002  0.451498924492546E+000 -0.706475902779180E+001 -0.112468996009908E+004
  0.353657702395765E-166  0.225033051420168E+004 -0.190830024925094E+002  0.748473342039012E+002  0.399928409999185E+000 -0.706475902779180E+001 -0.112238929569412E+004
  0.151946932656894E-164  0.224278986950865E+004 -0.186863320214418E+002  0.995528025993051E+002  0.230068750290384E+000 -0.706475902779180E+001 -0.111861897334761E+004
  0.488248168416456E-164  0.224043538387535E+004 -0.188938020864483E+002  0.832317839119090E+002  0.296829968418217E+000 -0.706475902779180E+001 -0.111744173053096E+004
  0.226985073844842E-160  0.222352668158388E+004 -0.188106031918118E+002  0.856490429043282E+002  0.396603898890641E+000 -0.706475902779180E+001 -0.110898737938522E+004
  0.115660253578346E-158  0.221564489498252E+004 -0.186844984680096E+002  0.986324521844247E+002  0.290332993524278E+000 -0.706475902779180E+001 -0.110504648608454E+004
  0.289777345736771E-157  0.220918291251563E+004 -0.188623545880296E+002  0.923018971807431E+002  0.358167560160512E-001 -0.706475902779180E+001 -0.110181549485110E+004
  0.128482603362229E-156  0.220618448035193E+004 -0.186295561068904E+002  0.940560293971824E+002  0.446714901064194E+000 -0.706475902779180E+001 -0.110031627876925E+004
  0.141113763400632E-156  0.220597703392039E+004 -0.190811288464805E+002  0.828015167087328E+002  0.339938033444960E+000 -0.706475902779180E+001 -0.110021255555347E+004
  0.231468622435531E-156  0.220496737740586E+004 -0.187322055344071E+002  0.945946361570572E+002  0.107252828579652E+000 -0.706475902779180E+001 -0.109970772729621E+004
  0.495491634829729E-154  0.219421492407769E+004 -0.193152418398729E+002  0.765718671036075E+002  0.323081444067271E-001 -0.706475902779180E+001 -0.109433150063213E+004
  0.660949288022823E-154  0.219361877012503E+004 -0.189108199120383E+002  0.882946490408921E+002  0.516455739488870E-001 -0.706475902779180E+001 -0.109403342365580E+004
  0.200876131202414E-153  0.219137567660015E+004 -0.189026167673901E+002  0.908777106761050E+002  0.233071506134011E+000 -0.706475902779180E+001 -0.109291187689336E+004
  0.402734274162459E-152  0.218535942871300E+004 -0.187794618114587E+002  0.942506926884298E+002  0.331067021251843E+000 -0.706475902779180E+001 -0.108990375294978E+004
  0.259883204243360E-144  0.214937425588240E+004 -0.186824945780927E+002  0.929159711783329E+002  0.311347394082864E+000 -0.706475902779180E+001 -0.107191116653448E+004
  0.812862812180862E-144  0.214707369514676E+004 -0.189039168372377E+002  0.916091805756925E+002  0.605349584822962E-001 -0.706475902779180E+001 -0.107076088616666E+004
  0.137340385543128E-143  0.214600482418346E+004 -0.188247617787998E+002  0.942471608019102E+002  0.187981033131525E+000 -0.706475902779180E+001 -0.107022645068501E+004
  0.140731687234018E-142  0.214133096785639E+004 -0.194759088259776E+002  0.642576435759614E+002  0.242880041543401E+000 -0.706475902779180E+001 -0.106788952252148E+004
  0.126343930688648E-141  0.213692159171494E+004 -0.191040036725395E+002  0.753930141497635E+002  0.303244261648956E+000 -0.706475902779180E+001 -0.106568483445075E+004
  0.109254716631582E-139  0.212798200226346E+004 -0.188048474577672E+002  0.942918795415311E+002  0.242902254339413E+000 -0.706475902779180E+001 -0.106121503972501E+004
  0.179999126223445E-137  0.211775322124839E+004 -0.189143344331577E+002  0.823040840937064E+002  0.334528623323015E+000 -0.706475902779180E+001 -0.105610064921748E+004
  0.273622139535137E-137  0.211689572837616E+004 -0.194863340275018E+002  0.703174242727034E+002  0.129026668547550E+000 -0.706475902779180E+001 -0.105567190278136E+004
  0.124608994706506E-135  0.210923862196132E+004 -0.187056245485060E+002  0.943635628709191E+002  0.180193005086923E+000 -0.706475902779180E+001 -0.105184334957394E+004
  0.186018947563089E-135  0.210841738581014E+004 -0.189460948925496E+002  0.878333106893456E+002  0.317553326624429E+000 -0.706475902779180E+001 -0.105143273149835E+004
  0.704779398638345E-135  0.210573341253449E+004 -0.192281001891059E+002  0.774192374633126E+002  0.254075529192177E-001 -0.706475902779180E+001 -0.105009074486053E+004
  0.202139544352409E-133  0.209900102464399E+004 -0.192420153706381E+002  0.790317197654889E+002  0.739009410793114E-001 -0.706475902779180E+001 -0.104672455091528E+004
  0.624210655815944E-133  0.209672606472564E+004 -0.186754948787150E+002  0.961967596512719E+002  0.411334213364594E+000 -0.706475902779180E+001 -0.104558707095610E+004
  0.231749382321713E-131  0.208947748641532E+004 -0.194704677505424E+002  0.704635605004732E+002  0.405505071369060E-001 -0.706475902779180E+001 -0.104196278180094E+004
  0.697888153522925E-130  0.208264761094312E+004 -0.194359480422954E+002  0.643423127393911E+002  0.357711469515321E+000 -0.706475902779180E+001 -0.103854784406484E+004
  0.113843087119278E-129  0.208164901565532E+004 -0.185925143835441E+002  0.983957269506512E+002  0.365081064923078E+000 -0.706475902779180E+001 -0.103804854642094E+004
  0.274369936509388E-128  0.207526463229252E+004 -0.186804700745166E+002  0.957427823507115E+002  0.188603831831173E+000 -0.706475902779180E+001 -0.103485635473954E+004
  0.172045590059813E-127  0.207157299710251E+004 -0.191124410318969E+002  0.836437146037350E+002  0.751547784219576E-001 -0.706475902779180E+001 -0.103301053714454E+004
  0.561235536563703E-127  0.206918833410380E+004 -0.187351422359353E+002  0.927936643542242E+002  0.475191826332266E+000 -0.706475902779180E+001 -0.103181820564518E+004
  0.167209732776137E-126  0.206698504677479E+004 -0.186417218730876E+002  0.996192031956360E+002  0.263740880052534E+000 -0.706475902779180E+001 -0.103071656198068E+004
  0.821395791536882E-126  0.206378163377579E+004 -0.186655181926137E+002  0.994953347867269E+002  0.156319088072365E+000 -0.706475902779180E+001 -0.102911485548118E+004
  0.570825879792262E-125  0.205988440463590E+004 -0.188926377835107E+002  0.872988620537136E+002  0.119409274144802E+000 -0.706475902779180E+001 -0.102716624091123E+004
  0.795160316940481E-122  0.204538607436269E+004 -0.193986759256864E+002  0.702666350475011E+002  0.423678063097250E+000 -0.706475902779180E+001 -0.101991707577463E+004
  0.933097221177169E-121  0.204044107222034E+004 -0.188710483166531E+002  0.832516300130053E+002  0.452016314327291E+000 -0.706475902779180E+001 -0.101744457470345E+004
  0.134955400535633E-119  0.203507796126812E+004 -0.190825626434989E+002  0.828506339846977E+002  0.410804326373600E-001 -0.706475902779180E+001 -0.101476301922734E+004
  0.355977428275739E-119  0.203311821467107E+004 -0.193790563852072E+002  0.712976754172799E+002  0.534931424345722E-001 -0.706475902779180E+001 -0.101378314592882E+004
  0.265893565146677E-118  0.202907668627826E+004 -0.190706804919890E+002  0.784891897938081E+002  0.193696829890893E+000 -0.706475902779180E+001 -0.101176238173241E+004
  0.331989437478745E-118  0.202861277150474E+004 -0.192032059038909E+002  0.716331510009917E+002  0.361146771297262E+000 -0.706475902779180E+001 -0.101153042434565E+004
  0.102363487004528E-117  0.202634084681063E+004 -0.191184794416097E+002  0.762774758897873E+002  0.221682389233903E+000 -0.706475902779180E+001 -0.101039446199859E+004
  0.265749947691882E-116  0.201980772447575E+004 -0.188833242809660E+002  0.902626598742940E+002  0.288247911838677E+000 -0.706475902779180E+001 -0.100712790083115E+004
  0.434863729525746E-116  0.201880287002171E+004 -0.193391934436468E+002  0.750204313605091E+002  0.564273259405840E-001 -0.706475902779180E+001 -0.100662547360414E+004
  0.106598330852119E-115  0.201698972890000E+004 -0.192847347214616E+002  0.704952779573300E+002  0.231071442581333E+000 -0.706475902779180E+001 -0.100571890304328E+004
  0.217546929395049E-115  0.201554313475624E+004 -0.191387744873615E+002  0.792047345505124E+002  0.414798579007001E+000 -0.706475902779180E+001 -0.100499560597140E+004
  0.534147408242834E-115  0.201372671959118E+004 -0.187745696114646E+002  0.956097657872871E+002  0.165132425426344E+000 -0.706475902779180E+001 -0.100408739838887E+004
  0.118373316556841E-113  0.200751013558976E+004 -0.186389768130550E+002  0.963107421111035E+002  0.323479418332903E+000 -0.706475902779180E+001 -0.100097910638816E+004
  0.105289332988043E-106  0.197548830606071E+004 -0.187874589432269E+002  0.880715616173779E+002  0.364652782157326E+000 -0.706475902779180E+001 -0.984968191623634E+003
  0.126754981232486E-106  0.197509731774197E+004 -0.189769933109516E+002  0.799979305715254E+002  0.359464089952196E+000 -0.706475902779180E+001 -0.984772697464268E+003
  0.125718023868062E-106  0.197509384597642E+004 -0.188943829097634E+002  0.880610432564325E+002  0.110132554345867E+000 -0.706475902779180E+001 -0.984770961581489E+003
  0.330031816497599E-106  0.197314365017440E+004 -0.187918739991786E+002  0.918108139558130E+002  0.392353605349630E+000 -0.706475902779180E+001 -0.983795863680483E+003
  0.779115241451810E-105  0.196680063951351E+004 -0.192685346632185E+002  0.700109572028886E+002  0.326193115399426E+000 -0.706475902779180E+001 -0.980624358350037E+003
  0.660675978085217E-104  0.196250535956571E+004 -0.186531702609981E+002  0.973760628757191E+002  0.303270834078040E+000 -0.706475902779180E+001 -0.978476718376135E+003
  0.637788297272408E-102  0.195334563276057E+004 -0.186886220555458E+002  0.970832700838599E+002  0.192886960835232E+000 -0.706475902779180E+001 -0.973896854973567E+003
  0.253000123480917E-101  0.195056979477093E+004 -0.188807621064139E+002  0.897212497453579E+002  0.961339751389922E-001 -0.706475902779180E+001 -0.972508935978748E+003
  0.744954705174942E-101  0.194839002722660E+004 -0.190511893825649E+002  0.765908377895868E+002  0.431187520503589E+000 -0.706475902779180E+001 -0.971419052206581E+003
  0.141895787907113E-100  0.194708141741473E+004 -0.189268994611687E+002  0.855306833211829E+002  0.478257170862225E+000 -0.706475902779180E+001 -0.970764747300646E+003
  0.213320872670699E-100  0.194624610760017E+004 -0.194343437314936E+002  0.678700564333513E+002  0.125826240249321E+000 -0.706475902779180E+001 -0.970347092393365E+003
  0.103739766673013E-099  0.194306286066618E+004 -0.186920629847727E+002  0.951094517069737E+002  0.240402656115942E+000 -0.706475902779180E+001 -0.968755468926373E+003
  0.176167970604769E-098  0.193737868502134E+004 -0.192369467555610E+002  0.784840750790705E+002  0.114933638989081E+000 -0.706475902779180E+001 -0.965913381103950E+003
  0.122314222663734E-097  0.193348330335198E+004 -0.193292055134726E+002  0.718296559485627E+002  0.460411573412416E+000 -0.706475902779180E+001 -0.963965690269272E+003
  0.158916060485378E-097  0.193293983706593E+004 -0.190602055872760E+002  0.813184603098900E+002  0.105081286219152E+000 -0.706475902779180E+001 -0.963693957126249E+003
  0.632110054503644E-095  0.192094822128322E+004 -0.187141305215736E+002  0.934827469927486E+002  0.267979781606226E+000 -0.706475902779180E+001 -0.957698149234893E+003
  0.623242698273419E-094  0.191635140545371E+004 -0.193177982548694E+002  0.752945822350600E+002  0.162338378292077E+000 -0.706475902779180E+001 -0.955399741320137E+003
  0.772124699356435E-093  0.191129791449026E+004 -0.192174164737320E+002  0.781651987714572E+002  0.239916305988284E+000 -0.706475902779180E+001 -0.952872995838414E+003
  0.143262413704224E-092  0.191004177975294E+004 -0.192981577080310E+002  0.760194906967029E+002  0.771983804069321E-001 -0.706475902779180E+001 -0.952244928469750E+003
  0.200662513715342E-092  0.190934798618884E+004 -0.194421842086546E+002  0.710892370766430E+002  0.123233793734898E+000 -0.706475902779180E+001 -0.951898031687702E+003
  0.275194305719532E-092  0.190869637961961E+004 -0.193548391968389E+002  0.737182172981204E+002  0.662007237930466E-001 -0.706475902779180E+001 -0.951572228403086E+003
  0.758210754724111E-092  0.190664951101168E+004 -0.187936963370918E+002  0.875567806799825E+002  0.486038398258145E+000 -0.706475902779180E+001 -0.950548794099122E+003
  0.118298843697867E-091  0.190573993494581E+004 -0.188012271059856E+002  0.888498768840474E+002  0.281549451382150E+000 -0.706475902779180E+001 -0.950094006066189E+003
  0.346431979831428E-091  0.190357108929143E+004 -0.192233167380808E+002  0.723216377943743E+002  0.270124195497817E+000 -0.706475902779180E+001 -0.949009583238995E+003
  0.448440308472911E-091  0.190303501045330E+004 -0.188534612723310E+002  0.911657027106822E+002  0.114820935733997E+000 -0.706475902779180E+001 -0.948741543819933E+003
  0.443557801745412E-090  0.189843183451966E+004 -0.187771899322366E+002  0.928236853749144E+002  0.332120808079070E+000 -0.706475902779180E+001 -0.946439955853113E+003
  0.697742202251461E-090  0.189750589071265E+004 -0.188295006495768E+002  0.878495935728089E+002  0.263046899580897E+000 -0.706475902779180E+001 -0.945976983949606E+003
  0.214826782001282E-089  0.189523685518195E+004 -0.188628652147989E+002  0.913198131236855E+002  0.212736590357276E+000 -0.706475902779180E+001 -0.944842466184256E+003
  0.426858702826646E-089  0.189384371249336E+004 -0.187245811038800E+002  0.956795336474210E+002  0.213308791188043E+000 -0.706475902779180E+001 -0.944145894839960E+003
  0.251416953358799E-088  0.189027732228978E+004 -0.194626729124329E+002  0.657822565158618E+002  0.207554891094254E+000 -0.706475902779180E+001 -0.942362699738173E+003
  0.420652137726638E-087  0.188462286446955E+004 -0.191568547781775E+002  0.788635873952110E+002  0.358303120586238E+000 -0.706475902779180E+001 -0.939535470828059E+003
  0.143501328635000E-085  0.187754354727989E+004 -0.190233142717359E+002  0.810643105399230E+002  0.184354902749461E+000 -0.706475902779180E+001 -0.935995812233224E+003
  0.910890960943945E-085  0.187382748880908E+004 -0.190233055318337E+002  0.815802224046851E+002  0.495465482109465E+000 -0.706475902779180E+001 -0.934137782997821E+003
  0.408077610950877E-083  0.186620317941391E+004 -0.187908503106211E+002  0.926646682728516E+002  0.164524361486376E+000 -0.706475902779180E+001 -0.930325628300234E+003
  0.919139045145335E-081  0.185534897831590E+004 -0.187438312763392E+002  0.925231525227454E+002  0.267745267247293E+000 -0.706475902779180E+001 -0.924898527751231E+003
  0.135687051782030E-080  0.185455008000235E+004 -0.187255038731588E+002  0.934499482194959E+002  0.338967753970160E+000 -0.706475902779180E+001 -0.924499078594456E+003
  0.301269152951483E-080  0.185293487350720E+004 -0.187965034775019E+002  0.903375644560449E+002  0.414912807099984E+000 -0.706475902779180E+001 -0.923691475346880E+003
  0.273618094414040E-079  0.184850234414536E+004 -0.194033774009572E+002  0.720855771065929E+002  0.152216962599321E+000 -0.706475902779180E+001 -0.921475210665963E+003
  0.110986410114480E-078  0.184568192440907E+004 -0.192573634517561E+002  0.755511508298924E+002  0.330135190881257E+000 -0.706475902779180E+001 -0.920065000797815E+003
  0.126962279675210E-078  0.184539305920837E+004 -0.190053032789598E+002  0.845581107592061E+002  0.101046355081567E+000 -0.706475902779180E+001 -0.919920568197467E+003
  0.189338576801317E-078  0.184457386496240E+004 -0.192221426570887E+002  0.706856058855612E+002  0.468992555465884E+000 -0.706475902779180E+001 -0.919510971074482E+003
  0.165908573606390E-077  0.184021299401234E+004 -0.187960460931248E+002  0.882558145156868E+002  0.417413377717807E+000 -0.706475902779180E+001 -0.917330535599453E+003
  0.299824080201579E-077  0.183900957529443E+004 -0.194378464541568E+002  0.646698563017946E+002  0.390571806019423E+000 -0.706475902779180E+001 -0.916728826240496E+003
  0.460486444271326E-076  0.183352632941682E+004 -0.192770504490371E+002  0.751178810510470E+002  0.791261797199344E-001 -0.706475902779180E+001 -0.913987203301694E+003
  0.129739014356217E-075  0.183143477570432E+004 -0.188057945856977E+002  0.878243231963249E+002  0.445304436750253E+000 -0.706475902779180E+001 -0.912941426445443E+003
  0.271580245212684E-074  0.182533223924164E+004 -0.189535228951765E+002  0.877974258112300E+002  0.194238822369755E+000 -0.706475902779180E+001 -0.909890158214101E+003
  0.544314566113485E-073  0.181931662905777E+004 -0.188604838202087E+002  0.869543859852859E+002  0.471472198693248E+000 -0.706475902779180E+001 -0.906882353122168E+003
  0.271145542068262E-072  0.181608530139797E+004 -0.192082831416662E+002  0.736517662009166E+002  0.231828395955054E+000 -0.706475902779180E+001 -0.905266689292269E+003
  0.822238696749824E-072  0.181384665072442E+004 -0.187505324625147E+002  0.922852092069174E+002  0.326892834386632E+000 -0.706475902779180E+001 -0.904147363955492E+003
  0.198785762327833E-070  0.180745601582005E+004 -0.192276608967140E+002  0.706432142558559E+002  0.468426221802947E+000 -0.706475902779180E+001 -0.900952046503305E+003
  0.457486914721996E-070  0.180576907394031E+004 -0.187838053856358E+002  0.896307824636500E+002  0.390093036339717E+000 -0.706475902779180E+001 -0.900108575563435E+003
  0.109351830150709E-069  0.180400635869059E+004 -0.188359164596306E+002  0.868513798547930E+002  0.472194818976342E+000 -0.706475902779180E+001 -0.899227217938579E+003
  0.278362209791775E-069  0.180211775263901E+004 -0.192311815394152E+002  0.750825336605257E+002  0.124287442604325E+000 -0.706475902779180E+001 -0.898282914912784E+003
  0.701072110729056E-069  0.180025047683418E+004 -0.191520514240516E+002  0.807840964590978E+002  0.142144840366293E+000 -0.706475902779180E+001 -0.897349277010371E+003
  0.170360123263685E-068  0.179845479834951E+004 -0.194933599337987E+002  0.686234500740491E+002  0.123933773993978E+000 -0.706475902779180E+001 -0.896451437768037E+003
  0.239503169055380E-067  0.179314842334157E+004 -0.192126782035471E+002  0.760335711244765E+002  0.116446543176564E+000 -0.706475902779180E+001 -0.893798250264065E+003
  0.515486378701192E-067  0.179159543421804E+004 -0.192574822884397E+002  0.721791440796314E+002  0.225470588488151E+000 -0.706475902779180E+001 -0.893021755702302E+003
  0.673076996407954E-067  0.179104203585393E+004 -0.189056610770949E+002  0.892999550384447E+002  0.173293911453779E+000 -0.706475902779180E+001 -0.892745056520247E+003
  0.793640167297915E-067  0.179069259431645E+004 -0.191724341338809E+002  0.763750294127258E+002  0.157818457085378E+000 -0.706475902779180E+001 -0.892570335751509E+003
  0.974346334119607E-067  0.179026242035296E+004 -0.188615550255032E+002  0.900279257824430E+002  0.272799159308084E+000 -0.706475902779180E+001 -0.892355248769763E+003
  0.113086657296282E-065  0.178533940415144E+004 -0.193780434976719E+002  0.684535170988485E+002  0.220275895125440E+000 -0.706475902779180E+001 -0.889893740669000E+003
  0.132230348896254E-065  0.178500672135857E+004 -0.189857224609050E+002  0.839160767674594E+002  0.399417313952286E+000 -0.706475902779180E+001 -0.889727399272565E+003
  0.104938315473172E-064  0.178084399603743E+004 -0.189450148502743E+002  0.877898309040627E+002  0.197481220277457E+000 -0.706475902779180E+001 -0.887646036611994E+003
  0.247816962810423E-064  0.177910545994644E+004 -0.191287107472475E+002  0.808129683252979E+002  0.974911885068705E-001 -0.706475902779180E+001 -0.886776768566500E+003
  0.338043479204917E-064  0.177846459107788E+004 -0.188092808243658E+002  0.901239642821272E+002  0.364446557544789E+000 -0.706475902779180E+001 -0.886456334132221E+003
  0.391938846038821E-063  0.177354365763277E+004 -0.191130747005771E+002  0.754029332657994E+002  0.380329269153779E+000 -0.706475902779180E+001 -0.883995867409668E+003
  0.518193977865636E-063  0.177296526932269E+004 -0.191030015079081E+002  0.823314479065186E+002  0.158525451879509E+000 -0.706475902779180E+001 -0.883706673254626E+003
  0.143292321737742E-062  0.177091112426527E+004 -0.188958524536055E+002  0.837201950392215E+002  0.467521577101652E+000 -0.706475902779180E+001 -0.882679600725918E+003
  0.988283207642222E-062  0.176702905849873E+004 -0.190899335172915E+002  0.759438072686937E+002  0.420384454981350E+000 -0.706475902779180E+001 -0.880738567842648E+003
  0.100934509346247E-061  0.176696698249078E+004 -0.192692054401296E+002  0.721677317259712E+002  0.207904695458690E+000 -0.706475902779180E+001 -0.880707529838674E+003
  0.236080868320083E-061  0.176524767678009E+004 -0.188883543143280E+002  0.863495919262929E+002  0.241252078938691E+000 -0.706475902779180E+001 -0.879847876983328E+003
  0.570759241143481E-061  0.176346218998278E+004 -0.191472248789657E+002  0.768018555279231E+002  0.187035157340409E+000 -0.706475902779180E+001 -0.878955133584671E+003
  0.633097934461484E-061  0.176323497402415E+004 -0.193486524815027E+002  0.727996259103278E+002  0.264903471411941E+000 -0.706475902779180E+001 -0.878841525605359E+003
  0.747560164552849E-061  0.176288269403294E+004 -0.189426559370444E+002  0.873619436252428E+002  0.141142944556653E+000 -0.706475902779180E+001 -0.878665385609749E+003
  0.926578072328432E-061  0.176243342633458E+004 -0.192415992790895E+002  0.766989540869155E+002  0.966109620328254E-001 -0.706475902779180E+001 -0.878440751760573E+003
  0.156558499518112E-060  0.176136449262503E+004 -0.191286700249330E+002  0.805423721651687E+002  0.102514507650959E+000 -0.706475902779180E+001 -0.877906284905799E+003
  0.589134558139332E-060  0.175869414222245E+004 -0.188551453183274E+002  0.871820663638256E+002  0.432844511500126E+000 -0.706475902779180E+001 -0.876571109704508E+003
  0.160990830818957E-059  0.175666368576972E+004 -0.188594533138225E+002  0.876018118923589E+002  0.252767852136220E+000 -0.706475902779180E+001 -0.875555881478143E+003
  0.169789345642621E-059  0.175653736288107E+004 -0.191670674406709E+002  0.797065427284250E+002  0.108815927361778E+000 -0.706475902779180E+001 -0.875492720033819E+003
  0.607245003273766E-058  0.174936354440538E+004 -0.193373921891025E+002  0.710911372796209E+002  0.444817645422782E+000 -0.706475902779180E+001 -0.871905810795972E+003
  0.177051348134373E-057  0.174720345865057E+004 -0.194484612890021E+002  0.660544345028316E+002  0.254249435954868E+000 -0.706475902779180E+001 -0.870825767918567E+003
  0.241789352724258E-057  0.174656030376715E+004 -0.191999790958846E+002  0.752041559116417E+002  0.176528763840544E+000 -0.706475902779180E+001 -0.870504190476857E+003
  0.158270986655885E-056  0.174278274938842E+004 -0.194054232141460E+002  0.655118547682750E+002  0.452485196592514E+000 -0.706475902779180E+001 -0.868615413287493E+003
  0.410064379219040E-056  0.174085883772566E+004 -0.193196169498687E+002  0.707015216167361E+002  0.204398402871104E+000 -0.706475902779180E+001 -0.867653457456113E+003
  0.508404598424874E-056  0.174040901023533E+004 -0.192490079867004E+002  0.756393713503018E+002  0.107789877696986E+000 -0.706475902779180E+001 -0.867428543710947E+003
  0.529868256026510E-056  0.174030640793774E+004 -0.191061687363933E+002  0.790552142820818E+002  0.432190755879609E+000 -0.706475902779180E+001 -0.867377242562152E+003
  0.846357606648320E-056  0.173934988013388E+004 -0.192070090227262E+002  0.758163544697665E+002  0.142289609206203E+000 -0.706475902779180E+001 -0.866898978660224E+003
  0.105281206815631E-055  0.173889342337171E+004 -0.189852379562382E+002  0.803883935932707E+002  0.392258140636133E+000 -0.706475902779180E+001 -0.866670750279137E+003
  0.254109642025888E-054  0.173250609071407E+004 -0.189810809716883E+002  0.834571982308851E+002  0.192420199905128E+000 -0.706475902779180E+001 -0.863477083950317E+003
  0.454735547328825E-054  0.173132228965253E+004 -0.192909125083805E+002  0.695823716760616E+002  0.374627501641096E+000 -0.706475902779180E+001 -0.862885183419544E+003
  0.754695311723744E-054  0.173028919284712E+004 -0.191983692829028E+002  0.720535483597409E+002  0.450239909268451E+000 -0.706475902779180E+001 -0.862368635016844E+003
  0.768985380243393E-054  0.173023177648387E+004 -0.194178860696775E+002  0.704185757379745E+002  0.118771007688789E+000 -0.706475902779180E+001 -0.862339926835218E+003
  0.110630319744518E-053  0.172948446117154E+004 -0.191131024227736E+002  0.799074875081483E+002  0.348903121808712E+000 -0.706475902779180E+001 -0.861966269179051E+003
  0.154592521455808E-052  0.172419019318141E+004 -0.190281783501895E+002  0.822497315576993E+002  0.164157570828504E+000 -0.706475902779180E+001 -0.859319135183986E+003
  0.569941455935173E-052  0.172156081074932E+004 -0.188234683362541E+002  0.894695158650301E+002  0.315152326676379E+000 -0.706475902779180E+001 -0.858004443967941E+003
  0.254868594539435E-051  0.171854531100135E+004 -0.192937268339921E+002  0.716520650257139E+002  0.203375470037202E+000 -0.706475902779180E+001 -0.856496694093955E+003
  0.340031004751885E-051  0.171794883292545E+004 -0.188277808124971E+002  0.891208163433442E+002  0.325119967987168E+000 -0.706475902779180E+001 -0.856198455056009E+003
  0.372685078927222E-051  0.171774553833033E+004 -0.189776195478137E+002  0.857920194247021E+002  0.150297498022489E+000 -0.706475902779180E+001 -0.856096807758447E+003
  0.171658758264295E-050  0.171467091793871E+004 -0.193294123295935E+002  0.697484205001977E+002  0.253996678997026E+000 -0.706475902779180E+001 -0.854559497562637E+003
  0.961072041824447E-050  0.171120593561887E+004 -0.191396914908685E+002  0.797628423533557E+002  0.119220955542160E+000 -0.706475902779180E+001 -0.852827006402716E+003
  0.360715481433585E-049  0.170854078449942E+004 -0.190481302957591E+002  0.810122721758129E+002  0.421745502263645E+000 -0.706475902779180E+001 -0.851494430842993E+003
  0.103959663156545E-048  0.170640388672747E+004 -0.189518297914797E+002  0.863392487326250E+002  0.273675678946110E+000 -0.706475902779180E+001 -0.850425981957018E+003
  0.532062006050164E-048  0.170311847193450E+004 -0.193689349082172E+002  0.706181869369979E+002  0.146221768947211E+000 -0.706475902779180E+001 -0.848783274560531E+003
  0.799317428932937E-048  0.170228457504406E+004 -0.188878117217546E+002  0.858276591644399E+002  0.310189338705742E+000 -0.706475902779180E+001 -0.848366326115314E+003
  0.127977845218722E-047  0.170132330616623E+004 -0.188490068533535E+002  0.877658140704326E+002  0.346392640556721E+000 -0.706475902779180E+001 -0.847885691676397E+003
  0.150448950682157E-047  0.170097987217690E+004 -0.189306564655983E+002  0.844469180086033E+002  0.435124129477823E+000 -0.706475902779180E+001 -0.847713974681731E+003
  0.359128797019466E-047  0.169921985699180E+004 -0.188605440379185E+002  0.881450383265199E+002  0.339280862618940E+000 -0.706475902779180E+001 -0.846833967089182E+003
  0.425018945509068E-047  0.169886305101933E+004 -0.193831317023965E+002  0.662671943174710E+002  0.467997261788113E+000 -0.706475902779180E+001 -0.846655564102948E+003
  0.141802215097621E-046  0.169643338119232E+004 -0.190300226181130E+002  0.804258738029389E+002  0.485382170899429E+000 -0.706475902779180E+001 -0.845440729189443E+003
  0.245715100502999E-046  0.169531400152764E+004 -0.194766828437299E+002  0.649653445400836E+002  0.297508739096759E+000 -0.706475902779180E+001 -0.844881039357100E+003
  0.252317993627746E-045  0.169063589581046E+004 -0.188826505443144E+002  0.859267402631480E+002  0.337274353929471E+000 -0.706475902779180E+001 -0.842541986498514E+003
  0.292012818198329E-045  0.169032378009324E+004 -0.189643048073713E+002  0.857739796829336E+002  0.169405723061713E+000 -0.706475902779180E+001 -0.842385928639902E+003
  0.478118905748247E-045  0.168931775591332E+004 -0.193778697591808E+002  0.717643878166391E+002  0.231714670371162E+000 -0.706475902779180E+001 -0.841882916549941E+003
  0.629259350253108E-045  0.168874848718178E+004 -0.190117090391100E+002  0.846812829924542E+002  0.217049466975259E+000 -0.706475902779180E+001 -0.841598282184174E+003
  0.234972016489630E-044  0.168609357046405E+004 -0.194000055283352E+002  0.709926174093390E+002  0.230660006846200E+000 -0.706475902779180E+001 -0.840270823825307E+003
  0.359881518549559E-043  0.168061588274865E+004 -0.189799360987611E+002  0.849132562157644E+002  0.297795287302223E+000 -0.706475902779180E+001 -0.837531979967606E+003
  0.720282407082723E-043  0.167920824507689E+004 -0.191629637163365E+002  0.737796198038565E+002  0.412140826826511E+000 -0.706475902779180E+001 -0.836828161131726E+003
  0.167546861954376E-042  0.167749993479353E+004 -0.189595406223295E+002  0.817626914642760E+002  0.454843072035273E+000 -0.706475902779180E+001 -0.835974005990047E+003
  0.461315081753719E-042  0.167545439773371E+004 -0.194352786914947E+002  0.661670426510744E+002  0.301613268695704E+000 -0.706475902779180E+001 -0.834951237460138E+003
  0.465226643027459E-042  0.167541761025771E+004 -0.192208052357946E+002  0.720053039915042E+002  0.386539151145189E+000 -0.706475902779180E+001 -0.834932843722134E+003
  0.530429454814881E-042  0.167513538503733E+004 -0.189635389673964E+002  0.858953344808553E+002  0.254698099841453E+000 -0.706475902779180E+001 -0.834791731111946E+003
  0.109796470495826E-041  0.167366043136329E+004 -0.193428697186444E+002  0.723319696289340E+002  0.294351716830481E+000 -0.706475902779180E+001 -0.834054254274927E+003
  0.250975202004208E-041  0.167198707919410E+004 -0.194684454911148E+002  0.662113638759071E+002  0.228391815498174E+000 -0.706475902779180E+001 -0.833217578190330E+003
  0.412649051484631E-041  0.167097269185242E+004 -0.191399952553325E+002  0.748130242930359E+002  0.389900731864640E+000 -0.706475902779180E+001 -0.832710384519492E+003
  0.414851567813891E-041  0.167094214456893E+004 -0.193985781209844E+002  0.708660350262565E+002  0.243781721335398E+000 -0.706475902779180E+001 -0.832695110877745E+003
  0.307102617389929E-040  0.166691855139723E+004 -0.193572136925320E+002  0.682647025242274E+002  0.323784035339634E+000 -0.706475902779180E+001 -0.830683314291897E+003
  0.137576979527534E-039  0.166389947722709E+004 -0.192667621340733E+002  0.757771052338257E+002  0.153275949990642E+000 -0.706475902779180E+001 -0.829173777206827E+003
  0.184533344657585E-038  0.165868711324851E+004 -0.191691316733624E+002  0.760359919231695E+002  0.462035053627134E+000 -0.706475902779180E+001 -0.826567595217535E+003
  0.444975186779140E-038  0.165690683589968E+004 -0.190026912512716E+002  0.801960942906897E+002  0.395056332637394E+000 -0.706475902779180E+001 -0.825677456543120E+003
  0.577420997783659E-038  0.165636582901377E+004 -0.192050204031158E+002  0.765013879753968E+002  0.146357107485384E+000 -0.706475902779180E+001 -0.825406953100168E+003
  0.777081340605849E-038  0.165575198155669E+004 -0.193028440233831E+002  0.743104898678069E+002  0.144574199326711E+000 -0.706475902779180E+001 -0.825100029371625E+003
  0.105579006203900E-037  0.165511908167646E+004 -0.194739582284118E+002  0.668221463399482E+002  0.385183484184100E+000 -0.706475902779180E+001 -0.824783579431510E+003
  0.112463780761991E-037  0.165497283766594E+004 -0.189188592555027E+002  0.842921268966680E+002  0.388155972294350E+000 -0.706475902779180E+001 -0.824710457426252E+003
  0.114532187644059E-037  0.165491648764972E+004 -0.192150084503960E+002  0.775429974971921E+002  0.180234270428688E+000 -0.706475902779180E+001 -0.824682282418140E+003
  0.200283053504965E-037  0.165377883551753E+004 -0.189091101643178E+002  0.869891180477882E+002  0.285870548417985E+000 -0.706475902779180E+001 -0.824113456352046E+003
  0.223066385006861E-037  0.165354345928733E+004 -0.194087822312938E+002  0.663081381887217E+002  0.378713071879940E+000 -0.706475902779180E+001 -0.823995768236945E+003
  0.229898935089476E-037  0.165346321786177E+004 -0.192990021096141E+002  0.727281210782316E+002  0.163387663209755E+000 -0.706475902779180E+001 -0.823955647524166E+003
  0.459638768394224E-037  0.165205771500969E+004 -0.194796901555102E+002  0.670854760119396E+002  0.179705727128883E+000 -0.706475902779180E+001 -0.823252896098127E+003
  0.664301974039769E-037  0.165130122248520E+004 -0.190003276974254E+002  0.804227157259945E+002  0.476780419050479E+000 -0.706475902779180E+001 -0.822874649835883E+003
  0.666392842370691E-037  0.165127503677594E+004 -0.190075103211509E+002  0.830003552817929E+002  0.355020542448395E+000 -0.706475902779180E+001 -0.822861556981251E+003
  0.743652712599514E-037  0.165103574653091E+004 -0.192384915963308E+002  0.732552896630842E+002  0.236908501777103E+000 -0.706475902779180E+001 -0.822741911858737E+003
  0.171843486585755E-036  0.164934065576497E+004 -0.190056348328720E+002  0.845583063521565E+002  0.198451359279820E+000 -0.706475902779180E+001 -0.821894366475769E+003
  0.134545614530100E-035  0.164520494655288E+004 -0.189407912722588E+002  0.852698468162481E+002  0.234302489760331E+000 -0.706475902779180E+001 -0.819826511869724E+003
  0.168376139413626E-035  0.164473645165359E+004 -0.193397324274305E+002  0.726697591433312E+002  0.144831884391264E+000 -0.706475902779180E+001 -0.819592264420078E+003
  0.184022674441850E-035  0.164453883383418E+004 -0.189158326717379E+002  0.849535539890340E+002  0.374859457302316E+000 -0.706475902779180E+001 -0.819493455510372E+003
  0.307183527529886E-035  0.164349416037681E+004 -0.191868903781136E+002  0.782230949223355E+002  0.148635375584149E+000 -0.706475902779180E+001 -0.818971118781684E+003
  0.324413131588853E-035  0.164336511487004E+004 -0.191779917315783E+002  0.764317474949559E+002  0.185063387000024E+000 -0.706475902779180E+001 -0.818906596028303E+003
  0.368657893014396E-035  0.164308951162083E+004 -0.189126781748323E+002  0.864698556673672E+002  0.306139052542879E+000 -0.706475902779180E+001 -0.818768794403694E+003
  0.594921512286065E-035  0.164211249017927E+004 -0.189388558334058E+002  0.862657722136515E+002  0.228771949296242E+000 -0.706475902779180E+001 -0.818280283682919E+003
  0.278323335835267E-034  0.163900671126825E+004 -0.193279103567613E+002  0.704399606677430E+002  0.474915663382408E+000 -0.706475902779180E+001 -0.816727394227409E+003
  0.426728952994294E-034  0.163813207955697E+004 -0.190815019382607E+002  0.817330542105078E+002  0.240181260101791E+000 -0.706475902779180E+001 -0.816290078371767E+003
  0.686629127401382E-034  0.163716088837203E+004 -0.189663460709553E+002  0.837470833292801E+002  0.249082930596875E+000 -0.706475902779180E+001 -0.815804482779297E+003
  0.728237941566932E-034  0.163702332064069E+004 -0.189118731462028E+002  0.854509746609627E+002  0.346542759852783E+000 -0.706475902779180E+001 -0.815735698913625E+003
  0.996980299979880E-034  0.163637521363326E+004 -0.194729055506562E+002  0.679370968010263E+002  0.176226815308715E+000 -0.706475902779180E+001 -0.815411645409910E+003
  0.159670072607555E-033  0.163541338552633E+004 -0.194501018639770E+002  0.648322595102581E+002  0.449683330281761E+000 -0.706475902779180E+001 -0.814930731356445E+003
  0.329062791011380E-033  0.163394720697141E+004 -0.190802622689388E+002  0.805189477110087E+002  0.349172791972342E+000 -0.706475902779180E+001 -0.814197642078985E+003
  0.115809338213945E-032  0.163141074289156E+004 -0.189865398311480E+002  0.847358461869413E+002  0.254011762601093E+000 -0.706475902779180E+001 -0.812929410039063E+003
  0.148772328193715E-032  0.163088989835806E+004 -0.190673051432577E+002  0.775204875005058E+002  0.435298638665889E+000 -0.706475902779180E+001 -0.812668987772313E+003
  0.221509624349084E-032  0.163007389989503E+004 -0.191886574353329E+002  0.780183608004275E+002  0.232697404931063E+000 -0.706475902779180E+001 -0.812260988540798E+003
  0.532596596780916E-032  0.162829940274490E+004 -0.194647676741676E+002  0.660790079326396E+002  0.453142791374068E+000 -0.706475902779180E+001 -0.811373739965734E+003
  0.535534508358547E-032  0.162826849999189E+004 -0.191553002993446E+002  0.793873624117457E+002  0.188592095230045E+000 -0.706475902779180E+001 -0.811358288589228E+003
  0.843998210710116E-032  0.162733882923940E+004 -0.189947001050762E+002  0.810961512417972E+002  0.446596644149135E+000 -0.706475902779180E+001 -0.810893453212983E+003
  0.134629255024500E-031  0.162638500965793E+004 -0.193011608365694E+002  0.722671130105097E+002  0.187303123924722E+000 -0.706475902779180E+001 -0.810416543422245E+003
  0.386060583206308E-031  0.162425816986224E+004 -0.189526284858086E+002  0.843921560235107E+002  0.355553240998765E+000 -0.706475902779180E+001 -0.809353123524404E+003
  0.840445297168839E-031  0.162268239408335E+004 -0.190038867858775E+002  0.825265705651763E+002  0.376821187623873E+000 -0.706475902779180E+001 -0.808565235634959E+003
  0.241724912153666E-030  0.162054958626386E+004 -0.194609755051206E+002  0.683358686514714E+002  0.184422089774350E+000 -0.706475902779180E+001 -0.807498831725209E+003
  0.273757453166992E-030  0.162028080129418E+004 -0.190049332945284E+002  0.804343258554424E+002  0.398176521182992E+000 -0.706475902779180E+001 -0.807364439240371E+003
  0.550961895644776E-030  0.161886205434265E+004 -0.190134235039420E+002  0.837885370526412E+002  0.200903343959321E+000 -0.706475902779180E+001 -0.806655065764606E+003
  0.290062740429926E-029  0.161552012030688E+004 -0.190986637453996E+002  0.764310134955106E+002  0.430613152255438E+000 -0.706475902779180E+001 -0.804984098746720E+003
  0.504704741744853E-029  0.161439246696000E+004 -0.190468507349593E+002  0.825202100318362E+002  0.263749381018902E+000 -0.706475902779180E+001 -0.804420272073281E+003
  0.696749627531122E-029  0.161372766121168E+004 -0.193373509129334E+002  0.726482975966119E+002  0.245827067473427E+000 -0.706475902779180E+001 -0.804087869199123E+003
  0.783279952698655E-029  0.161347363247223E+004 -0.194236747628212E+002  0.683631688562536E+002  0.378109696167830E+000 -0.706475902779180E+001 -0.803960854829395E+003
  0.478151874212076E-028  0.160983568514484E+004 -0.192934321492481E+002  0.694732616076745E+002  0.477671346421575E+000 -0.706475902779180E+001 -0.802141881165701E+003
  0.567139025774915E-028  0.160947443236605E+004 -0.194291838780257E+002  0.687602752990358E+002  0.323559963421130E+000 -0.706475902779180E+001 -0.801961254776309E+003
  0.108097252575898E-027  0.160816450783896E+004 -0.191886318088677E+002  0.731062354631099E+002  0.443299933242611E+000 -0.706475902779180E+001 -0.801306292512761E+003
  0.109766738029574E-027  0.160811395469304E+004 -0.190583393756275E+002  0.812875418254880E+002  0.333060874332245E+000 -0.706475902779180E+001 -0.801281015939804E+003
  0.324451297202313E-027  0.160592649825460E+004 -0.194238959377322E+002  0.697254889539933E+002  0.215335567283203E+000 -0.706475902779180E+001 -0.800187287720581E+003
  0.814655433712284E-027  0.160406533798508E+004 -0.194042678167005E+002  0.698642392272802E+002  0.294819666935980E+000 -0.706475902779180E+001 -0.799256707585822E+003
  0.908221861880742E-027  0.160382799042955E+004 -0.191665212048190E+002  0.749918392213323E+002  0.497155945037487E+000 -0.706475902779180E+001 -0.799138033808058E+003
  0.226237197678025E-026  0.160198272896966E+004 -0.192588283506746E+002  0.725014600784336E+002  0.472319402707212E+000 -0.706475902779180E+001 -0.798215403078114E+003
  0.232996534584301E-026  0.160190394913937E+004 -0.191808083212714E+002  0.769119581141578E+002  0.178807381006861E+000 -0.706475902779180E+001 -0.798176013162965E+003
  0.267954078272395E-026  0.160160446440631E+004 -0.194686129672518E+002  0.674235975837096E+002  0.202211551110175E+000 -0.706475902779180E+001 -0.798026270796439E+003
  0.396004695488174E-026  0.160080334283985E+004 -0.191357571001986E+002  0.782974326387538E+002  0.190432598996914E+000 -0.706475902779180E+001 -0.797625710013207E+003
  0.679896688656701E-026  0.159970241259874E+004 -0.190124377888180E+002  0.822499603074646E+002  0.241117769218923E+000 -0.706475902779180E+001 -0.797075244892650E+003
  0.713318220772261E-026  0.159958653838681E+004 -0.190886005724829E+002  0.777151908437968E+002  0.330649190282310E+000 -0.706475902779180E+001 -0.797017307786688E+003
  0.106820627826399E-025  0.159875902070106E+004 -0.190054438431144E+002  0.829212875222774E+002  0.331636599052966E+000 -0.706475902779180E+001 -0.796603548943813E+003
  0.122267381010844E-025  0.159846900155558E+004 -0.194957659332312E+002  0.663839741029373E+002  0.323822795507275E+000 -0.706475902779180E+001 -0.796458539371071E+003
  0.123617998994426E-025  0.159842712916758E+004 -0.193296887621514E+002  0.685444812116101E+002  0.445177097015052E+000 -0.706475902779180E+001 -0.796437603177071E+003
  0.196159318833890E-025  0.159748376646010E+004 -0.189792267376772E+002  0.839436206022733E+002  0.311462964968066E+000 -0.706475902779180E+001 -0.795965921823332E+003
  0.219225773637367E-025  0.159724151590163E+004 -0.190060615074383E+002  0.807374479765799E+002  0.406254187777218E+000 -0.706475902779180E+001 -0.795844796544094E+003
  0.419484212990942E-025  0.159592376771260E+004 -0.190547811298544E+002  0.805781096669544E+002  0.382144638878408E+000 -0.706475902779180E+001 -0.795185922449584E+003
  0.621943268946824E-025  0.159511622107326E+004 -0.194941024162314E+002  0.669707480252156E+002  0.247611745340159E+000 -0.706475902779180E+001 -0.794782149129913E+003
  0.831380964202425E-025  0.159451584191279E+004 -0.190981248252521E+002  0.775460770123321E+002  0.316136633997474E+000 -0.706475902779180E+001 -0.794481959549678E+003
  0.139204301886973E-024  0.159346506202249E+004 -0.194198039484449E+002  0.694827131944520E+002  0.268748827011392E+000 -0.706475902779180E+001 -0.793956569604528E+003
  0.147031191419028E-024  0.159333575716276E+004 -0.190778558455971E+002  0.808496528019969E+002  0.193183743550181E+000 -0.706475902779180E+001 -0.793891917174664E+003
  0.190936907564234E-024  0.159279325990947E+004 -0.194477923130801E+002  0.679331201031708E+002  0.331443541186463E+000 -0.706475902779180E+001 -0.793620668548017E+003
  0.369670997122333E-024  0.159145201851474E+004 -0.190998998079282E+002  0.768720868600739E+002  0.477122613902178E+000 -0.706475902779180E+001 -0.792950047850651E+003
  0.875011765816091E-024  0.158970887001341E+004 -0.193713743804641E+002  0.705885272230832E+002  0.326196330400935E+000 -0.706475902779180E+001 -0.792078473599985E+003
  0.122688052387601E-023  0.158901298388270E+004 -0.194850988842824E+002  0.664951791886740E+002  0.342031777305957E+000 -0.706475902779180E+001 -0.791730530534630E+003
  0.196403481276883E-023  0.158805203092742E+004 -0.189754561813358E+002  0.827290465912443E+002  0.340802111992654E+000 -0.706475902779180E+001 -0.791250054056993E+003
  0.390398891750437E-023  0.158665813447657E+004 -0.190037937260170E+002  0.811697240144721E+002  0.396972076954338E+000 -0.706475902779180E+001 -0.790553105831564E+003
  0.498554776868707E-023  0.158614914491292E+004 -0.194378939479310E+002  0.687935671692531E+002  0.269091784403864E+000 -0.706475902779180E+001 -0.790298611049740E+003
  0.699497841364190E-023  0.158545194576845E+004 -0.190790431801149E+002  0.785245237249766E+002  0.443817479010267E+000 -0.706475902779180E+001 -0.789950011477508E+003
  0.964624567956175E-023  0.158478929256923E+004 -0.193374750234408E+002  0.711275685436997E+002  0.202588462971509E+000 -0.706475902779180E+001 -0.789618684877896E+003
  0.964059589955563E-023  0.158477056364529E+004 -0.191736342013672E+002  0.737921832908438E+002  0.462206159172437E+000 -0.706475902779180E+001 -0.789609320415926E+003
  0.151325520660264E-022  0.158384893244871E+004 -0.191438028575889E+002  0.791467647965942E+002  0.184974011310294E+000 -0.706475902779180E+001 -0.789148504817638E+003
  0.404487850581029E-022  0.158186265495110E+004 -0.190745008522770E+002  0.777955535563256E+002  0.419731420545942E+000 -0.706475902779180E+001 -0.788155366068831E+003
  0.429131706343973E-022  0.158172446993098E+004 -0.189939267896619E+002  0.817546627132259E+002  0.366405773538857E+000 -0.706475902779180E+001 -0.788086273558774E+003
  0.712074104845544E-022  0.158069173305682E+004 -0.194913392639173E+002  0.648933358548979E+002  0.333755286002169E+000 -0.706475902779180E+001 -0.787569905121691E+003
  0.720778514824720E-022  0.158064753256989E+004 -0.191931860365103E+002  0.753793173041269E+002  0.231277820703387E+000 -0.706475902779180E+001 -0.787547804878225E+003
  0.124093160290673E-021  0.157954106036670E+004 -0.191067579619747E+002  0.796487437474213E+002  0.196987071973481E+000 -0.706475902779180E+001 -0.786994568776633E+003
  0.163924244867803E-021  0.157896441605825E+004 -0.192030754115666E+002  0.771697390474958E+002  0.230160311887762E+000 -0.706475902779180E+001 -0.786706246622405E+003
  0.325087196184657E-021  0.157757513731108E+004 -0.194301604541501E+002  0.674595089890637E+002  0.410777593949073E+000 -0.706475902779180E+001 -0.786011607248822E+003
  0.370483114198934E-021  0.157729380779800E+004 -0.194136712969479E+002  0.696995487744857E+002  0.250086835319714E+000 -0.706475902779180E+001 -0.785870942492280E+003
  0.376809989728432E-021  0.157724004076352E+004 -0.190506883642860E+002  0.816864660239707E+002  0.298813976162965E+000 -0.706475902779180E+001 -0.785844058975044E+003
  0.415084419352757E-021  0.157702665837121E+004 -0.194632530283505E+002  0.666025765368556E+002  0.388450163750357E+000 -0.706475902779180E+001 -0.785737367778889E+003
  0.435004213287521E-021  0.157691301011533E+004 -0.190553393083782E+002  0.815724868894234E+002  0.213679004792903E+000 -0.706475902779180E+001 -0.785680543650946E+003
  0.626469303037154E-021  0.157616362133596E+004 -0.190994584980016E+002  0.769521609174714E+002  0.456765304892112E+000 -0.706475902779180E+001 -0.785305849261264E+003
  0.754773120894727E-021  0.157577108582151E+004 -0.194210899438369E+002  0.691054314568005E+002  0.293495656072180E+000 -0.706475902779180E+001 -0.785109581504037E+003
  0.857927405160125E-021  0.157549498059066E+004 -0.193415248244869E+002  0.683422632611527E+002  0.476178393259606E+000 -0.706475902779180E+001 -0.784971528888609E+003
  0.104771561510706E-020  0.157507538396517E+004 -0.190209785100638E+002  0.821818815076332E+002  0.245862951921433E+000 -0.706475902779180E+001 -0.784761730575868E+003
  0.105634088300736E-020  0.157503908580421E+004 -0.193945528468283E+002  0.671356907743301E+002  0.383702755478971E+000 -0.706475902779180E+001 -0.784743581495387E+003
  0.144228446441949E-020  0.157439635044034E+004 -0.192256178533804E+002  0.736893226495788E+002  0.452141980974602E+000 -0.706475902779180E+001 -0.784422213813449E+003
  0.150111688467308E-020  0.157429648751730E+004 -0.193464519592664E+002  0.720693162089866E+002  0.189860935642682E+000 -0.706475902779180E+001 -0.784372282351932E+003
  0.150504393193131E-020  0.157427136152038E+004 -0.190190316122784E+002  0.826525125045784E+002  0.239293086243033E+000 -0.706475902779180E+001 -0.784359719353472E+003
  0.172636702762472E-020  0.157397706660269E+004 -0.193598347994392E+002  0.713851230505699E+002  0.187348935196511E+000 -0.706475902779180E+001 -0.784212571894627E+003
  0.211246197022781E-020  0.157355349621817E+004 -0.191141328039852E+002  0.797745830378085E+002  0.194672747176417E+000 -0.706475902779180E+001 -0.784000786702365E+003
  0.498263610995766E-020  0.157181738553145E+004 -0.190859653326219E+002  0.802930137563101E+002  0.209236658302063E+000 -0.706475902779180E+001 -0.783132731359005E+003
  0.498212830149492E-020  0.157179768871137E+004 -0.191838931334160E+002  0.736851532803866E+002  0.482308111016100E+000 -0.706475902779180E+001 -0.783122882948968E+003
  0.641784783779570E-020  0.157127133672122E+004 -0.189872602057809E+002  0.828100254187413E+002  0.319605060973081E+000 -0.706475902779180E+001 -0.782859706953891E+003
  0.834919344709096E-020  0.157072527184493E+004 -0.192555453858844E+002  0.732488869528889E+002  0.416118397802071E+000 -0.706475902779180E+001 -0.782586674515746E+003
  0.145750341835596E-019  0.156959108091011E+004 -0.194402105382219E+002  0.682766755068590E+002  0.215425549666622E+000 -0.706475902779180E+001 -0.782019579048337E+003
  0.284387167550082E-019  0.156823429743801E+004 -0.191772280303337E+002  0.739981574474770E+002  0.478349402371359E+000 -0.706475902779180E+001 -0.781341187312289E+003
  0.408526858166591E-019  0.156748995460706E+004 -0.193785945971208E+002  0.708005660644966E+002  0.258637903908863E+000 -0.706475902779180E+001 -0.780969015896810E+003
  0.521959765132409E-019  0.156697998825292E+004 -0.190887628502036E+002  0.774431205113261E+002  0.400960117222253E+000 -0.706475902779180E+001 -0.780714032719740E+003
  0.612079227360149E-019  0.156664154514324E+004 -0.189975676915553E+002  0.821775337428266E+002  0.337412242501054E+000 -0.706475902779180E+001 -0.780544811164904E+003
  0.724973352648915E-019  0.156628309814432E+004 -0.190433908933333E+002  0.819135289974639E+002  0.231509711005389E+000 -0.706475902779180E+001 -0.780365587665443E+003
  0.775476930350104E-019  0.156612851081289E+004 -0.190880792714153E+002  0.782890443890521E+002  0.306581612043254E+000 -0.706475902779180E+001 -0.780288293999726E+003
  0.130953242304385E-018  0.156506071577232E+004 -0.191557527791177E+002  0.786571844486178E+002  0.229080049955045E+000 -0.706475902779180E+001 -0.779754396479442E+003
  0.178281522599460E-018  0.156442376799457E+004 -0.191608369067165E+002  0.775324653670038E+002  0.200344412411240E+000 -0.706475902779180E+001 -0.779435922590565E+003
  0.297829550404488E-018  0.156337755242122E+004 -0.192585469822689E+002  0.737925318520635E+002  0.206819732634058E+000 -0.706475902779180E+001 -0.778912814803894E+003
  0.372079692852864E-018  0.156291247832937E+004 -0.190054573809398E+002  0.823554567829725E+002  0.289047507786688E+000 -0.706475902779180E+001 -0.778680277757967E+003
  0.370090887995432E-018  0.156290329654911E+004 -0.192939876700441E+002  0.708511608388062E+002  0.317473097809758E+000 -0.706475902779180E+001 -0.778675686867838E+003
  0.460290291227275E-018  0.156244717840816E+004 -0.193080543509489E+002  0.717633386085435E+002  0.392099261823615E+000 -0.706475902779180E+001 -0.778447627797360E+003
  0.906115884899635E-018  0.156107265805083E+004 -0.192341320144109E+002  0.741535074466034E+002  0.228764089481414E+000 -0.706475902779180E+001 -0.777760367618695E+003
  0.108586670160492E-017  0.156069082430055E+004 -0.194824710455201E+002  0.649901025870553E+002  0.384839120092047E+000 -0.706475902779180E+001 -0.777569450743559E+003
  0.136594230400060E-017  0.156021199153559E+004 -0.194067562142515E+002  0.697129293935132E+002  0.263522212078100E+000 -0.706475902779180E+001 -0.777330034361079E+003
  0.176489845266753E-017  0.155967959361036E+004 -0.192084582415970E+002  0.753452433004540E+002  0.373860262576290E+000 -0.706475902779180E+001 -0.777063835398463E+003
  0.211748572608748E-017  0.155929542044513E+004 -0.193562192570435E+002  0.694436612926185E+002  0.276488646613304E+000 -0.706475902779180E+001 -0.776871748815846E+003
  0.225084349790506E-017  0.155915336852877E+004 -0.192264187353643E+002  0.752405562182880E+002  0.334645773900734E+000 -0.706475902779180E+001 -0.776800722857667E+003
  0.799788122680912E-017  0.155659772461500E+004 -0.193895860050412E+002  0.677195467632315E+002  0.344532181011430E+000 -0.706475902779180E+001 -0.775522900900782E+003
  0.885339259882409E-017  0.155637457581308E+004 -0.193188536171635E+002  0.719981125307625E+002  0.341005160752597E+000 -0.706475902779180E+001 -0.775411326499819E+003
  0.128212738466847E-016  0.155561406499035E+004 -0.191208354024202E+002  0.765822510051916E+002  0.445982898271613E+000 -0.706475902779180E+001 -0.775031071088456E+003
  0.179864907020668E-016  0.155491713403066E+004 -0.192048364663466E+002  0.743188765358558E+002  0.442749196227168E+000 -0.706475902779180E+001 -0.774682605608609E+003
  0.289004028197768E-016  0.155394876422124E+004 -0.192071428709399E+002  0.762055398997596E+002  0.304135258976293E+000 -0.706475902779180E+001 -0.774198420703900E+003
  0.292954080936035E-016  0.155390171305960E+004 -0.192553521143211E+002  0.734910694059634E+002  0.229043875228952E+000 -0.706475902779180E+001 -0.774174895123082E+003
  0.389525464784303E-016  0.155331198566803E+004 -0.193778188053633E+002  0.697431102905918E+002  0.226177552269491E+000 -0.706475902779180E+001 -0.773880031427299E+003
  0.405995546792658E-016  0.155320925910685E+004 -0.190989926353857E+002  0.789419673424586E+002  0.247506079039041E+000 -0.706475902779180E+001 -0.773828668146706E+003
  0.607000416810688E-016  0.155238498387178E+004 -0.190911817173813E+002  0.777720321404429E+002  0.357937912790108E+000 -0.706475902779180E+001 -0.773416530529171E+003
  0.922150097341920E-016  0.155152872615416E+004 -0.191932281973424E+002  0.738161661857932E+002  0.468063697235385E+000 -0.706475902779180E+001 -0.772988401670362E+003
  0.137234375886583E-015  0.155071369084381E+004 -0.191974006104671E+002  0.733499234216957E+002  0.445894947466555E+000 -0.706475902779180E+001 -0.772580884015185E+003
  0.142317226970190E-015  0.155062105353874E+004 -0.194217615137123E+002  0.668393125480523E+002  0.348174474499493E+000 -0.706475902779180E+001 -0.772534565362652E+003
  0.319853190505991E-015  0.154898154577272E+004 -0.192600520907521E+002  0.719126955530996E+002  0.466806242295087E+000 -0.706475902779180E+001 -0.771714811479643E+003
  0.317321519130229E-015  0.154897753830113E+004 -0.194183939617072E+002  0.669161076463702E+002  0.438464692669344E+000 -0.706475902779180E+001 -0.771712807743845E+003
  0.317331211402921E-015  0.154895757655233E+004 -0.193047529631747E+002  0.726041177125555E+002  0.325334067615896E+000 -0.706475902779180E+001 -0.771702826869445E+003
  0.318525692832684E-015  0.154893016172932E+004 -0.191413295411508E+002  0.759438540655525E+002  0.346248964682743E+000 -0.706475902779180E+001 -0.771689119457944E+003
  0.473180284782363E-015  0.154811871441234E+004 -0.192767676466915E+002  0.725981971294486E+002  0.399429641979025E+000 -0.706475902779180E+001 -0.771283395799452E+003
  0.476325627040099E-015  0.154808556326436E+004 -0.194682742497608E+002  0.655221377586069E+002  0.379683728363524E+000 -0.706475902779180E+001 -0.771266820225462E+003
  0.490087894931980E-015  0.154800869651933E+004 -0.192705767563877E+002  0.710516814881528E+002  0.394281614545128E+000 -0.706475902779180E+001 -0.771228386852947E+003
  0.552477946321075E-015  0.154774913832962E+004 -0.194350463700961E+002  0.669968061814533E+002  0.300229225608640E+000 -0.706475902779180E+001 -0.771098607758090E+003
  0.559745090897990E-015  0.154770310173024E+004 -0.191776222560090E+002  0.747329662964433E+002  0.334225282442663E+000 -0.706475902779180E+001 -0.771075589458400E+003
  0.607348121017346E-015  0.154751995976427E+004 -0.190597695639236E+002  0.812955463407451E+002  0.261108959204835E+000 -0.706475902779180E+001 -0.770984018475416E+003
  0.636072724082232E-015  0.154740763757168E+004 -0.192041961977662E+002  0.768372543337633E+002  0.219599958932335E+000 -0.706475902779180E+001 -0.770927857379120E+003
  0.698315968521511E-015  0.154720101936106E+004 -0.192764772318173E+002  0.721957106718256E+002  0.265955332362249E+000 -0.706475902779180E+001 -0.770824548273812E+003
  0.901705848595056E-015  0.154666988534061E+004 -0.192818863437956E+002  0.729420758045193E+002  0.217907545776913E+000 -0.706475902779180E+001 -0.770558981263586E+003
  0.223089851489319E-014  0.154483824198269E+004 -0.191700113228516E+002  0.778685694713668E+002  0.212256852033743E+000 -0.706475902779180E+001 -0.769643159584626E+003
  0.285500380111612E-014  0.154432500382358E+004 -0.190624084312085E+002  0.810051175603783E+002  0.288040450105895E+000 -0.706475902779180E+001 -0.769386540505074E+003
  0.390234662725875E-014  0.154368009336790E+004 -0.191595230425741E+002  0.754612157038437E+002  0.331047985695712E+000 -0.706475902779180E+001 -0.769064085277233E+003
  0.433176119007327E-014  0.154345140044782E+004 -0.191735188794937E+002  0.744146968171944E+002  0.399957048548941E+000 -0.706475902779180E+001 -0.768949738817190E+003
  0.541206248759785E-014  0.154298618767474E+004 -0.192273522023742E+002  0.759781841541250E+002  0.214790286816138E+000 -0.706475902779180E+001 -0.768717132430649E+003
  0.695011972059596E-014  0.154246602975492E+004 -0.190833659262891E+002  0.805431447536255E+002  0.260793408321231E+000 -0.706475902779180E+001 -0.768457053470744E+003
  0.739944699010440E-014  0.154232083633134E+004 -0.192449986492196E+002  0.731583203384399E+002  0.426859307097642E+000 -0.706475902779180E+001 -0.768384456758954E+003
  0.112669273049485E-013  0.154146000290808E+004 -0.192692420960123E+002  0.742422575099500E+002  0.277325101460227E+000 -0.706475902779180E+001 -0.767954040047322E+003
  0.116534725967289E-013  0.154137263711550E+004 -0.191108055120660E+002  0.786483668848871E+002  0.246539447887731E+000 -0.706475902779180E+001 -0.767910357151030E+003
  0.119900385782194E-013  0.154129579250579E+004 -0.192593079304468E+002  0.713286819691562E+002  0.445866453628255E+000 -0.706475902779180E+001 -0.767871934846178E+003
  0.139923417522875E-013  0.154096702389271E+004 -0.193741458846914E+002  0.687289182868969E+002  0.302184243838731E+000 -0.706475902779180E+001 -0.767707550539639E+003
  0.152117696599005E-013  0.154078000465961E+004 -0.191462410041591E+002  0.784955903896522E+002  0.216544673047871E+000 -0.706475902779180E+001 -0.767614040923087E+003
  0.161662096600449E-013  0.154063839641296E+004 -0.191708880455894E+002  0.772458658681751E+002  0.211896290597996E+000 -0.706475902779180E+001 -0.767543236799760E+003
  0.174000757013918E-013  0.154047139311837E+004 -0.192651288145073E+002  0.741755846536500E+002  0.298829131423111E+000 -0.706475902779180E+001 -0.767459735152466E+003
  0.181547984011716E-013  0.154036657176941E+004 -0.194271811716500E+002  0.665277893577002E+002  0.399799882215075E+000 -0.706475902779180E+001 -0.767407324477989E+003
  0.204451417473653E-013  0.154010905033489E+004 -0.192853907923019E+002  0.708065297633301E+002  0.369607298465108E+000 -0.706475902779180E+001 -0.767278563760726E+003
  0.548544152850110E-013  0.153811527488512E+004 -0.194801552614695E+002  0.657602361539019E+002  0.338112163749224E+000 -0.706475902779180E+001 -0.766281676035843E+003
  0.584774714012665E-013  0.153796745643365E+004 -0.194068116499397E+002  0.675763345075700E+002  0.325275485577839E+000 -0.706475902779180E+001 -0.766207766810105E+003
  0.872049783256972E-013  0.153714831608322E+004 -0.191346151966889E+002  0.765882566148144E+002  0.319503318876630E+000 -0.706475902779180E+001 -0.765798196634890E+003
  0.941841759219826E-013  0.153697443389461E+004 -0.190902662975322E+002  0.790804436917548E+002  0.363007866723520E+000 -0.706475902779180E+001 -0.765711255540585E+003
  0.119054763715152E-012  0.153648587042708E+004 -0.193963067853844E+002  0.695171749877694E+002  0.231164390494660E+000 -0.706475902779180E+001 -0.765466973806821E+003
  0.128587507497236E-012  0.153631191760893E+004 -0.193676308758903E+002  0.703822200026324E+002  0.224681867116516E+000 -0.706475902779180E+001 -0.765379997397745E+003
  0.172731891159798E-012  0.153570175501616E+004 -0.191262205521412E+002  0.775723977589307E+002  0.273246659974712E+000 -0.706475902779180E+001 -0.765074916101361E+003
  0.226430504781308E-012  0.153514045946367E+004 -0.194740052241259E+002  0.659193453827121E+002  0.340049481516513E+000 -0.706475902779180E+001 -0.764794268325114E+003
  0.252992770627374E-012  0.153489871312588E+004 -0.191213751694701E+002  0.766877035800894E+002  0.368785371054533E+000 -0.706475902779180E+001 -0.764673395156223E+003
  0.286535880637665E-012  0.153462980675934E+004 -0.192105470338892E+002  0.747358423414233E+002  0.255157437872882E+000 -0.706475902779180E+001 -0.764538941972953E+003
  0.296468167697086E-012  0.153454175392499E+004 -0.194477479662962E+002  0.675679187286571E+002  0.312515846984752E+000 -0.706475902779180E+001 -0.764494915555779E+003
  0.533616775663872E-012  0.153334637710270E+004 -0.190869499459792E+002  0.782024785804281E+002  0.384646667437794E+000 -0.706475902779180E+001 -0.763897227144630E+003
  0.537613369234723E-012  0.153331155299197E+004 -0.194543165113170E+002  0.661597017189184E+002  0.364255967654816E+000 -0.706475902779180E+001 -0.763879815089267E+003
  0.592351531621673E-012  0.153309773112066E+004 -0.193198496329432E+002  0.711787516409620E+002  0.387274414217204E+000 -0.706475902779180E+001 -0.763772904153614E+003
  0.586731720371170E-012  0.153309689562267E+004 -0.194160060104924E+002  0.686129464479011E+002  0.247839062014974E+000 -0.706475902779180E+001 -0.763772486404615E+003
  0.607273302576825E-012  0.153300817243921E+004 -0.190922657180824E+002  0.800535552946515E+002  0.249748959989759E+000 -0.706475902779180E+001 -0.763728124812886E+003
  0.705467536528123E-012  0.153268850814890E+004 -0.191557694002607E+002  0.754302260988332E+002  0.431541630813332E+000 -0.706475902779180E+001 -0.763568292667731E+003
  0.790400575885386E-012  0.153244124924791E+004 -0.191598752908835E+002  0.758273561384149E+002  0.420148993882488E+000 -0.706475902779180E+001 -0.763444663217235E+003
  0.875778904420751E-012  0.153221620100253E+004 -0.193337595366821E+002  0.691250852841615E+002  0.428081943797480E+000 -0.706475902779180E+001 -0.763332139094549E+003
  0.130707559786275E-011  0.153139543256915E+004 -0.193035076261138E+002  0.730966113633171E+002  0.217029181604814E+000 -0.706475902779180E+001 -0.762921754877859E+003
  0.144115564509559E-011  0.153118022580879E+004 -0.193299458477861E+002  0.712309388894001E+002  0.356377429279816E+000 -0.706475902779180E+001 -0.762814151497679E+003
  0.146584218217892E-011  0.153112635590183E+004 -0.191007222070025E+002  0.778673250564120E+002  0.396130081942589E+000 -0.706475902779180E+001 -0.762787216544197E+003
  0.152310973261258E-011  0.153102980688824E+004 -0.193622373624346E+002  0.701935848224176E+002  0.239576225995375E+000 -0.706475902779180E+001 -0.762738942037399E+003
  0.160781279335945E-011  0.153090166498589E+004 -0.191738527404904E+002  0.764274417644221E+002  0.360237856213381E+000 -0.706475902779180E+001 -0.762674871086228E+003
  0.184313557526922E-011  0.153060857733156E+004 -0.192285861484784E+002  0.726145688233884E+002  0.395186790197899E+000 -0.706475902779180E+001 -0.762528327259059E+003
  0.282167389215118E-011  0.152973695257110E+004 -0.191614135646948E+002  0.759114312149675E+002  0.298101991760119E+000 -0.706475902779180E+001 -0.762092514878832E+003
  0.346466856932030E-011  0.152930647853050E+004 -0.191020596106183E+002  0.778377464624442E+002  0.393891017462853E+000 -0.706475902779180E+001 -0.761877277858531E+003
  0.440130978563149E-011  0.152880800747259E+004 -0.191171196103174E+002  0.786391562894922E+002  0.246540845842068E+000 -0.706475902779180E+001 -0.761628042329575E+003
  0.463540188171266E-011  0.152868446535898E+004 -0.191707248631831E+002  0.748113192431415E+002  0.376448662713956E+000 -0.706475902779180E+001 -0.761566271272771E+003
  0.525423948546550E-011  0.152841393995598E+004 -0.191559924139653E+002  0.756480009952249E+002  0.340384449218887E+000 -0.706475902779180E+001 -0.761431008571274E+003
  0.525381858079709E-011  0.152839419951595E+004 -0.193994364986223E+002  0.674151567195281E+002  0.396364485129044E+000 -0.706475902779180E+001 -0.761421138351258E+003
  0.628834484186615E-011  0.152801481338635E+004 -0.190671665921997E+002  0.800883584555969E+002  0.326515408636875E+000 -0.706475902779180E+001 -0.761231445286455E+003
  0.685637979972363E-011  0.152782194936151E+004 -0.192933871101852E+002  0.704259701821873E+002  0.416462716370817E+000 -0.706475902779180E+001 -0.761135013274035E+003
  0.967700353788964E-011  0.152711290324972E+004 -0.190909780753279E+002  0.786703785932876E+002  0.371295404355287E+000 -0.706475902779180E+001 -0.760780490218139E+003
  0.961662405695022E-011  0.152710552064409E+004 -0.191950858490787E+002  0.751884061141809E+002  0.392999743085991E+000 -0.706475902779180E+001 -0.760776798915326E+003
  0.108813334894647E-010  0.152683850893472E+004 -0.192269901704551E+002  0.726741348134342E+002  0.434373198879098E+000 -0.706475902779180E+001 -0.760643293060642E+003
  0.120038639539769E-010  0.152662224867934E+004 -0.193200860525005E+002  0.697002617876146E+002  0.392036400152569E+000 -0.706475902779180E+001 -0.760535162932953E+003
  0.186330598435345E-010  0.152572293037801E+004 -0.191624417570471E+002  0.773171171631319E+002  0.316355531976472E+000 -0.706475902779180E+001 -0.760085503782287E+003
  0.213471778816533E-010  0.152543106544936E+004 -0.193769383121330E+002  0.685752775168517E+002  0.321708747031209E+000 -0.706475902779180E+001 -0.759939571317962E+003
  0.212873839884300E-010  0.152541677469002E+004 -0.192170403316567E+002  0.743826220344589E+002  0.397330903909457E+000 -0.706475902779180E+001 -0.759932425938294E+003
  0.231893157672925E-010  0.152522571993011E+004 -0.193064902036587E+002  0.702994990543127E+002  0.365512546035812E+000 -0.706475902779180E+001 -0.759836898558339E+003
  0.240599936174749E-010  0.152513210166852E+004 -0.191693217478775E+002  0.771112686750788E+002  0.227930636110691E+000 -0.706475902779180E+001 -0.759790089427539E+003
  0.283435983569668E-010  0.152478449950303E+004 -0.192632388268254E+002  0.729846932998689E+002  0.388757290416788E+000 -0.706475902779180E+001 -0.759616288344796E+003
  0.332662247874542E-010  0.152444431601241E+004 -0.194028063778160E+002  0.676842483310359E+002  0.406889408140721E+000 -0.706475902779180E+001 -0.759446196599485E+003
  0.336124711747083E-010  0.152440370624590E+004 -0.194303744237293E+002  0.678147791322203E+002  0.337615609673044E+000 -0.706475902779180E+001 -0.759425891716233E+003
  0.691819808181135E-010  0.152294011904040E+004 -0.193623948490648E+002  0.692103971819680E+002  0.409311437581641E+000 -0.706475902779180E+001 -0.758694098113484E+003
  0.726559402866585E-010  0.152282222894554E+004 -0.194317297870596E+002  0.669632912489286E+002  0.379250932856978E+000 -0.706475902779180E+001 -0.758635153066053E+003
  0.755205474964890E-010  0.152272498904582E+004 -0.192968558908693E+002  0.704331491468942E+002  0.433317890610754E+000 -0.706475902779180E+001 -0.758586533116192E+003
  0.915858272505546E-010  0.152231934485637E+004 -0.193402006871303E+002  0.716987375842090E+002  0.259486879988605E+000 -0.706475902779180E+001 -0.758383711021468E+003
  0.997039372543283E-010  0.152212958693100E+004 -0.191124247077384E+002  0.787300068347896E+002  0.327098697881655E+000 -0.706475902779180E+001 -0.758288832058781E+003
  0.160997741516495E-009  0.152115131592962E+004 -0.194020422562987E+002  0.692369450866648E+002  0.294187676935531E+000 -0.706475902779180E+001 -0.757799696558094E+003
  0.161394801763022E-009  0.152112648884570E+004 -0.192947134313363E+002  0.732366148193535E+002  0.224687987066581E+000 -0.706475902779180E+001 -0.757787283016130E+003
  0.161950200414892E-009  0.152109971751403E+004 -0.191087774933880E+002  0.790885901507093E+002  0.255242037809829E+000 -0.706475902779180E+001 -0.757773897350298E+003
  0.169501952604510E-009  0.152098866572549E+004 -0.192449974238666E+002  0.721387935741514E+002  0.428319856458281E+000 -0.706475902779180E+001 -0.757718371456028E+003
  0.170859226720319E-009  0.152095281399307E+004 -0.193377693536519E+002  0.697045004507128E+002  0.424940526198668E+000 -0.706475902779180E+001 -0.757700445589815E+003
  0.275148143187307E-009  0.151997997398493E+004 -0.194460517408646E+002  0.671217718181074E+002  0.312023819225024E+000 -0.706475902779180E+001 -0.757214025585748E+003
  0.303709757702877E-009  0.151976254763156E+004 -0.192549272401114E+002  0.718169843914326E+002  0.426467887732533E+000 -0.706475902779180E+001 -0.757105312409064E+003
  0.304931996573781E-009  0.151973461439237E+004 -0.194011742887962E+002  0.686487898472284E+002  0.352760239969414E+000 -0.706475902779180E+001 -0.757091345789465E+003
  0.401149085251730E-009  0.151916622502629E+004 -0.193809802545331E+002  0.681357676408169E+002  0.370606041731573E+000 -0.706475902779180E+001 -0.756807151106424E+003
  0.691549507918729E-009  0.151805712116133E+004 -0.193326609070654E+002  0.700122436652759E+002  0.316279280213213E+000 -0.706475902779180E+001 -0.756252599173946E+003
  0.697473511483488E-009  0.151802016091342E+004 -0.192028093706279E+002  0.764327212368368E+002  0.241432174146019E+000 -0.706475902779180E+001 -0.756234119049994E+003
  0.795500134286216E-009  0.151773724729176E+004 -0.191462380060227E+002  0.775482880439522E+002  0.249912122905242E+000 -0.706475902779180E+001 -0.756092662239162E+003
  0.904398497368498E-009  0.151746074850536E+004 -0.193969169754438E+002  0.694316586879131E+002  0.259897400815307E+000 -0.706475902779180E+001 -0.755954412845959E+003
  0.109693198653213E-008  0.151705484308384E+004 -0.192070889426951E+002  0.746155258395879E+002  0.281324139120784E+000 -0.706475902779180E+001 -0.755751460135202E+003
  0.136867026631630E-008  0.151659229746191E+004 -0.192466460027713E+002  0.749246521549124E+002  0.251710955891754E+000 -0.706475902779180E+001 -0.755520187324239E+003
  0.150132513993931E-008  0.151638737983066E+004 -0.192218185129427E+002  0.738093318219276E+002  0.302312147659607E+000 -0.706475902779180E+001 -0.755417728508610E+003
  0.228975742523114E-008  0.151552328369022E+004 -0.193713158256529E+002  0.704162013695137E+002  0.272394103372035E+000 -0.706475902779180E+001 -0.754985680438390E+003
  0.235018721689959E-008  0.151545128481323E+004 -0.192477037889076E+002  0.724485179292499E+002  0.429696099310893E+000 -0.706475902779180E+001 -0.754949680999897E+003
  0.242510371493336E-008  0.151536862554998E+004 -0.191438808270895E+002  0.760530422683995E+002  0.388348369877277E+000 -0.706475902779180E+001 -0.754908351368273E+003
  0.271794255122532E-008  0.151512072311513E+004 -0.191017665389469E+002  0.780288202189263E+002  0.355761405318446E+000 -0.706475902779180E+001 -0.754784400150849E+003
  0.307730732262957E-008  0.151485246287419E+004 -0.192592806789659E+002  0.741481631184660E+002  0.226734299044023E+000 -0.706475902779180E+001 -0.754650270030376E+003
  0.321925373930857E-008  0.151474237300047E+004 -0.193667347165724E+002  0.686388304900686E+002  0.409541522096295E+000 -0.706475902779180E+001 -0.754595225093516E+003
  0.324679973337964E-008  0.151470543186062E+004 -0.191861820463926E+002  0.758668776277705E+002  0.358337157690637E+000 -0.706475902779180E+001 -0.754576754523593E+003
  0.368831046607622E-008  0.151443053385664E+004 -0.191043751818158E+002  0.784203814175318E+002  0.350371678680922E+000 -0.706475902779180E+001 -0.754439305521600E+003
  0.475944569750682E-008  0.151390070774207E+004 -0.193831025755994E+002  0.683254949027140E+002  0.344685809305796E+000 -0.706475902779180E+001 -0.754174392464315E+003
  0.480456417408697E-008  0.151386193683163E+004 -0.191215137664347E+002  0.784224297717802E+002  0.263239415850147E+000 -0.706475902779180E+001 -0.754155007009095E+003
  0.498188026700726E-008  0.151376955407450E+004 -0.194247015785648E+002  0.673281735432578E+002  0.345176038375369E+000 -0.706475902779180E+001 -0.754108815630534E+003
  0.513118555352008E-008  0.151369059471060E+004 -0.192707216937046E+002  0.717657842421383E+002  0.426845082490678E+000 -0.706475902779180E+001 -0.754069335948581E+003
  0.517038517890264E-008  0.151365547314109E+004 -0.194156684371993E+002  0.682643851879608E+002  0.330594192862354E+000 -0.706475902779180E+001 -0.754051775163827E+003
  0.584376504287421E-008  0.151339071627979E+004 -0.193235092270499E+002  0.709392126953420E+002  0.379827910291525E+000 -0.706475902779180E+001 -0.753919396733175E+003
  0.695461334798872E-008  0.151302275573366E+004 -0.192410413535896E+002  0.743984970812986E+002  0.330559447342411E+000 -0.706475902779180E+001 -0.753735416460112E+003
  0.776034709229666E-008  0.151278361140967E+004 -0.191991366834983E+002  0.746635411628977E+002  0.301538487545581E+000 -0.706475902779180E+001 -0.753615844298118E+003
  0.829584833239747E-008  0.151263025449364E+004 -0.191590250200741E+002  0.763141864434523E+002  0.290615690991160E+000 -0.706475902779180E+001 -0.753539165840104E+003
  0.105224141354206E-007  0.151213484888635E+004 -0.192889852460557E+002  0.720035463229952E+002  0.386307481649559E+000 -0.706475902779180E+001 -0.753291463036459E+003
  0.122838053007473E-007  0.151180540004247E+004 -0.192885748338273E+002  0.720287570336595E+002  0.273634403758034E+000 -0.706475902779180E+001 -0.753126738614514E+003
  0.128986479248546E-007  0.151168781789832E+004 -0.191009287899341E+002  0.784228187168897E+002  0.316858352169788E+000 -0.706475902779180E+001 -0.753067947542441E+003
  0.139906494087672E-007  0.151150538381011E+004 -0.192321052605602E+002  0.733081971340909E+002  0.318648951223500E+000 -0.706475902779180E+001 -0.752976730498338E+003
  0.156401134060601E-007  0.151126258359037E+004 -0.192819514244216E+002  0.726124907784542E+002  0.253886412652047E+000 -0.706475902779180E+001 -0.752855330388465E+003
  0.156325942966181E-007  0.151124364467584E+004 -0.193269072208115E+002  0.697384578464621E+002  0.413741572623103E+000 -0.706475902779180E+001 -0.752845860931200E+003
  0.154903161415552E-007  0.151124203011195E+004 -0.193778855374557E+002  0.699269884901151E+002  0.301258713781212E+000 -0.706475902779180E+001 -0.752845053649259E+003
  0.153673900013271E-007  0.151123806411369E+004 -0.194161212125181E+002  0.675568775893491E+002  0.360728002250343E+000 -0.706475902779180E+001 -0.752843070650127E+003
  0.166509818062899E-007  0.151105772055171E+004 -0.191749179985385E+002  0.764362151161411E+002  0.340390486522310E+000 -0.706475902779180E+001 -0.752752898869137E+003
  0.165748052084408E-007  0.151104699068632E+004 -0.191952590687275E+002  0.760009632602928E+002  0.240932086679994E+000 -0.706475902779180E+001 -0.752747533936444E+003
  0.262749100011792E-007  0.151010562860938E+004 -0.193991085845181E+002  0.691182362845753E+002  0.274160334651881E+000 -0.706475902779180E+001 -0.752276852897971E+003
  0.294442124277242E-007  0.150985796219305E+004 -0.191013608393537E+002  0.786692232124614E+002  0.330122394555350E+000 -0.706475902779180E+001 -0.752153019689805E+003
  0.411401242700747E-007  0.150916908845918E+004 -0.193384572137695E+002  0.696730932183381E+002  0.410215150707185E+000 -0.706475902779180E+001 -0.751808582822874E+003
  0.410720473583112E-007  0.150915250005288E+004 -0.191188599449755E+002  0.774368429685684E+002  0.362533546507185E+000 -0.706475902779180E+001 -0.751800288619720E+003
  0.433307804385050E-007  0.150902552845135E+004 -0.191770703771774E+002  0.770723486986567E+002  0.253057075822192E+000 -0.706475902779180E+001 -0.751736802818956E+003
  0.452779993822829E-007  0.150891771178450E+004 -0.193632821846672E+002  0.693474762909179E+002  0.385785403156616E+000 -0.706475902779180E+001 -0.751682894485532E+003
  0.525154375215589E-007  0.150860123927332E+004 -0.191421702136798E+002  0.763326351638694E+002  0.358662967582055E+000 -0.706475902779180E+001 -0.751524658229941E+003
  0.552853274603080E-007  0.150847853786620E+004 -0.193434241009704E+002  0.713247928180037E+002  0.272413022860582E+000 -0.706475902779180E+001 -0.751463307526383E+003
  0.596688121174970E-007  0.150830603335111E+004 -0.191591865583607E+002  0.761715472350135E+002  0.304738307114557E+000 -0.706475902779180E+001 -0.751377055268836E+003
  0.101282346669520E-006  0.150722792738052E+004 -0.191027320563194E+002  0.786252052829225E+002  0.314926362832613E+000 -0.706475902779180E+001 -0.750838002283540E+003
  0.100305327929771E-006  0.150722741334831E+004 -0.192700028475566E+002  0.739410632695428E+002  0.242928971082442E+000 -0.706475902779180E+001 -0.750837745267437E+003
  0.105664181529568E-006  0.150710341838102E+004 -0.192105558131786E+002  0.751760568693163E+002  0.252514623830363E+000 -0.706475902779180E+001 -0.750775747783794E+003
  0.112662078698658E-006  0.150695526388314E+004 -0.191223868013549E+002  0.774572756451190E+002  0.360328401493443E+000 -0.706475902779180E+001 -0.750701670534849E+003
  0.127749291590185E-006  0.150668400962261E+004 -0.191741375853415E+002  0.768683356572239E+002  0.300615421264109E+000 -0.706475902779180E+001 -0.750566043404586E+003
  0.128702885821834E-006  0.150664923525406E+004 -0.193615415450118E+002  0.688702558689867E+002  0.369193461134526E+000 -0.706475902779180E+001 -0.750548656220310E+003
  0.158341353750448E-006  0.150621484132807E+004 -0.192303775653283E+002  0.735532096403665E+002  0.401718288443439E+000 -0.706475902779180E+001 -0.750331459257317E+003
  0.162842490039285E-006  0.150613888017538E+004 -0.193906071442815E+002  0.689036379582739E+002  0.289768786915970E+000 -0.706475902779180E+001 -0.750293478680970E+003
  0.206296373108761E-006  0.150564591866484E+004 -0.193878189178045E+002  0.682941282877237E+002  0.352217803276377E+000 -0.706475902779180E+001 -0.750046997925702E+003
  0.204778258350285E-006  0.150564079022739E+004 -0.191886010574742E+002  0.765255297188789E+002  0.284333200550419E+000 -0.706475902779180E+001 -0.750044433706976E+003
  0.207487478218985E-006  0.150559460303611E+004 -0.193585317289026E+002  0.698051480089759E+002  0.365309086128045E+000 -0.706475902779180E+001 -0.750021340111336E+003
  0.230510217402227E-006  0.150536425398108E+004 -0.192800799972288E+002  0.734962175809907E+002  0.241400925511746E+000 -0.706475902779180E+001 -0.749906165583821E+003
  0.235826497766231E-006  0.150529875098515E+004 -0.192061757448726E+002  0.745939794240767E+002  0.387574321840127E+000 -0.706475902779180E+001 -0.749873414085855E+003
  0.237151742648552E-006  0.150526764263364E+004 -0.192025824229074E+002  0.761563941463672E+002  0.248164769592836E+000 -0.706475902779180E+001 -0.749857859910101E+003
  0.237067620882452E-006  0.150524845153188E+004 -0.191680604565899E+002  0.772581028988125E+002  0.261407812855432E+000 -0.706475902779180E+001 -0.749848264359223E+003
  0.237263409855502E-006  0.150522689979553E+004 -0.193520105259945E+002  0.697248629930214E+002  0.304879088116399E+000 -0.706475902779180E+001 -0.749837488491048E+003
  0.239686477307305E-006  0.150518667760015E+004 -0.193343625166664E+002  0.709080060411735E+002  0.263612549136026E+000 -0.706475902779180E+001 -0.749817377393357E+003
  0.244194452964883E-006  0.150512951069542E+004 -0.192268624527895E+002  0.753078893674475E+002  0.241871146045452E+000 -0.706475902779180E+001 -0.749788793940994E+003
  0.262024100292507E-006  0.150496866675553E+004 -0.192386244821225E+002  0.749969917652421E+002  0.252745990236743E+000 -0.706475902779180E+001 -0.749708371971048E+003
  0.276351783290589E-006  0.150484228980204E+004 -0.191797689225161E+002  0.765683585067870E+002  0.309605232426807E+000 -0.706475902779180E+001 -0.749645183494302E+003
  0.357656052659281E-006  0.150430659484723E+004 -0.191876709240145E+002  0.763833217533081E+002  0.247595176550994E+000 -0.706475902779180E+001 -0.749377336016896E+003
  0.361509825977060E-006  0.150426525929646E+004 -0.192054451496950E+002  0.756282911696888E+002  0.246747633817813E+000 -0.706475902779180E+001 -0.749356668241513E+003
  0.373105686799063E-006  0.150418221363520E+004 -0.191224152761658E+002  0.776662890544289E+002  0.313935476807049E+000 -0.706475902779180E+001 -0.749315145410881E+003
  0.374126477592282E-006  0.150415684858651E+004 -0.191598228616464E+002  0.767655288156086E+002  0.272052959444514E+000 -0.706475902779180E+001 -0.749302462886536E+003
  0.395780442250241E-006  0.150402441651859E+004 -0.192247401319814E+002  0.748031971059657E+002  0.333572647711367E+000 -0.706475902779180E+001 -0.749236246852575E+003
  0.418030289289185E-006  0.150389512730972E+004 -0.192817664018271E+002  0.712665340749495E+002  0.408816095360442E+000 -0.706475902779180E+001 -0.749171602248142E+003
  0.450662715621214E-006  0.150372489603107E+004 -0.191986697080222E+002  0.748085861998208E+002  0.386650067401727E+000 -0.706475902779180E+001 -0.749086486608819E+003
  0.468804951433302E-006  0.150362606017066E+004 -0.192527367036784E+002  0.743385761538055E+002  0.240707284791891E+000 -0.706475902779180E+001 -0.749037068678611E+003
  0.501861183427051E-006  0.150346988600040E+004 -0.191649819345173E+002  0.768663497272448E+002  0.260740264869207E+000 -0.706475902779180E+001 -0.748958981593483E+003
  0.550232647686032E-006  0.150326595007836E+004 -0.191536143540919E+002  0.764317882182827E+002  0.370344219022708E+000 -0.706475902779180E+001 -0.748857013632461E+003
  0.571521315059683E-006  0.150317012822735E+004 -0.193709182840644E+002  0.699043820212345E+002  0.317956961043384E+000 -0.706475902779180E+001 -0.748809102706958E+003
  0.605489793910184E-006  0.150303475570969E+004 -0.191524742081443E+002  0.760735802636996E+002  0.349944086707271E+000 -0.706475902779180E+001 -0.748741416448125E+003
  0.618177042052563E-006  0.150297338067791E+004 -0.193358778138552E+002  0.697215598354271E+002  0.399593229707476E+000 -0.706475902779180E+001 -0.748710728932239E+003
  0.622875432972069E-006  0.150293833669726E+004 -0.191652481444171E+002  0.769848272072886E+002  0.258318666624811E+000 -0.706475902779180E+001 -0.748693206941910E+003
  0.662136472964241E-006  0.150279618576458E+004 -0.191812667918989E+002  0.750882412076765E+002  0.333063562850119E+000 -0.706475902779180E+001 -0.748622131475573E+003
  0.715653022179368E-006  0.150262083759007E+004 -0.193309740870787E+002  0.699624425866854E+002  0.345112730268632E+000 -0.706475902779180E+001 -0.748534457388318E+003
  0.852471743204733E-006  0.150225104768996E+004 -0.192308863967149E+002  0.750201838994444E+002  0.291477100373269E+000 -0.706475902779180E+001 -0.748349562438264E+003
  0.914650440944146E-006  0.150209034323282E+004 -0.191759855770100E+002  0.753503532441311E+002  0.387229313228440E+000 -0.706475902779180E+001 -0.748269210209690E+003
  0.949723502148153E-006  0.150199518470844E+004 -0.191699142644435E+002  0.753002955059902E+002  0.372211002845621E+000 -0.706475902779180E+001 -0.748221630947504E+003
  0.106687910026092E-005  0.150174263995689E+004 -0.191631392178008E+002  0.756976441211812E+002  0.345638048292043E+000 -0.706475902779180E+001 -0.748095358571726E+003
  0.105678215772673E-005  0.150174175742923E+004 -0.191283054384838E+002  0.772703981986897E+002  0.334882138120356E+000 -0.706475902779180E+001 -0.748094917307894E+003
  0.105823030468419E-005  0.150171911797102E+004 -0.192772108388813E+002  0.735457337436796E+002  0.246975102800195E+000 -0.706475902779180E+001 -0.748083597578790E+003
  0.111873740786079E-005  0.150158801181738E+004 -0.192722695618932E+002  0.736265682966296E+002  0.243965983637441E+000 -0.706475902779180E+001 -0.748018044501970E+003
  0.115067145313664E-005  0.150151182133711E+004 -0.191176954060671E+002  0.780509927741285E+002  0.319084853094370E+000 -0.706475902779180E+001 -0.747979949261836E+003
  0.115316819720864E-005  0.150148758574689E+004 -0.192331316158854E+002  0.751066162839248E+002  0.256298908873563E+000 -0.706475902779180E+001 -0.747967831466724E+003
  0.141785299886213E-005  0.150105442379266E+004 -0.193266228227274E+002  0.704614243232284E+002  0.310441571781962E+000 -0.706475902779180E+001 -0.747751250489614E+003
  0.146921653747868E-005  0.150096335205853E+004 -0.191284205437837E+002  0.781070133273758E+002  0.291629069645913E+000 -0.706475902779180E+001 -0.747705714622546E+003
  0.184481751995675E-005  0.150048814924399E+004 -0.192268158620414E+002  0.733197355469676E+002  0.402812926398699E+000 -0.706475902779180E+001 -0.747468113215275E+003
  0.183208282549405E-005  0.150048210236583E+004 -0.191354730384334E+002  0.779363001665070E+002  0.283823933967340E+000 -0.706475902779180E+001 -0.747465089776198E+003
  0.183420199593713E-005  0.150045988964079E+004 -0.192069409818456E+002  0.750539576404990E+002  0.269997620890823E+000 -0.706475902779180E+001 -0.747453983413677E+003
  0.201549982067441E-005  0.150025147356452E+004 -0.193605572665284E+002  0.704196541932371E+002  0.295819862823832E+000 -0.706475902779180E+001 -0.747349775375543E+003
  0.231084213434595E-005  0.149995808329518E+004 -0.191409481759151E+002  0.770194829907220E+002  0.308905723798746E+000 -0.706475902779180E+001 -0.747203080240871E+003
  0.236056139964224E-005  0.149989560772641E+004 -0.191640991999216E+002  0.770719614532437E+002  0.300417460016067E+000 -0.706475902779180E+001 -0.747171842456486E+003
  0.236194683548190E-005  0.149987453359009E+004 -0.192457489383042E+002  0.727823725615417E+002  0.337773714525119E+000 -0.706475902779180E+001 -0.747161305388326E+003
  0.235582797820221E-005  0.149985982084934E+004 -0.192439371553027E+002  0.727333364345485E+002  0.350930371573322E+000 -0.706475902779180E+001 -0.747153949017954E+003
  0.233828484217695E-005  0.149985486931082E+004 -0.192462000255944E+002  0.742611340755123E+002  0.313677209350373E+000 -0.706475902779180E+001 -0.747151473248694E+003
  0.232383459532550E-005  0.149984736669539E+004 -0.192716041091144E+002  0.729683220991944E+002  0.262460454020245E+000 -0.706475902779180E+001 -0.747147721940976E+003
  0.237700083153141E-005  0.149978222428538E+004 -0.193170257374171E+002  0.719413008754595E+002  0.253014179241303E+000 -0.706475902779180E+001 -0.747115150735970E+003
  0.251233397732040E-005  0.149965157831503E+004 -0.193948592039111E+002  0.686546192586057E+002  0.334821951802895E+000 -0.706475902779180E+001 -0.747049827750796E+003
  0.260484521155751E-005  0.149955935553098E+004 -0.193053044171401E+002  0.705744129494734E+002  0.385767768889865E+000 -0.706475902779180E+001 -0.747003716358774E+003
  0.278934773412202E-005  0.149940258581377E+004 -0.193692292264789E+002  0.692402191459731E+002  0.365754804740420E+000 -0.706475902779180E+001 -0.746925331500165E+003
  0.277368248876480E-005  0.149939394900369E+004 -0.191729112097318E+002  0.752666964354416E+002  0.362080920475693E+000 -0.706475902779180E+001 -0.746921013095128E+003
  0.275774910181839E-005  0.149938557044490E+004 -0.192058331397687E+002  0.742014898063698E+002  0.394741271623821E+000 -0.706475902779180E+001 -0.746916823815733E+003
  0.380738513541839E-005  0.149872061411684E+004 -0.192228116513843E+002  0.746102132376788E+002  0.347530093817787E+000 -0.706475902779180E+001 -0.746584345651701E+003
  0.422236414507773E-005  0.149849380833957E+004 -0.191843377002834E+002  0.753044077195973E+002  0.376701023648684E+000 -0.706475902779180E+001 -0.746470942763067E+003
  0.459411459674276E-005  0.149830514597047E+004 -0.193555976827672E+002  0.692603774099327E+002  0.378329497630450E+000 -0.706475902779180E+001 -0.746376611578519E+003
  0.468902588304121E-005  0.149824434768634E+004 -0.193662740389980E+002  0.701491159197717E+002  0.296867714452899E+000 -0.706475902779180E+001 -0.746346212436453E+003
  0.469912413402753E-005  0.149822014447094E+004 -0.192776473740740E+002  0.717053648545775E+002  0.342225694336181E+000 -0.706475902779180E+001 -0.746334110828753E+003
  0.467017034231409E-005  0.149821260498924E+004 -0.193041510481174E+002  0.725701037975496E+002  0.265808112697443E+000 -0.706475902779180E+001 -0.746330341087902E+003
  0.490716190814276E-005  0.149809370391749E+004 -0.193738020726030E+002  0.688823265896328E+002  0.365360536087107E+000 -0.706475902779180E+001 -0.746270890552029E+003
  0.488661100982613E-005  0.149808219672321E+004 -0.193876320375733E+002  0.688288608254344E+002  0.341140735753102E+000 -0.706475902779180E+001 -0.746265136954886E+003
  0.523488196641579E-005  0.149792460550377E+004 -0.193824907991253E+002  0.693897807848085E+002  0.311418633212529E+000 -0.706475902779180E+001 -0.746186341345167E+003
  0.524406519464176E-005  0.149790119944007E+004 -0.192680675508180E+002  0.726749591121463E+002  0.375051126453199E+000 -0.706475902779180E+001 -0.746174638313315E+003
  0.563961281476208E-005  0.149773586194790E+004 -0.193282528755966E+002  0.713943271542973E+002  0.260983007083695E+000 -0.706475902779180E+001 -0.746091969567233E+003
  0.576189569055342E-005  0.149767305904576E+004 -0.191728791763123E+002  0.768626676575640E+002  0.286302162129762E+000 -0.706475902779180E+001 -0.746060568116163E+003
  0.612865175597100E-005  0.149752974188341E+004 -0.193170627032339E+002  0.710139447324089E+002  0.294381907319207E+000 -0.706475902779180E+001 -0.745988909534988E+003
  0.789084318498867E-005  0.149700438479596E+004 -0.193350330917455E+002  0.703404013063174E+002  0.305105453248472E+000 -0.706475902779180E+001 -0.745726230991262E+003
  0.801308357831263E-005  0.149695373882149E+004 -0.193460841212681E+002  0.701545599250469E+002  0.295903850593760E+000 -0.706475902779180E+001 -0.745700908004028E+003
  0.844822420901340E-005  0.149682807693294E+004 -0.193439856624295E+002  0.706877430100718E+002  0.271963932699358E+000 -0.706475902779180E+001 -0.745638077059751E+003
  0.115391092705450E-004  0.149618460466056E+004 -0.192054747702750E+002  0.758654874745478E+002  0.274533573654844E+000 -0.706475902779180E+001 -0.745316340923563E+003
  0.124712637478608E-004  0.149600933394732E+004 -0.191834019185401E+002  0.751193389578207E+002  0.378549004395632E+000 -0.706475902779180E+001 -0.745228705566940E+003
  0.140649130989909E-004  0.149574892095404E+004 -0.192457177516246E+002  0.727220167341135E+002  0.352435560264010E+000 -0.706475902779180E+001 -0.745098499070302E+003
  0.139454236450793E-004  0.149574608401846E+004 -0.192621391466332E+002  0.737589273940781E+002  0.252170616252065E+000 -0.706475902779180E+001 -0.745097080602513E+003
  0.164682288489358E-004  0.149539362015663E+004 -0.192558201913386E+002  0.740892111044633E+002  0.289969508156052E+000 -0.706475902779180E+001 -0.744920848671595E+003
  0.191242537241274E-004  0.149507467077973E+004 -0.191456844133588E+002  0.766954717678612E+002  0.340356804272732E+000 -0.706475902779180E+001 -0.744761373983146E+003
  0.190957854588600E-004  0.149505774952580E+004 -0.191987251542837E+002  0.747336851830926E+002  0.316648970031574E+000 -0.706475902779180E+001 -0.744752913356183E+003
  0.207426226977682E-004  0.149487240287065E+004 -0.192282422709953E+002  0.745583630740012E+002  0.263244774856184E+000 -0.706475902779180E+001 -0.744660240028608E+003
  0.205856420297106E-004  0.149486769582272E+004 -0.192087343989308E+002  0.743629660148392E+002  0.317263283346644E+000 -0.706475902779180E+001 -0.744657886504640E+003
  0.224664733900126E-004  0.149467293459610E+004 -0.191980962419302E+002  0.743741290034004E+002  0.371629715560856E+000 -0.706475902779180E+001 -0.744560505891329E+003
  0.227221602378003E-004  0.149463040084673E+004 -0.191906353543561E+002  0.759358734328860E+002  0.320341629312180E+000 -0.706475902779180E+001 -0.744539239016649E+003
  0.226277441886927E-004  0.149461882798079E+004 -0.192856466552192E+002  0.716089080250253E+002  0.330159108676261E+000 -0.706475902779180E+001 -0.744533452583679E+003
  0.248422502359855E-004  0.149441218917942E+004 -0.192236489191886E+002  0.749376235161678E+002  0.313544129573296E+000 -0.706475902779180E+001 -0.744430133182992E+003
  0.249104740731467E-004  0.149438680348100E+004 -0.193069537887066E+002  0.723609656593814E+002  0.277678404974961E+000 -0.706475902779180E+001 -0.744417440333779E+003
  0.248166103617471E-004  0.149437445313710E+004 -0.192734742937880E+002  0.720508359297444E+002  0.391399053351507E+000 -0.706475902779180E+001 -0.744411265161834E+003
  0.250083644208022E-004  0.149433915818716E+004 -0.192428372046890E+002  0.745625938523638E+002  0.257293706047486E+000 -0.706475902779180E+001 -0.744393617686863E+003
  0.274914871963079E-004  0.149412992541644E+004 -0.192541044248429E+002  0.728105218928909E+002  0.386884218506792E+000 -0.706475902779180E+001 -0.744289001301500E+003
  0.294150101181806E-004  0.149397476737064E+004 -0.191561624507604E+002  0.766027264320952E+002  0.343303379202130E+000 -0.706475902779180E+001 -0.744211422278602E+003
  0.300010629772693E-004  0.149391541126631E+004 -0.192036161311070E+002  0.749388714617591E+002  0.360479471713149E+000 -0.706475902779180E+001 -0.744181744226436E+003
  0.310546629925969E-004  0.149382647828382E+004 -0.193623838247404E+002  0.700963326802659E+002  0.287620769585761E+000 -0.706475902779180E+001 -0.744137277735193E+003
  0.330317187176234E-004  0.149368313902392E+004 -0.191645940528965E+002  0.759658107054456E+002  0.359726527896449E+000 -0.706475902779180E+001 -0.744065608105243E+003
  0.328526161819374E-004  0.149367411214441E+004 -0.192423564842043E+002  0.744598469578448E+002  0.255794348820159E+000 -0.706475902779180E+001 -0.744061094665485E+003
  0.328500557170027E-004  0.149365436736464E+004 -0.191852922768051E+002  0.759033341810301E+002  0.334598793471132E+000 -0.706475902779180E+001 -0.744051222275600E+003
  0.325427761378928E-004  0.149365326275944E+004 -0.192828282749589E+002  0.724761675543538E+002  0.274831347058101E+000 -0.706475902779180E+001 -0.744050669973003E+003
  0.324300031193029E-004  0.149364030489028E+004 -0.192313150959794E+002  0.747490572857400E+002  0.305862073344140E+000 -0.706475902779180E+001 -0.744044191038422E+003
  0.386649072698586E-004  0.149326870746206E+004 -0.193407529018064E+002  0.697981555522333E+002  0.373526806510396E+000 -0.706475902779180E+001 -0.743858392324312E+003
  0.448358435549931E-004  0.149295265580212E+004 -0.192765020019654E+002  0.727268797236609E+002  0.347639671677887E+000 -0.706475902779180E+001 -0.743700366494340E+003
  0.448537563083792E-004  0.149293195626278E+004 -0.192833424792278E+002  0.730115996699100E+002  0.301668999165155E+000 -0.706475902779180E+001 -0.743690016724674E+003
  0.513377353788305E-004  0.149264201814806E+004 -0.191764834846064E+002  0.756123057896262E+002  0.318137083484970E+000 -0.706475902779180E+001 -0.743545047667312E+003
  0.518377275168428E-004  0.149260273318555E+004 -0.191948193157481E+002  0.759962688413898E+002  0.297031642713686E+000 -0.706475902779180E+001 -0.743525405186058E+003
  0.543789106754415E-004  0.149248711613847E+004 -0.192200989563588E+002  0.747103424580932E+002  0.339379165201309E+000 -0.706475902779180E+001 -0.743467596662517E+003
  0.541197500035512E-004  0.149247676992336E+004 -0.193072099508136E+002  0.721279145250105E+002  0.263770754167199E+000 -0.706475902779180E+001 -0.743462423554961E+003
  0.617976536849920E-004  0.149219153683468E+004 -0.193653649637842E+002  0.696924157208671E+002  0.303534146308046E+000 -0.706475902779180E+001 -0.743319807010621E+003
  0.702758760039137E-004  0.149191450980376E+004 -0.193534818049311E+002  0.699756938219802E+002  0.346087949296802E+000 -0.706475902779180E+001 -0.743181293495163E+003
  0.706603590452029E-004  0.149188369685977E+004 -0.191490406443763E+002  0.769029653355524E+002  0.314262582843858E+000 -0.706475902779180E+001 -0.743165887023169E+003
  0.714736767833721E-004  0.149184090719444E+004 -0.192287620463933E+002  0.741920932865942E+002  0.282753321643353E+000 -0.706475902779180E+001 -0.743144492190504E+003
  0.777164138442774E-004  0.149165353201991E+004 -0.191540584574957E+002  0.764800982061023E+002  0.335043574699666E+000 -0.706475902779180E+001 -0.743050804603237E+003
  0.791148091636040E-004  0.149159796416505E+004 -0.191680018250992E+002  0.765910704335552E+002  0.317317882725610E+000 -0.706475902779180E+001 -0.743023020675807E+003
  0.865239443451297E-004  0.149139902128166E+004 -0.191679551019189E+002  0.761470330875426E+002  0.346367197537286E+000 -0.706475902779180E+001 -0.742923549234112E+003
  0.909943510110866E-004  0.149127836814212E+004 -0.192457540828682E+002  0.737576088479551E+002  0.275017200074365E+000 -0.706475902779180E+001 -0.742863222664340E+003
  0.908639140193021E-004  0.149126133646223E+004 -0.192851894443953E+002  0.714070278648246E+002  0.372224966602430E+000 -0.706475902779180E+001 -0.742854706824398E+003
  0.958432297265571E-004  0.149113473400838E+004 -0.192504638847127E+002  0.728381770053155E+002  0.385237237471653E+000 -0.706475902779180E+001 -0.742791405597473E+003
  0.123982447268257E-003  0.149059998100998E+004 -0.191752102073106E+002  0.760484560574837E+002  0.339724914015167E+000 -0.706475902779180E+001 -0.742524029098272E+003
  0.126159117982327E-003  0.149054527244813E+004 -0.193540293534895E+002  0.700976112911757E+002  0.298220223209272E+000 -0.706475902779180E+001 -0.742496674817348E+003
  0.134792954720362E-003  0.149039297982431E+004 -0.193530901931979E+002  0.704171179929988E+002  0.296537006318071E+000 -0.706475902779180E+001 -0.742420528505437E+003
  0.137757336874982E-003  0.149032957160973E+004 -0.193518002714401E+002  0.696254415325884E+002  0.347283964900326E+000 -0.706475902779180E+001 -0.742388824398145E+003
  0.138357306353063E-003  0.149030097933478E+004 -0.191982010819763E+002  0.753526032597350E+002  0.283437093543389E+000 -0.706475902779180E+001 -0.742374528260671E+003
  0.144862804689838E-003  0.149018918346412E+004 -0.192822289237975E+002  0.715292903388741E+002  0.374611727915909E+000 -0.706475902779180E+001 -0.742318630325342E+003
  0.145107338973872E-003  0.149016590956765E+004 -0.192648945811739E+002  0.736839265614086E+002  0.290536608918510E+000 -0.706475902779180E+001 -0.742306993377108E+003
  0.150901465953072E-003  0.149006770221971E+004 -0.192243355611606E+002  0.749891843166509E+002  0.264728194003041E+000 -0.706475902779180E+001 -0.742257889703139E+003
  0.159532665943472E-003  0.148993655831211E+004 -0.193661143390060E+002  0.695373423938181E+002  0.323635188897655E+000 -0.706475902779180E+001 -0.742192317749335E+003
  0.161556423001392E-003  0.148989144615706E+004 -0.193445345242904E+002  0.701186690574699E+002  0.354202207106518E+000 -0.706475902779180E+001 -0.742169761671814E+003
  0.174366692589109E-003  0.148971893337476E+004 -0.193544239397794E+002  0.698291244759416E+002  0.316851937036389E+000 -0.706475902779180E+001 -0.742083505280663E+003
  0.177638833820890E-003  0.148966184880269E+004 -0.191678994530660E+002  0.758916252929877E+002  0.345598487937484E+000 -0.706475902779180E+001 -0.742054962994628E+003
  0.179244654872567E-003  0.148962394975283E+004 -0.192221545620743E+002  0.742735085588784E+002  0.359585920896831E+000 -0.706475902779180E+001 -0.742036013469696E+003
  0.182820354441994E-003  0.148956454440845E+004 -0.192763627684083E+002  0.731190331222852E+002  0.264462357391081E+000 -0.706475902779180E+001 -0.742006310797506E+003
  0.184659728221911E-003  0.148952462209955E+004 -0.192772145986549E+002  0.718130877211464E+002  0.383507006831674E+000 -0.706475902779180E+001 -0.741986349643057E+003
  0.190468107258021E-003  0.148944278155782E+004 -0.193048127382962E+002  0.709392507198894E+002  0.349146959592825E+000 -0.706475902779180E+001 -0.741945429372189E+003
  0.211005461834299E-003  0.148921808238805E+004 -0.193173940354344E+002  0.713469325601629E+002  0.284484198875347E+000 -0.706475902779180E+001 -0.741833079787307E+003
  0.209185559790252E-003  0.148921550635567E+004 -0.191655824212325E+002  0.763032801099577E+002  0.308327810063381E+000 -0.706475902779180E+001 -0.741831791771117E+003
  0.221989589164968E-003  0.148907678813162E+004 -0.192362077657120E+002  0.731538613871062E+002  0.378028506768646E+000 -0.706475902779180E+001 -0.741762432659093E+003
  0.220674317849638E-003  0.148906877256075E+004 -0.193585293231617E+002  0.700172581669506E+002  0.317332402959172E+000 -0.706475902779180E+001 -0.741758424873657E+003
  0.219443077445554E-003  0.148906006203721E+004 -0.193171753265225E+002  0.708256175992229E+002  0.320434896600669E+000 -0.706475902779180E+001 -0.741754069611889E+003
  0.238321719157112E-003  0.148887510407268E+004 -0.192981699498653E+002  0.711900673848090E+002  0.379055293164851E+000 -0.706475902779180E+001 -0.741661590629624E+003
  0.240342859788730E-003  0.148883831348235E+004 -0.191676061675765E+002  0.763405591497177E+002  0.301774964317946E+000 -0.706475902779180E+001 -0.741643195334458E+003
  0.244830013129817E-003  0.148878141750177E+004 -0.191748483120385E+002  0.758103783880989E+002  0.315906846296002E+000 -0.706475902779180E+001 -0.741614747344169E+003
  0.261063645923200E-003  0.148863311666821E+004 -0.191858691298973E+002  0.759353135414229E+002  0.321762265030887E+000 -0.706475902779180E+001 -0.741540596927386E+003
  0.273650639312165E-003  0.148851903996226E+004 -0.191600491370373E+002  0.765170785186215E+002  0.318096030467085E+000 -0.706475902779180E+001 -0.741483558574413E+003
  0.271038268390929E-003  0.148851832376284E+004 -0.192315304853008E+002  0.740016180073551E+002  0.292211114352361E+000 -0.706475902779180E+001 -0.741483200474702E+003
  0.309268865715699E-003  0.148823452111820E+004 -0.193125798444076E+002  0.708100437897417E+002  0.373220518833706E+000 -0.706475902779180E+001 -0.741341299152383E+003
  0.320315744018824E-003  0.148814442806603E+004 -0.191821483436339E+002  0.762525293273197E+002  0.286343964157213E+000 -0.706475902779180E+001 -0.741296252626297E+003
  0.321114031204665E-003  0.148811954922820E+004 -0.193433585488904E+002  0.704952277627944E+002  0.295912974166398E+000 -0.706475902779180E+001 -0.741283813207382E+003
  0.326717451244433E-003  0.148806504969357E+004 -0.193336446175798E+002  0.711386574903702E+002  0.290726233308582E+000 -0.706475902779180E+001 -0.741256563440068E+003
  0.328243496172033E-003  0.148803582910099E+004 -0.191658314617922E+002  0.765123014304733E+002  0.302216163216734E+000 -0.706475902779180E+001 -0.741241953143777E+003
  0.331132346502113E-003  0.148799840357030E+004 -0.192685038930664E+002  0.734573706567966E+002  0.266804716275245E+000 -0.706475902779180E+001 -0.741223240378430E+003
  0.340174146908989E-003  0.148792462380972E+004 -0.192168849807904E+002  0.738745792446283E+002  0.357171462752660E+000 -0.706475902779180E+001 -0.741186350498142E+003
  0.359240914496329E-003  0.148779565204568E+004 -0.192102567634119E+002  0.751258910914281E+002  0.277025762932681E+000 -0.706475902779180E+001 -0.741121864616121E+003
  0.370253385400508E-003  0.148771536265954E+004 -0.192060684530833E+002  0.743233130073175E+002  0.348874807499408E+000 -0.706475902779180E+001 -0.741081719923049E+003
  0.368543593964047E-003  0.148770471917964E+004 -0.192150394455928E+002  0.753013276793763E+002  0.287252877398808E+000 -0.706475902779180E+001 -0.741076398183100E+003
  0.370739460826899E-003  0.148767293742147E+004 -0.192893950264859E+002  0.722504015529199E+002  0.343120769923261E+000 -0.706475902779180E+001 -0.741060507304018E+003
  0.371869829780888E-003  0.148764694812155E+004 -0.191696103030354E+002  0.759443199247971E+002  0.336727736379858E+000 -0.706475902779180E+001 -0.741047512654056E+003
  0.379681449900550E-003  0.148758546998318E+004 -0.192572455845104E+002  0.729890039897573E+002  0.301677580511406E+000 -0.706475902779180E+001 -0.741016773584872E+003
  0.379751587430025E-003  0.148756519990099E+004 -0.192854593148819E+002  0.726915051714357E+002  0.271095557272869E+000 -0.706475902779180E+001 -0.741006638543778E+003
  0.379821188867805E-003  0.148754493270989E+004 -0.193456522302547E+002  0.705710714970890E+002  0.297684415026611E+000 -0.706475902779180E+001 -0.740996504948226E+003
  0.393970796327439E-003  0.148745187964980E+004 -0.193072593639819E+002  0.711618502060811E+002  0.368606614062420E+000 -0.706475902779180E+001 -0.740949978418182E+003
  0.391324048999709E-003  0.148744546058607E+004 -0.192416227954325E+002  0.744550524966895E+002  0.280536551319705E+000 -0.706475902779180E+001 -0.740946768886318E+003
  0.387495142278138E-003  0.148744522527218E+004 -0.192920618160343E+002  0.727066641541262E+002  0.277441707565673E+000 -0.706475902779180E+001 -0.740946651229372E+003
  0.391531017800893E-003  0.148740460175501E+004 -0.193536771673734E+002  0.698879176197932E+002  0.336179183875070E+000 -0.706475902779180E+001 -0.740926339470785E+003
  0.414259274127882E-003  0.148727184648646E+004 -0.192042650091633E+002  0.747169732519280E+002  0.313619909269127E+000 -0.706475902779180E+001 -0.740859961836512E+003
  0.448652267787858E-003  0.148709243365553E+004 -0.192622137944840E+002  0.725916784066149E+002  0.374346890794567E+000 -0.706475902779180E+001 -0.740770255421047E+003
  0.452150184994446E-003  0.148705700046601E+004 -0.192235605845940E+002  0.744229013357971E+002  0.344030076326144E+000 -0.706475902779180E+001 -0.740752538826287E+003
  0.447721439991855E-003  0.148705678608238E+004 -0.192334951276260E+002  0.736286397437896E+002  0.316176266842661E+000 -0.706475902779180E+001 -0.740752431634471E+003
  0.452553019722062E-003  0.148701541807339E+004 -0.192103543793231E+002  0.754301776544964E+002  0.280726828101876E+000 -0.706475902779180E+001 -0.740731747629979E+003
  0.473666574859111E-003  0.148690431997434E+004 -0.192960177576950E+002  0.714997514020391E+002  0.321522215893688E+000 -0.706475902779180E+001 -0.740676198580452E+003
  0.476978966672652E-003  0.148687048181407E+004 -0.193462007156719E+002  0.704246641836669E+002  0.320092841434836E+000 -0.706475902779180E+001 -0.740659279500314E+003
  0.484738381502760E-003  0.148681830729051E+004 -0.192525591014425E+002  0.738105299317619E+002  0.316781167855019E+000 -0.706475902779180E+001 -0.740633192238535E+003
  0.509853162764810E-003  0.148669737974420E+004 -0.192789042999923E+002  0.731455604157786E+002  0.286086749256485E+000 -0.706475902779180E+001 -0.740572728465383E+003
  0.507454022031394E-003  0.148668691239907E+004 -0.193052223240584E+002  0.715891671329855E+002  0.294285463538603E+000 -0.706475902779180E+001 -0.740567494792816E+003
  0.536124957658140E-003  0.148655708942930E+004 -0.191714931010503E+002  0.762733171927631E+002  0.319099500395923E+000 -0.706475902779180E+001 -0.740502583307933E+003
  0.602133182224285E-003  0.148630496598777E+004 -0.192321739060330E+002  0.734048823881966E+002  0.371121527931481E+000 -0.706475902779180E+001 -0.740376521587168E+003
  0.672545490358239E-003  0.148606388312792E+004 -0.192440058637779E+002  0.731521548930106E+002  0.372677755442743E+000 -0.706475902779180E+001 -0.740255980157242E+003
  0.723470661472256E-003  0.148589800198307E+004 -0.192443675902218E+002  0.730718452129702E+002  0.336034385130944E+000 -0.706475902779180E+001 -0.740173039584816E+003
  0.719194645137782E-003  0.148588995723510E+004 -0.192105978627095E+002  0.753700233174296E+002  0.290721232934549E+000 -0.706475902779180E+001 -0.740169017210831E+003
  0.745153340417266E-003  0.148579914060196E+004 -0.192488899448973E+002  0.739090166555100E+002  0.317186615011125E+000 -0.706475902779180E+001 -0.740123608894262E+003
  0.738918615602100E-003  0.148579604441249E+004 -0.192971955436533E+002  0.719868214967213E+002  0.339523164981947E+000 -0.706475902779180E+001 -0.740122060799527E+003
  0.786698988887754E-003  0.148565082793292E+004 -0.191903430455969E+002  0.756361494501323E+002  0.327822934740370E+000 -0.706475902779180E+001 -0.740049452559743E+003
  0.794439881216039E-003  0.148561134403455E+004 -0.192467390392061E+002  0.729899344046949E+002  0.372922558199925E+000 -0.706475902779180E+001 -0.740029710610555E+003
  0.787964603694504E-003  0.148560781166230E+004 -0.192636757072500E+002  0.727955567260461E+002  0.303006576601200E+000 -0.706475902779180E+001 -0.740027944424434E+003
  0.826756758029388E-003  0.148549179628788E+004 -0.191768830565980E+002  0.760480257827423E+002  0.305152914332758E+000 -0.706475902779180E+001 -0.739969936737220E+003
  0.828586070761434E-003  0.148546747524039E+004 -0.193213360834806E+002  0.714269117993700E+002  0.286589005373899E+000 -0.706475902779180E+001 -0.739957776213476E+003
  0.828758180996378E-003  0.148544715919066E+004 -0.193257173988593E+002  0.711520766154455E+002  0.322799879909837E+000 -0.706475902779180E+001 -0.739947618188614E+003
  0.824122605125105E-003  0.148543847673190E+004 -0.193154157095944E+002  0.717262718084852E+002  0.285126503643023E+000 -0.706475902779180E+001 -0.739943276959232E+003
  0.876188517546711E-003  0.148529605215221E+004 -0.192988205198211E+002  0.712236684964699E+002  0.367300713215823E+000 -0.706475902779180E+001 -0.739872064669385E+003
  0.907739856287282E-003  0.148520539836009E+004 -0.192984435043167E+002  0.715320975605790E+002  0.315249196587519E+000 -0.706475902779180E+001 -0.739826737773329E+003
  0.907565852570733E-003  0.148518588111307E+004 -0.192521906128997E+002  0.728162486375329E+002  0.372307022985006E+000 -0.706475902779180E+001 -0.739816979149819E+003
  0.101097177049826E-002  0.148495017811546E+004 -0.193245960259683E+002  0.710697242092568E+002  0.332089295829703E+000 -0.706475902779180E+001 -0.739699127651013E+003
  0.103171922888554E-002  0.148488964835832E+004 -0.193326436727362E+002  0.708371144653981E+002  0.325534983957730E+000 -0.706475902779180E+001 -0.739668862772443E+003
  0.105933643672178E-002  0.148481691540862E+004 -0.192068756032617E+002  0.743999031176266E+002  0.345634433684218E+000 -0.706475902779180E+001 -0.739632496297590E+003
  0.105440659463717E-002  0.148480634388664E+004 -0.193379358631342E+002  0.704864494571753E+002  0.312033800871619E+000 -0.706475902779180E+001 -0.739627210536602E+003
  0.106138969857596E-002  0.148477324133151E+004 -0.192282018105675E+002  0.737770246069337E+002  0.324068282830290E+000 -0.706475902779180E+001 -0.739610659259035E+003
  0.105654608165028E-002  0.148476248849272E+004 -0.192441450842131E+002  0.730549199075350E+002  0.342467699355692E+000 -0.706475902779180E+001 -0.739605282839643E+003
  0.104803652942568E-002  0.148475876129658E+004 -0.193339288978773E+002  0.703411484456772E+002  0.347221022664286E+000 -0.706475902779180E+001 -0.739603419241573E+003
  0.106225832828706E-002  0.148471190323768E+004 -0.193142079167596E+002  0.709325874800357E+002  0.360321481401018E+000 -0.706475902779180E+001 -0.739579990212119E+003
  0.105656445228224E-002  0.148470275173303E+004 -0.191855320325577E+002  0.757165202211507E+002  0.302907861378679E+000 -0.706475902779180E+001 -0.739575414459795E+003
  0.106328155457574E-002  0.148467017633032E+004 -0.192241958475715E+002  0.749153593752589E+002  0.283432476664082E+000 -0.706475902779180E+001 -0.739559126758441E+003
  0.105764550364951E-002  0.148466090510383E+004 -0.192004010661668E+002  0.750925639598198E+002  0.341960475091045E+000 -0.706475902779180E+001 -0.739554491145197E+003
  0.109320149409553E-002  0.148457487378770E+004 -0.192664102164145E+002  0.730533332099281E+002  0.284233555288269E+000 -0.706475902779180E+001 -0.739511475487133E+003
  0.111677466507522E-002  0.148451230467460E+004 -0.193229179958966E+002  0.710480834431125E+002  0.300780656255838E+000 -0.706475902779180E+001 -0.739480190930583E+003
  0.115233096665065E-002  0.148442971991096E+004 -0.192870190825848E+002  0.717962101794312E+002  0.325054746490197E+000 -0.706475902779180E+001 -0.739438898548763E+003
  0.114807425515538E-002  0.148441722093017E+004 -0.193278608768260E+002  0.711376916869599E+002  0.311967412013430E+000 -0.706475902779180E+001 -0.739432649058365E+003
  0.120626795041060E-002  0.148429842971499E+004 -0.193368216340520E+002  0.705351081847289E+002  0.333204570381553E+000 -0.706475902779180E+001 -0.739373253450779E+003
  0.119615819393407E-002  0.148429536173083E+004 -0.192456535868039E+002  0.733749741549549E+002  0.307307269412977E+000 -0.706475902779180E+001 -0.739371719458698E+003
  0.119202957194256E-002  0.148428237614702E+004 -0.192550315653507E+002  0.737666953413512E+002  0.274909077040352E+000 -0.706475902779180E+001 -0.739365226666790E+003
  0.124292222518916E-002  0.148417885975868E+004 -0.192467175685671E+002  0.731645257060115E+002  0.321817080642911E+000 -0.706475902779180E+001 -0.739313468472620E+003
  0.126327716003674E-002  0.148412647104745E+004 -0.192200293657073E+002  0.740075621779794E+002  0.361926370180797E+000 -0.706475902779180E+001 -0.739287274117009E+003
  0.127371881051598E-002  0.148409010727811E+004 -0.193083202545732E+002  0.714048720887957E+002  0.304649982786959E+000 -0.706475902779180E+001 -0.739269092232334E+003
  0.132476903985424E-002  0.148399161198481E+004 -0.192816076678249E+002  0.718786712285669E+002  0.335759672550063E+000 -0.706475902779180E+001 -0.739219844585689E+003
  0.133400129247250E-002  0.148395782175978E+004 -0.192768239026567E+002  0.720433096887292E+002  0.368595026182197E+000 -0.706475902779180E+001 -0.739202949473173E+003
  0.133635871250982E-002  0.148393438985788E+004 -0.191925216165337E+002  0.752424808261335E+002  0.342180950944001E+000 -0.706475902779180E+001 -0.739191233522220E+003
  0.137027208037934E-002  0.148386436763122E+004 -0.191834797012786E+002  0.759064331989449E+002  0.305296988466905E+000 -0.706475902779180E+001 -0.739156222408891E+003
  0.139583667037873E-002  0.148380749760899E+004 -0.192770902916791E+002  0.728806845649744E+002  0.279351130774837E+000 -0.706475902779180E+001 -0.739127787397778E+003
  0.138424083765284E-002  0.148380428123028E+004 -0.191960999271321E+002  0.756711512248065E+002  0.294960152255110E+000 -0.706475902779180E+001 -0.739126179208422E+003
  0.137507212349892E-002  0.148379767191758E+004 -0.192356393199264E+002  0.742316216029587E+002  0.323605173886989E+000 -0.706475902779180E+001 -0.739122874552074E+003
  0.142013095129534E-002  0.148371328544910E+004 -0.192130463453767E+002  0.746428957746720E+002  0.302029778544853E+000 -0.706475902779180E+001 -0.739080681317834E+003
  0.143131326691793E-002  0.148367769817796E+004 -0.191904803754602E+002  0.755693753927568E+002  0.302179567168374E+000 -0.706475902779180E+001 -0.739062887682261E+003
  0.145601739819366E-002  0.148362357250083E+004 -0.193347877656238E+002  0.706410161450174E+002  0.311363477139177E+000 -0.706475902779180E+001 -0.739035824843699E+003
  0.145075652656300E-002  0.148361091131149E+004 -0.193103563442166E+002  0.715805248432079E+002  0.292774688444303E+000 -0.706475902779180E+001 -0.739029494249028E+003
  0.161084857403354E-002  0.148338165876592E+004 -0.192677284770434E+002  0.729745465673461E+002  0.337627740100042E+000 -0.706475902779180E+001 -0.738914867976241E+003
  0.160586020221932E-002  0.148336796118464E+004 -0.193152915250186E+002  0.709142421986277E+002  0.331205603017747E+000 -0.706475902779180E+001 -0.738908019185602E+003
  0.161065531602160E-002  0.148334209740250E+004 -0.193112523861799E+002  0.710034868690756E+002  0.334458408903513E+000 -0.706475902779180E+001 -0.738895087294531E+003
  0.164279115526695E-002  0.148328268555203E+004 -0.191878002948428E+002  0.757249780886431E+002  0.317575472621634E+000 -0.706475902779180E+001 -0.738865381369297E+003
  0.163529625339271E-002  0.148327193036328E+004 -0.192637818561167E+002  0.733972009005362E+002  0.278135258277164E+000 -0.706475902779180E+001 -0.738860003774921E+003
  0.170477216830542E-002  0.148316881471456E+004 -0.192535541287982E+002  0.739070173392227E+002  0.284547823679489E+000 -0.706475902779180E+001 -0.738808445950559E+003
  0.170697781318785E-002  0.148314632811285E+004 -0.193231667482321E+002  0.709282202401752E+002  0.311328256209513E+000 -0.706475902779180E+001 -0.738797202649704E+003
  0.172235077984949E-002  0.148310849616317E+004 -0.191876014782108E+002  0.755088825698638E+002  0.330965246530491E+000 -0.706475902779180E+001 -0.738778286674865E+003
  0.174690429396813E-002  0.148306028518864E+004 -0.192062976402596E+002  0.750659661367680E+002  0.294995885483001E+000 -0.706475902779180E+001 -0.738754181187603E+003
  0.175369119694902E-002  0.148303262937613E+004 -0.192322587219863E+002  0.742907707435521E+002  0.284846609925758E+000 -0.706475902779180E+001 -0.738740353281347E+003
  0.181443401710963E-002  0.148294462719282E+004 -0.192936985051976E+002  0.724796209858883E+002  0.290471855024429E+000 -0.706475902779180E+001 -0.738696352189690E+003
  0.188008575164099E-002  0.148285363891992E+004 -0.191994842821339E+002  0.754152529769516E+002  0.315938658206476E+000 -0.706475902779180E+001 -0.738650858053243E+003
  0.188104009141294E-002  0.148283272330702E+004 -0.192640246546985E+002  0.729578886495681E+002  0.346226833364716E+000 -0.706475902779180E+001 -0.738640400246792E+003
  0.190803326888863E-002  0.148278432635447E+004 -0.193290892660448E+002  0.706135426627989E+002  0.340111615704974E+000 -0.706475902779180E+001 -0.738616201770515E+003
  0.201086684597528E-002  0.148265943992004E+004 -0.192271428406422E+002  0.747153270213071E+002  0.284678942118126E+000 -0.706475902779180E+001 -0.738553758553304E+003
  0.200311309248412E-002  0.148264726601657E+004 -0.192562195219221E+002  0.736778598440760E+002  0.279354686363573E+000 -0.706475902779180E+001 -0.738547671601568E+003
  0.198788667050458E-002  0.148264262618850E+004 -0.193040316794501E+002  0.720326412496777E+002  0.288818524744515E+000 -0.706475902779180E+001 -0.738545351687533E+003
  0.204903015849013E-002  0.148256213655086E+004 -0.192650155390550E+002  0.733747768298150E+002  0.279824439198525E+000 -0.706475902779180E+001 -0.738505106868714E+003
  0.207934976273508E-002  0.148251285860319E+004 -0.193136194708221E+002  0.716579745111120E+002  0.305907311708194E+000 -0.706475902779180E+001 -0.738480467894878E+003
  0.206718983230617E-002  0.148250468817100E+004 -0.192716083938751E+002  0.721550492251376E+002  0.348560107543156E+000 -0.706475902779180E+001 -0.738476382678783E+003
  0.208246806910773E-002  0.148247006021736E+004 -0.193295093137863E+002  0.706457163504534E+002  0.336563090977555E+000 -0.706475902779180E+001 -0.738459068701961E+003
  0.211157380571516E-002  0.148242239998172E+004 -0.192406699664100E+002  0.737960771462857E+002  0.294664228205597E+000 -0.706475902779180E+001 -0.738435238584144E+003
  0.211614620420495E-002  0.148239817320546E+004 -0.192254563721776E+002  0.738646673929899E+002  0.331721583760793E+000 -0.706475902779180E+001 -0.738423125196011E+003
  0.209881673988909E-002  0.148239471829874E+004 -0.192450119519687E+002  0.739329721646724E+002  0.282487382402621E+000 -0.706475902779180E+001 -0.738421397742650E+003
  0.215290419229360E-002  0.148232392965897E+004 -0.193096536240670E+002  0.712143110759478E+002  0.320408520137727E+000 -0.706475902779180E+001 -0.738386003422768E+003
  0.213567728713906E-002  0.148232009677902E+004 -0.193316593492774E+002  0.707207567273713E+002  0.317380198521137E+000 -0.706475902779180E+001 -0.738384086982792E+003
  0.211915862412849E-002  0.148231572550209E+004 -0.193143299413378E+002  0.712532287327029E+002  0.339790888472427E+000 -0.706475902779180E+001 -0.738381901344325E+003
  0.223469734303611E-002  0.148218965150556E+004 -0.192767918983445E+002  0.723047934814747E+002  0.356774304229356E+000 -0.706475902779180E+001 -0.738318864346059E+003
  0.223282226854343E-002  0.148217142969455E+004 -0.192453220345824E+002  0.740050386745865E+002  0.281434410724156E+000 -0.706475902779180E+001 -0.738309753440554E+003
  0.223833245214337E-002  0.148214659949071E+004 -0.192198694712370E+002  0.746715631252355E+002  0.290521361308155E+000 -0.706475902779180E+001 -0.738297338338637E+003
  0.223799879853806E-002  0.148212699697817E+004 -0.191928938937836E+002  0.755043331829012E+002  0.319814739518426E+000 -0.706475902779180E+001 -0.738287537082366E+003
  0.221987205397299E-002  0.148212336134079E+004 -0.192165863217757E+002  0.741807802278529E+002  0.352671598647120E+000 -0.706475902779180E+001 -0.738285719263679E+003
  0.231201028671102E-002  0.148202212500070E+004 -0.193054417853081E+002  0.711698010925004E+002  0.353035486916908E+000 -0.706475902779180E+001 -0.738235101093633E+003
  0.230983415922969E-002  0.148200410768031E+004 -0.192399129103040E+002  0.736227339259993E+002  0.308030726142089E+000 -0.706475902779180E+001 -0.738226092433435E+003
  0.228761044031025E-002  0.148200354288359E+004 -0.192685961354565E+002  0.725107122102038E+002  0.359489975368453E+000 -0.706475902779180E+001 -0.738225810035078E+003
  0.235121484874835E-002  0.148192879351274E+004 -0.192359475636143E+002  0.733921072825113E+002  0.353653710881248E+000 -0.706475902779180E+001 -0.738188435349650E+003
  0.238108038879771E-002  0.148188364849491E+004 -0.192330862933320E+002  0.741968531212794E+002  0.329084724559270E+000 -0.706475902779180E+001 -0.738165862840736E+003
  0.238913379095185E-002  0.148185699475294E+004 -0.193108352483800E+002  0.716699704683765E+002  0.315220654834238E+000 -0.706475902779180E+001 -0.738152535969752E+003
  0.236821258883182E-002  0.148185468485324E+004 -0.192507064012604E+002  0.739459552746043E+002  0.287363811066030E+000 -0.706475902779180E+001 -0.738151381019903E+003
  0.235764973900912E-002  0.148184372466985E+004 -0.192214353250512E+002  0.746272691404460E+002  0.290560449333557E+000 -0.706475902779180E+001 -0.738145900928206E+003
  0.236198417000412E-002  0.148182015047558E+004 -0.192549456412222E+002  0.729647952957699E+002  0.359012876505465E+000 -0.706475902779180E+001 -0.738134113831071E+003
  0.233863055038909E-002  0.148182012279913E+004 -0.193143440208773E+002  0.714696402979886E+002  0.298486391355731E+000 -0.706475902779180E+001 -0.738134099992848E+003
  0.238130077409925E-002  0.148176405941954E+004 -0.192803791128579E+002  0.720500034874186E+002  0.327173428488437E+000 -0.706475902779180E+001 -0.738106068303050E+003
  0.236425229377010E-002  0.148175852888787E+004 -0.192470019613779E+002  0.732660682062515E+002  0.357047248917069E+000 -0.706475902779180E+001 -0.738103303037216E+003
  0.236139694704353E-002  0.148174104511910E+004 -0.192548193688767E+002  0.728771106203498E+002  0.361269887339574E+000 -0.706475902779180E+001 -0.738094561152834E+003
  0.234288492419734E-002  0.148173688511147E+004 -0.191960204788925E+002  0.751617616485456E+002  0.320328206918785E+000 -0.706475902779180E+001 -0.738092481149018E+003
  0.233668134703275E-002  0.148172228714702E+004 -0.192330491135841E+002  0.736219462552635E+002  0.330227777859410E+000 -0.706475902779180E+001 -0.738085182166790E+003
  0.233562887919402E-002  0.148170328751097E+004 -0.192174303734225E+002  0.748940152992718E+002  0.310282506715452E+000 -0.706475902779180E+001 -0.738075682348769E+003
  0.243171821968969E-002  0.148160275302599E+004 -0.193063709733819E+002  0.714988538581182E+002  0.307726030162217E+000 -0.706475902779180E+001 -0.738025415106276E+003
  0.243808101237447E-002  0.148157762603276E+004 -0.191948593936271E+002  0.754455565840416E+002  0.308040552813359E+000 -0.706475902779180E+001 -0.738012851609663E+003
  0.241471624063247E-002  0.148157698432713E+004 -0.192453973767048E+002  0.731620525083432E+002  0.360048023708499E+000 -0.706475902779180E+001 -0.738012530756848E+003
  0.239228819927137E-002  0.148157574660147E+004 -0.192406849071347E+002  0.738076827866614E+002  0.338721383210654E+000 -0.706475902779180E+001 -0.738011911894017E+003
  0.249097061352223E-002  0.148147500168842E+004 -0.192866204677031E+002  0.721958824970944E+002  0.342570442524909E+000 -0.706475902779180E+001 -0.737961539437490E+003
  0.260062530551430E-002  0.148136894206855E+004 -0.191988539652315E+002  0.751254808426113E+002  0.331850300881448E+000 -0.706475902779180E+001 -0.737908509627554E+003
  0.258411673937919E-002  0.148136177771795E+004 -0.192227001948923E+002  0.747404728543030E+002  0.307748954491048E+000 -0.706475902779180E+001 -0.737904927452255E+003
  0.280341887320485E-002  0.148117896518464E+004 -0.192360339900137E+002  0.735800415480250E+002  0.325021675682503E+000 -0.706475902779180E+001 -0.737813521185601E+003
  0.280635983673684E-002  0.148115696749633E+004 -0.191966085967755E+002  0.751826772645429E+002  0.320393105634623E+000 -0.706475902779180E+001 -0.737802522341445E+003
  0.291634847244930E-002  0.148106017863701E+004 -0.192823084646302E+002  0.726967867256393E+002  0.313176227453069E+000 -0.706475902779180E+001 -0.737754127911784E+003
  0.293094213263797E-002  0.148103029475984E+004 -0.192331908260662E+002  0.743330490442406E+002  0.314852162717573E+000 -0.706475902779180E+001 -0.737739185973202E+003
  0.299706647433023E-002  0.148096577399801E+004 -0.192718726640423E+002  0.725644957397681E+002  0.308462122559374E+000 -0.706475902779180E+001 -0.737706925592289E+003
  0.308275486390843E-002  0.148088949400597E+004 -0.192171766818278E+002  0.742356713858866E+002  0.347586015893568E+000 -0.706475902779180E+001 -0.737668785596265E+003
  0.308410925656160E-002  0.148086871484741E+004 -0.193233212672711E+002  0.708893757072396E+002  0.328132523495155E+000 -0.706475902779180E+001 -0.737658396016987E+003
  0.308020833550050E-002  0.148085134547746E+004 -0.192985379799352E+002  0.719935262674821E+002  0.295386092609729E+000 -0.706475902779180E+001 -0.737649711332014E+003
  0.306349402591852E-002  0.148084232708175E+004 -0.192863254312947E+002  0.725858313585911E+002  0.288705930011922E+000 -0.706475902779180E+001 -0.737645202134157E+003
  0.303875457999964E-002  0.148083864311855E+004 -0.192716149421765E+002  0.723187069960218E+002  0.358434911889359E+000 -0.706475902779180E+001 -0.737643360152556E+003
  0.301778409873114E-002  0.148083259232469E+004 -0.192387599565455E+002  0.737682229600366E+002  0.303401713608514E+000 -0.706475902779180E+001 -0.737640334755624E+003
  0.300971306205390E-002  0.148081804781084E+004 -0.192906831925301E+002  0.724429177261877E+002  0.290377585369360E+000 -0.706475902779180E+001 -0.737633062498700E+003
  0.299206426144897E-002  0.148080990956584E+004 -0.192191046330948E+002  0.747977834948575E+002  0.311630868056898E+000 -0.706475902779180E+001 -0.737628993376204E+003
  0.299561293995052E-002  0.148078763824934E+004 -0.193014904575914E+002  0.720685879955562E+002  0.299921846570115E+000 -0.706475902779180E+001 -0.737617857717953E+003
  0.300430971707587E-002  0.148076193965742E+004 -0.192642084222633E+002  0.733547011996073E+002  0.285439974520023E+000 -0.706475902779180E+001 -0.737605008421992E+003
  0.298675684865865E-002  0.148075375839055E+004 -0.192737792527334E+002  0.728201247296010E+002  0.291132581353061E+000 -0.706475902779180E+001 -0.737600917788557E+003
  0.298935064827629E-002  0.148073212161564E+004 -0.192332830505761E+002  0.740226844445742E+002  0.300235846266575E+000 -0.706475902779180E+001 -0.737590099401102E+003
  0.306893046580905E-002  0.148065967509574E+004 -0.193061606783258E+002  0.712875875329736E+002  0.329135607391943E+000 -0.706475902779180E+001 -0.737553876141149E+003
  0.305691825164809E-002  0.148064761806851E+004 -0.192272046309844E+002  0.743942889936729E+002  0.325214032642705E+000 -0.706475902779180E+001 -0.737547847627537E+003
  0.305082879415077E-002  0.148063170543019E+004 -0.193098448771520E+002  0.712915806579876E+002  0.341914925794772E+000 -0.706475902779180E+001 -0.737539891308377E+003
  0.314146686790071E-002  0.148055325165503E+004 -0.192817563894444E+002  0.722643442681390E+002  0.308286551421538E+000 -0.706475902779180E+001 -0.737500664420798E+003
  0.312043164432336E-002  0.148054678800618E+004 -0.192984887279186E+002  0.721467055593170E+002  0.306637188356307E+000 -0.706475902779180E+001 -0.737497432596372E+003
  0.312012247681333E-002  0.148052708551118E+004 -0.191998004773883E+002  0.752644712949540E+002  0.314616175025572E+000 -0.706475902779180E+001 -0.737487581348871E+003
  0.311025415706013E-002  0.148051352047159E+004 -0.193187733370822E+002  0.712764848592733E+002  0.314421771180959E+000 -0.706475902779180E+001 -0.737480798829078E+003
  0.308098704929058E-002  0.148051252866826E+004 -0.192638917404662E+002  0.727011960252988E+002  0.354725944349722E+000 -0.706475902779180E+001 -0.737480302927410E+003
  0.305089124628302E-002  0.148051226051928E+004 -0.192311135028901E+002  0.738885593846225E+002  0.348156840920847E+000 -0.706475902779180E+001 -0.737480168852921E+003
  0.309695491854463E-002  0.148046238868845E+004 -0.192160200027136E+002  0.743045725691817E+002  0.330066226277981E+000 -0.706475902779180E+001 -0.737455232937505E+003
  0.314257726441159E-002  0.148041324021932E+004 -0.192843728507719E+002  0.724607602874437E+002  0.293493974184250E+000 -0.706475902779180E+001 -0.737430658702940E+003
  0.313224040073940E-002  0.148039992899085E+004 -0.192952147854954E+002  0.715437104211196E+002  0.350386293484090E+000 -0.706475902779180E+001 -0.737424003088706E+003
  0.310889622078200E-002  0.148039498989159E+004 -0.192854723882372E+002  0.720562080784324E+002  0.315562025207803E+000 -0.706475902779180E+001 -0.737421533539076E+003
  0.308767369463037E-002  0.148038878881492E+004 -0.192746782094516E+002  0.722614084441140E+002  0.356052095093626E+000 -0.706475902779180E+001 -0.737418433000743E+003
  0.308383506798048E-002  0.148037137611996E+004 -0.192797594442699E+002  0.719778914654785E+002  0.350134566216995E+000 -0.706475902779180E+001 -0.737409726653264E+003
  0.312801381058360E-002  0.148032302693135E+004 -0.192204403190927E+002  0.747262942855028E+002  0.312898834291965E+000 -0.706475902779180E+001 -0.737385552058957E+003
  0.314258875194691E-002  0.148029382893819E+004 -0.192633229037301E+002  0.731744203044306E+002  0.327488357612338E+000 -0.706475902779180E+001 -0.737370953062377E+003
  0.311184126880129E-002  0.148029359288589E+004 -0.192096617810138E+002  0.750076269300902E+002  0.316096459372656E+000 -0.706475902779180E+001 -0.737370835036227E+003
  0.318774394871871E-002  0.148022549454090E+004 -0.192769817516328E+002  0.722536910116503E+002  0.322095970551597E+000 -0.706475902779180E+001 -0.737336785863732E+003
  0.324365566514957E-002  0.148017081878922E+004 -0.192604157763414E+002  0.735321936373608E+002  0.290334640792903E+000 -0.706475902779180E+001 -0.737309447987892E+003
  0.324102497286761E-002  0.148015254083961E+004 -0.192928850439103E+002  0.723607197367305E+002  0.296173559168407E+000 -0.706475902779180E+001 -0.737300309013086E+003
  0.321023249763764E-002  0.148015173270938E+004 -0.192072502492922E+002  0.749863536975929E+002  0.322809361488588E+000 -0.706475902779180E+001 -0.737299904947970E+003
  0.328000769739168E-002  0.148008882723673E+004 -0.192543265765141E+002  0.736678794384710E+002  0.287710624533057E+000 -0.706475902779180E+001 -0.737268452211648E+003
  0.332387149323557E-002  0.148004235768141E+004 -0.192326293013291E+002  0.738314889989127E+002  0.316588490828339E+000 -0.706475902779180E+001 -0.737245217433986E+003
  0.331395302069652E-002  0.148002843396585E+004 -0.192697615828180E+002  0.724253907115418E+002  0.355195652122373E+000 -0.706475902779180E+001 -0.737238255576208E+003
  0.331421976480428E-002  0.148000837232819E+004 -0.192476149167914E+002  0.736263848775213E+002  0.332233205517908E+000 -0.706475902779180E+001 -0.737228224757379E+003
  0.328159069243764E-002  0.148000825958414E+004 -0.192392161328195E+002  0.739233406719767E+002  0.295906805619676E+000 -0.706475902779180E+001 -0.737228168385350E+003
  0.338569418768020E-002  0.147992589754064E+004 -0.192880437424716E+002  0.718376637459558E+002  0.330344857149758E+000 -0.706475902779180E+001 -0.737186987363601E+003
  0.338792911985841E-002  0.147990467709355E+004 -0.192704945934866E+002  0.727029873346115E+002  0.342393555840656E+000 -0.706475902779180E+001 -0.737176377140056E+003
  0.336635539392821E-002  0.147989755279579E+004 -0.192375190812935E+002  0.742684660476012E+002  0.299310226639839E+000 -0.706475902779180E+001 -0.737172814991179E+003
  0.333729967097948E-002  0.147989498948490E+004 -0.192374828325943E+002  0.738594984643962E+002  0.302785151982305E+000 -0.706475902779180E+001 -0.737171533335733E+003
  0.331475004324647E-002  0.147988864838157E+004 -0.192343013262432E+002  0.743736670292306E+002  0.296462564281501E+000 -0.706475902779180E+001 -0.737168362784069E+003
  0.330809394534773E-002  0.147987276780559E+004 -0.192056873439567E+002  0.750575568566989E+002  0.309087833871481E+000 -0.706475902779180E+001 -0.737160422496077E+003
  0.332323917048304E-002  0.147984373157419E+004 -0.192219788036827E+002  0.741349626184786E+002  0.325946495963970E+000 -0.706475902779180E+001 -0.737145904380374E+003
  0.329969213047445E-002  0.147983805249392E+004 -0.192838416972067E+002  0.722402475860136E+002  0.341995517947266E+000 -0.706475902779180E+001 -0.737143064840244E+003
  0.329181146175601E-002  0.147982293415380E+004 -0.192082053562553E+002  0.748497044399164E+002  0.312780509014567E+000 -0.706475902779180E+001 -0.737135505670182E+003
  0.346701531024940E-002  0.147969932134579E+004 -0.193143183344826E+002  0.713824344296789E+002  0.313046534634820E+000 -0.706475902779180E+001 -0.737073699266176E+003
  0.346670456039909E-002  0.147967959995285E+004 -0.192608790523501E+002  0.734927584701227E+002  0.292341886203058E+000 -0.706475902779180E+001 -0.737063838569705E+003
  0.349046648072228E-002  0.147964603740899E+004 -0.192193379829827E+002  0.743089534136220E+002  0.319751136921508E+000 -0.706475902779180E+001 -0.737047057297776E+003
  0.358627303804634E-002  0.147957198050147E+004 -0.192864505263201E+002  0.725566187457380E+002  0.295008095737921E+000 -0.706475902779180E+001 -0.737010028844017E+003
  0.358601298068265E-002  0.147955222487434E+004 -0.192287350773059E+002  0.745085101257799E+002  0.303140357781361E+000 -0.706475902779180E+001 -0.737000151030451E+003
  0.361468431735751E-002  0.147951639715057E+004 -0.192689721090689E+002  0.727878286393003E+002  0.339475328117287E+000 -0.706475902779180E+001 -0.736982237168565E+003
  0.359154709943926E-002  0.147950933942775E+004 -0.193007496928072E+002  0.718969408977623E+002  0.321132759631103E+000 -0.706475902779180E+001 -0.736978708307155E+003
  0.359956866178932E-002  0.147948497683499E+004 -0.192975853195051E+002  0.715667742818803E+002  0.345553125890611E+000 -0.706475902779180E+001 -0.736966527010776E+003
  0.363087284714234E-002  0.147944775807125E+004 -0.192785966134018E+002  0.725314777932434E+002  0.300612873447523E+000 -0.706475902779180E+001 -0.736947917628906E+003
  0.359811606749078E-002  0.147944598276801E+004 -0.192448619271994E+002  0.735616139939395E+002  0.340768380040118E+000 -0.706475902779180E+001 -0.736947029977285E+003
  0.359736347271963E-002  0.147942650047718E+004 -0.192559084786126E+002  0.736073526642263E+002  0.306514274399281E+000 -0.706475902779180E+001 -0.736937288831871E+003
  0.360998468419327E-002  0.147939959517293E+004 -0.192710079977839E+002  0.730507296404322E+002  0.311716235685539E+000 -0.706475902779180E+001 -0.736923836179747E+003
  0.359215227237269E-002  0.147938959848743E+004 -0.192451367746174E+002  0.735015823272400E+002  0.309486225300407E+000 -0.706475902779180E+001 -0.736918837836997E+003
  0.358321433892916E-002  0.147937468039375E+004 -0.192870858925471E+002  0.720266547299401E+002  0.345519893734376E+000 -0.706475902779180E+001 -0.736911378790158E+003
  0.359047902287471E-002  0.147935072899496E+004 -0.192141077483802E+002  0.745559451527801E+002  0.318009185582693E+000 -0.706475902779180E+001 -0.736899403090764E+003
  0.358789133417430E-002  0.147933227026990E+004 -0.192500239824443E+002  0.737781609204530E+002  0.290912040719678E+000 -0.706475902779180E+001 -0.736890173728232E+003
  0.362636625786978E-002  0.147929103669182E+004 -0.192314047474270E+002  0.740719262100500E+002  0.305035572745620E+000 -0.706475902779180E+001 -0.736869556939191E+003
  0.365444932142545E-002  0.147925570742736E+004 -0.192974035846284E+002  0.717280186769951E+002  0.316646801554580E+000 -0.706475902779180E+001 -0.736851892306961E+003
  0.364451145605848E-002  0.147924125295001E+004 -0.192658431857613E+002  0.726685176479343E+002  0.320063371284227E+000 -0.706475902779180E+001 -0.736844665068287E+003
  0.365116206200567E-002  0.147921770595859E+004 -0.193001139906517E+002  0.718270135331263E+002  0.327909344579765E+000 -0.706475902779180E+001 -0.736832891572576E+003
  0.374218691950958E-002  0.147914855592029E+004 -0.192570200197417E+002  0.729155635293242E+002  0.324845910860894E+000 -0.706475902779180E+001 -0.736798316553428E+003
  0.373372162692887E-002  0.147913318463245E+004 -0.192679366387769E+002  0.724596695180043E+002  0.351251363695289E+000 -0.706475902779180E+001 -0.736790630909508E+003
  0.371373830836900E-002  0.147912401695444E+004 -0.192309981374258E+002  0.739941930051850E+002  0.311471667717593E+000 -0.706475902779180E+001 -0.736786047070504E+003
  0.373049268919801E-002  0.147909511366554E+004 -0.192916625561817E+002  0.720088598853309E+002  0.309076358174831E+000 -0.706475902779180E+001 -0.736771595426050E+003
  0.370863742808858E-002  0.147908696455201E+004 -0.192377007999661E+002  0.742036926503295E+002  0.295293356920095E+000 -0.706475902779180E+001 -0.736767520869284E+003
  0.367677041642662E-002  0.147908432344325E+004 -0.192634656555864E+002  0.732106206331569E+002  0.293205616811185E+000 -0.706475902779180E+001 -0.736766200314904E+003
  0.374871563018251E-002  0.147902566574140E+004 -0.193014853191815E+002  0.718908876100346E+002  0.316113699763737E+000 -0.706475902779180E+001 -0.736736871463982E+003
  0.372525375034183E-002  0.147901832170427E+004 -0.192722092905749E+002  0.727934802584293E+002  0.298637880649244E+000 -0.706475902779180E+001 -0.736733199445418E+003
  0.373035182344395E-002  0.147899568587969E+004 -0.192525575604798E+002  0.736056775740428E+002  0.317699014017228E+000 -0.706475902779180E+001 -0.736721881533127E+003
  0.375997769707601E-002  0.147895996427017E+004 -0.192277727547761E+002  0.739996066504926E+002  0.342043988163803E+000 -0.706475902779180E+001 -0.736704020728365E+003
  0.373860835574015E-002  0.147895146277040E+004 -0.192626728853450E+002  0.733871602549196E+002  0.301506788744081E+000 -0.706475902779180E+001 -0.736699769978482E+003
  0.373582221207155E-002  0.147893305313535E+004 -0.192306202973784E+002  0.738744154200129E+002  0.343673183190448E+000 -0.706475902779180E+001 -0.736690565160955E+003
  0.374275549051011E-002  0.147890944413192E+004 -0.192363963347699E+002  0.736225545384803E+002  0.327425636158660E+000 -0.706475902779180E+001 -0.736678760659242E+003
  0.371036011265986E-002  0.147890692980022E+004 -0.192355840896313E+002  0.737414486769869E+002  0.343996346285179E+000 -0.706475902779180E+001 -0.736677503493392E+003
  0.368478534689013E-002  0.147890086246627E+004 -0.192924892024993E+002  0.717311368339360E+002  0.344389234377656E+000 -0.706475902779180E+001 -0.736674469826415E+003
  0.370265100227617E-002  0.147887128825104E+004 -0.192739337359910E+002  0.729801276522909E+002  0.304129444347494E+000 -0.706475902779180E+001 -0.736659682718804E+003
  0.367635248192597E-002  0.147886564351523E+004 -0.192928368439501E+002  0.722799030279292E+002  0.303429619869156E+000 -0.706475902779180E+001 -0.736656860350894E+003
  0.370348882978844E-002  0.147883103442334E+004 -0.192796021495467E+002  0.722705132085021E+002  0.345246762714446E+000 -0.706475902779180E+001 -0.736639555804952E+003
  0.368981870855093E-002  0.147881852971358E+004 -0.192249294486390E+002  0.744751239088420E+002  0.300500063015404E+000 -0.706475902779180E+001 -0.736633303450071E+003
  0.370660509119861E-002  0.147878955092876E+004 -0.192475991414259E+002  0.733508337463224E+002  0.345108578248704E+000 -0.706475902779180E+001 -0.736618814057659E+003
  0.373008572289860E-002  0.147875702061210E+004 -0.192471940634615E+002  0.731773455091262E+002  0.336255677130905E+000 -0.706475902779180E+001 -0.736602548899334E+003
  0.375794757185921E-002  0.147872223648156E+004 -0.192411905393298E+002  0.735495134874046E+002  0.318457003274237E+000 -0.706475902779180E+001 -0.736585156834064E+003
  0.385314555057362E-002  0.147865230203782E+004 -0.192274307108231E+002  0.743833630936302E+002  0.300453076366668E+000 -0.706475902779180E+001 -0.736550189612191E+003
  0.383801526298340E-002  0.147864027030902E+004 -0.192212327436402E+002  0.745205857598550E+002  0.322306928450540E+000 -0.706475902779180E+001 -0.736544173747792E+003
  0.380514262720780E-002  0.147863757344655E+004 -0.192208194177308E+002  0.744058506459416E+002  0.312184941555676E+000 -0.706475902779180E+001 -0.736542825316557E+003
  0.385492362227900E-002  0.147859167734602E+004 -0.192285866682471E+002  0.743676422489241E+002  0.316459563825121E+000 -0.706475902779180E+001 -0.736519877266289E+003
  0.382494315376567E-002  0.147858739186186E+004 -0.192255902679633E+002  0.741915824023342E+002  0.335193258133608E+000 -0.706475902779180E+001 -0.736517734524209E+003
  0.381472118326472E-002  0.147857284325550E+004 -0.192843454037663E+002  0.725641423780416E+002  0.298588798540697E+000 -0.706475902779180E+001 -0.736510460221032E+003
  0.378850770944006E-002  0.147856673335457E+004 -0.192633052776431E+002  0.729649546264327E+002  0.337928348438928E+000 -0.706475902779180E+001 -0.736507405270565E+003
  0.375407093557847E-002  0.147856509541958E+004 -0.192234994482181E+002  0.745606943218159E+002  0.302890009975004E+000 -0.706475902779180E+001 -0.736506586303073E+003
  0.375535492708543E-002  0.147854451082196E+004 -0.192872521251528E+002  0.718713437604449E+002  0.339768457322924E+000 -0.706475902779180E+001 -0.736496294004260E+003
  0.373298847523010E-002  0.147853655753882E+004 -0.192439533014555E+002  0.732913747254118E+002  0.344164352137210E+000 -0.706475902779180E+001 -0.736492317362691E+003
  0.374303016850629E-002  0.147851128412469E+004 -0.192316016145087E+002  0.738963680452191E+002  0.319519685274939E+000 -0.706475902779180E+001 -0.736479680655627E+003
  0.372587396993432E-002  0.147850057154650E+004 -0.192922221107188E+002  0.720746108438933E+002  0.328879198844019E+000 -0.706475902779180E+001 -0.736474324366531E+003
  0.369844879824557E-002  0.147849544680297E+004 -0.192185168991385E+002  0.743637816907091E+002  0.324665942084918E+000 -0.706475902779180E+001 -0.736471761994766E+003
  0.367490875529019E-002  0.147848831650958E+004 -0.192208981517607E+002  0.743557711128831E+002  0.316169405881193E+000 -0.706475902779180E+001 -0.736468196848074E+003
  0.370079251798650E-002  0.147845437847408E+004 -0.192425732146002E+002  0.738453955726476E+002  0.298386950064586E+000 -0.706475902779180E+001 -0.736451227830321E+003
  0.369695861689882E-002  0.147843655082151E+004 -0.192478310310932E+002  0.737873011198688E+002  0.295109081543073E+000 -0.706475902779180E+001 -0.736442314004038E+003
  0.368374303675123E-002  0.147842381240258E+004 -0.192313542125460E+002  0.737810139157562E+002  0.338303962344824E+000 -0.706475902779180E+001 -0.736435944794572E+003
  0.368151711879492E-002  0.147840512061495E+004 -0.192343936351846E+002  0.736923273233619E+002  0.342552334629918E+000 -0.706475902779180E+001 -0.736426598900759E+003
  0.365211876155201E-002  0.147840125484519E+004 -0.192823756858170E+002  0.720260367674906E+002  0.338490515072414E+000 -0.706475902779180E+001 -0.736424666015876E+003
  0.363906942987149E-002  0.147838851315141E+004 -0.192245127446300E+002  0.745210837321415E+002  0.310879857954923E+000 -0.706475902779180E+001 -0.736418295168989E+003
  0.362033359231368E-002  0.147837893613704E+004 -0.192526451980221E+002  0.735463251222864E+002  0.320824679688972E+000 -0.706475902779180E+001 -0.736413506661801E+003
  0.365503079781485E-002  0.147833995878490E+004 -0.192929996202436E+002  0.721710389164785E+002  0.317011793524733E+000 -0.706475902779180E+001 -0.736394017985732E+003
  0.364886886962555E-002  0.147832343272029E+004 -0.192450575747804E+002  0.732648514684331E+002  0.343214301943179E+000 -0.706475902779180E+001 -0.736385754953426E+003
  0.364649322418713E-002  0.147830483460971E+004 -0.192298645689570E+002  0.743649000420492E+002  0.310343707457608E+000 -0.706475902779180E+001 -0.736376455898135E+003
  0.361143362646236E-002  0.147830425619863E+004 -0.192339723147695E+002  0.741849926528173E+002  0.316848058177348E+000 -0.706475902779180E+001 -0.736376166692598E+003
  0.358278008300477E-002  0.147830028705975E+004 -0.192950862994508E+002  0.721240861353864E+002  0.305660232123969E+000 -0.706475902779180E+001 -0.736374182123155E+003
  0.357390196331283E-002  0.147828534854345E+004 -0.192188423013650E+002  0.744313939446603E+002  0.329428665258404E+000 -0.706475902779180E+001 -0.736366712865008E+003
  0.355602495159885E-002  0.147827547718465E+004 -0.192803153122630E+002  0.721703185295989E+002  0.326971829136943E+000 -0.706475902779180E+001 -0.736361777185607E+003
  0.355967036039669E-002  0.147825352730135E+004 -0.192866185612582E+002  0.719150047523293E+002  0.340822870860998E+000 -0.706475902779180E+001 -0.736350802243958E+003
  0.354808235876929E-002  0.147824014797619E+004 -0.192906970959374E+002  0.722663005182382E+002  0.315384349109428E+000 -0.706475902779180E+001 -0.736344112581379E+003
  0.353109117123016E-002  0.147822984799462E+004 -0.192604167176907E+002  0.727267813335318E+002  0.342988615524375E+000 -0.706475902779180E+001 -0.736338962590592E+003
  0.352259713338279E-002  0.147821476412753E+004 -0.192412350706311E+002  0.738379962694367E+002  0.301481650780115E+000 -0.706475902779180E+001 -0.736331420657044E+003
  0.349518284916323E-002  0.147821048916154E+004 -0.192263397200117E+002  0.741786284689758E+002  0.333209720940347E+000 -0.706475902779180E+001 -0.736329283174054E+003
  0.347438594824102E-002  0.147820252436747E+004 -0.192695921732685E+002  0.724973193887339E+002  0.346869072646505E+000 -0.706475902779180E+001 -0.736325300777014E+003
  0.345600353994076E-002  0.147819323347102E+004 -0.192557678926366E+002  0.728892359637903E+002  0.343342715451372E+000 -0.706475902779180E+001 -0.736320655328792E+003
  0.345707774609189E-002  0.147817271125946E+004 -0.192338753569946E+002  0.742180954677802E+002  0.299929848938128E+000 -0.706475902779180E+001 -0.736310394223014E+003
  0.353685521437704E-002  0.147810718194846E+004 -0.192999189732757E+002  0.716146181653813E+002  0.328519571199621E+000 -0.706475902779180E+001 -0.736277629567514E+003
  0.355334251768918E-002  0.147807797980680E+004 -0.192778534087748E+002  0.721878487559249E+002  0.337026214270324E+000 -0.706475902779180E+001 -0.736263028496680E+003
  0.356052967114192E-002  0.147805403793900E+004 -0.192465023086305E+002  0.732679029708442E+002  0.344543922671454E+000 -0.706475902779180E+001 -0.736251057562784E+003
  0.352830769184987E-002  0.147805231921578E+004 -0.192275315393750E+002  0.744118341090858E+002  0.310850709055030E+000 -0.706475902779180E+001 -0.736250198201171E+003
  0.351154147693925E-002  0.147804194503466E+004 -0.192879277740441E+002  0.718979053189955E+002  0.339156388003272E+000 -0.706475902779180E+001 -0.736245011110611E+003
  0.354004442340355E-002  0.147800587603743E+004 -0.192810837484995E+002  0.721307169400347E+002  0.330467522035099E+000 -0.706475902779180E+001 -0.736226976611998E+003
  0.350693350519357E-002  0.147800476990706E+004 -0.192261214965496E+002  0.743620763869905E+002  0.320564068005062E+000 -0.706475902779180E+001 -0.736226423546813E+003
  0.349374371108301E-002  0.147799240555038E+004 -0.192302620785589E+002  0.740843846953739E+002  0.331640405074221E+000 -0.706475902779180E+001 -0.736220241368471E+003
  0.345977193367161E-002  0.147799204726087E+004 -0.192360095276947E+002  0.741865904889702E+002  0.303314915240492E+000 -0.706475902779180E+001 -0.736220062223717E+003
  0.343393056784819E-002  0.147798714085623E+004 -0.192494040699964E+002  0.735107661677120E+002  0.330673876620739E+000 -0.706475902779180E+001 -0.736217609021397E+003
  0.347991997099745E-002  0.147794063268764E+004 -0.192905924435707E+002  0.719978079286090E+002  0.335187292221752E+000 -0.706475902779180E+001 -0.736194354937101E+003
  0.347690616443855E-002  0.147792246488899E+004 -0.192932857701342E+002  0.717744015737180E+002  0.335743279157867E+000 -0.706475902779180E+001 -0.736185271037776E+003
  0.344530707925338E-002  0.147792082388128E+004 -0.192561056924471E+002  0.735427690171105E+002  0.298921890870651E+000 -0.706475902779180E+001 -0.736184450533920E+003
  0.343801849153918E-002  0.147790515872484E+004 -0.192242227972524E+002  0.744702886791470E+002  0.313746535579536E+000 -0.706475902779180E+001 -0.736176617955703E+003
  0.348692983830462E-002  0.147785700534106E+004 -0.192710075321479E+002  0.729378565570216E+002  0.317462020098709E+000 -0.706475902779180E+001 -0.736152541263813E+003
  0.348229679120396E-002  0.147783976382536E+004 -0.192212436017124E+002  0.743110658769934E+002  0.327167886899687E+000 -0.706475902779180E+001 -0.736143920505962E+003
  0.349782614103078E-002  0.147781096396483E+004 -0.192431236415479E+002  0.734701775988634E+002  0.322983751073732E+000 -0.706475902779180E+001 -0.736129520575696E+003
  0.347160898940130E-002  0.147780611030467E+004 -0.192797580899086E+002  0.721652433010859E+002  0.342060541192777E+000 -0.706475902779180E+001 -0.736127093745615E+003
  0.344211554824816E-002  0.147780327345272E+004 -0.192463216347819E+002  0.733508658321736E+002  0.342643909982577E+000 -0.706475902779180E+001 -0.736125675319643E+003
  0.341945362325936E-002  0.147779658376759E+004 -0.192527958021134E+002  0.734382129245390E+002  0.302102193299156E+000 -0.706475902779180E+001 -0.736122330477074E+003
  0.341614413238099E-002  0.147777861972723E+004 -0.192626290941086E+002  0.732093000125986E+002  0.318763057191800E+000 -0.706475902779180E+001 -0.736113348456896E+003
  0.343446836497171E-002  0.147774801971489E+004 -0.192902457820571E+002  0.720010915656692E+002  0.317659623105495E+000 -0.706475902779180E+001 -0.736098048450725E+003
  0.340481214921803E-002  0.147774546380257E+004 -0.192227193366315E+002  0.743260169345958E+002  0.317596369429000E+000 -0.706475902779180E+001 -0.736096770494565E+003
  0.337641838090375E-002  0.147774231168473E+004 -0.192895399874785E+002  0.718832382162566E+002  0.334226823321776E+000 -0.706475902779180E+001 -0.736095194435644E+003
  0.336745499169660E-002  0.147772772748968E+004 -0.192824536224881E+002  0.725927116936355E+002  0.305134814734934E+000 -0.706475902779180E+001 -0.736087902338121E+003
  0.333419191974355E-002  0.147772768066124E+004 -0.192342986763903E+002  0.740384346195028E+002  0.306334613178671E+000 -0.706475902779180E+001 -0.736087878923904E+003
  0.335463659122697E-002  0.147769555380171E+004 -0.192402879926406E+002  0.735969103708151E+002  0.339692979148740E+000 -0.706475902779180E+001 -0.736071815494137E+003
  0.332632245808162E-002  0.147769260537842E+004 -0.192249386793935E+002  0.742652562990251E+002  0.327592335013168E+000 -0.706475902779180E+001 -0.736070341282492E+003
  0.333678654399960E-002  0.147766642290772E+004 -0.192369841006087E+002  0.739359407357325E+002  0.327145207070189E+000 -0.706475902779180E+001 -0.736057250047140E+003
  0.331416080143983E-002  0.147766012982921E+004 -0.192452435742585E+002  0.733344101141219E+002  0.330894601905508E+000 -0.706475902779180E+001 -0.736054103507887E+003
  0.330600069921852E-002  0.147764515962508E+004 -0.192706412435799E+002  0.725539752309610E+002  0.342429160999998E+000 -0.706475902779180E+001 -0.736046618405822E+003
  0.329249603900008E-002  0.147763344548198E+004 -0.192511009829421E+002  0.736413173503690E+002  0.313031232624733E+000 -0.706475902779180E+001 -0.736040761334270E+003
  0.327187233723612E-002  0.147762611192098E+004 -0.192916275881643E+002  0.720115512834820E+002  0.314885783553894E+000 -0.706475902779180E+001 -0.736037094553772E+003
  0.324754198508510E-002  0.147762113926593E+004 -0.192941795929334E+002  0.718564785589547E+002  0.321683839177206E+000 -0.706475902779180E+001 -0.736034608226249E+003
  0.322839124582559E-002  0.147761306750635E+004 -0.192752522734530E+002  0.727674735394215E+002  0.318483785375656E+000 -0.706475902779180E+001 -0.736030572346457E+003
  0.320497671428283E-002  0.147760772508852E+004 -0.192470986634502E+002  0.734013718304856E+002  0.339495110048743E+000 -0.706475902779180E+001 -0.736027901137542E+003
  0.318696886291969E-002  0.147759909354592E+004 -0.192979418053424E+002  0.718521722040183E+002  0.316771184268625E+000 -0.706475902779180E+001 -0.736023585366242E+003
  0.316626573462804E-002  0.147759222763132E+004 -0.192264650614376E+002  0.741330158255533E+002  0.321537822762967E+000 -0.706475902779180E+001 -0.736020152408943E+003
  0.314986367213750E-002  0.147758271440680E+004 -0.192460350804156E+002  0.738494185924311E+002  0.303462185004248E+000 -0.706475902779180E+001 -0.736015395796680E+003
  0.314361730705536E-002  0.147756678380055E+004 -0.192284529259292E+002  0.743430920903623E+002  0.309703995714493E+000 -0.706475902779180E+001 -0.736007430493558E+003
  0.318656534060898E-002  0.147751974414779E+004 -0.192723949268107E+002  0.726061202326860E+002  0.337152861376350E+000 -0.706475902779180E+001 -0.735983910667179E+003
  0.316503290041561E-002  0.147751340386687E+004 -0.192257637215354E+002  0.743775016440625E+002  0.315506987587041E+000 -0.706475902779180E+001 -0.735980740526717E+003
  0.314665498999404E-002  0.147750515014505E+004 -0.192318769427370E+002  0.741051665334382E+002  0.325089041748723E+000 -0.706475902779180E+001 -0.735976613665807E+003
  0.312253337477817E-002  0.147750064014181E+004 -0.192337805491723E+002  0.737948185796396E+002  0.327543868339650E+000 -0.706475902779180E+001 -0.735974358664189E+003
  0.312912345765885E-002  0.147747652294328E+004 -0.192452675479317E+002  0.738383366650690E+002  0.301159279975315E+000 -0.706475902779180E+001 -0.735962300064920E+003
  0.310407976596104E-002  0.147747269352171E+004 -0.192633242029254E+002  0.727808426410161E+002  0.342520645183818E+000 -0.706475902779180E+001 -0.735960385354135E+003
  0.311476867541482E-002  0.147744591768362E+004 -0.192406097590572E+002  0.739059808238277E+002  0.319553268417006E+000 -0.706475902779180E+001 -0.735946997435092E+003
  0.308510871908936E-002  0.147744515300200E+004 -0.192859867709939E+002  0.723014793816586E+002  0.324605507523298E+000 -0.706475902779180E+001 -0.735946615094284E+003
  0.305461214350342E-002  0.147744512088291E+004 -0.192384440828499E+002  0.735870126863208E+002  0.334420872236419E+000 -0.706475902779180E+001 -0.735946599034736E+003
  0.304277067600225E-002  0.147743298846062E+004 -0.192853274624375E+002  0.723235718451544E+002  0.308025694738001E+000 -0.706475902779180E+001 -0.735940532823591E+003
  0.302180939262121E-002  0.147742691323554E+004 -0.192352536782749E+002  0.741525271995659E+002  0.307315902262908E+000 -0.706475902779180E+001 -0.735937495211051E+003
  0.299678924637490E-002  0.147742364122238E+004 -0.192403412997937E+002  0.737286640922035E+002  0.312013664019275E+000 -0.706475902779180E+001 -0.735935859204472E+003
  0.298242980776839E-002  0.147741334680930E+004 -0.192826867754820E+002  0.724585831699748E+002  0.321439960099489E+000 -0.706475902779180E+001 -0.735930711997934E+003
  0.296055668553811E-002  0.147740816818745E+004 -0.192407819603320E+002  0.736890791739430E+002  0.334116562731485E+000 -0.706475902779180E+001 -0.735928122687006E+003
  0.294520497673380E-002  0.147739866533335E+004 -0.192366671949274E+002  0.739955006495707E+002  0.322083871890148E+000 -0.706475902779180E+001 -0.735923371259955E+003
  0.291802960042853E-002  0.147739730431596E+004 -0.192478244051150E+002  0.735809092264138E+002  0.305090761313706E+000 -0.706475902779180E+001 -0.735922690751261E+003
  0.289607718651549E-002  0.147739250658857E+004 -0.192257418534830E+002  0.742885281192565E+002  0.322607810471084E+000 -0.706475902779180E+001 -0.735920291887567E+003
  0.287818217665803E-002  0.147738500236840E+004 -0.192575025558044E+002  0.734239385230433E+002  0.300119899084155E+000 -0.706475902779180E+001 -0.735916539777481E+003
  0.286775294588583E-002  0.147737236196425E+004 -0.192282749436677E+002  0.740696753001772E+002  0.322405836233807E+000 -0.706475902779180E+001 -0.735910219575406E+003
  0.284394577844637E-002  0.147736913396436E+004 -0.192403300539423E+002  0.737847684046857E+002  0.329211687958576E+000 -0.706475902779180E+001 -0.735908605575463E+003
  0.281771879993869E-002  0.147736776295290E+004 -0.192367806673777E+002  0.737292513216548E+002  0.322808697959557E+000 -0.706475902779180E+001 -0.735907920069733E+003
  0.280492745659924E-002  0.147735696218105E+004 -0.192922351823451E+002  0.720384041758667E+002  0.314182067509589E+000 -0.706475902779180E+001 -0.735902519683807E+003
  0.278124115680788E-002  0.147735402229757E+004 -0.192900217492340E+002  0.721736110284128E+002  0.310353311045323E+000 -0.706475902779180E+001 -0.735901049742066E+003
  0.276938469269475E-002  0.147734266588472E+004 -0.192530190583404E+002  0.735965430379690E+002  0.307870345676974E+000 -0.706475902779180E+001 -0.735895371535643E+003
  0.276910009766787E-002  0.147732297076301E+004 -0.192962044682900E+002  0.718841556557206E+002  0.320376058108514E+000 -0.706475902779180E+001 -0.735885523974785E+003
  0.275652529911739E-002  0.147731217301317E+004 -0.192246020121833E+002  0.743205006415013E+002  0.320270626745854E+000 -0.706475902779180E+001 -0.735880125099868E+003
  0.277555973098595E-002  0.147727850936201E+004 -0.192708919897580E+002  0.729624767773094E+002  0.302204914857382E+000 -0.706475902779180E+001 -0.735863293274288E+003
  0.276925097418889E-002  0.147726315980934E+004 -0.192667454525465E+002  0.731292306922279E+002  0.307157985094377E+000 -0.706475902779180E+001 -0.735855618497950E+003
  0.276190195012796E-002  0.147724857379251E+004 -0.192940903187196E+002  0.719892148970763E+002  0.321751661977023E+000 -0.706475902779180E+001 -0.735848325489534E+003
  0.274049237258223E-002  0.147724423703577E+004 -0.192896725517591E+002  0.720061630618023E+002  0.321763546014033E+000 -0.706475902779180E+001 -0.735846157111168E+003
  0.272496743175674E-002  0.147723569862583E+004 -0.192261385524161E+002  0.742993948039233E+002  0.318820673803997E+000 -0.706475902779180E+001 -0.735841887906199E+003
  0.269805817842465E-002  0.147723564627474E+004 -0.192745481804644E+002  0.723533887074911E+002  0.335146256927863E+000 -0.706475902779180E+001 -0.735841861730649E+003
  0.269972138637944E-002  0.147721451310030E+004 -0.192881756475852E+002  0.719831993063512E+002  0.330620211334982E+000 -0.706475902779180E+001 -0.735831295143431E+003
  0.268274527635106E-002  0.147720722833936E+004 -0.192544083784917E+002  0.734363190874261E+002  0.320762613758093E+000 -0.706475902779180E+001 -0.735827652762959E+003
  0.268934039133950E-002  0.147718241702007E+004 -0.192297728372415E+002  0.740339118915117E+002  0.329340124660893E+000 -0.706475902779180E+001 -0.735815247103316E+003
  0.267499816412661E-002  0.147717321088201E+004 -0.192474315538788E+002  0.737595869573458E+002  0.309129579666221E+000 -0.706475902779180E+001 -0.735810644034288E+003
  0.265102039330511E-002  0.147717131836846E+004 -0.192705377744193E+002  0.729198376618543E+002  0.302679244867501E+000 -0.706475902779180E+001 -0.735809697777513E+003
  0.265262613850710E-002  0.147715020665678E+004 -0.192626528666071E+002  0.728184760470898E+002  0.323916279076318E+000 -0.706475902779180E+001 -0.735799141921672E+003
  0.264438903848185E-002  0.147713652618240E+004 -0.192618183445139E+002  0.727680994557679E+002  0.338726833878525E+000 -0.706475902779180E+001 -0.735792301684481E+003
  0.265025556903838E-002  0.147711219347028E+004 -0.192775011107193E+002  0.726446365648674E+002  0.319982584629496E+000 -0.706475902779180E+001 -0.735780135328420E+003
  0.263408023908019E-002  0.147710453683020E+004 -0.192270167371168E+002  0.742499219594244E+002  0.317088321525020E+000 -0.706475902779180E+001 -0.735776307008380E+003
  0.264135145743993E-002  0.147707912289611E+004 -0.192591316090952E+002  0.728659312898385E+002  0.338682761467202E+000 -0.706475902779180E+001 -0.735763600041338E+003
  0.262140138271195E-002  0.147707438553080E+004 -0.192399240545363E+002  0.739719010240944E+002  0.306039613751060E+000 -0.706475902779180E+001 -0.735761231358681E+003
  0.260501208180960E-002  0.147706702835019E+004 -0.192866210620760E+002  0.722863577276690E+002  0.321384131357857E+000 -0.706475902779180E+001 -0.735757552768377E+003
  0.258867852206615E-002  0.147705970727001E+004 -0.192773165276645E+002  0.724676415428893E+002  0.314504231267806E+000 -0.706475902779180E+001 -0.735753892228286E+003
  0.256926100503667E-002  0.147705486503127E+004 -0.192553171931997E+002  0.731053335770293E+002  0.338695100986792E+000 -0.706475902779180E+001 -0.735751471108917E+003
  0.256224562268001E-002  0.147704043285064E+004 -0.192402821091936E+002  0.736926253181234E+002  0.316471580777977E+000 -0.706475902779180E+001 -0.735744255018604E+003
  0.254309444568567E-002  0.147703553707916E+004 -0.192731827217958E+002  0.724239437335519E+002  0.331784659832344E+000 -0.706475902779180E+001 -0.735741807132864E+003
  0.254872626802981E-002  0.147701121220462E+004 -0.192380287581911E+002  0.737899005245668E+002  0.331006487321897E+000 -0.706475902779180E+001 -0.735729644695593E+003
  0.253981000471958E-002  0.147699832045232E+004 -0.192397257523555E+002  0.736646091241873E+002  0.320759299305713E+000 -0.706475902779180E+001 -0.735723198819442E+003
  0.252029532350611E-002  0.147699384617145E+004 -0.192683265882200E+002  0.730290619124511E+002  0.303606271882784E+000 -0.706475902779180E+001 -0.735720961679006E+003
  0.249604865435110E-002  0.147699327979630E+004 -0.192326188363046E+002  0.741576772668684E+002  0.312368054484414E+000 -0.706475902779180E+001 -0.735720678491431E+003
  0.247325550722964E-002  0.147699172641721E+004 -0.192913617953843E+002  0.720871056175138E+002  0.320337611959800E+000 -0.706475902779180E+001 -0.735719901801887E+003
  0.245273166669531E-002  0.147698849162049E+004 -0.192845849021107E+002  0.723360649563020E+002  0.323353329698184E+000 -0.706475902779180E+001 -0.735718284403529E+003
  0.243775165373596E-002  0.147698084337543E+004 -0.192917244995929E+002  0.720709176535696E+002  0.318316784597316E+000 -0.706475902779180E+001 -0.735714460280998E+003
  0.241618642597810E-002  0.147697871415563E+004 -0.192758237950781E+002  0.725389937468537E+002  0.331813045788294E+000 -0.706475902779180E+001 -0.735713395671098E+003
  0.240868244055500E-002  0.147696503458858E+004 -0.192368595404657E+002  0.738672775498719E+002  0.313887913804793E+000 -0.706475902779180E+001 -0.735706555887570E+003
  0.238522934585117E-002  0.147696470314955E+004 -0.192785175095670E+002  0.726549894235807E+002  0.306900881759035E+000 -0.706475902779180E+001 -0.735706390168058E+003
  0.237053581449096E-002  0.147695716102753E+004 -0.192342645716031E+002  0.740388724864892E+002  0.321461437035780E+000 -0.706475902779180E+001 -0.735702619107047E+003
  0.236444060294315E-002  0.147694240946426E+004 -0.192416315372426E+002  0.735568721409172E+002  0.324899491705320E+000 -0.706475902779180E+001 -0.735695243325411E+003
  0.234390512271119E-002  0.147693995493896E+004 -0.192844883615514E+002  0.722601269742075E+002  0.328702675788080E+000 -0.706475902779180E+001 -0.735694016062762E+003
  0.232228718607695E-002  0.147693858595351E+004 -0.192396827820007E+002  0.735963244233685E+002  0.332664692511811E+000 -0.706475902779180E+001 -0.735693331570036E+003
  0.230345066252781E-002  0.147693497383066E+004 -0.192626781265229E+002  0.732439749461538E+002  0.305363990888656E+000 -0.706475902779180E+001 -0.735691525508609E+003
  0.229004718760397E-002  0.147692674489573E+004 -0.192659449094657E+002  0.729215170178602E+002  0.309046455638379E+000 -0.706475902779180E+001 -0.735687411041144E+003
  0.226964569928112E-002  0.147692474160121E+004 -0.192405078404921E+002  0.738332403659461E+002  0.308382623720694E+000 -0.706475902779180E+001 -0.735686409393886E+003
  0.226599126090799E-002  0.147690806380694E+004 -0.192574606137088E+002  0.733813131794726E+002  0.314225284986760E+000 -0.706475902779180E+001 -0.735678070496750E+003
  0.224984591619760E-002  0.147690246429283E+004 -0.192540965869956E+002  0.732738952641690E+002  0.332059059561746E+000 -0.706475902779180E+001 -0.735675270739698E+003
  0.222964887557356E-002  0.147690059885914E+004 -0.192385087505889E+002  0.736781147111933E+002  0.324977324140746E+000 -0.706475902779180E+001 -0.735674338022851E+003
  0.220967121303765E-002  0.147689869896962E+004 -0.192560770940822E+002  0.734414478999371E+002  0.312241028135746E+000 -0.706475902779180E+001 -0.735673388078092E+003
  0.219434366451838E-002  0.147689271979622E+004 -0.192757769022897E+002  0.727362875803140E+002  0.306036157298606E+000 -0.706475902779180E+001 -0.735670398491393E+003
  0.217443913897220E-002  0.147689104358207E+004 -0.192545434758034E+002  0.734750537223718E+002  0.303429749182776E+000 -0.706475902779180E+001 -0.735669560384319E+003
  0.215525964219765E-002  0.147688886204883E+004 -0.192320821111867E+002  0.739722227452351E+002  0.327518665541507E+000 -0.706475902779180E+001 -0.735668469617697E+003
  0.213629947220869E-002  0.147688663355973E+004 -0.192420785390416E+002  0.737451468339932E+002  0.325987837223414E+000 -0.706475902779180E+001 -0.735667355373145E+003
  0.211763048820301E-002  0.147688428758654E+004 -0.192749804830929E+002  0.724025033213085E+002  0.337120802231482E+000 -0.706475902779180E+001 -0.735666182386553E+003
  0.210203020946875E-002  0.147687917517529E+004 -0.192344977664140E+002  0.740659117758252E+002  0.310518597056840E+000 -0.706475902779180E+001 -0.735663626180929E+003
  0.211223062410013E-002  0.147684959268804E+004 -0.192369390603473E+002  0.739895177880150E+002  0.318139246282063E+000 -0.706475902779180E+001 -0.735648834937301E+003
  0.209465856825063E-002  0.147684640000911E+004 -0.192617164153249E+002  0.727965412658920E+002  0.335285652545029E+000 -0.706475902779180E+001 -0.735647238597837E+003
  0.207648939322744E-002  0.147684392312628E+004 -0.192366582760041E+002  0.739152971405753E+002  0.312383317690073E+000 -0.706475902779180E+001 -0.735646000156424E+003
  0.208664690646904E-002  0.147681426296341E+004 -0.192665909445825E+002  0.729276065666115E+002  0.326952544162040E+000 -0.706475902779180E+001 -0.735631170074986E+003
  0.207125193684137E-002  0.147680917270528E+004 -0.192597345415536E+002  0.729354853701655E+002  0.338138818370339E+000 -0.706475902779180E+001 -0.735628624945923E+003
  0.206988379093668E-002  0.147679059356119E+004 -0.192511841959437E+002  0.732839622038251E+002  0.318906472356444E+000 -0.706475902779180E+001 -0.735619335373878E+003
  0.205063885738807E-002  0.147678937506690E+004 -0.192648873815106E+002  0.727189558964503E+002  0.329601852611141E+000 -0.706475902779180E+001 -0.735618726126730E+003
  0.203636108166203E-002  0.147678344830685E+004 -0.192762145544417E+002  0.723591260011633E+002  0.335137478633885E+000 -0.706475902779180E+001 -0.735615762746708E+003
  0.201726388920284E-002  0.147678239234231E+004 -0.192410916640160E+002  0.736061263437751E+002  0.333394953130289E+000 -0.706475902779180E+001 -0.735615234764436E+003
  0.199958912671043E-002  0.147678009240086E+004 -0.192431129920254E+002  0.735134404909741E+002  0.324954302052246E+000 -0.706475902779180E+001 -0.735614084793712E+003
  0.198028679359219E-002  0.147677959182584E+004 -0.192324832322454E+002  0.741072584029170E+002  0.314672380547707E+000 -0.706475902779180E+001 -0.735613834506203E+003
  0.196704812486320E-002  0.147677310651261E+004 -0.192421529887600E+002  0.735395029815554E+002  0.333890054077071E+000 -0.706475902779180E+001 -0.735610591849586E+003
  0.195398340842857E-002  0.147676653373635E+004 -0.192800000229112E+002  0.722540879847077E+002  0.329658520155920E+000 -0.706475902779180E+001 -0.735607305461459E+003
  0.193551050847496E-002  0.147676563095895E+004 -0.192830409531285E+002  0.721744328904683E+002  0.329048337448808E+000 -0.706475902779180E+001 -0.735606854072755E+003
  0.191756656945235E-002  0.147676435859705E+004 -0.192547555867476E+002  0.733314599854694E+002  0.307917450583142E+000 -0.706475902779180E+001 -0.735606217891806E+003
  0.190410299518228E-002  0.147675854981821E+004 -0.192652994022171E+002  0.730585028782893E+002  0.305085033883277E+000 -0.706475902779180E+001 -0.735603313502389E+003
  0.188638838533919E-002  0.147675734302707E+004 -0.192406453386421E+002  0.737656191487713E+002  0.312347799599413E+000 -0.706475902779180E+001 -0.735602710106819E+003
  0.186804081705733E-002  0.147675699017235E+004 -0.192770797157834E+002  0.725628940232290E+002  0.310807705729430E+000 -0.706475902779180E+001 -0.735602533679456E+003
  0.185410520950535E-002  0.147675206546545E+004 -0.192395174265166E+002  0.738862541745226E+002  0.320047338387070E+000 -0.706475902779180E+001 -0.735600071326004E+003
  0.183741276080134E-002  0.147675025228169E+004 -0.192476083254616E+002  0.733774585173449E+002  0.335454471695883E+000 -0.706475902779180E+001 -0.735599164734128E+003
  0.182522377661417E-002  0.147674366337403E+004 -0.192550441529208E+002  0.732715471895036E+002  0.310627765464961E+000 -0.706475902779180E+001 -0.735595870280297E+003
  0.180795344256397E-002  0.147674277688432E+004 -0.192364580289874E+002  0.740099531980603E+002  0.310812524738661E+000 -0.706475902779180E+001 -0.735595427035440E+003
  0.179377493304292E-002  0.147673862264353E+004 -0.192463825770126E+002  0.733550433697143E+002  0.332886814575738E+000 -0.706475902779180E+001 -0.735593349915048E+003
  0.177680923431887E-002  0.147673772820110E+004 -0.192430079738018E+002  0.736983858133100E+002  0.326439641486998E+000 -0.706475902779180E+001 -0.735592902693831E+003
  0.176084712494155E-002  0.147673587589240E+004 -0.192398021542463E+002  0.736495871820692E+002  0.324146559860089E+000 -0.706475902779180E+001 -0.735591976539483E+003
  0.174898946386195E-002  0.147672948891533E+004 -0.192610432733736E+002  0.729814889572543E+002  0.316420599547070E+000 -0.706475902779180E+001 -0.735588783050946E+003
  0.173180517940178E-002  0.147672933595590E+004 -0.192374965333805E+002  0.739984219938460E+002  0.311923579018341E+000 -0.706475902779180E+001 -0.735588706571229E+003
  0.171505743292479E-002  0.147672887079848E+004 -0.192589981848230E+002  0.729361128106033E+002  0.327225260786773E+000 -0.706475902779180E+001 -0.735588473992522E+003
  0.170066122895357E-002  0.147672582900677E+004 -0.192683257824762E+002  0.727233959826268E+002  0.317969507356504E+000 -0.706475902779180E+001 -0.735586953096667E+003
  0.168623517141623E-002  0.147672296594300E+004 -0.192832674228031E+002  0.723979994625736E+002  0.311826667792343E+000 -0.706475902779180E+001 -0.735585521564781E+003
  0.167130838049952E-002  0.147672084838853E+004 -0.192714144645915E+002  0.725982963612913E+002  0.335397533709170E+000 -0.706475902779180E+001 -0.735584462787546E+003
  0.165782503223293E-002  0.147671714824548E+004 -0.192840847260455E+002  0.723012379709267E+002  0.315015668860797E+000 -0.706475902779180E+001 -0.735582612716021E+003
  0.165136936548303E-002  0.147670505090285E+004 -0.192347974186753E+002  0.739017041252570E+002  0.319439484678348E+000 -0.706475902779180E+001 -0.735576564044704E+003
  0.163681269060532E-002  0.147670285822655E+004 -0.192493869483461E+002  0.732567964809700E+002  0.335374353151498E+000 -0.706475902779180E+001 -0.735575467706559E+003
  0.163795146478407E-002  0.147668156659540E+004 -0.192452612456421E+002  0.737458438469802E+002  0.315982062172742E+000 -0.706475902779180E+001 -0.735564821890980E+003
  0.163237302732650E-002  0.147666848903994E+004 -0.192635837204922E+002  0.731852234601039E+002  0.309010180689613E+000 -0.706475902779180E+001 -0.735558283113251E+003
  0.162265608876750E-002  0.147666052924521E+004 -0.192832912382548E+002  0.724263407713935E+002  0.314843492170271E+000 -0.706475902779180E+001 -0.735554303215888E+003
  0.161373162270791E-002  0.147665165876836E+004 -0.192440083143394E+002  0.735321257478932E+002  0.320637303329858E+000 -0.706475902779180E+001 -0.735549867977462E+003
  0.159780971825185E-002  0.147665158912636E+004 -0.192651301705937E+002  0.727725709707015E+002  0.336677484143375E+000 -0.706475902779180E+001 -0.735549833156463E+003
  0.158331325170261E-002  0.147664991670297E+004 -0.192616657478220E+002  0.728345627738582E+002  0.336716773743843E+000 -0.706475902779180E+001 -0.735548996944764E+003
  0.157484376110509E-002  0.147664074319747E+004 -0.192579945325547E+002  0.729568744352660E+002  0.330160670827787E+000 -0.706475902779180E+001 -0.735544410192015E+003
  0.156309149713228E-002  0.147663582349356E+004 -0.192680304730784E+002  0.729583664197951E+002  0.319217013210669E+000 -0.706475902779180E+001 -0.735541950340063E+003
  0.155497409947552E-002  0.147662633623176E+004 -0.192391882829193E+002  0.737726066322859E+002  0.316322181227227E+000 -0.706475902779180E+001 -0.735537206709161E+003
  0.154436327137718E-002  0.147662012994183E+004 -0.192752727809179E+002  0.727265103862535E+002  0.308301411484331E+000 -0.706475902779180E+001 -0.735534103564196E+003
  0.153410926842981E-002  0.147661355282384E+004 -0.192799998469424E+002  0.723778655465444E+002  0.329863936512760E+000 -0.706475902779180E+001 -0.735530815005204E+003
  0.151928285377620E-002  0.147661307519146E+004 -0.192847290377360E+002  0.721715059548589E+002  0.328161122981930E+000 -0.706475902779180E+001 -0.735530576189012E+003
  0.150925942013435E-002  0.147660641320280E+004 -0.192566559784192E+002  0.730553747885742E+002  0.323612841683672E+000 -0.706475902779180E+001 -0.735527245194681E+003
  0.150858279848118E-002  0.147658740936951E+004 -0.192346267620929E+002  0.739019316203854E+002  0.324861008967962E+000 -0.706475902779180E+001 -0.735517743278035E+003
  0.150853922724576E-002  0.147656756647310E+004 -0.192375664403343E+002  0.737987316979582E+002  0.319847195679493E+000 -0.706475902779180E+001 -0.735507821829829E+003
  0.149625123615011E-002  0.147656402377012E+004 -0.192353855767363E+002  0.739871076858069E+002  0.314979116922479E+000 -0.706475902779180E+001 -0.735506050478340E+003
  0.148474927687880E-002  0.147655955687476E+004 -0.192370567549457E+002  0.738278676522118E+002  0.319281989529030E+000 -0.706475902779180E+001 -0.735503817030661E+003
  0.147392078528055E-002  0.147655429595283E+004 -0.192630848841490E+002  0.728605484732071E+002  0.335647703951854E+000 -0.706475902779180E+001 -0.735501186569696E+003
  0.146112419467400E-002  0.147655183512155E+004 -0.192743683160386E+002  0.726792168040395E+002  0.323532373759426E+000 -0.706475902779180E+001 -0.735499956154059E+003
  0.144757972417335E-002  0.147655056071921E+004 -0.192396841881771E+002  0.737332422181385E+002  0.318368703699675E+000 -0.706475902779180E+001 -0.735499318952885E+003
  0.143374955255643E-002  0.147654985991493E+004 -0.192462963007767E+002  0.734839406703543E+002  0.318261767300460E+000 -0.706475902779180E+001 -0.735498968550748E+003
  0.142409424425226E-002  0.147654347342087E+004 -0.192778296645977E+002  0.723571149896204E+002  0.332595575769056E+000 -0.706475902779180E+001 -0.735495775303715E+003
  0.141061459806738E-002  0.147654259375714E+004 -0.192551883554714E+002  0.733933119663125E+002  0.318642059182695E+000 -0.706475902779180E+001 -0.735495335471849E+003
  0.139727199904799E-002  0.147654170055742E+004 -0.192768733914177E+002  0.725881519448796E+002  0.311283589073749E+000 -0.706475902779180E+001 -0.735494888871994E+003
  0.138421458711555E-002  0.147654057763553E+004 -0.192635988664041E+002  0.730306154890877E+002  0.325562853641564E+000 -0.706475902779180E+001 -0.735494327411046E+003
  0.138094397282980E-002  0.147652540815396E+004 -0.192689530792931E+002  0.729749116590488E+002  0.311342690507698E+000 -0.706475902779180E+001 -0.735486742670260E+003
  0.136814117889689E-002  0.147652413606981E+004 -0.192856868104205E+002  0.722303341477889E+002  0.322870545715462E+000 -0.706475902779180E+001 -0.735486106628187E+003
  0.136086515068505E-002  0.147651490016234E+004 -0.192527851804246E+002  0.735237937293978E+002  0.307666891506787E+000 -0.706475902779180E+001 -0.735481488674451E+003
  0.135052392671851E-002  0.147651025555399E+004 -0.192641289328101E+002  0.729177078842442E+002  0.331479755586598E+000 -0.706475902779180E+001 -0.735479166370277E+003
  0.134427080053181E-002  0.147649963669375E+004 -0.192856318482268E+002  0.722371077764622E+002  0.320353786761183E+000 -0.706475902779180E+001 -0.735473856940155E+003
  0.133522452571061E-002  0.147649324052911E+004 -0.192584215858442E+002  0.730670749082849E+002  0.317844097667528E+000 -0.706475902779180E+001 -0.735470658857834E+003
  0.132373170301316E-002  0.147649062919942E+004 -0.192375275223833E+002  0.737744907687023E+002  0.326678587543321E+000 -0.706475902779180E+001 -0.735469353192993E+003
  0.131154835735217E-002  0.147648922134635E+004 -0.192669739796893E+002  0.730451429794153E+002  0.309683721790776E+000 -0.706475902779180E+001 -0.735468649266457E+003
  0.129864561368436E-002  0.147648909369601E+004 -0.192439524788649E+002  0.735883424588706E+002  0.329618526642865E+000 -0.706475902779180E+001 -0.735468585441286E+003
  0.129039984888743E-002  0.147648193254436E+004 -0.192538152119432E+002  0.732935436758717E+002  0.313147674853982E+000 -0.706475902779180E+001 -0.735465004865462E+003
  0.128517559006691E-002  0.147647014543414E+004 -0.192722811316147E+002  0.726014878818009E+002  0.319237609137761E+000 -0.706475902779180E+001 -0.735459111310354E+003
  0.127478395850002E-002  0.147646648204252E+004 -0.192491377734843E+002  0.733867348282309E+002  0.318328418729544E+000 -0.706475902779180E+001 -0.735457279614540E+003
  0.126452100450079E-002  0.147646274802488E+004 -0.192675188889425E+002  0.726558837799477E+002  0.330529033486028E+000 -0.706475902779180E+001 -0.735455412605722E+003
  0.125311897386884E-002  0.147646096291375E+004 -0.192666848017290E+002  0.726993892899358E+002  0.335010638799347E+000 -0.706475902779180E+001 -0.735454520050154E+003
  0.124606479172032E-002  0.147645235265970E+004 -0.192824263186799E+002  0.722644121171457E+002  0.327878765657720E+000 -0.706475902779180E+001 -0.735450214923131E+003
  0.123459126421884E-002  0.147645095292526E+004 -0.192527686683379E+002  0.732338217910819E+002  0.320451927056595E+000 -0.706475902779180E+001 -0.735449515055912E+003
  0.122299183066548E-002  0.147644993182000E+004 -0.192621150096962E+002  0.731270022676117E+002  0.321311786850068E+000 -0.706475902779180E+001 -0.735449004503281E+003
  0.121567854121113E-002  0.147644202673008E+004 -0.192628590253670E+002  0.728218440680284E+002  0.335042545177615E+000 -0.706475902779180E+001 -0.735445051958321E+003
  0.120380686176309E-002  0.147644175301005E+004 -0.192822858317644E+002  0.724141181133615E+002  0.315285229294378E+000 -0.706475902779180E+001 -0.735444915098306E+003
  0.119257647134332E-002  0.147644059805147E+004 -0.192371015064726E+002  0.738406754000008E+002  0.319750336500035E+000 -0.706475902779180E+001 -0.735444337619017E+003
  0.118200194504736E-002  0.147643851039796E+004 -0.192436393541409E+002  0.737756238782166E+002  0.310254334545476E+000 -0.706475902779180E+001 -0.735443293792262E+003
  0.117167251686476E-002  0.147643616440605E+004 -0.192832143356408E+002  0.723743234350027E+002  0.317578482884524E+000 -0.706475902779180E+001 -0.735442120796309E+003
  0.116028124397959E-002  0.147643580334875E+004 -0.192603966385714E+002  0.731619895067814E+002  0.323193157112004E+000 -0.706475902779180E+001 -0.735441940267656E+003
  0.114886154119940E-002  0.147643568456619E+004 -0.192808801902128E+002  0.724787260084394E+002  0.313988835022336E+000 -0.706475902779180E+001 -0.735441880876378E+003
  0.114416201850887E-002  0.147642398186521E+004 -0.192750478682159E+002  0.727187395074620E+002  0.315754438552669E+000 -0.706475902779180E+001 -0.735436029525887E+003
  0.113419249397658E-002  0.147642158434116E+004 -0.192722468499061E+002  0.728119758704631E+002  0.317071338551483E+000 -0.706475902779180E+001 -0.735434830763860E+003
  0.112423358172850E-002  0.147641932247119E+004 -0.192454360352976E+002  0.735479265905391E+002  0.329090658545731E+000 -0.706475902779180E+001 -0.735433699828874E+003
  0.111326780709629E-002  0.147641902557372E+004 -0.192568348304250E+002  0.732959259260314E+002  0.308244800397349E+000 -0.706475902779180E+001 -0.735433551380141E+003
  0.110277292556194E-002  0.147641806853492E+004 -0.192389829207717E+002  0.738920392889228E+002  0.313843968139711E+000 -0.706475902779180E+001 -0.735433072860742E+003
  0.109298749891206E-002  0.147641599402824E+004 -0.192413259907968E+002  0.736594598197714E+002  0.328643790408682E+000 -0.706475902779180E+001 -0.735432035607402E+003
  0.109025487758391E-002  0.147640109990687E+004 -0.192703651472051E+002  0.728008262155848E+002  0.310863901627712E+000 -0.706475902779180E+001 -0.735424588546717E+003
  0.108061064214867E-002  0.147639896966677E+004 -0.192392316184057E+002  0.737097503312627E+002  0.325377581444055E+000 -0.706475902779180E+001 -0.735423523426666E+003
  0.107487113157718E-002  0.147638972003298E+004 -0.192757534675741E+002  0.726389174102025E+002  0.321400320557088E+000 -0.706475902779180E+001 -0.735418898609771E+003
  0.106447629158423E-002  0.147638925505841E+004 -0.192646302349380E+002  0.731138826316491E+002  0.309114155115249E+000 -0.706475902779180E+001 -0.735418666122486E+003
  0.105799628182588E-002  0.147638156662497E+004 -0.192674958552905E+002  0.728902877423689E+002  0.310856355287801E+000 -0.706475902779180E+001 -0.735414821905768E+003
  0.104776311208724E-002  0.147638110455692E+004 -0.192518894459928E+002  0.734156182665088E+002  0.324845926201347E+000 -0.706475902779180E+001 -0.735414590871739E+003
  0.104308494577954E-002  0.147637015370693E+004 -0.192451277190462E+002  0.734697112627953E+002  0.325756178978646E+000 -0.706475902779180E+001 -0.735409115446747E+003
  0.103350685138006E-002  0.147636870281920E+004 -0.192600591416011E+002  0.732690704313459E+002  0.311454924011186E+000 -0.706475902779180E+001 -0.735408390002880E+003
  0.103280228139191E-002  0.147635016607735E+004 -0.192629760267296E+002  0.728190643664947E+002  0.333614842604274E+000 -0.706475902779180E+001 -0.735399121631957E+003
  0.102279486421091E-002  0.147634973906838E+004 -0.192753449917308E+002  0.724393040004352E+002  0.328797946821273E+000 -0.706475902779180E+001 -0.735398908127471E+003
  0.101408626337752E-002  0.147634694034508E+004 -0.192649969805228E+002  0.728520325502685E+002  0.318450288633835E+000 -0.706475902779180E+001 -0.735397508765822E+003
  0.100518238832957E-002  0.147634467761926E+004 -0.192629175716916E+002  0.728226660221195E+002  0.329140716735700E+000 -0.706475902779180E+001 -0.735396377402914E+003
  0.995363858468473E-003  0.147634440881303E+004 -0.192799255946643E+002  0.723907900407488E+002  0.326941106750932E+000 -0.706475902779180E+001 -0.735396242999799E+003
  0.988691914516442E-003  0.147633795932380E+004 -0.192465649262703E+002  0.736880465098615E+002  0.310795163869252E+000 -0.706475902779180E+001 -0.735393018255184E+003
  0.986497174572540E-003  0.147632250328132E+004 -0.192646333258429E+002  0.730774392278928E+002  0.316541271666897E+000 -0.706475902779180E+001 -0.735385290233941E+003
  0.977830525387878E-003  0.147632025080615E+004 -0.192777358021988E+002  0.724212389127180E+002  0.329395760819372E+000 -0.706475902779180E+001 -0.735384163996359E+003
  0.968937013764533E-003  0.147631862366363E+004 -0.192513641421636E+002  0.734151781589891E+002  0.325659667557995E+000 -0.706475902779180E+001 -0.735383350425097E+003
  0.960566680429222E-003  0.147631607541409E+004 -0.192646916235469E+002  0.727728387338586E+002  0.328123645330190E+000 -0.706475902779180E+001 -0.735382076300325E+003
  0.951098231177155E-003  0.147631598685778E+004 -0.192773680368059E+002  0.723973999260895E+002  0.326572552606782E+000 -0.706475902779180E+001 -0.735382032022173E+003
  0.944549051639159E-003  0.147630990565638E+004 -0.192752435117834E+002  0.726947890176097E+002  0.312018788307023E+000 -0.706475902779180E+001 -0.735378991421473E+003
  0.936473757925258E-003  0.147630717723370E+004 -0.192529273917795E+002  0.734567301440188E+002  0.308714572433836E+000 -0.706475902779180E+001 -0.735377627210132E+003
  0.927521829050489E-003  0.147630648691297E+004 -0.192499855483992E+002  0.732897029569629E+002  0.331956303244410E+000 -0.706475902779180E+001 -0.735377282049765E+003
  0.920241398416196E-003  0.147630234685998E+004 -0.192464838799844E+002  0.734150499324180E+002  0.329492163914306E+000 -0.706475902779180E+001 -0.735375212023273E+003
  0.915008495914469E-003  0.147629385154792E+004 -0.192769551540094E+002  0.724225746304553E+002  0.324845076014936E+000 -0.706475902779180E+001 -0.735370964367243E+003
  0.907588351776372E-003  0.147629023574953E+004 -0.192590714514063E+002  0.729571145431647E+002  0.329117705739715E+000 -0.706475902779180E+001 -0.735369156468046E+003
  0.899698549705441E-003  0.147628779740039E+004 -0.192646949398794E+002  0.730609978990383E+002  0.317868138502140E+000 -0.706475902779180E+001 -0.735367937293476E+003
  0.891376077147008E-003  0.147628648341806E+004 -0.192595534118678E+002  0.729843068964508E+002  0.333527980174490E+000 -0.706475902779180E+001 -0.735367280302310E+003
  0.883818279900298E-003  0.147628361265030E+004 -0.192390513132458E+002  0.737928469473384E+002  0.322904179034311E+000 -0.706475902779180E+001 -0.735365844918433E+003
  0.875505220331226E-003  0.147628261271137E+004 -0.192467756800062E+002  0.734456683150262E+002  0.330445155833468E+000 -0.706475902779180E+001 -0.735365344948969E+003
  0.867593292320713E-003  0.147628086818322E+004 -0.192386654235576E+002  0.737996787912253E+002  0.322373679005435E+000 -0.706475902779180E+001 -0.735364472684890E+003
  0.859989147633022E-003  0.147627857407648E+004 -0.192744549874745E+002  0.726562773065970E+002  0.323076948691401E+000 -0.706475902779180E+001 -0.735363325631519E+003
  0.854730572737607E-003  0.147627094035570E+004 -0.192508135262466E+002  0.733970735001068E+002  0.314596129726532E+000 -0.706475902779180E+001 -0.735359508771132E+003
  0.854272176637301E-003  0.147625211259130E+004 -0.192743813386244E+002  0.726011157932264E+002  0.326903260870741E+000 -0.706475902779180E+001 -0.735350094888931E+003
  0.848655611021279E-003  0.147624540470505E+004 -0.192597585128459E+002  0.732224190340925E+002  0.318238230337766E+000 -0.706475902779180E+001 -0.735346740945808E+003
  0.843585276628523E-003  0.147623748897907E+004 -0.192459144941217E+002  0.736892023304289E+002  0.314528183933725E+000 -0.706475902779180E+001 -0.735342783082815E+003
  0.836552628645931E-003  0.147623433144073E+004 -0.192500279612181E+002  0.732966822941934E+002  0.331022147408926E+000 -0.706475902779180E+001 -0.735341204313645E+003
  0.829134721751371E-003  0.147623224434033E+004 -0.192807023786614E+002  0.723941807921715E+002  0.319909331072854E+000 -0.706475902779180E+001 -0.735340160763445E+003
  0.822253405591618E-003  0.147622901173109E+004 -0.192435682220744E+002  0.735575629840307E+002  0.327527760678577E+000 -0.706475902779180E+001 -0.735338544458827E+003
  0.819172708210238E-003  0.147621661844598E+004 -0.192695567269776E+002  0.727830142444940E+002  0.314192066726195E+000 -0.706475902779180E+001 -0.735332347816273E+003
  0.811837226348861E-003  0.147621470794158E+004 -0.192718274414560E+002  0.727740805008814E+002  0.311828333784348E+000 -0.706475902779180E+001 -0.735331392564072E+003
  0.804838525347659E-003  0.147621212366435E+004 -0.192679967451586E+002  0.727785085806807E+002  0.329834824450541E+000 -0.706475902779180E+001 -0.735330100425457E+003
  0.796941701217781E-003  0.147621194328131E+004 -0.192784066844664E+002  0.723964115081292E+002  0.325518266982885E+000 -0.706475902779180E+001 -0.735330010233938E+003
  0.789678038165593E-003  0.147621035504474E+004 -0.192681234565589E+002  0.729594116626422E+002  0.311008913994859E+000 -0.706475902779180E+001 -0.735329216115652E+003
  0.782112982739527E-003  0.147620970659593E+004 -0.192428621499155E+002  0.736900151980497E+002  0.323154124681013E+000 -0.706475902779180E+001 -0.735328891891249E+003
  0.774667361573665E-003  0.147620893690017E+004 -0.192551768038261E+002  0.731086093036510E+002  0.331924320743592E+000 -0.706475902779180E+001 -0.735328507043368E+003
  0.767390289316783E-003  0.147620791264370E+004 -0.192803392604882E+002  0.723783256459002E+002  0.322509024508763E+000 -0.706475902779180E+001 -0.735327994915130E+003
  0.760841381154458E-003  0.147620515322668E+004 -0.192501403486698E+002  0.733077139256409E+002  0.324752944968468E+000 -0.706475902779180E+001 -0.735326615206620E+003
  0.756265277060955E-003  0.147619731794731E+004 -0.192425637399301E+002  0.736605379908852E+002  0.325098045770764E+000 -0.706475902779180E+001 -0.735322697566939E+003
  0.750591623063814E-003  0.147619247825340E+004 -0.192584217071318E+002  0.729886565462349E+002  0.329829641439805E+000 -0.706475902779180E+001 -0.735320277719980E+003
  0.743491545530586E-003  0.147619158625501E+004 -0.192707919834764E+002  0.726278100541846E+002  0.323378092792580E+000 -0.706475902779180E+001 -0.735319831720786E+003
  0.737281838167600E-003  0.147618845991902E+004 -0.192736332595435E+002  0.727429409176706E+002  0.313199880207288E+000 -0.706475902779180E+001 -0.735318268552794E+003
  0.730076775000192E-003  0.147618820032122E+004 -0.192766844194128E+002  0.724438920135629E+002  0.327821818970200E+000 -0.706475902779180E+001 -0.735318138753894E+003
  0.723874800783489E-003  0.147618536215853E+004 -0.192787933416535E+002  0.725137714244189E+002  0.317320479369223E+000 -0.706475902779180E+001 -0.735316719672549E+003
  0.716765259310372E-003  0.147618520160926E+004 -0.192508194318594E+002  0.732816705241473E+002  0.325217634835282E+000 -0.706475902779180E+001 -0.735316639397911E+003
  0.713390955207371E-003  0.147617473854697E+004 -0.192434132270749E+002  0.735930550424624E+002  0.326555662980228E+000 -0.706475902779180E+001 -0.735311407866766E+003
  0.707436133354706E-003  0.147617160236496E+004 -0.192468187781932E+002  0.735309271384064E+002  0.316283428404808E+000 -0.706475902779180E+001 -0.735309839775761E+003
  0.702539711833917E-003  0.147616559255456E+004 -0.192647036291034E+002  0.730168277172371E+002  0.321169063804039E+000 -0.706475902779180E+001 -0.735306834870562E+003
  0.695996772699062E-003  0.147616440570388E+004 -0.192718292050831E+002  0.725708013481140E+002  0.329609077337799E+000 -0.706475902779180E+001 -0.735306241445223E+003
  0.689650597514969E-003  0.147616282491112E+004 -0.192703992531704E+002  0.727997336810468E+002  0.312639111526602E+000 -0.706475902779180E+001 -0.735305451048843E+003
  0.683185280832004E-003  0.147616176223168E+004 -0.192453105060396E+002  0.735735953850454E+002  0.317435990260350E+000 -0.706475902779180E+001 -0.735304919709121E+003
  0.676491926804460E-003  0.147616155273802E+004 -0.192651212100736E+002  0.730439444290539E+002  0.316733516327445E+000 -0.706475902779180E+001 -0.735304814962291E+003
  0.670089881691026E-003  0.147616066939352E+004 -0.192533020947956E+002  0.734541033355495E+002  0.314624772600382E+000 -0.706475902779180E+001 -0.735304373290043E+003
  0.664226582041683E-003  0.147615834578358E+004 -0.192732700386651E+002  0.727554174009801E+002  0.314409019464151E+000 -0.706475902779180E+001 -0.735303211485072E+003
  0.657748142534716E-003  0.147615804758854E+004 -0.192658805428845E+002  0.728231010781596E+002  0.330807973525092E+000 -0.706475902779180E+001 -0.735303062387553E+003
  0.653793819431261E-003  0.147615020703685E+004 -0.192592942719676E+002  0.729772377435857E+002  0.331920599050747E+000 -0.706475902779180E+001 -0.735299142111705E+003
  0.648111051614541E-003  0.147614776634179E+004 -0.192788836310030E+002  0.724460448717351E+002  0.320309965338645E+000 -0.706475902779180E+001 -0.735297921764178E+003
  0.641768621956127E-003  0.147614753412174E+004 -0.192477145895280E+002  0.734805142947474E+002  0.327081484623797E+000 -0.706475902779180E+001 -0.735297805654150E+003
  0.639291200367920E-003  0.147613536900722E+004 -0.192727588473522E+002  0.726869435407667E+002  0.324273672137874E+000 -0.706475902779180E+001 -0.735291723096891E+003
  0.634005973974614E-003  0.147613207171778E+004 -0.192543583815027E+002  0.734203420220384E+002  0.313892817661208E+000 -0.706475902779180E+001 -0.735290074452170E+003
  0.794385746481746E-002  0.147057541442095E+004 -0.192712664129626E+002  0.728002975851570E+002  0.312469265875084E+000 -0.706475902779180E+001 -0.735287707210475E+003
  0.798105152475477E-002  0.147056607204352E+004 -0.192658351803204E+002  0.729735695711237E+002  0.311446950819365E+000 -0.706475902779180E+001 -0.735283036021761E+003
  0.800418290756988E-002  0.147056028385216E+004 -0.192688528503521E+002  0.728661772631584E+002  0.312244577448533E+000 -0.706475902779180E+001 -0.735280141926081E+003
  0.674083461403232E-002  0.147053920178107E+004 -0.192642048246825E+002  0.730515893766377E+002  0.310972349889902E+000 -0.706475902779180E+001 -0.735269600890535E+003
  0.582265724800544E-002  0.147046741270321E+004 -0.192653923231013E+002  0.729761866317965E+002  0.312693396139647E+000 -0.706475902779180E+001 -0.735233706351605E+003
  0.596334165590829E-002  0.147041966415299E+004 -0.192651361472742E+002  0.730159881570532E+002  0.312812483293054E+000 -0.706475902779180E+001 -0.735209832076497E+003
  0.598191842366547E-002  0.147041344351565E+004 -0.192664577291850E+002  0.729649707053953E+002  0.313219076064065E+000 -0.706475902779180E+001 -0.735206721757826E+003
  0.613736858793308E-002  0.147036213399883E+004 -0.192658823736787E+002  0.729856736433665E+002  0.314328390411128E+000 -0.706475902779180E+001 -0.735181066999417E+003
  0.626651968297928E-002  0.147032048390985E+004 -0.192663002352776E+002  0.729469890187667E+002  0.314851493463665E+000 -0.706475902779180E+001 -0.735160241954925E+003
