  0.100000000000000E+001  0.146625988244736E+005 -0.868529968647109E+001  0.979272398995994E+002 -0.121704218479691E+001 -0.455819988367554E+001 -0.107536384819057E+002 -0.733129941223678E+004
  0.100000000000000E+001  0.304158267961846E+004  0.929488696927988E+001  0.715125747665658E+002 -0.186825233822164E+000 -0.213646334657225E+000 -0.107536384819057E+002 -0.152079133980923E+004
  0.100000000000000E+001  0.111316694250600E+005  0.541419925089534E+001  0.957100741337159E+002 -0.510418112196380E+000 -0.874803137587458E+000 -0.107536384819057E+002 -0.556583471253001E+004
  0.100000000000000E+001  0.780861672566311E+004  0.475992646983147E+001  0.703176293787682E+002 -0.217631821264187E+000 -0.105786467126836E+001 -0.107536384819057E+002 -0.390430836283156E+004
  0.100000000000000E+001  0.113424495860989E+006 -0.869313172205465E+001  0.818979385482703E+002 -0.168459490116576E+001 -0.465623974773452E+000 -0.107536384819057E+002 -0.567122479304945E+005
  0.100000000000000E+001  0.127377344198598E+005  0.182722250350607E+002  0.916627741531245E+002 -0.391921350143136E+000 -0.269789075662636E+001 -0.107536384819057E+002 -0.636886720992991E+004
  0.100000000000000E+001  0.230933518811045E+005  0.112942418357189E+002  0.447448884243277E+002 -0.166010611732546E+001  0.459193277614966E+001 -0.107536384819057E+002 -0.115466759405522E+005
  0.100000000000000E+001  0.145255413415960E+005 -0.822232090065243E+001  0.412961066483852E+002 -0.843481650303424E+000 -0.172521100786565E+001 -0.107536384819057E+002 -0.726277067079798E+004
  0.100000000000000E+001  0.979285765241755E+005 -0.100488031097611E+002  0.782555747545318E+002 -0.124321813354308E+001  0.690253716745333E+000 -0.107536384819057E+002 -0.489642882620878E+005
  0.100000000000000E+001  0.879470548225018E+005 -0.161293834010574E+002  0.650573737587370E+002 -0.191672679148766E+001  0.389258053775208E+001 -0.107536384819057E+002 -0.439735274112509E+005
  0.100000000000000E+001  0.194427309798643E+005 -0.160212026822420E+002  0.554603243036720E+002 -0.160047791983980E+001 -0.205441411949968E+001 -0.107536384819057E+002 -0.972136548993215E+004
  0.100000000000000E+001  0.137495049304232E+005  0.603809413755084E+001  0.615361068285132E+002 -0.693744479004494E+000 -0.118678421634269E+001 -0.107536384819057E+002 -0.687475246521160E+004
  0.100000000000000E+001  0.173793322221506E+005  0.144139092683800E+002  0.469132234381191E+002 -0.164831732798863E+001 -0.381280258075782E+001 -0.107536384819057E+002 -0.868966611107532E+004
  0.100000000000000E+001  0.115687959888681E+006  0.156173171980093E+000  0.626158835809211E+002 -0.194778053059663E+001  0.133412649070922E+001 -0.107536384819057E+002 -0.578439799443407E+005
  0.100000000000000E+001  0.895664315605129E+005 -0.106446805202189E+002  0.990700127013903E+002 -0.177428919880722E+001  0.369440752388649E+001 -0.107536384819057E+002 -0.447832157802565E+005
  0.100000000000000E+001  0.146100068370438E+005 -0.187309593281219E+002  0.773892219946233E+002 -0.984477326545324E+000 -0.538344464079108E-001 -0.107536384819057E+002 -0.730500341852189E+004
  0.100000000000000E+001  0.160153073449984E+005 -0.186367799994883E+002  0.621816910997886E+002 -0.137360217621432E+001  0.388445600635005E+001 -0.107536384819057E+002 -0.800765367249922E+004
  0.100000000000000E+001  0.973660582913315E+005 -0.821697849589570E+001  0.532824132665181E+002 -0.179622397530984E+001  0.327137127738887E+001 -0.107536384819057E+002 -0.486830291456658E+005
  0.100000000000000E+001  0.115692702155159E+006 -0.395123485554586E+001  0.895432373073499E+002 -0.178222555114674E+001  0.252625625441722E+001 -0.107536384819057E+002 -0.578463510775794E+005
  0.100000000000000E+001  0.127837524187380E+005  0.172522001434667E+002  0.653754515239804E+002 -0.357148811315380E+000 -0.305301949028907E+001 -0.107536384819057E+002 -0.639187620936901E+004
  0.100000000000000E+001  0.146032454165631E+005  0.116776235719105E+002  0.750048052644623E+002 -0.943685030707729E+000 -0.103410974021536E+001 -0.107536384819057E+002 -0.730162270828153E+004
  0.100000000000000E+001  0.136831187738417E+005 -0.357085865617240E+001  0.689286031575937E+002 -0.391750076483259E+000 -0.460557298373205E+001 -0.107536384819057E+002 -0.684155938692083E+004
  0.100000000000000E+001  0.136792079014381E+005  0.138655141978728E+002  0.766642718187425E+002 -0.862515223076221E+000  0.339603782677943E+000 -0.107536384819057E+002 -0.683960395071904E+004
  0.100000000000000E+001  0.144441446406913E+005 -0.155652061521339E+002  0.967795745512217E+002 -0.737724187543775E+000 -0.315501160008461E+001 -0.107536384819057E+002 -0.722207232034567E+004
  0.100000000000000E+001  0.859393522685882E+005  0.105391019439512E+002  0.981643535137116E+002 -0.174036551913284E+001  0.589606438677720E+000 -0.107536384819057E+002 -0.429696761342941E+005
  0.100000000000000E+001  0.146180954623529E+005 -0.618032149543934E+001  0.486774241928859E+002 -0.104205296795471E+001  0.230604070059522E+001 -0.107536384819057E+002 -0.730904773117645E+004
  0.100000000000000E+001  0.100301747183646E+006  0.540963644966628E+001  0.640882939319862E+002 -0.183888385895605E+001  0.153866080080354E+001 -0.107536384819057E+002 -0.501508735918230E+005
  0.100000000000000E+001  0.102932150342608E+006 -0.782094026977875E+001  0.623945250091694E+002 -0.159088570286776E+001  0.235035618254597E+001 -0.107536384819057E+002 -0.514660751713042E+005
  0.100000000000000E+001  0.142299360958824E+005  0.251550478935667E+001  0.960153450791719E+002 -0.609323695853029E+000 -0.383595079541196E+001 -0.107536384819057E+002 -0.711496804794118E+004
  0.100000000000000E+001  0.259034775547770E+005 -0.429652148010190E+001  0.992451147675380E+002 -0.154995576850338E+001  0.345414288702935E+001 -0.107536384819057E+002 -0.129517387773885E+005
  0.100000000000000E+001  0.194461473175211E+005  0.168929262197400E+002  0.920708453415766E+002 -0.151583410647263E+001  0.392651075496079E+001 -0.107536384819057E+002 -0.972307365876056E+004
  0.100000000000000E+001  0.152362093566019E+005  0.263547808962812E+001  0.411915313122524E+002 -0.165917564907198E+001 -0.453608116768207E+001 -0.107536384819057E+002 -0.761810467830094E+004
  0.100000000000000E+001  0.143933012592700E+005 -0.387405087237251E+001  0.854713159627763E+002 -0.794138774009847E+000 -0.152993438982210E+001 -0.107536384819057E+002 -0.719665062963501E+004
  0.100000000000000E+001  0.150166540863176E+005  0.809546807287724E+001  0.886782088111922E+002 -0.149195044229635E+001 -0.151371856639776E+001 -0.107536384819057E+002 -0.750832704315880E+004
  0.100000000000000E+001  0.999322497624864E+005  0.108551284894220E+002  0.696933009809745E+002 -0.176919432753845E+001  0.161514425011116E+001 -0.107536384819057E+002 -0.499661248812432E+005
  0.100000000000000E+001  0.139464549800724E+005 -0.667695500472600E+001  0.905786874818883E+002 -0.104366913492322E+001  0.796394731213390E+000 -0.107536384819057E+002 -0.697322749003620E+004
  0.100000000000000E+001  0.902695209126340E+005 -0.422400970226263E+001  0.961961072117502E+002 -0.160508189287500E+001  0.236334333106036E+001 -0.107536384819057E+002 -0.451347604563170E+005
  0.100000000000000E+001  0.146063463389979E+005  0.653313174812216E+001  0.515457788702266E+002 -0.948704326758139E+000 -0.132889351358890E+001 -0.107536384819057E+002 -0.730317316949893E+004
  0.100000000000000E+001  0.935889629893423E+004  0.233088554836116E+001  0.786220647250896E+002 -0.614464861189468E+000 -0.546837032156464E-001 -0.107536384819057E+002 -0.467944814946712E+004
  0.100000000000000E+001  0.140819526686964E+005  0.112710503899506E+002  0.947175169427258E+002 -0.655044747812833E+000 -0.238186197604309E+001 -0.107536384819057E+002 -0.704097633434819E+004
  0.100000000000000E+001  0.155194993881256E+005 -0.138603785630291E+002  0.589805158933141E+002 -0.126853069739432E+001  0.310143209929659E+001 -0.107536384819057E+002 -0.775974969406281E+004
  0.100000000000000E+001  0.144716591159494E+005  0.717072441856658E+001  0.575366807515813E+002 -0.961441767546094E+000  0.734890513107718E+000 -0.107536384819057E+002 -0.723582955797470E+004
  0.100000000000000E+001  0.117669823284900E+006 -0.896955603222625E+001  0.640536246422361E+002 -0.178989572886841E+001 -0.354814456169412E+001 -0.107536384819057E+002 -0.588349116424502E+005
  0.100000000000000E+001  0.146032773530651E+005 -0.585845915438320E+000  0.855725528922192E+002 -0.970437171990451E+000  0.175985036148335E+001 -0.107536384819057E+002 -0.730163867653255E+004
  0.100000000000000E+001  0.692773377825703E+005 -0.366420019386792E+001  0.649044824556056E+002 -0.111549061949416E+001  0.115866915544652E+001 -0.107536384819057E+002 -0.346386688912851E+005
  0.100000000000000E+001  0.109885499664958E+006 -0.158447680120528E+002  0.505699039654905E+002 -0.199288384608555E+001  0.275776812448964E+001 -0.107536384819057E+002 -0.549427498324788E+005
  0.100000000000000E+001  0.874794997284900E+005  0.132878984925418E+002  0.527979739900698E+002 -0.192441485112785E+001  0.946705467295677E+000 -0.107536384819057E+002 -0.437397498642450E+005
  0.100000000000000E+001  0.730541284086000E+005  0.166564073133596E+002  0.627990762458424E+002 -0.145665938298613E+001  0.219921252604489E+001 -0.107536384819057E+002 -0.365270642043000E+005
  0.100000000000000E+001  0.145725503071502E+005  0.280838014317665E+001  0.934588320820128E+002 -0.810677468216569E+000 -0.444612541062900E+001 -0.107536384819057E+002 -0.728627515357511E+004
  0.100000000000000E+001  0.146216126679422E+005 -0.166590372554737E+001  0.510850489982512E+002 -0.113299190959157E+001 -0.493643798793524E+001 -0.107536384819057E+002 -0.731080633397109E+004
  0.100000000000000E+001  0.145521615467117E+005 -0.751058666084389E+001  0.786301075903620E+002 -0.878888691989173E+000  0.314539023733944E+001 -0.107536384819057E+002 -0.727608077335586E+004
  0.100000000000000E+001  0.101787177955559E+005  0.430798786123793E+001  0.714605999674792E+002 -0.926202725668243E+000  0.867930190713292E+000 -0.107536384819057E+002 -0.508935889777794E+004
  0.100000000000000E+001  0.154249511456960E+005 -0.173947256752547E+002  0.875132990232172E+002 -0.123920166764455E+001  0.285024135954055E+001 -0.107536384819057E+002 -0.771247557284800E+004
  0.100000000000000E+001  0.105077583287337E+006  0.216666764657421E+001  0.759191936991167E+002 -0.179502245658946E+001 -0.344728324528896E+001 -0.107536384819057E+002 -0.525387916436686E+005
  0.100000000000000E+001  0.119108745770012E+006 -0.837816241615234E+001  0.451432453915133E+002 -0.164912378235110E+001 -0.303202801167577E+001 -0.107536384819057E+002 -0.595543728850058E+005
  0.100000000000000E+001  0.767922530652596E+005  0.116867522667205E+002  0.755602435918503E+002 -0.184718114528770E+001  0.429360457620502E+001 -0.107536384819057E+002 -0.383961265326298E+005
  0.100000000000000E+001  0.110442571821468E+006  0.480826060638473E+001  0.597423274551518E+002 -0.182441481548216E+001  0.373084315151804E+001 -0.107536384819057E+002 -0.552212859107341E+005
  0.100000000000000E+001  0.445852510667578E+005  0.178899312984958E+002  0.792302680895055E+002 -0.165554210139453E+001  0.352529573722873E+001 -0.107536384819057E+002 -0.222926255333789E+005
  0.100000000000000E+001  0.142070912929020E+005  0.906295601698914E+001  0.993254696260216E+002 -0.144260871056673E+001 -0.128587688023691E+001 -0.107536384819057E+002 -0.710354564645101E+004
  0.100000000000000E+001  0.104156640607901E+006 -0.704328604558288E+000  0.690007639243010E+002 -0.156609426671432E+001 -0.157052346781903E-001 -0.107536384819057E+002 -0.520783203039506E+005
  0.100000000000000E+001  0.147574855419241E+005 -0.608436309842221E+001  0.715851717357809E+002 -0.132901070069293E+001 -0.487823096841921E+001 -0.107536384819057E+002 -0.737874277096204E+004
  0.100000000000000E+001  0.145572970714864E+005  0.892823527292776E+000  0.458083766299226E+002 -0.795013253825744E+000 -0.416652998292089E+001 -0.107536384819057E+002 -0.727864853574318E+004
  0.100000000000000E+001  0.286674900201194E+005 -0.979616341161685E+001  0.966119237814973E+002 -0.129261346446890E+001 -0.985812148238027E+000 -0.107536384819057E+002 -0.143337450100597E+005
  0.100000000000000E+001  0.151669923269022E+005  0.141398464488676E+002  0.985814715103442E+002 -0.165142076141632E+001 -0.470915466147017E+001 -0.107536384819057E+002 -0.758349616345112E+004
  0.100000000000000E+001  0.118578131432352E+005 -0.105694431788027E+002  0.462169051402908E+002 -0.131854477439853E+000 -0.365371868369930E+001 -0.107536384819057E+002 -0.592890657161758E+004
  0.100000000000000E+001  0.221411355756438E+004  0.487916338684386E+001  0.709719474045923E+002 -0.110639262921155E+000 -0.157692251107299E+000 -0.107536384819057E+002 -0.110705677878219E+004
  0.100000000000000E+001  0.124086499435360E+004 -0.724228724041449E+000  0.853132807955025E+002 -0.261228711982656E+000  0.108634126151927E+000 -0.107536384819057E+002 -0.620432497176799E+003
  0.100000000000000E+001  0.112838447831716E+006 -0.237273782896235E+000  0.815316111194521E+002 -0.153585494434995E+001  0.220655228943106E+001 -0.107536384819057E+002 -0.564192239158579E+005
  0.100000000000000E+001  0.224509354459132E+005 -0.594059501604155E+001  0.965552530088966E+002 -0.188655142264787E+001 -0.243430193220027E+001 -0.107536384819057E+002 -0.112254677229566E+005
  0.100000000000000E+001  0.138880894690763E+005  0.420771880804913E+001  0.891410468039741E+002 -0.914456994141330E+000  0.622032998961238E+000 -0.107536384819057E+002 -0.694404473453814E+004
  0.100000000000000E+001  0.117280530670545E+006 -0.168031338088843E+002  0.437216449046115E+002 -0.123832035045506E+001  0.612276352582542E+000 -0.107536384819057E+002 -0.586402653352724E+005
  0.100000000000000E+001  0.283496883458613E+005 -0.116923158878073E+002  0.754623585028974E+002 -0.192237961828468E+001 -0.274090544386887E+001 -0.107536384819057E+002 -0.141748441729306E+005
  0.100000000000000E+001  0.202557454256442E+005  0.833871608156442E+001  0.891552149264682E+002 -0.186850445437506E+001 -0.224317688784338E+001 -0.107536384819057E+002 -0.101278727128221E+005
  0.100000000000000E+001  0.107542497223218E+005 -0.130854048890022E+002  0.457604256024651E+002 -0.143287737917539E+000 -0.260044920032387E+001 -0.107536384819057E+002 -0.537712486116092E+004
  0.100000000000000E+001  0.514605834409524E+004 -0.158024369323840E+002  0.655778151143126E+002 -0.273615760064508E+000 -0.394089526752721E+000 -0.107536384819057E+002 -0.257302917204762E+004
  0.100000000000000E+001  0.149922092541055E+005 -0.141222698317164E+001  0.961169746984997E+002 -0.114523360227345E+001  0.223122927654985E+001 -0.107536384819057E+002 -0.749610462705273E+004
  0.100000000000000E+001  0.779694082135813E+005  0.740880181469183E+001  0.730916546352536E+002 -0.167415590971394E+001  0.185053870535836E+001 -0.107536384819057E+002 -0.389847041067907E+005
  0.100000000000000E+001  0.146106078312053E+005 -0.185815949835579E+002  0.892967592281370E+002 -0.101326210939439E+001  0.492976602027365E+001 -0.107536384819057E+002 -0.730530391560267E+004
  0.100000000000000E+001  0.146322784822148E+005 -0.140881553031110E+002  0.951049593644788E+002 -0.113533246269291E+001 -0.330700143567091E+001 -0.107536384819057E+002 -0.731613924110739E+004
  0.100000000000000E+001  0.137755069809143E+005  0.103904063681885E+002  0.887220424952817E+002 -0.715104920870587E+000 -0.100318165204992E+001 -0.107536384819057E+002 -0.688775349045715E+004
  0.100000000000000E+001  0.149772818419454E+005  0.144627488584981E+001  0.587865594996127E+002 -0.153341654670970E+001 -0.418821206410221E+001 -0.107536384819057E+002 -0.748864092097271E+004
  0.100000000000000E+001  0.139184327520095E+005 -0.562034923153020E+001  0.678257961002740E+002 -0.497088836112316E+000 -0.403796762039712E+001 -0.107536384819057E+002 -0.695921637600476E+004
  0.100000000000000E+001  0.736686183520632E+005  0.140632219866301E+002  0.633838863354657E+002 -0.168980174016429E+001 -0.726592948167042E+000 -0.107536384819057E+002 -0.368343091760316E+005
  0.100000000000000E+001  0.179565410906602E+005  0.149666144318788E+002  0.519450430850817E+002 -0.107937184512135E+001  0.119804677732008E+001 -0.107536384819057E+002 -0.897827054533011E+004
  0.100000000000000E+001  0.230672652550082E+003 -0.823520160694805E+001  0.803702413476810E+002 -0.596562161904671E+000  0.541634948694578E+000 -0.107536384819057E+002 -0.115336326275041E+003
  0.100000000000000E+001  0.146102301917699E+005 -0.108865417806427E+002  0.404570252393135E+002 -0.964787604720248E+000 -0.360233701454892E+001 -0.107536384819057E+002 -0.730511509588494E+004
  0.100000000000000E+001  0.114830767982411E+005  0.627236615284203E+001  0.590748560146304E+002 -0.780621115442972E+000  0.324086830250573E+000 -0.107536384819057E+002 -0.574153839912054E+004
  0.100000000000000E+001  0.241516634021962E+005  0.784366759712746E+001  0.900310602391640E+002 -0.171055886016148E+001  0.490253103875714E+001 -0.107536384819057E+002 -0.120758317010981E+005
  0.100000000000000E+001  0.191376975136113E+004 -0.482046844866380E+001  0.830068240978338E+002 -0.602405372161454E+000  0.641259773436786E+000 -0.107536384819057E+002 -0.956884875680566E+003
  0.100000000000000E+001  0.146021226084850E+005  0.172713409780890E+002  0.835298112914611E+002 -0.948685937194616E+000  0.263005493629902E+001 -0.107536384819057E+002 -0.730106130424250E+004
  0.100000000000000E+001  0.101898854919358E+005 -0.180381855461353E+002  0.566748840620453E+002 -0.627216337691775E+000 -0.125831802868705E+000 -0.107536384819057E+002 -0.509494274596791E+004
  0.100000000000000E+001  0.188963801674022E+005 -0.407275576626703E+001  0.605722350671157E+002 -0.156445411034706E+001 -0.979665011958623E+000 -0.107536384819057E+002 -0.944819008370110E+004
  0.100000000000000E+001  0.114162920399914E+006 -0.220069703101936E+001  0.845570777460405E+002 -0.120226004421558E+001  0.690568700814143E+000 -0.107536384819057E+002 -0.570814601999571E+005
  0.100000000000000E+001  0.137253105096913E+005  0.111359360029832E+001  0.784225658713335E+002 -0.551090750874231E+000 -0.273122912584405E+001 -0.107536384819057E+002 -0.686265525484563E+004
  0.100000000000000E+001  0.146105811128525E+005 -0.835499042514510E+000  0.876456489626706E+002 -0.996330586086952E+000 -0.215024967902853E+001 -0.107536384819057E+002 -0.730529055642625E+004
  0.100000000000000E+001  0.432714716794916E+005  0.377422085366087E+001  0.531013833761888E+002 -0.178628605365497E+001 -0.998213910932925E+000 -0.107536384819057E+002 -0.216357358397458E+005
  0.100000000000000E+001  0.145929746810900E+005 -0.121494684913739E+001  0.414002848422061E+002 -0.889535280414586E+000  0.458418838923314E+001 -0.107536384819057E+002 -0.729648734054499E+004
  0.100000000000000E+001  0.203658501980636E+005  0.874791170913003E+001  0.823447514978963E+002 -0.148166262877363E+001  0.346977321053192E+001 -0.107536384819057E+002 -0.101829250990318E+005
  0.100000000000000E+001  0.488227155653416E+004 -0.144980654349886E+002  0.608428737263956E+002 -0.759550263260822E-001 -0.693096493557849E+000 -0.107536384819057E+002 -0.244113577826708E+004
  0.100000000000000E+001  0.757964406587348E+005  0.862048729835816E+001  0.625210680431781E+002 -0.179436229668062E+001  0.396231913910967E+001 -0.107536384819057E+002 -0.378982203293674E+005
  0.100000000000000E+001  0.148966542975534E+005  0.107185138351684E+002  0.876816711878891E+002 -0.140624713711784E+001 -0.386966071898206E+001 -0.107536384819057E+002 -0.744832714877669E+004
  0.100000000000000E+001  0.119101645774073E+006 -0.789895857235724E+001  0.545059021298435E+002 -0.152142626903005E+001  0.167872805596579E+001 -0.107536384819057E+002 -0.595508228870365E+005
  0.100000000000000E+001  0.147702150005821E+005 -0.145902085544087E+002  0.696079043108531E+002 -0.126645383369093E+001 -0.205255614438303E+001 -0.107536384819057E+002 -0.738510750029104E+004
  0.100000000000000E+001  0.145155207631116E+005 -0.119909397839652E+002  0.817731055750762E+002 -0.817470512931580E+000  0.406899285162704E+001 -0.107536384819057E+002 -0.725776038155579E+004
  0.100000000000000E+001  0.138371168166531E+005  0.875947483973264E+001  0.437829802918076E+002 -0.414719112562133E+000 -0.488467442192121E+001 -0.107536384819057E+002 -0.691855840832654E+004
  0.100000000000000E+001  0.437714704063935E+005 -0.165727248494740E+002  0.434059389373081E+002 -0.117525011408064E+001  0.132944448474658E+001 -0.107536384819057E+002 -0.218857352031967E+005
  0.100000000000000E+001  0.119322163950082E+006 -0.505038270225313E+001  0.537516040627525E+002 -0.192438640278738E+001  0.141557484518440E+001 -0.107536384819057E+002 -0.596610819750408E+005
  0.100000000000000E+001  0.146904914021472E+005  0.179422969270011E+002  0.786153615873436E+002 -0.124338964692671E+001 -0.423946568296553E+001 -0.107536384819057E+002 -0.734524570107360E+004
  0.100000000000000E+001  0.160912296679878E+005 -0.588882996825703E+001  0.465551223500986E+002 -0.140478018067586E+001  0.419260495747989E+001 -0.107536384819057E+002 -0.804561483399390E+004
  0.100000000000000E+001  0.144593567127942E+005 -0.655644601865047E+001  0.795379656997386E+002 -0.117200642645759E+001 -0.682476913940768E+000 -0.107536384819057E+002 -0.722967835639711E+004
  0.100000000000000E+001  0.145116502284270E+005 -0.153887504618345E+002  0.673209143062961E+002 -0.753669957520290E+000 -0.395038033844643E+001 -0.107536384819057E+002 -0.725582511421352E+004
  0.100000000000000E+001  0.120345018029230E+005  0.596297820856613E+001  0.894625545940483E+002 -0.185750946371424E+000 -0.347491055998074E+001 -0.107536384819057E+002 -0.601725090146152E+004
  0.100000000000000E+001  0.110939245987305E+005 -0.172934531722330E+002  0.637020145271049E+002 -0.146725425741514E-001 -0.359214387472148E+001 -0.107536384819057E+002 -0.554696229936523E+004
  0.100000000000000E+001  0.138576099721916E+005  0.163003582244830E+002  0.491471030750197E+002 -0.140814103870025E+001 -0.791168351714623E+000 -0.107536384819057E+002 -0.692880498609581E+004
  0.100000000000000E+001  0.196631741722179E+005 -0.104713081882135E+002  0.972410961804853E+002 -0.136149092712780E+001  0.264941681186671E+001 -0.107536384819057E+002 -0.983158708610893E+004
  0.100000000000000E+001  0.913220717167555E+005 -0.130111877625440E+002  0.686554614569450E+002 -0.195380881847826E+001  0.218088659677518E+001 -0.107536384819057E+002 -0.456610358583777E+005
  0.100000000000000E+001  0.107576861320147E+006 -0.181034437799967E+002  0.696243990627712E+002 -0.153557452017297E+001  0.112745033944846E+001 -0.107536384819057E+002 -0.537884306600735E+005
  0.100000000000000E+001  0.128267968424759E+005 -0.165037367347213E+002  0.752694371097942E+002 -0.469047098303438E+000 -0.215792927264348E+001 -0.107536384819057E+002 -0.641339842123796E+004
  0.100000000000000E+001  0.111400421113003E+006 -0.972404113454400E+001  0.409695888820257E+002 -0.185478833682028E+001  0.148324549799911E+001 -0.107536384819057E+002 -0.557002105565016E+005
  0.100000000000000E+001  0.121514130157427E+004 -0.282968866498590E+001  0.609745782083293E+002 -0.241741688566395E+000  0.969606530237899E-001 -0.107536384819057E+002 -0.607570650787137E+003
  0.100000000000000E+001  0.141528843740551E+005  0.137295024642146E+002  0.658768179902022E+002 -0.791800260769791E+000 -0.746196762135693E+000 -0.107536384819057E+002 -0.707644218702753E+004
  0.100000000000000E+001  0.133753136712168E+005 -0.515226087144119E+001  0.645201738289241E+002 -0.536903220105102E+000 -0.223106418890461E+001 -0.107536384819057E+002 -0.668765683560840E+004
  0.100000000000000E+001  0.111899711411882E+005  0.281548802018603E+001  0.762322969530840E+002 -0.221172320605879E+000 -0.247755353201267E+001 -0.107536384819057E+002 -0.559498557059410E+004
  0.100000000000000E+001  0.145946678350509E+005 -0.148455491773404E+001  0.735721310002175E+002 -0.927294679891781E+000  0.299799820420539E+001 -0.107536384819057E+002 -0.729733391752545E+004
  0.100000000000000E+001  0.146943916235313E+005  0.178338404551420E+002  0.765626558077099E+002 -0.102690152028778E+001  0.120296816708795E+001 -0.107536384819057E+002 -0.734719581176567E+004
  0.100000000000000E+001  0.614094434121003E+004  0.123045155327997E+002  0.496876007705243E+002 -0.583277220592797E+000  0.165223004264250E+000 -0.107536384819057E+002 -0.307047217060502E+004
  0.100000000000000E+001  0.109530965085690E+005  0.177083645983380E+001  0.863332441304550E+002 -0.188852411181719E+000 -0.249292407303645E+001 -0.107536384819057E+002 -0.547654825428450E+004
  0.100000000000000E+001  0.120799416331248E+006 -0.153996021140834E+002  0.552479641516585E+002 -0.186132645768368E+001 -0.150892827080123E+000 -0.107536384819057E+002 -0.603997081656239E+005
  0.100000000000000E+001  0.146098393135113E+005 -0.886908671518390E+001  0.515810927791375E+002 -0.949540041495088E+000 -0.443125240768481E+001 -0.107536384819057E+002 -0.730491965675564E+004
  0.100000000000000E+001  0.137881526837956E+005 -0.174687917382600E+002  0.646707533193906E+002 -0.507003977158845E+000 -0.344663727601328E+001 -0.107536384819057E+002 -0.689407634189781E+004
  0.100000000000000E+001  0.198253158570602E+005 -0.134003136213079E+002  0.985183864375027E+002 -0.128624339623030E+001  0.213684336769147E+001 -0.107536384819057E+002 -0.991265792853009E+004
  0.100000000000000E+001  0.192106098002772E+005  0.124873876553408E+002  0.788564160116872E+002 -0.146533630952988E+001  0.353280407231360E+001 -0.107536384819057E+002 -0.960530490013858E+004
  0.100000000000000E+001  0.158247002580959E+005  0.486167102491531E+001  0.651211437444531E+002 -0.154178991189332E+001 -0.105736070726442E+001 -0.107536384819057E+002 -0.791235012904795E+004
  0.100000000000000E+001  0.114206560652103E+006  0.164025425555258E+002  0.626967326735024E+002 -0.162014865185069E+001 -0.933998617020171E-001 -0.107536384819057E+002 -0.571032803260514E+005
  0.100000000000000E+001  0.139047835292738E+005 -0.116531985747082E+001  0.687053865179932E+002 -0.446591245303697E+000 -0.471809951827119E+001 -0.107536384819057E+002 -0.695239176463691E+004
  0.100000000000000E+001  0.752522430579842E+004 -0.126621017372161E+002  0.637270709871771E+002 -0.142164159043448E+000 -0.119542710238940E+001 -0.107536384819057E+002 -0.376261215289921E+004
  0.100000000000000E+001  0.114900752153413E+006 -0.184002037190544E+002  0.762748400543993E+002 -0.183291817229652E+001  0.317689631199974E+001 -0.107536384819057E+002 -0.574503760767067E+005
  0.100000000000000E+001  0.136640018231779E+005  0.142746509417864E+002  0.703967929011422E+002 -0.113239625628321E+001 -0.645853461476023E-001 -0.107536384819057E+002 -0.683200091158893E+004
  0.100000000000000E+001  0.721883655012808E+005 -0.161288138794105E+001  0.544234598771449E+002 -0.159948101337488E+001  0.169250479043757E+001 -0.107536384819057E+002 -0.360941827506404E+005
  0.100000000000000E+001  0.144359257078864E+005 -0.126939529987258E+002  0.673178142115509E+002 -0.727167777522812E+000 -0.329605723545626E+001 -0.107536384819057E+002 -0.721796285394322E+004
  0.100000000000000E+001  0.144641720656058E+005 -0.888652406332461E+001  0.792360368083638E+002 -0.724499512311578E+000 -0.377542117425983E+001 -0.107536384819057E+002 -0.723208603280290E+004
  0.100000000000000E+001  0.992557413670206E+004  0.109391345333024E+002  0.558280487755703E+002 -0.248393277108747E+000 -0.164809954794341E+001 -0.107536384819057E+002 -0.496278706835103E+004
  0.100000000000000E+001  0.979309089711632E+005 -0.135065228030441E+002  0.767385933872256E+002 -0.199407018371177E+001  0.723772578799927E+000 -0.107536384819057E+002 -0.489654544855816E+005
  0.100000000000000E+001  0.155018760439545E+005 -0.121078763385992E+002  0.707102277710727E+002 -0.143645474608213E+001 -0.142008448279562E+001 -0.107536384819057E+002 -0.775093802197725E+004
  0.100000000000000E+001  0.146096518157656E+005  0.336735733734367E+001  0.712937845127010E+002 -0.947398388599141E+000 -0.416461351256836E+001 -0.107536384819057E+002 -0.730482590788280E+004
  0.100000000000000E+001  0.131005711959215E+005 -0.797709404898200E+000  0.641738346009748E+002 -0.259178475609413E+000 -0.453881155540588E+001 -0.107536384819057E+002 -0.655028559796074E+004
  0.100000000000000E+001  0.205213392720309E+005  0.181379119546618E+002  0.743777897720644E+002 -0.154518947560494E+001 -0.195822914842569E+001 -0.107536384819057E+002 -0.102606696360155E+005
  0.100000000000000E+001  0.139056974432465E+005 -0.182898803989961E+001  0.595053389998755E+002 -0.514073103117688E+000 -0.374661766931923E+001 -0.107536384819057E+002 -0.695284872162324E+004
  0.100000000000000E+001  0.146528571484562E+005 -0.101755752369066E+002  0.970594403819664E+002 -0.105818978469464E+001  0.190274472375740E+001 -0.107536384819057E+002 -0.732642857422811E+004
  0.100000000000000E+001  0.188858995030856E+005  0.288626868034108E+000  0.953076487382120E+002 -0.162765108612289E+001 -0.207732035995911E+001 -0.107536384819057E+002 -0.944294975154278E+004
  0.100000000000000E+001  0.585175139145154E+003  0.894821766076144E+001  0.858266035819889E+002 -0.714068034046806E-001  0.499981201364466E+000 -0.107536384819057E+002 -0.292587569572577E+003
  0.100000000000000E+001  0.416251379595096E+005 -0.107535252464614E+002  0.528559079823854E+002 -0.184943149083689E+001  0.497661921104706E+001 -0.107536384819057E+002 -0.208125689797548E+005
  0.100000000000000E+001  0.188881985887032E+005 -0.199559840944289E+001  0.876913837982401E+002 -0.133473361085874E+001  0.255557827705145E+001 -0.107536384819057E+002 -0.944409929435159E+004
  0.100000000000000E+001  0.145900250866805E+005 -0.191196231414887E+002  0.422435568914558E+002 -0.858654853301758E+000 -0.380385881952966E+001 -0.107536384819057E+002 -0.729501254334025E+004
  0.100000000000000E+001  0.561020513170575E+005  0.348930955660220E+001  0.707825760033836E+002 -0.143967385451225E+001  0.222578909899182E+001 -0.107536384819057E+002 -0.280510256585287E+005
  0.100000000000000E+001  0.145993651669027E+005  0.411540287588535E+001  0.819505532473658E+002 -0.933744964592274E+000  0.307823498016537E+001 -0.107536384819057E+002 -0.729968258345135E+004
  0.100000000000000E+001  0.145932066137768E+005 -0.891213987978337E+001  0.696459902104921E+002 -0.862612749316919E+000 -0.401128030807928E+001 -0.107536384819057E+002 -0.729660330688838E+004
  0.100000000000000E+001  0.135028755093424E+005 -0.711081763152251E+001  0.532332801262184E+002 -0.106234498169421E+001  0.458407145506746E+000 -0.107536384819057E+002 -0.675143775467121E+004
  0.100000000000000E+001  0.146049653028428E+005  0.449305311961416E+001  0.771587574026582E+002 -0.936661615856522E+000  0.375971704633555E+001 -0.107536384819057E+002 -0.730248265142142E+004
  0.100000000000000E+001  0.145857686578804E+005 -0.153273433189194E+001  0.765220954271588E+002 -0.881993642078371E+000 -0.233623457718819E+001 -0.107536384819057E+002 -0.729288432894018E+004
  0.100000000000000E+001  0.174670361327637E+005  0.242495412548556E+001  0.817624753472393E+002 -0.105436718851450E+001  0.774209751329985E+000 -0.107536384819057E+002 -0.873351806638186E+004
  0.100000000000000E+001  0.862097379556926E+003 -0.186118166706489E+002  0.444668240119299E+002 -0.100833202291380E+000  0.522656848990552E+000 -0.107536384819057E+002 -0.431048689778463E+003
  0.100000000000000E+001  0.559189823215350E+005  0.160625857206955E+002  0.498739737968305E+002 -0.153738819390379E+001  0.269448821173951E+001 -0.107536384819057E+002 -0.279594911607675E+005
  0.100000000000000E+001  0.159851005534161E+005 -0.193033438754783E+002  0.648854049137275E+002 -0.114950526003550E+001 -0.720414371821319E-001 -0.107536384819057E+002 -0.799255027670804E+004
  0.100000000000000E+001  0.151753988088088E+005  0.543839237866247E+001  0.680895068087761E+002 -0.133143189670329E+001  0.459655915949523E+001 -0.107536384819057E+002 -0.758769940440440E+004
  0.100000000000000E+001  0.877146028326795E+005 -0.788442743220115E+001  0.539860803332161E+002 -0.161453256721468E+001  0.101817622281815E+001 -0.107536384819057E+002 -0.438573014163398E+005
  0.100000000000000E+001  0.130220032375939E+005  0.100309143638751E+002  0.589595979086149E+002 -0.742743944024060E+000 -0.221108515442055E+000 -0.107536384819057E+002 -0.651100161879697E+004
  0.100000000000000E+001  0.128570493169603E+005  0.156305181959010E+002  0.438248521617844E+002 -0.707638919989555E+000 -0.385137445572845E+000 -0.107536384819057E+002 -0.642852465848017E+004
  0.100000000000000E+001  0.159713004570872E+005 -0.314254165733212E+001  0.702659439061013E+002 -0.158362060193097E+001 -0.118288159100081E+001 -0.107536384819057E+002 -0.798565022854361E+004
  0.100000000000000E+001  0.109260899848104E+006 -0.185609404669766E+002  0.607317801202414E+002 -0.173077920704782E+001  0.162108035821240E+001 -0.107536384819057E+002 -0.546304499240518E+005
  0.100000000000000E+001  0.126460977712557E+005 -0.671293606624421E+001  0.860832105836941E+002 -0.371709546422299E+000 -0.275574853435884E+001 -0.107536384819057E+002 -0.632304888562786E+004
  0.100000000000000E+001  0.126829116342324E+005  0.156794195619189E+002  0.424050325051335E+002 -0.456243216032550E+000 -0.211509409339928E+001 -0.107536384819057E+002 -0.634145581711622E+004
  0.100000000000000E+001  0.400297777180019E+004 -0.676697750298143E+001  0.668428796838381E+002 -0.333905405985917E+000 -0.134082437014067E+000 -0.107536384819057E+002 -0.200148888590010E+004
  0.100000000000000E+001  0.815858329026799E+005 -0.405034368051286E+001  0.445893970072808E+002 -0.187909613525778E+001  0.785069720739377E+000 -0.107536384819057E+002 -0.407929164513400E+005
  0.100000000000000E+001  0.183228015859779E+005  0.643265358488643E+001  0.945352006169612E+002 -0.175471206209622E+001 -0.212132030921815E+001 -0.107536384819057E+002 -0.916140079298894E+004
  0.100000000000000E+001  0.146419902286628E+005  0.193627942917694E+002  0.466651205968330E+002 -0.108827729959535E+001  0.295595605291910E+001 -0.107536384819057E+002 -0.732099511433139E+004
  0.100000000000000E+001  0.146305515844265E+005  0.710286029548502E+001  0.582522938958090E+002 -0.110151763233409E+001  0.401932421714806E+001 -0.107536384819057E+002 -0.731527579221325E+004
  0.100000000000000E+001  0.104179418209053E+006 -0.165781179522109E+002  0.727154292163105E+002 -0.189793250351795E+001 -0.408507510336051E+001 -0.107536384819057E+002 -0.520897091045266E+005
  0.100000000000000E+001  0.303046471471881E+005  0.878922879299319E+001  0.914020882294166E+002 -0.167023882663839E+001  0.407788201190452E+001 -0.107536384819057E+002 -0.151523235735940E+005
  0.100000000000000E+001  0.146160365602161E+005 -0.293584999607160E+001  0.882716369120349E+002 -0.109925238454096E+001 -0.446758044506284E+001 -0.107536384819057E+002 -0.730801828010806E+004
  0.100000000000000E+001  0.145508520739723E+005  0.842161727254717E+001  0.526387235116888E+002 -0.774286213465895E+000 -0.462674649006146E+001 -0.107536384819057E+002 -0.727542603698613E+004
  0.100000000000000E+001  0.385695482290014E+005  0.594893259367901E+001  0.524457671041358E+002 -0.170845721249040E+001 -0.963804604089270E+000 -0.107536384819057E+002 -0.192847741145007E+005
  0.100000000000000E+001  0.146097404358287E+005  0.786336250049757E-002  0.678591121026701E+002 -0.948189551948038E+000 -0.430800841762580E+001 -0.107536384819057E+002 -0.730487021791435E+004
  0.100000000000000E+001  0.148238094602791E+005  0.773295675521456E+001  0.536915655290360E+002 -0.131562590186677E+001 -0.296727562449046E+001 -0.107536384819057E+002 -0.741190473013955E+004
  0.100000000000000E+001  0.142846698734174E+005  0.114566267018023E+002  0.834809559878135E+002 -0.675501266056254E+000 -0.300197432165027E+001 -0.107536384819057E+002 -0.714233493670870E+004
  0.100000000000000E+001  0.152990023681864E+005  0.724940457732052E+001  0.465169497146183E+002 -0.168044027539997E+001 -0.468208959670342E+001 -0.107536384819057E+002 -0.764950118409320E+004
  0.100000000000000E+001  0.107443902822829E+006 -0.303650668100845E+001  0.859177690906187E+002 -0.180833578389740E+001  0.165856713946990E+000 -0.107536384819057E+002 -0.537219514114147E+005
  0.100000000000000E+001  0.949614613318230E+005  0.466159584298545E+000  0.811103387372856E+002 -0.155301417580126E+001 -0.248606849765037E+001 -0.107536384819057E+002 -0.474807306659115E+005
  0.100000000000000E+001  0.128845592596237E+005 -0.119811951695983E+002  0.906245450056185E+002 -0.518210677048284E+000 -0.181347953750306E+001 -0.107536384819057E+002 -0.644227962981186E+004
  0.100000000000000E+001  0.148989880152194E+005 -0.367805352307028E+001  0.657901946968559E+002 -0.141737774252904E+001 -0.427746786127407E+001 -0.107536384819057E+002 -0.744949400760972E+004
  0.100000000000000E+001  0.236327143500983E+005 -0.145041175410716E+002  0.866076396854322E+002 -0.162163677216340E+001  0.419857569253065E+001 -0.107536384819057E+002 -0.118163571750492E+005
  0.100000000000000E+001  0.116949323075367E+006 -0.342260078327802E+001  0.402105467718625E+002 -0.139187945437883E+001  0.132087946076121E+001 -0.107536384819057E+002 -0.584746615376835E+005
  0.100000000000000E+001  0.146108007038510E+005 -0.178014860686540E+002  0.838893380655651E+002 -0.103455892891836E+001 -0.464690736825503E+001 -0.107536384819057E+002 -0.730540035192550E+004
  0.100000000000000E+001  0.146493698235228E+005 -0.331505846038735E+001  0.657299411675893E+002 -0.111070472563825E+001  0.347729561838574E+001 -0.107536384819057E+002 -0.732468491176140E+004
  0.100000000000000E+001  0.131129717592055E+005 -0.167729826359884E+002  0.501098278103206E+002 -0.233642654770799E+000 -0.483357457190754E+001 -0.107536384819057E+002 -0.655648587960275E+004
  0.100000000000000E+001  0.147015874598038E+005 -0.644528739410489E+001  0.862848888346338E+002 -0.126482717358991E+001 -0.454622228661745E+001 -0.107536384819057E+002 -0.735079372990190E+004
  0.100000000000000E+001  0.182109359291816E+005 -0.169152959558628E+002  0.769134621050514E+002 -0.150740520358867E+001  0.417763901155837E+001 -0.107536384819057E+002 -0.910546796459078E+004
  0.100000000000000E+001  0.923954239158486E+004  0.154028648954843E+002  0.866977697730342E+002 -0.327213787965075E-004  0.905874043745387E+000 -0.107536384819057E+002 -0.461977119579243E+004
  0.100000000000000E+001  0.978607275602677E+004  0.190178766523306E+001  0.747008247897043E+002 -0.491893478972720E-001 -0.243750919037901E+001 -0.107536384819057E+002 -0.489303637801339E+004
  0.100000000000000E+001  0.111053700055317E+006 -0.649767828591283E+001  0.952257653181915E+002 -0.137470393608955E+001  0.172182696569062E+001 -0.107536384819057E+002 -0.555268500276587E+005
  0.100000000000000E+001  0.120700295128753E+006 -0.148903374381298E+002  0.652506134200066E+002 -0.195969853527134E+001 -0.384654427581648E-001 -0.107536384819057E+002 -0.603501475643763E+005
  0.100000000000000E+001  0.130183614175086E+005  0.511391515402650E+001  0.943307667551750E+002 -0.664113575229105E+000 -0.777368515300537E+000 -0.107536384819057E+002 -0.650918070875429E+004
  0.100000000000000E+001  0.917646277611385E+005 -0.251272007710413E+001  0.877988049608862E+002 -0.161659235321512E+001 -0.274395777910700E+001 -0.107536384819057E+002 -0.458823138805693E+005
  0.100000000000000E+001  0.889713375665853E+004  0.635882162011470E+001  0.554564701800349E+002 -0.455975732640876E+000 -0.536626006376475E+000 -0.107536384819057E+002 -0.444856687832926E+004
  0.100000000000000E+001  0.117751386443061E+006  0.128027018078781E+002  0.496161768274284E+002 -0.199054642237820E+001  0.373535833431384E+001 -0.107536384819057E+002 -0.588756932215303E+005
  0.100000000000000E+001  0.287133932213518E+005  0.287920141267470E+000  0.488990029561189E+002 -0.175189331254673E+001  0.482374215139184E+001 -0.107536384819057E+002 -0.143566966106759E+005
  0.100000000000000E+001  0.146076681808041E+005 -0.854967920044149E+001  0.959305756273050E+002 -0.939090761653289E+000 -0.263302428795054E+001 -0.107536384819057E+002 -0.730383409040206E+004
  0.100000000000000E+001  0.143386301229764E+005  0.126272687081414E+002  0.832397598674581E+002 -0.754274329064366E+000 -0.192384296563325E+001 -0.107536384819057E+002 -0.716931506148819E+004
  0.100000000000000E+001  0.157349688707052E+005  0.817864178612646E+001  0.421708974855798E+002 -0.136320721788818E+001  0.404068305343431E+001 -0.107536384819057E+002 -0.786748443535262E+004
  0.100000000000000E+001  0.150630553333227E+005 -0.413845769737965E+001  0.410691949256828E+002 -0.129889510194749E+001  0.440183363330144E+001 -0.107536384819057E+002 -0.753152766666136E+004
  0.100000000000000E+001  0.984820722250674E+005  0.648060140225010E+001  0.639448046290294E+002 -0.191287645061376E+001  0.446318185508219E+001 -0.107536384819057E+002 -0.492410361125337E+005
  0.100000000000000E+001  0.121871016231250E+005  0.295779084344754E+001  0.422546132804487E+002 -0.460007317195566E+000 -0.168285325976696E+001 -0.107536384819057E+002 -0.609355081156250E+004
  0.100000000000000E+001  0.146096781393332E+005  0.429642554076324E-001  0.604331269782220E+002 -0.976822231212478E+000  0.252465156517548E+001 -0.107536384819057E+002 -0.730483906966658E+004
  0.100000000000000E+001  0.186264877228862E+005 -0.296771705559176E+001  0.665718372722601E+002 -0.151334047102273E+001 -0.180395324981605E+001 -0.107536384819057E+002 -0.931324386144311E+004
  0.100000000000000E+001  0.119390402679550E+006  0.839056531357987E+001  0.698726842863519E+002 -0.185428558449578E+001  0.126227647501872E+001 -0.107536384819057E+002 -0.596952013397752E+005
  0.100000000000000E+001  0.189063559103155E+005  0.154669449291112E+002  0.695557647876484E+002 -0.159008055527216E+001 -0.200763756243357E+001 -0.107536384819057E+002 -0.945317795515777E+004
  0.100000000000000E+001  0.786825269263822E+002  0.137211721493276E+001  0.605116585671651E+002 -0.510402298239081E-001  0.338313258719676E+000 -0.107536384819057E+002 -0.393412634631911E+002
  0.100000000000000E+001  0.991748376096583E+005 -0.488272669489414E+001  0.956628107612881E+002 -0.198914573063273E+001  0.241082768786665E+001 -0.107536384819057E+002 -0.495874188048291E+005
  0.100000000000000E+001  0.584960689562360E+004 -0.102622690314607E+002  0.958328465105664E+002 -0.445506238856893E+000 -0.126322321603399E+000 -0.107536384819057E+002 -0.292480344781180E+004
  0.100000000000000E+001  0.146096287221247E+005 -0.907252007127314E+001  0.475958181406331E+002 -0.948301084684257E+000 -0.397092078012477E+001 -0.107536384819057E+002 -0.730481436106234E+004
  0.100000000000000E+001  0.146761184985657E+005  0.873946040776005E+001  0.957821479412992E+002 -0.119535056059086E+001 -0.112507058409783E+001 -0.107536384819057E+002 -0.733805924928286E+004
  0.100000000000000E+001  0.126825555881651E+006 -0.174797866394586E+002  0.954436496179033E+002 -0.192486698326649E+001  0.357929534314629E+001 -0.107536384819057E+002 -0.634127779408255E+005
  0.100000000000000E+001  0.149394730391737E+005  0.837375298820154E+001  0.988532193414997E+002 -0.146926736522218E+001 -0.488090450476394E+001 -0.107536384819057E+002 -0.746973651958685E+004
  0.100000000000000E+001  0.116235392102208E+006 -0.873769109639903E+001  0.750703202034873E+002 -0.186272772577996E+001 -0.375500313964338E+001 -0.107536384819057E+002 -0.581176960511040E+005
  0.100000000000000E+001  0.133947749924597E+005 -0.126223259302830E+002  0.915374154267375E+002 -0.335721730058531E+000 -0.442161620973440E+001 -0.107536384819057E+002 -0.669738749622986E+004
  0.100000000000000E+001  0.128154358376194E+005  0.575833174060169E+001  0.929771930902255E+002 -0.460532017295389E+000 -0.221607519411173E+001 -0.107536384819057E+002 -0.640771791880968E+004
  0.100000000000000E+001  0.107824536669346E+005 -0.304888104579502E+001  0.766927983990227E+002 -0.121721216304987E+000 -0.273431980998008E+001 -0.107536384819057E+002 -0.539122683346729E+004
  0.100000000000000E+001  0.146099876870306E+005  0.848406278075930E+001  0.452474592811482E+002 -0.975017146596395E+000 -0.111614513651031E+001 -0.107536384819057E+002 -0.730499384351530E+004
  0.100000000000000E+001  0.212075769414205E+005 -0.172432211106602E+002  0.898693566472111E+002 -0.164105096950556E+001  0.471624892967553E+001 -0.107536384819057E+002 -0.106037884707102E+005
  0.100000000000000E+001  0.133666240399235E+005 -0.220754413349600E+001  0.576993329281847E+002 -0.734237877245978E+000 -0.461017674307146E+000 -0.107536384819057E+002 -0.668331201996174E+004
  0.100000000000000E+001  0.135033182225788E+005  0.121824125230057E+002  0.404619678877102E+002 -0.547094008195402E+000 -0.233176881022153E+001 -0.107536384819057E+002 -0.675165911128942E+004
  0.100000000000000E+001  0.450906322943135E+005  0.422419904400831E+001  0.607997522956088E+002 -0.195826985048993E+001 -0.103887517188322E+001 -0.107536384819057E+002 -0.225453161471568E+005
  0.100000000000000E+001  0.115055377795258E+005 -0.606223784660789E+001  0.713798870321644E+002 -0.535551985046787E-001 -0.378108658585289E+001 -0.107536384819057E+002 -0.575276888976291E+004
  0.100000000000000E+001  0.476312844666003E+005  0.120690840658490E+002  0.645745429119224E+002 -0.165377834621443E+001 -0.264837054537441E+001 -0.107536384819057E+002 -0.238156422333002E+005
  0.100000000000000E+001  0.134993756119339E+005 -0.262772072090294E+001  0.914213875386646E+002 -0.120209551054441E+001 -0.695267350239170E-002 -0.107536384819057E+002 -0.674968780596697E+004
  0.100000000000000E+001  0.111364602119691E+006  0.484373402735137E+000  0.991751484337863E+002 -0.175622979630278E+001  0.238178372250190E+001 -0.107536384819057E+002 -0.556823010598456E+005
  0.100000000000000E+001  0.205771399974830E+005  0.152897420387700E+002  0.565726584290557E+002 -0.148783631687498E+001  0.348873876453627E+001 -0.107536384819057E+002 -0.102885699987415E+005
  0.100000000000000E+001  0.156075430337679E+004  0.181451077444114E+002  0.860383622952902E+002 -0.668285213009678E-002 -0.978834041660956E-001 -0.107536384819057E+002 -0.780377151688393E+003
  0.100000000000000E+001  0.584190126832849E+005 -0.110929203486968E+001  0.651867509254542E+002 -0.123807579604106E+001  0.535191893882124E+000 -0.107536384819057E+002 -0.292095063416425E+005
  0.100000000000000E+001  0.143690313784125E+005  0.190255068080534E+002  0.511161907882978E+002 -0.628255198862536E+000 -0.472335433372456E+001 -0.107536384819057E+002 -0.718451568920627E+004
  0.100000000000000E+001  0.146540457414884E+005 -0.166107810905210E+002  0.852780447000689E+002 -0.110260797829051E+001 -0.933786334900536E+000 -0.107536384819057E+002 -0.732702287074418E+004
  0.100000000000000E+001  0.160365717408192E+005 -0.164683043350570E+002  0.935076304563483E+002 -0.134659991366434E+001  0.355265913863894E+001 -0.107536384819057E+002 -0.801828587040960E+004
  0.100000000000000E+001  0.119381408998762E+006  0.867745713923105E+001  0.471674203493099E+002 -0.173485483072033E+001  0.929946077815510E+000 -0.107536384819057E+002 -0.596907044993808E+005
  0.100000000000000E+001  0.733098866524105E+004 -0.802298733448326E+001  0.691991798520167E+002 -0.762178363425965E-001 -0.131491338973949E+001 -0.107536384819057E+002 -0.366549433262052E+004
  0.100000000000000E+001  0.152247988816280E+005 -0.278756362203910E+001  0.645627404441178E+002 -0.161405096969450E+001 -0.399305323694166E+001 -0.107536384819057E+002 -0.761239944081398E+004
  0.100000000000000E+001  0.143127478801761E+005 -0.466500849463259E+001  0.536043646094542E+002 -0.135433721872454E+001 -0.199418124994921E+001 -0.107536384819057E+002 -0.715637394008803E+004
  0.100000000000000E+001  0.117917039260473E+005  0.217371866474796E+001  0.942352887648616E+002 -0.431704176654721E+000 -0.161445480762459E+001 -0.107536384819057E+002 -0.589585196302365E+004
  0.100000000000000E+001  0.139081221068592E+005  0.127847410962008E+002  0.694902663487716E+002 -0.117608109695833E+001  0.212435317475379E+000 -0.107536384819057E+002 -0.695406105342960E+004
  0.100000000000000E+001  0.750532712517041E+005  0.122603690807136E+001  0.823055341002004E+002 -0.170906179390241E+001  0.199962112951655E+001 -0.107536384819057E+002 -0.375266356258520E+005
  0.100000000000000E+001  0.125147928259229E+005  0.147689788809388E+002  0.623074482093126E+002 -0.708922969293117E+000 -0.246321959020534E+000 -0.107536384819057E+002 -0.625739641296144E+004
  0.100000000000000E+001  0.146156319770022E+005 -0.154519641649509E+002  0.956854053535793E+002 -0.107220403998418E+001  0.458266339582438E+001 -0.107536384819057E+002 -0.730781598850109E+004
  0.100000000000000E+001  0.109410530821452E+005  0.351129064905986E+001  0.454988116048125E+002 -0.129133033092363E+000 -0.281182728618700E+001 -0.107536384819057E+002 -0.547052654107258E+004
  0.100000000000000E+001  0.113197373171763E+006 -0.107942085584354E+002  0.400547605869548E+002 -0.143363578982698E+001  0.502181758266950E+000 -0.107536384819057E+002 -0.565986865858817E+005
  0.100000000000000E+001  0.744845347943884E+005  0.920029679024698E+001  0.989611540865565E+002 -0.172957656571653E+001 -0.358041409425542E+001 -0.107536384819057E+002 -0.372422673971942E+005
  0.100000000000000E+001  0.734623456546157E+005 -0.102109211887326E+002  0.865691593736709E+002 -0.170439899570288E+001  0.344018446874031E+001 -0.107536384819057E+002 -0.367311728273078E+005
  0.100000000000000E+001  0.106654683648608E+006  0.645808102864148E+001  0.475896084308896E+002 -0.179090929660339E+001  0.201411172507463E+001 -0.107536384819057E+002 -0.533273418243042E+005
  0.100000000000000E+001  0.971480247835031E+004 -0.961410776784001E+001  0.783703678682139E+002 -0.201956776676201E+000 -0.175532585648162E+001 -0.107536384819057E+002 -0.485740123917515E+004
  0.100000000000000E+001  0.114234983939511E+006 -0.174515655551074E+002  0.463777789666407E+002 -0.170096973259766E+001  0.218611316360097E+001 -0.107536384819057E+002 -0.571174919697556E+005
  0.100000000000000E+001  0.103905269903137E+006  0.173054707368375E+002  0.679389189204204E+002 -0.161214125083293E+001 -0.296008331367162E+001 -0.107536384819057E+002 -0.519526349515687E+005
  0.100000000000000E+001  0.892302573107995E+005 -0.142407814376033E+002  0.640265287109579E+002 -0.186084024213021E+001  0.423630572143246E+001 -0.107536384819057E+002 -0.446151286553997E+005
  0.100000000000000E+001  0.143276331427679E+005  0.772899431689272E+000  0.607359267756132E+002 -0.625542264626338E+000 -0.432134681428847E+001 -0.107536384819057E+002 -0.716381657138396E+004
  0.100000000000000E+001  0.114381867047576E+006  0.604256882032367E+001  0.442788383976937E+002 -0.158828644346908E+001  0.816513332968815E+000 -0.107536384819057E+002 -0.571909335237879E+005
  0.100000000000000E+001  0.145514558734972E+005  0.918654798151677E+001  0.977059030087567E+002 -0.777045108561563E+000 -0.455333110963867E+001 -0.107536384819057E+002 -0.727572793674859E+004
  0.100000000000000E+001  0.110104445854497E+006  0.171639542037634E+002  0.505188308585497E+002 -0.137635038443803E+001 -0.167474222438756E+001 -0.107536384819057E+002 -0.550522229272485E+005
  0.100000000000000E+001  0.476287931247950E+004  0.301632422762883E+001  0.820718833836384E+002 -0.132163612970559E+000 -0.578939494427799E+000 -0.107536384819057E+002 -0.238143965623975E+004
  0.100000000000000E+001  0.107481880183160E+006  0.492547809757286E+001  0.958198159882175E+002 -0.195718068070277E+001  0.461899288459170E+001 -0.107536384819057E+002 -0.537409400915801E+005
  0.100000000000000E+001  0.113701625045259E+006 -0.523742722403934E+001  0.483356121100278E+002 -0.169325604252413E+001  0.215320538700717E+001 -0.107536384819057E+002 -0.568508125226293E+005
  0.100000000000000E+001  0.625085251021295E+004 -0.549432653849000E+001  0.825675871686349E+002 -0.125372863539559E+000 -0.906502853331826E+000 -0.107536384819057E+002 -0.312542625510647E+004
  0.100000000000000E+001  0.206087777414993E+005 -0.156870165969565E+002  0.565668469308554E+002 -0.122449819850149E+001  0.174697954442194E+001 -0.107536384819057E+002 -0.103043888707496E+005
  0.100000000000000E+001  0.128851127374669E+005 -0.552135845572994E+001  0.945208558215317E+002 -0.758803264458744E+000 -0.657941443650927E-001 -0.107536384819057E+002 -0.644255636873346E+004
  0.100000000000000E+001  0.146114469292462E+005  0.571748949123699E+001  0.762628797950531E+002 -0.103229677553997E+001 -0.156142205801671E+001 -0.107536384819057E+002 -0.730572346462308E+004
  0.100000000000000E+001  0.106157752083216E+006 -0.883457759996723E+001  0.554280278518523E+002 -0.171894546669560E+001  0.153063851320445E+001 -0.107536384819057E+002 -0.530788760416078E+005
  0.100000000000000E+001  0.171230375211878E+005  0.130565237694031E+002  0.454978111073130E+002 -0.669986193550468E+000  0.473727392008809E+001 -0.107536384819057E+002 -0.856151876059388E+004
  0.100000000000000E+001  0.165189575139403E+005 -0.119141825206187E+002  0.868024322301728E+002 -0.143149201747320E+001  0.416976729538039E+001 -0.107536384819057E+002 -0.825947875697013E+004
  0.100000000000000E+001  0.142101973119398E+005  0.127676045170867E+002  0.620954546439400E+002 -0.591308741457049E+000 -0.402705580148444E+001 -0.107536384819057E+002 -0.710509865596989E+004
  0.100000000000000E+001  0.144807109202917E+005  0.117864970100603E+002  0.821971062431505E+002 -0.769143988697899E+000  0.442414990433168E+001 -0.107536384819057E+002 -0.724035546014584E+004
  0.100000000000000E+001  0.131510739301776E+005  0.161054886683455E+002  0.654801360532486E+002 -0.348926156285511E+000 -0.372752818817022E+001 -0.107536384819057E+002 -0.657553696508878E+004
  0.100000000000000E+001  0.466470209962841E+004  0.446454583108435E+001  0.548261805093737E+002 -0.852887180973391E+000  0.784617149408477E+000 -0.107536384819057E+002 -0.233235104981421E+004
  0.100000000000000E+001  0.118289632800856E+006  0.675497948194018E+001  0.468111918966586E+002 -0.174520197816215E+001  0.241078160509291E+001 -0.107536384819057E+002 -0.591448164004281E+005
  0.100000000000000E+001  0.104096809739753E+005  0.182063216713898E+002  0.818191419677084E+002 -0.286450358046535E+000 -0.168890986770748E+001 -0.107536384819057E+002 -0.520484048698763E+004
  0.100000000000000E+001  0.225865603157980E+005 -0.153588471205330E+002  0.720717220820015E+002 -0.120144899034541E+001  0.534063552863701E+000 -0.107536384819057E+002 -0.112932801578990E+005
  0.100000000000000E+001  0.350479567577888E+005  0.149908841645590E+002  0.762005292677011E+002 -0.161567116396730E+001  0.350140728804864E+001 -0.107536384819057E+002 -0.175239783788944E+005
  0.100000000000000E+001  0.826253145133835E+004  0.811160088854439E+001  0.651283183106578E+002 -0.620726123343075E+000  0.874341869033177E-001 -0.107536384819057E+002 -0.413126572566917E+004
  0.100000000000000E+001  0.186992647802947E+005 -0.139672604541395E+002  0.841230068627874E+002 -0.157769453821524E+001  0.472058339154995E+001 -0.107536384819057E+002 -0.934963239014733E+004
  0.100000000000000E+001  0.544273711244507E+004 -0.137281739777274E+002  0.482592153576996E+002 -0.162978958980414E+000 -0.656377115844837E+000 -0.107536384819057E+002 -0.272136855622254E+004
  0.100000000000000E+001  0.154438444955739E+005 -0.315443853011750E+000  0.843238134395178E+002 -0.103168815314410E+001  0.109053030842869E+001 -0.107536384819057E+002 -0.772192224778695E+004
  0.100000000000000E+001  0.146227321684617E+005 -0.127120398854088E+002  0.611178405249044E+002 -0.112185399631490E+001 -0.395457897201225E+001 -0.107536384819057E+002 -0.731136608423085E+004
  0.100000000000000E+001  0.245381091634273E+003 -0.970318367026992E+001  0.941154153733622E+002 -0.443672034255111E-001  0.443406329344226E+000 -0.107536384819057E+002 -0.122690545817137E+003
  0.100000000000000E+001  0.275683468327935E+005  0.467927810796525E+001  0.491404623036071E+002 -0.192944298225562E+001 -0.134124464173054E+001 -0.107536384819057E+002 -0.137841734163968E+005
  0.100000000000000E+001  0.999059857486162E+004 -0.180627239179601E+002  0.812769020859049E+002 -0.276504975637915E+000 -0.155274097986914E+001 -0.107536384819057E+002 -0.499529928743081E+004
  0.100000000000000E+001  0.946367835482057E+005 -0.575823492249378E+001  0.926455684169307E+002 -0.153286666095344E+001  0.210051642946683E+001 -0.107536384819057E+002 -0.473183917741029E+005
  0.100000000000000E+001  0.148049423114361E+005 -0.800157418335547E+001  0.636207208913089E+002 -0.134205087518193E+001 -0.420636605704989E+001 -0.107536384819057E+002 -0.740247115571807E+004
  0.100000000000000E+001  0.710581704831870E+005 -0.151366174444524E+002  0.981631446464214E+002 -0.158986778984783E+001 -0.630181013278691E+000 -0.107536384819057E+002 -0.355290852415935E+005
  0.100000000000000E+001  0.192812090622270E+005 -0.159549414247778E+002  0.486121952638177E+002 -0.188334510170917E+001 -0.182003859020267E+001 -0.107536384819057E+002 -0.964060453111350E+004
  0.100000000000000E+001  0.757045210660351E+004  0.811278741666541E+001  0.678385009528815E+002 -0.316227845563832E+000 -0.716175800240446E+000 -0.107536384819057E+002 -0.378522605330175E+004
  0.100000000000000E+001  0.776319488189591E+004  0.341053526338519E+001  0.790432940438795E+002 -0.855164920080526E+000  0.742158025604704E+000 -0.107536384819057E+002 -0.388159744094795E+004
  0.100000000000000E+001  0.146772904014762E+005  0.783786450977642E+001  0.849367072087137E+002 -0.124237766351593E+001 -0.474928456017171E+001 -0.107536384819057E+002 -0.733864520073811E+004
  0.100000000000000E+001  0.146095813018541E+005 -0.941193101900145E+001  0.474928790925791E+002 -0.946423091212870E+000 -0.411819964851206E+001 -0.107536384819057E+002 -0.730479065092706E+004
  0.100000000000000E+001  0.108654510121920E+005 -0.107862442027629E+002  0.566042424746871E+002 -0.322786211246063E+000 -0.172784396063431E+001 -0.107536384819057E+002 -0.543272550609600E+004
  0.100000000000000E+001  0.499832123524266E+004  0.463440987933321E+001  0.420821724528557E+002 -0.173915664082588E+000 -0.552425209876940E+000 -0.107536384819057E+002 -0.249916061762133E+004
  0.100000000000000E+001  0.133505880234341E+005  0.488383725547834E+000  0.584702103732398E+002 -0.299203650006687E+000 -0.472059650325234E+001 -0.107536384819057E+002 -0.667529401171704E+004
  0.100000000000000E+001  0.145694174803534E+005 -0.131981569530682E+002  0.578346703983317E+002 -0.855713087950775E+000 -0.248859089054264E+001 -0.107536384819057E+002 -0.728470874017668E+004
  0.100000000000000E+001  0.146218588808037E+005  0.490577300449916E+001  0.407600138527789E+002 -0.111875763093471E+001 -0.395141094375203E+001 -0.107536384819057E+002 -0.731092944040186E+004
  0.100000000000000E+001  0.142385550539650E+005 -0.200971552607896E+000  0.696835155220127E+002 -0.576133406908145E+000 -0.451505417105124E+001 -0.107536384819057E+002 -0.711927752698251E+004
  0.100000000000000E+001  0.146121809159448E+005 -0.136896102447125E+002  0.779830226012959E+002 -0.101705276605729E+001  0.280633194965556E+000 -0.107536384819057E+002 -0.730609045797240E+004
  0.100000000000000E+001  0.145684665941600E+005  0.152295040500771E+002  0.909057389029545E+002 -0.802845723070722E+000 -0.449388137604921E+001 -0.107536384819057E+002 -0.728423329708001E+004
  0.100000000000000E+001  0.130329681732898E+004  0.998203741998002E+001  0.483247990295041E+002 -0.331896461522998E-001 -0.351686048571054E-001 -0.107536384819057E+002 -0.651648408664492E+003
  0.100000000000000E+001  0.671019444590779E+004  0.121621631777089E+002  0.809240619412729E+002 -0.496611748679934E+000 -0.982274282002233E-001 -0.107536384819057E+002 -0.335509722295390E+004
  0.100000000000000E+001  0.145830301535051E+005 -0.118163408121466E+002  0.723661068937434E+002 -0.822553157803334E+000 -0.482052698374972E+001 -0.107536384819057E+002 -0.729151507675254E+004
  0.100000000000000E+001  0.108738480160614E+006 -0.247034002539725E+001  0.723322177389129E+002 -0.151262937932110E+001 -0.234465677322099E+001 -0.107536384819057E+002 -0.543692400803069E+005
  0.100000000000000E+001  0.112831143919100E+006  0.851673023816862E+001  0.925930812235036E+002 -0.150146529055183E+001  0.213484870645997E+001 -0.107536384819057E+002 -0.564155719595500E+005
  0.100000000000000E+001  0.540597196018129E+005 -0.149613741633022E+002  0.817554890123626E+002 -0.111015435360344E+001  0.105672103937248E+001 -0.107536384819057E+002 -0.270298598009064E+005
  0.100000000000000E+001  0.507059787829613E+004  0.364534359859290E+001  0.832833705145617E+002 -0.401025280409126E+000 -0.134354624716182E+000 -0.107536384819057E+002 -0.253529893914807E+004
  0.100000000000000E+001  0.105648245758825E+006 -0.332914643197319E+001  0.588772352796452E+002 -0.128746758752040E+001  0.662682984539920E+000 -0.107536384819057E+002 -0.528241228794123E+005
  0.100000000000000E+001  0.145664977371538E+005  0.116375411256917E+002  0.547588846358109E+002 -0.880041256851740E+000  0.350592363557536E+001 -0.107536384819057E+002 -0.728324886857690E+004
  0.100000000000000E+001  0.150377538239008E+005  0.111141772840803E+002  0.674075151622507E+002 -0.156610706959917E+001 -0.467960468431375E+001 -0.107536384819057E+002 -0.751887691195039E+004
  0.100000000000000E+001  0.567632668741180E+005 -0.309678547105651E+001  0.926568938310685E+002 -0.121347780685916E+001  0.746989721436334E+000 -0.107536384819057E+002 -0.283816334370590E+005
  0.100000000000000E+001  0.110191697037268E+006  0.143049999260280E+002  0.841261205410932E+002 -0.188492643823663E+001  0.220277290929941E+001 -0.107536384819057E+002 -0.550958485186342E+005
  0.100000000000000E+001  0.146113631869145E+005 -0.427660482016932E+001  0.956598608523285E+002 -0.101813130760051E+001 -0.132728076952939E+000 -0.107536384819057E+002 -0.730568159345723E+004
  0.100000000000000E+001  0.141080166450381E+005  0.338877503686572E+001  0.864759671904144E+002 -0.590868181636003E+000 -0.345439498990772E+001 -0.107536384819057E+002 -0.705400832251906E+004
  0.100000000000000E+001  0.129062231051154E+005 -0.183856575815522E+002  0.792742067578620E+002 -0.368529118375218E+000 -0.312585280900006E+001 -0.107536384819057E+002 -0.645311155255772E+004
  0.100000000000000E+001  0.911420934530078E+005  0.159402990797058E+002  0.791717828110835E+002 -0.195242578317191E+001  0.217330873947536E+001 -0.107536384819057E+002 -0.455710467265039E+005
  0.100000000000000E+001  0.145952110452756E+005 -0.291819162620683E+000  0.500022048285755E+002 -0.880158503211353E+000 -0.334525471492264E+001 -0.107536384819057E+002 -0.729760552263780E+004
  0.100000000000000E+001  0.606703894546476E+005  0.960675946471377E+001  0.428631005289177E+002 -0.182861147111581E+001 -0.320604475226931E+001 -0.107536384819057E+002 -0.303351947273238E+005
  0.100000000000000E+001  0.113309754877618E+006  0.258651862886991E+001  0.969224231743173E+002 -0.186293456110627E+001  0.105176420774349E+001 -0.107536384819057E+002 -0.566548774388088E+005
  0.100000000000000E+001  0.143541986994736E+005 -0.166398603512716E+002  0.417097413959549E+002 -0.662729823423038E+000 -0.380674213507441E+001 -0.107536384819057E+002 -0.717709934973680E+004
  0.100000000000000E+001  0.106587465930877E+006  0.377999966494611E+001  0.742031557830638E+002 -0.191065067266084E+001  0.379045226941436E+000 -0.107536384819057E+002 -0.532937329654384E+005
  0.100000000000000E+001  0.102863547381311E+006  0.100677560517766E+002  0.654222852231986E+002 -0.155133238420263E+001  0.111603735490067E+001 -0.107536384819057E+002 -0.514317736906556E+005
  0.100000000000000E+001  0.114541589535169E+006 -0.128173560568850E+002  0.919140163874436E+002 -0.162505885522478E+001 -0.964350700638681E-001 -0.107536384819057E+002 -0.572707947675847E+005
  0.100000000000000E+001  0.131620017342893E+005 -0.123704165512152E+002  0.545332887629342E+002 -0.436743343375375E+000 -0.287988531099423E+001 -0.107536384819057E+002 -0.658100086714463E+004
  0.100000000000000E+001  0.150898809398633E+005  0.207695404902362E+001  0.579962269810265E+002 -0.161666329649280E+001 -0.448861860663297E+001 -0.107536384819057E+002 -0.754494046993165E+004
  0.100000000000000E+001  0.118195579672559E+006 -0.675179371929750E+001  0.581353974792267E+002 -0.164804694386070E+001 -0.305154768846711E+001 -0.107536384819057E+002 -0.590977898362796E+005
  0.100000000000000E+001  0.146380052712615E+005  0.127611037626731E+002  0.973618016421451E+002 -0.112150812849992E+001  0.438176009039394E+001 -0.107536384819057E+002 -0.731900263563077E+004
  0.100000000000000E+001  0.144961040839813E+005 -0.271413032611214E+001  0.471719493412523E+002 -0.707770388463130E+000  0.493780033712000E+001 -0.107536384819057E+002 -0.724805204199066E+004
  0.100000000000000E+001  0.149130414809169E+005  0.188142366272396E+002  0.668673459758716E+002 -0.126663228072383E+001  0.445182287218639E+001 -0.107536384819057E+002 -0.745652074045844E+004
  0.100000000000000E+001  0.227611363666551E+005  0.752690566992783E+001  0.561762284343113E+002 -0.117085298237711E+001  0.144823858905422E+001 -0.107536384819057E+002 -0.113805681833276E+005
  0.100000000000000E+001  0.541649574656601E+005 -0.576249171388925E+001  0.776558026545460E+002 -0.166843966033206E+001 -0.807725086993861E+000 -0.107536384819057E+002 -0.270824787328300E+005
  0.100000000000000E+001  0.995019448985213E+004 -0.177718656231151E+002  0.761293341306126E+002 -0.398261250436195E+000 -0.101460357192756E+001 -0.107536384819057E+002 -0.497509724492607E+004
  0.100000000000000E+001  0.142067097291639E+005  0.848460678058138E+001  0.438974912518314E+002 -0.111694638909900E+001  0.487213358068689E+000 -0.107536384819057E+002 -0.710335486458193E+004
  0.100000000000000E+001  0.395736450762398E+004  0.939182975423310E+001  0.961432657007846E+002 -0.103681256550975E+000 -0.469381966808999E+000 -0.107536384819057E+002 -0.197868225381199E+004
  0.100000000000000E+001  0.145354861970662E+005  0.330893262485521E+001  0.877504053490257E+002 -0.827513820731708E+000  0.427782337778078E+001 -0.107536384819057E+002 -0.726774309853308E+004
  0.100000000000000E+001  0.142630621745181E+005  0.252253392511097E+001  0.908147492024087E+002 -0.598161553062878E+000 -0.429054195044573E+001 -0.107536384819057E+002 -0.713153108725904E+004
  0.100000000000000E+001  0.134628603805878E+005 -0.637215857898532E+000  0.618646498025179E+002 -0.124171801593806E+001 -0.171015506326210E+000 -0.107536384819057E+002 -0.673143019029389E+004
  0.100000000000000E+001  0.147507422752982E+005 -0.624025490088028E+001  0.900453296782711E+002 -0.121610004304206E+001 -0.184384601919182E+001 -0.107536384819057E+002 -0.737537113764908E+004
  0.100000000000000E+001  0.546804132432715E+005  0.175330802686202E+002  0.563923907763217E+002 -0.138774513166214E+001  0.363443421944350E+000 -0.107536384819057E+002 -0.273402066216358E+005
  0.100000000000000E+001  0.148138928270898E+005 -0.192332050649353E+002  0.583219127677560E+002 -0.142853574891777E+001 -0.316930107896236E+001 -0.107536384819057E+002 -0.740694641354490E+004
  0.100000000000000E+001  0.106296761506575E+005  0.737579653091486E+001  0.924799414502201E+002 -0.105724805437210E+000 -0.270905532466893E+001 -0.107536384819057E+002 -0.531483807532874E+004
  0.100000000000000E+001  0.157513673522067E+005 -0.742714561450489E+001  0.446964987641196E+002 -0.697731514693162E+000  0.445542361155614E+001 -0.107536384819057E+002 -0.787568367610334E+004
  0.100000000000000E+001  0.116567025694960E+006 -0.126046758345215E+000  0.439250013640835E+002 -0.171601189067324E+001  0.792997994571426E+000 -0.107536384819057E+002 -0.582835128474799E+005
  0.100000000000000E+001  0.146105961117375E+005  0.708293652438611E+001  0.540841424130246E+002 -0.101221848097971E+001 -0.366574434852495E+001 -0.107536384819057E+002 -0.730529805586877E+004
  0.100000000000000E+001  0.160925068826582E+005  0.159539697859472E+002  0.995951426261798E+002 -0.146387913505194E+001 -0.154027866427104E+001 -0.107536384819057E+002 -0.804625344132911E+004
  0.100000000000000E+001  0.116354639173780E+005  0.104335184499404E+002  0.665983711699926E+002 -0.359745500926328E+000 -0.195957468283321E+001 -0.107536384819057E+002 -0.581773195868900E+004
  0.100000000000000E+001  0.134150640479318E+005 -0.154225893980420E+002  0.598949418366577E+002 -0.109491200729928E+001  0.182634219894470E+000 -0.107536384819057E+002 -0.670753202396588E+004
  0.100000000000000E+001  0.106224900815557E+006 -0.357478904763288E+001  0.901683906419246E+002 -0.198459754842260E+001  0.201985412109078E+001 -0.107536384819057E+002 -0.531124504077784E+005
  0.100000000000000E+001  0.978596953845689E+005 -0.167169546732853E+002  0.790986576582019E+002 -0.163898521570667E+001  0.288171733031960E+001 -0.107536384819057E+002 -0.489298476922845E+005
  0.100000000000000E+001  0.956480080875987E+004  0.980743572928466E+001  0.546701596939176E+002 -0.243201939616673E+000 -0.152433574491357E+001 -0.107536384819057E+002 -0.478240040437994E+004
  0.100000000000000E+001  0.146003605770556E+005  0.154662174870075E+002  0.480838336750110E+002 -0.889908955214041E+000 -0.369849173525743E+001 -0.107536384819057E+002 -0.730018028852780E+004
  0.100000000000000E+001  0.985915841872189E+005  0.779319265752769E+001  0.541369414001833E+002 -0.132145958054927E+001  0.168383819130139E+000 -0.107536384819057E+002 -0.492957920936095E+005
  0.100000000000000E+001  0.313554824297592E+005 -0.213516283945095E+001  0.655897885825244E+002 -0.180160888669491E+001 -0.115135969653207E+001 -0.107536384819057E+002 -0.156777412148796E+005
  0.100000000000000E+001  0.146004306343051E+005  0.133850797739357E+002  0.490387174234457E+002 -0.904060811410835E+000  0.482968771812334E+001 -0.107536384819057E+002 -0.730021531715253E+004
  0.100000000000000E+001  0.237627272941867E+005 -0.219847323738475E+001  0.789453739571156E+002 -0.183405613850725E+001 -0.252970209858177E+001 -0.107536384819057E+002 -0.118813636470933E+005
  0.100000000000000E+001  0.145597142519236E+005 -0.135814040619126E+002  0.993626006211762E+002 -0.781803506909936E+000 -0.480582662438048E+001 -0.107536384819057E+002 -0.727985712596178E+004
  0.100000000000000E+001  0.687333265879967E+004  0.476562897227530E+001  0.556984050196383E+002 -0.538957486712384E+000 -0.665579570436492E-002 -0.107536384819057E+002 -0.343666632939983E+004
  0.100000000000000E+001  0.921101198759783E+005 -0.152178150180350E+002  0.482091562647606E+002 -0.195205902658963E+001  0.202403473381943E+001 -0.107536384819057E+002 -0.460550599379892E+005
  0.100000000000000E+001  0.174112680362649E+005  0.846088379013471E+001  0.503676356388293E+002 -0.154644996947347E+001  0.493159870524540E+001 -0.107536384819057E+002 -0.870563401813245E+004
  0.100000000000000E+001  0.146565886199675E+005 -0.142384286231591E+002  0.756900004777154E+002 -0.108551207883662E+001 -0.449148382824571E-001 -0.107536384819057E+002 -0.732829430998373E+004
  0.100000000000000E+001  0.813558022041512E+005 -0.767527987462991E+001  0.886546770654599E+002 -0.109686626675716E+001  0.830949456912577E+000 -0.107536384819057E+002 -0.406779011020756E+005
  0.100000000000000E+001  0.111239415614096E+004 -0.113541240742925E+002  0.628693105700591E+002 -0.182380970910236E+000  0.718154829025233E-001 -0.107536384819057E+002 -0.556197078070482E+003
  0.100000000000000E+001  0.875040062678078E+004  0.120428560274885E+002  0.779346495730830E+002 -0.349539152386499E+000 -0.874521106328125E+000 -0.107536384819057E+002 -0.437520031339039E+004
  0.100000000000000E+001  0.137321203405050E+005 -0.121500818631104E+002  0.708608678534553E+002 -0.787675415337155E+000 -0.275138030995887E+000 -0.107536384819057E+002 -0.686606017025248E+004
  0.100000000000000E+001  0.145346853567391E+005  0.610536402642398E+001  0.567092607769188E+002 -0.810366584511087E+000 -0.284258040541658E+001 -0.107536384819057E+002 -0.726734267836954E+004
  0.100000000000000E+001  0.113540139280586E+005 -0.363620828672859E+001  0.543440388957659E+002 -0.250843982075942E+000 -0.242228697883559E+001 -0.107536384819057E+002 -0.567700696402931E+004
  0.100000000000000E+001  0.375751197021687E+005 -0.155648072928872E+001  0.524969650658914E+002 -0.156123830848082E+001  0.309037198092556E+001 -0.107536384819057E+002 -0.187875598510843E+005
  0.100000000000000E+001  0.985106195116737E+005  0.603123348692420E+001  0.631136888095164E+002 -0.161090125436753E+001  0.180805907113513E+001 -0.107536384819057E+002 -0.492553097558368E+005
  0.100000000000000E+001  0.487959914035210E+003 -0.185954322189168E+002  0.657123239141101E+002 -0.424448184878926E+000  0.339619576312332E+000 -0.107536384819057E+002 -0.243979957017605E+003
  0.100000000000000E+001  0.104516938033819E+006  0.925956965935015E+001  0.798673817009397E+002 -0.179453653345824E+001 -0.565560188806087E+000 -0.107536384819057E+002 -0.522584690169093E+005
  0.100000000000000E+001  0.147660732394983E+005 -0.114095419605352E+002  0.689949005369307E+002 -0.111603600917533E+001  0.234776609692167E+001 -0.107536384819057E+002 -0.738303661974914E+004
  0.100000000000000E+001  0.146457469883559E+005 -0.148254988333629E+002  0.677898309120866E+002 -0.112537090780414E+001  0.413530284293138E+001 -0.107536384819057E+002 -0.732287349417793E+004
  0.100000000000000E+001  0.183122911322766E+005 -0.126940740281917E+002  0.967826072210706E+002 -0.134882156907792E+001  0.275065004126886E+001 -0.107536384819057E+002 -0.915614556613829E+004
  0.100000000000000E+001  0.123853002045283E+005 -0.129543917622014E+002  0.645854437641992E+002 -0.186419325587396E+000 -0.392471423210403E+001 -0.107536384819057E+002 -0.619265010226414E+004
  0.100000000000000E+001  0.121868640184429E+005  0.147032228557284E+002  0.538859951009107E+002 -0.625073337905543E+000 -0.628653816761341E+000 -0.107536384819057E+002 -0.609343200922143E+004
  0.100000000000000E+001  0.148771024736860E+005 -0.151387958492772E+002  0.513650989811648E+002 -0.127391838509515E+001  0.481795601310420E+001 -0.107536384819057E+002 -0.743855123684299E+004
  0.100000000000000E+001  0.113905148128944E+006 -0.221186794170830E+001  0.940032854904328E+002 -0.127854009091905E+001  0.643304160211172E+000 -0.107536384819057E+002 -0.569525740644719E+005
  0.100000000000000E+001  0.146627104667000E+005  0.160600511654096E+002  0.617653085367703E+002 -0.115140555052177E+001 -0.220081635561378E+001 -0.107536384819057E+002 -0.733135523335000E+004
  0.100000000000000E+001  0.119187218850345E+006  0.154503800614754E+002  0.526413654440922E+002 -0.188701813740168E+001  0.138451325573290E+001 -0.107536384819057E+002 -0.595936094251725E+005
  0.100000000000000E+001  0.140139794529924E+005  0.613722714129475E+001  0.954906803934370E+002 -0.148046833799259E+001 -0.113048612524369E+001 -0.107536384819057E+002 -0.700698972649620E+004
  0.100000000000000E+001  0.151608550414215E+005  0.157659098826453E+001  0.629341401520792E+002 -0.181847270524174E+001 -0.429557266110349E+001 -0.107536384819057E+002 -0.758042752071077E+004
  0.100000000000000E+001  0.101968719808424E+006  0.104501673386040E+002  0.494799172103485E+002 -0.136220530735788E+001  0.105282765521491E+000 -0.107536384819057E+002 -0.509843599042120E+005
  0.100000000000000E+001  0.169181068983924E+005 -0.501873706741082E+001  0.400549531252962E+002 -0.847366393943289E+000  0.187192762863504E+001 -0.107536384819057E+002 -0.845905344919618E+004
  0.100000000000000E+001  0.119145001860971E+006 -0.163470870613491E+002  0.938838650748015E+002 -0.189946736486124E+001 -0.245333195614278E+000 -0.107536384819057E+002 -0.595725009304857E+005
  0.100000000000000E+001  0.143465450228955E+005  0.194771691106988E+002  0.645164149292377E+002 -0.625150704585376E+000 -0.452803349064461E+001 -0.107536384819057E+002 -0.717327251144776E+004
  0.100000000000000E+001  0.144901790265738E+005  0.281757916335521E+001  0.718047705570991E+002 -0.781510550667386E+000  0.447787568223609E+001 -0.107536384819057E+002 -0.724508951328689E+004
  0.100000000000000E+001  0.146105218620188E+005  0.778257502209879E+001  0.612173939366997E+002 -0.978152118990563E+000 -0.444653976073042E+001 -0.107536384819057E+002 -0.730526093100942E+004
  0.100000000000000E+001  0.577394441192238E+005  0.127607489628296E+002  0.572473699491989E+002 -0.127486944542896E+001  0.309002098494526E+000 -0.107536384819057E+002 -0.288697220596119E+005
  0.100000000000000E+001  0.611365847487738E+005 -0.214456582675247E+001  0.589892792181637E+002 -0.188775087455691E+001  0.480260941006448E+001 -0.107536384819057E+002 -0.305682923743869E+005
  0.100000000000000E+001  0.147126057746245E+005 -0.148214681047017E+002  0.538487038078003E+002 -0.119315134840715E+001  0.456832127647840E+001 -0.107536384819057E+002 -0.735630288731223E+004
  0.100000000000000E+001  0.204486291058097E+005  0.645876622500931E+001  0.843212234585986E+002 -0.186528429176933E+001 -0.158145202881180E+001 -0.107536384819057E+002 -0.102243145529049E+005
  0.100000000000000E+001  0.155833822086548E+005  0.135745322874957E+002  0.665469210951068E+002 -0.163720465649283E+001 -0.399369342836327E+001 -0.107536384819057E+002 -0.779169110432738E+004
  0.100000000000000E+001  0.939936363305249E+005  0.592169074467293E+000  0.532401484564616E+002 -0.149637330310142E+001  0.398483743299938E-001 -0.107536384819057E+002 -0.469968181652624E+005
  0.100000000000000E+001  0.146141994933846E+005 -0.189557601056764E+002  0.943936788219452E+002 -0.104921095991794E+001  0.337943886429849E+001 -0.107536384819057E+002 -0.730709974669232E+004
  0.100000000000000E+001  0.965825227525533E+005  0.189464943929973E+002  0.946418996777149E+002 -0.184965042741612E+001  0.407901129488820E+001 -0.107536384819057E+002 -0.482912613762767E+005
  0.100000000000000E+001  0.628908808549865E+004 -0.981400174984173E+001  0.475874694723519E+002 -0.292432531867693E+000 -0.538546518948348E+000 -0.107536384819057E+002 -0.314454404274932E+004
  0.100000000000000E+001  0.117770537109948E+006  0.436678838857240E+001  0.831274601945192E+002 -0.167608902328451E+001  0.915389137437127E+000 -0.107536384819057E+002 -0.588852685549739E+005
  0.100000000000000E+001  0.147090285660882E+005 -0.529386015833995E+001  0.741336053634150E+002 -0.122983601108945E+001 -0.325130257506171E+001 -0.107536384819057E+002 -0.735451428304410E+004
  0.100000000000000E+001  0.117285287765156E+005 -0.930128965794606E+001  0.832056232714362E+002 -0.327268228318646E+000 -0.222662328121073E+001 -0.107536384819057E+002 -0.586426438825779E+004
  0.100000000000000E+001  0.144364616865822E+005 -0.164416993893806E+002  0.667312960998711E+002 -0.756454318415183E+000 -0.263762707498848E+001 -0.107536384819057E+002 -0.721823084329108E+004
  0.100000000000000E+001  0.133904816155454E+005 -0.754449441224959E+001  0.690539573926817E+002 -0.456367886125473E+000 -0.308147619953416E+001 -0.107536384819057E+002 -0.669524080777268E+004
  0.100000000000000E+001  0.137907474074624E+005 -0.100020932553220E+002  0.746559844816483E+002 -0.564574769739394E+000 -0.272763646823023E+001 -0.107536384819057E+002 -0.689537370373122E+004
  0.100000000000000E+001  0.839245751495110E+005  0.153637390401870E+002  0.760756179282770E+002 -0.198177159401046E+001  0.426140730927965E+001 -0.107536384819057E+002 -0.419622875747555E+005
  0.100000000000000E+001  0.138131571207486E+005  0.128784354493260E+002  0.506597016975245E+002 -0.150602089837505E+001 -0.265852742283259E+001 -0.107536384819057E+002 -0.690657856037430E+004
  0.100000000000000E+001  0.779047590465353E+003  0.135533612137241E+002  0.861689237085562E+002 -0.759026618412127E+000  0.743279720991294E+000 -0.107536384819057E+002 -0.389523795232677E+003
  0.100000000000000E+001  0.125114050451687E+005  0.826925721251819E+001  0.795864493961241E+002 -0.739905877674083E+000 -0.642647813840806E-001 -0.107536384819057E+002 -0.625570252258436E+004
  0.100000000000000E+001  0.101895584429825E+005 -0.697312798003652E+001  0.624811944014457E+002 -0.615302780452948E+000 -0.173101512176844E+000 -0.107536384819057E+002 -0.509477922149126E+004
  0.100000000000000E+001  0.146105836867025E+005  0.565748218584249E+001  0.914422166714811E+002 -0.100458408953766E+001  0.411107247663530E+001 -0.107536384819057E+002 -0.730529184335123E+004
  0.100000000000000E+001  0.145031621088662E+005  0.966990316426905E+000  0.652536082890950E+002 -0.714980332065232E+000 -0.489239281511445E+001 -0.107536384819057E+002 -0.725158105443309E+004
  0.100000000000000E+001  0.133744992908992E+005  0.103955661576496E+002  0.928602950820426E+002 -0.412673652673573E+000 -0.351658842160858E+001 -0.107536384819057E+002 -0.668724964544962E+004
  0.100000000000000E+001  0.146105819727388E+005 -0.187870058921428E+002  0.800605972621250E+002 -0.999873800489142E+000 -0.493311836588985E+001 -0.107536384819057E+002 -0.730529098636942E+004
  0.100000000000000E+001  0.133407613091538E+005 -0.436969649103672E+001  0.798767197351877E+002 -0.324278917493787E+000 -0.441138399882996E+001 -0.107536384819057E+002 -0.667038065457688E+004
  0.100000000000000E+001  0.146115069250684E+005  0.518978495439661E+001  0.893676264989205E+002 -0.104518652961022E+001 -0.310003749611198E+001 -0.107536384819057E+002 -0.730575346253421E+004
  0.100000000000000E+001  0.211120915335144E+005  0.306741206814246E+001  0.990585190051769E+002 -0.195236155564752E+001 -0.174484379031960E+001 -0.107536384819057E+002 -0.105560457667572E+005
  0.100000000000000E+001  0.214078926154532E+005  0.242401924185834E+001  0.753349080282646E+002 -0.145992522861247E+001  0.316921642736777E+001 -0.107536384819057E+002 -0.107039463077266E+005
  0.100000000000000E+001  0.142600573717544E+005  0.166929113955312E+002  0.602026156375465E+002 -0.570615347155510E+000 -0.480246275281684E+001 -0.107536384819057E+002 -0.713002868587720E+004
  0.100000000000000E+001  0.148618119063834E+005  0.846820654345345E+001  0.819269418298362E+002 -0.113494163783903E+001  0.299799291685430E-001 -0.107536384819057E+002 -0.743090595319171E+004
  0.100000000000000E+001  0.146016508678974E+005 -0.419536948155751E+001  0.656257756092882E+002 -0.936242459040440E+000  0.320306033092687E+001 -0.107536384819057E+002 -0.730082543394871E+004
  0.100000000000000E+001  0.141659152605448E+005 -0.100036789386867E+002  0.615802995722488E+002 -0.525844234215278E+000 -0.489853460334076E+001 -0.107536384819057E+002 -0.708295763027238E+004
  0.100000000000000E+001  0.129014823469388E+005 -0.488772305152117E+001  0.444191825970733E+002 -0.492756085543244E+000 -0.204016100211251E+001 -0.107536384819057E+002 -0.645074117346941E+004
  0.100000000000000E+001  0.149140358377193E+005  0.820705254769154E+001  0.798334796642125E+002 -0.122093255993882E+001  0.359021080599545E+001 -0.107536384819057E+002 -0.745701791885965E+004
  0.100000000000000E+001  0.190480153742075E+005 -0.168268618222662E+002  0.767372176510376E+002 -0.177128258305438E+001 -0.147136391392146E+001 -0.107536384819057E+002 -0.952400768710376E+004
  0.100000000000000E+001  0.120551352111538E+006  0.194649498299476E+002  0.831202551470233E+002 -0.185555407652011E+001 -0.206040330319897E+000 -0.107536384819057E+002 -0.602756760557688E+005
  0.100000000000000E+001  0.145866157926259E+005 -0.185452859706455E+002  0.837344245380129E+002 -0.958990405094141E+000  0.301001582718707E+000 -0.107536384819057E+002 -0.729330789631293E+004
  0.100000000000000E+001  0.146891074923942E+005 -0.694794367648757E+001  0.486124503952376E+002 -0.105121181032176E+001  0.154950003325881E+001 -0.107536384819057E+002 -0.734455374619709E+004
  0.100000000000000E+001  0.730725285623603E+005 -0.149100220545141E+002  0.549618127177430E+002 -0.150014747033638E+001  0.370304520533952E+000 -0.107536384819057E+002 -0.365362642811801E+005
  0.100000000000000E+001  0.146287534839090E+005 -0.124788461810044E+002  0.861240445705548E+002 -0.112508092755052E+001 -0.319168833781611E+001 -0.107536384819057E+002 -0.731437674195452E+004
  0.100000000000000E+001  0.144330472800755E+005 -0.621660273325248E+001  0.827500695398561E+002 -0.669739021089235E+000 -0.464898976717361E+001 -0.107536384819057E+002 -0.721652364003774E+004
  0.100000000000000E+001  0.119343133202998E+005 -0.164677062524549E+001  0.688878275591638E+002 -0.352415941676754E-001 -0.444407472418092E+001 -0.107536384819057E+002 -0.596715666014992E+004
  0.100000000000000E+001  0.373195460745889E+004 -0.162141212905826E+002  0.844005355502934E+002 -0.934143675143602E-001 -0.440686561416259E+000 -0.107536384819057E+002 -0.186597730372945E+004
  0.100000000000000E+001  0.142805237502881E+005 -0.140765748496974E+002  0.463458477960860E+002 -0.635963486475921E+000 -0.370532679744977E+001 -0.107536384819057E+002 -0.714026187514403E+004
  0.100000000000000E+001  0.597381473104208E+005 -0.957641853372357E+001  0.960395353601137E+002 -0.175110825145247E+001  0.388619528218721E+001 -0.107536384819057E+002 -0.298690736552104E+005
  0.100000000000000E+001  0.245461312343748E+005 -0.189414716174832E+002  0.757818152865098E+002 -0.191320470207476E+001 -0.255786590477715E+001 -0.107536384819057E+002 -0.122730656171874E+005
  0.100000000000000E+001  0.123458460585687E+005 -0.150871405623006E+002  0.879751847650887E+002 -0.146310727131160E+000 -0.419123820733739E+001 -0.107536384819057E+002 -0.617292302928434E+004
  0.100000000000000E+001  0.146544174942607E+005 -0.112511205782234E+002  0.555425444550947E+002 -0.155613242368989E+001 -0.130291541243723E+001 -0.107536384819057E+002 -0.732720874713033E+004
  0.100000000000000E+001  0.115174965655231E+006  0.142956696890063E+002  0.546833134870370E+002 -0.188316235941315E+001  0.166016284138863E+000 -0.107536384819057E+002 -0.575874828276156E+005
  0.100000000000000E+001  0.144529661923029E+005  0.663621125612622E+000  0.825512696285443E+002 -0.685987090823679E+000 -0.457813225764853E+001 -0.107536384819057E+002 -0.722648309615143E+004
  0.100000000000000E+001  0.851171542414761E+005  0.413110363886840E+001  0.511621363415593E+002 -0.192992900011886E+001 -0.361559923201885E+001 -0.107536384819057E+002 -0.425585771207381E+005
  0.100000000000000E+001  0.139929462767793E+005 -0.175649260559164E+002  0.935361236904292E+002 -0.495891752503754E+000 -0.438471818166372E+001 -0.107536384819057E+002 -0.699647313838964E+004
  0.100000000000000E+001  0.139704762559405E+005 -0.122651676527878E+001  0.440633021373580E+002 -0.106170617039592E+001  0.729809619018404E+000 -0.107536384819057E+002 -0.698523812797025E+004
  0.100000000000000E+001  0.257188793297793E+005  0.118544691160042E+002  0.809526746886100E+002 -0.169176279253879E+001  0.457076169590701E+001 -0.107536384819057E+002 -0.128594396648897E+005
  0.100000000000000E+001  0.146424515804219E+005  0.652649499665230E+001  0.539432818187347E+002 -0.114814955828224E+001 -0.303973252337332E+001 -0.107536384819057E+002 -0.732122579021097E+004
  0.100000000000000E+001  0.145995695623210E+005 -0.146250802751458E+002  0.625197173765269E+002 -0.896994873484006E+000 -0.309693169749865E+001 -0.107536384819057E+002 -0.729978478116049E+004
  0.100000000000000E+001  0.132403136330094E+005  0.377582867501853E+001  0.706871342674534E+002 -0.604056099581341E+000 -0.144030852460874E+001 -0.107536384819057E+002 -0.662015681650471E+004
  0.100000000000000E+001  0.875543617556620E+004 -0.873107101247418E+001  0.422992780652674E+002 -0.974007488064059E-001 -0.175249366220428E+001 -0.107536384819057E+002 -0.437771808778310E+004
  0.100000000000000E+001  0.146066764010545E+005 -0.108180741338318E+001  0.577061253848676E+002 -0.933040973431545E+000 -0.261550701889845E+001 -0.107536384819057E+002 -0.730333820052723E+004
  0.100000000000000E+001  0.136350019806384E+005  0.234033003610356E+001  0.986871187863583E+002 -0.428596643380097E+000 -0.398267337635463E+001 -0.107536384819057E+002 -0.681750099031918E+004
  0.100000000000000E+001  0.146253294518320E+005  0.143766118264390E+002  0.708657826229262E+002 -0.113898515703685E+001 -0.446918564813752E+001 -0.107536384819057E+002 -0.731266472591602E+004
  0.100000000000000E+001  0.378359710984954E+005  0.244350017090818E+001  0.440945147055660E+002 -0.120260427629789E+001  0.143033541884393E+001 -0.107536384819057E+002 -0.189179855492477E+005
  0.100000000000000E+001  0.113338384973976E+005  0.168549204871804E+002  0.844981995251889E+002 -0.272846669710785E+000 -0.227848268430564E+001 -0.107536384819057E+002 -0.566691924869882E+004
  0.100000000000000E+001  0.276958019748558E+005  0.183321980941957E+002  0.883926105935434E+002 -0.141765088416223E+001  0.251794506079660E+001 -0.107536384819057E+002 -0.138479009874279E+005
  0.100000000000000E+001  0.146086763268631E+005  0.797480802149299E+001  0.411940588544691E+002 -0.966726553372333E+000  0.280478708305237E+001 -0.107536384819057E+002 -0.730433816343155E+004
  0.100000000000000E+001  0.146472091440839E+005  0.188129921661860E+002  0.694689918239280E+002 -0.117784925021770E+001 -0.906849316771238E+000 -0.107536384819057E+002 -0.732360457204195E+004
  0.100000000000000E+001  0.140015380364638E+005  0.285837368816480E+000  0.704234137069345E+002 -0.649291709225877E+000 -0.220950688331592E+001 -0.107536384819057E+002 -0.700076901823191E+004
  0.100000000000000E+001  0.195200989584837E+005 -0.366904852823228E+001  0.469024840189406E+002 -0.155650777757234E+001  0.428255465403563E+001 -0.107536384819057E+002 -0.976004947924183E+004
  0.100000000000000E+001  0.145640116904001E+005  0.177834097603285E+002  0.434244807942556E+002 -0.790719378899310E+000 -0.470627772706214E+001 -0.107536384819057E+002 -0.728200584520003E+004
  0.100000000000000E+001  0.146909254457607E+005  0.293090032595191E+001  0.932940488630347E+002 -0.123174854639789E+001 -0.384430024762419E+001 -0.107536384819057E+002 -0.734546272288034E+004
  0.100000000000000E+001  0.146124762601796E+005 -0.332112605568142E+001  0.973257693935607E+002 -0.105093687039859E+001  0.445940142780390E+001 -0.107536384819057E+002 -0.730623813008982E+004
  0.100000000000000E+001  0.149943418991722E+005 -0.445152057931473E+001  0.789320450035804E+002 -0.168060177042018E+001 -0.372394908566011E+001 -0.107536384819057E+002 -0.749717094958608E+004
  0.100000000000000E+001  0.941516522112147E+005 -0.181241247269874E+002  0.427621845188509E+002 -0.141966974863653E+001 -0.182889368159830E+001 -0.107536384819057E+002 -0.470758261056074E+005
  0.100000000000000E+001  0.156932169174064E+005 -0.244075530267789E+001  0.742700627062750E+002 -0.122254713681739E+001  0.245967837975014E+001 -0.107536384819057E+002 -0.784660845870321E+004
  0.100000000000000E+001  0.953090828054632E+004  0.149951143735978E+002  0.605997097566215E+002 -0.718956440990231E+000  0.284744794273337E+000 -0.107536384819057E+002 -0.476545414027316E+004
  0.100000000000000E+001  0.140168151039988E+005  0.211714608528040E+001  0.430857220365372E+002 -0.473930175219561E+000 -0.485264960541751E+001 -0.107536384819057E+002 -0.700840755199939E+004
  0.100000000000000E+001  0.119094633455701E+005  0.149920110626305E+002  0.814183867442900E+002 -0.320070817707037E+000 -0.241462805892860E+001 -0.107536384819057E+002 -0.595473167278507E+004
  0.100000000000000E+001  0.147219304427218E+005  0.804732968591548E+001  0.802988191277735E+002 -0.127351050054585E+001 -0.419236769314416E+001 -0.107536384819057E+002 -0.736096522136090E+004
  0.100000000000000E+001  0.120408857834210E+006 -0.653918943680571E+001  0.609137226264200E+002 -0.197344460331149E+001 -0.557487517446411E-001 -0.107536384819057E+002 -0.602044289171051E+005
  0.100000000000000E+001  0.129471450436608E+005  0.100278043925950E+002  0.848644452101123E+002 -0.461327000319929E+000 -0.235886508236128E+001 -0.107536384819057E+002 -0.647357252183042E+004
  0.100000000000000E+001  0.815686632519015E+005 -0.188048476411364E+002  0.646773093186161E+002 -0.127315548409226E+001  0.975277291454677E+000 -0.107536384819057E+002 -0.407843316259508E+005
  0.100000000000000E+001  0.153661899657465E+005 -0.120402348146539E+002  0.898403009876001E+002 -0.165264955268868E+001 -0.426411431752025E+001 -0.107536384819057E+002 -0.768309498287327E+004
  0.100000000000000E+001  0.258856917230281E+005  0.101528793840767E+002  0.764888591582941E+002 -0.137042955256851E+001 -0.349326273908996E+000 -0.107536384819057E+002 -0.129428458615140E+005
  0.100000000000000E+001  0.149378051062462E+005  0.114029382099382E+002  0.658323268581840E+002 -0.150354724181498E+001 -0.393784588364271E+001 -0.107536384819057E+002 -0.746890255312311E+004
  0.100000000000000E+001  0.800321796345879E+004  0.238674889104662E+001  0.856037114484701E+002 -0.351140060521018E+000 -0.701435955997169E+000 -0.107536384819057E+002 -0.400160898172940E+004
  0.100000000000000E+001  0.144960544218075E+005 -0.183244528835230E+002  0.708010875596535E+002 -0.798333493127146E+000  0.398404260979970E+001 -0.107536384819057E+002 -0.724802721090376E+004
  0.100000000000000E+001  0.146105818461735E+005  0.427394413464259E+001  0.544946092746725E+002 -0.999062593424880E+000  0.204149989945314E+001 -0.107536384819057E+002 -0.730529092308676E+004
  0.100000000000000E+001  0.899988148255540E+004  0.574622817833484E+001  0.520416694662411E+002 -0.648765563282550E-002 -0.218355782003493E+001 -0.107536384819057E+002 -0.449994074127770E+004
  0.100000000000000E+001  0.832727375751607E+005  0.113968840290631E+002  0.523974204147980E+002 -0.163418694626059E+001  0.459948695158654E+000 -0.107536384819057E+002 -0.416363687875803E+005
  0.100000000000000E+001  0.128065809523424E+005 -0.101444706660148E+002  0.517473288850228E+002 -0.466732366164039E+000 -0.215568119067234E+001 -0.107536384819057E+002 -0.640329047617118E+004
  0.100000000000000E+001  0.246308169998268E+005 -0.147282962449712E+002  0.879875436950162E+002 -0.153192042291650E+001  0.341206124916439E+001 -0.107536384819057E+002 -0.123154084999134E+005
  0.100000000000000E+001  0.147876413780106E+005 -0.168824260454345E+002  0.878525157271582E+002 -0.126943214673412E+001 -0.228486179149913E+001 -0.107536384819057E+002 -0.739382068900528E+004
  0.100000000000000E+001  0.132839763760375E+005 -0.516294280178179E+001  0.898506077437180E+002 -0.308166132733038E+000 -0.444816095261633E+001 -0.107536384819057E+002 -0.664198818801874E+004
  0.100000000000000E+001  0.149803524544487E+005 -0.172116034513168E+002  0.676756989705317E+002 -0.149989788676013E+001 -0.457164085958256E+001 -0.107536384819057E+002 -0.749017622722436E+004
  0.100000000000000E+001  0.983251486572802E+004 -0.499727668613936E+001  0.556731860107977E+002 -0.210590773665471E+000 -0.177053371530919E+001 -0.107536384819057E+002 -0.491625743286401E+004
  0.100000000000000E+001  0.574721694246031E+005  0.637661137405662E+001  0.862244421973707E+002 -0.172628814182607E+001  0.375969384952356E+001 -0.107536384819057E+002 -0.287360847123016E+005
  0.100000000000000E+001  0.362340269852459E+005  0.839214844341101E+001  0.609448056988828E+002 -0.150600248878052E+001  0.279622340845491E+001 -0.107536384819057E+002 -0.181170134926230E+005
  0.100000000000000E+001  0.147214547565804E+005  0.737105404660563E+001  0.671192766700308E+002 -0.714392754433198E+000  0.450074051387270E+001 -0.107536384819057E+002 -0.736072737829018E+004
  0.100000000000000E+001  0.756204237525746E+005  0.896344432814225E+001  0.757807653331859E+002 -0.168812328416791E+001  0.466500954135051E+000 -0.107536384819057E+002 -0.378102118762873E+005
  0.100000000000000E+001  0.146317523558750E+005  0.184250607682614E+001  0.876153286654767E+002 -0.105081061440358E+001  0.282581802211066E-001 -0.107536384819057E+002 -0.731587617793752E+004
  0.100000000000000E+001  0.113252167924929E+006  0.172793402240437E+002  0.654417617236635E+002 -0.178887081638590E+001  0.345153497972738E+001 -0.107536384819057E+002 -0.566260839624647E+005
  0.100000000000000E+001  0.114246158284808E+006  0.642417779465723E+001  0.917614719155653E+002 -0.143160216419229E+001 -0.194316445178962E+001 -0.107536384819057E+002 -0.571230791424038E+005
  0.100000000000000E+001  0.992619822126060E+005  0.147143954765424E+002  0.934846276221029E+002 -0.120409903210884E+001  0.841384528881259E+000 -0.107536384819057E+002 -0.496309911063030E+005
  0.100000000000000E+001  0.780815919136304E+005  0.140335488430933E+002  0.554444637860496E+002 -0.188795623425157E+001 -0.347563088763102E+001 -0.107536384819057E+002 -0.390407959568152E+005
  0.100000000000000E+001  0.123755322862387E+005 -0.110324133682822E+002  0.493774916211104E+002 -0.491465811354961E+000 -0.159763075866473E+001 -0.107536384819057E+002 -0.618776614311933E+004
  0.100000000000000E+001  0.153454010666843E+004  0.942672044546515E+001  0.875274790817915E+002 -0.328875226225779E+000  0.133771254382785E+000 -0.107536384819057E+002 -0.767270053334214E+003
  0.100000000000000E+001  0.134802678412339E+005 -0.117457072319770E+002  0.459247047577636E+002 -0.537247923341969E+000 -0.239522213357065E+001 -0.107536384819057E+002 -0.674013392061696E+004
  0.100000000000000E+001  0.152868534588587E+005  0.463111325885010E+001  0.768615816188536E+002 -0.755024063530964E+000  0.376782222008029E+001 -0.107536384819057E+002 -0.764342672942934E+004
  0.100000000000000E+001  0.210161986455564E+005 -0.252172691002941E+001  0.721152207150288E+002 -0.196251018760503E+001 -0.181049724857908E+001 -0.107536384819057E+002 -0.105080993227782E+005
  0.100000000000000E+001  0.127206003665785E+005  0.149725079941444E+001  0.452969012231109E+002 -0.441760750741232E+000 -0.226886549724761E+001 -0.107536384819057E+002 -0.636030018328926E+004
  0.100000000000000E+001  0.985398969434295E+004 -0.313032845141148E+001  0.723405128907310E+002 -0.522496163511692E+000 -0.480423323325708E+000 -0.107536384819057E+002 -0.492699484717147E+004
  0.100000000000000E+001  0.146021645641715E+005  0.510416892263429E+000  0.979394190105793E+002 -0.907959257055149E+000  0.495410659953129E+001 -0.107536384819057E+002 -0.730108228208573E+004
  0.100000000000000E+001  0.455778440461847E+005 -0.116728742692899E+002  0.546643015578251E+002 -0.160673223746014E+001 -0.248037866656453E+001 -0.107536384819057E+002 -0.227889220230924E+005
  0.100000000000000E+001  0.150848187392662E+005  0.125808681384261E+002  0.857476282262973E+002 -0.144577931779997E+001 -0.251164314322327E+001 -0.107536384819057E+002 -0.754240936963308E+004
  0.100000000000000E+001  0.150011909690549E+005 -0.125512940529515E+002  0.556257080606145E+002 -0.155373700705171E+001 -0.356893608836602E+001 -0.107536384819057E+002 -0.750059548452747E+004
  0.100000000000000E+001  0.141700413123770E+005  0.697780335031784E+001  0.833709994544992E+002 -0.712485101808253E+000 -0.185758075592359E+001 -0.107536384819057E+002 -0.708502065618849E+004
  0.100000000000000E+001  0.108635466813452E+006 -0.790519474345025E+001  0.815222276725283E+002 -0.176225686891766E+001  0.170114515435764E+001 -0.107536384819057E+002 -0.543177334067259E+005
  0.100000000000000E+001  0.832274539861410E+004  0.268705865790825E+001  0.528970556748232E+002 -0.313559495825890E+000 -0.890990680179646E+000 -0.107536384819057E+002 -0.416137269930705E+004
  0.100000000000000E+001  0.110903047256476E+006  0.106156616558642E+002  0.568736582084916E+002 -0.174546594447472E+001  0.117387379191524E+001 -0.107536384819057E+002 -0.554515236282381E+005
  0.100000000000000E+001  0.133084069825497E+005 -0.118345766085368E+002  0.964675509007461E+002 -0.776535211287329E+000 -0.113025796695903E+000 -0.107536384819057E+002 -0.665420349127483E+004
  0.100000000000000E+001  0.140857658574660E+005 -0.126045878092600E+002  0.578449765023304E+002 -0.128658081335114E+001 -0.144902188494367E+001 -0.107536384819057E+002 -0.704288292873301E+004
  0.100000000000000E+001  0.157019868118785E+005 -0.749764729561288E+001  0.525547783478833E+002 -0.159818335234590E+001 -0.126317029338703E+001 -0.107536384819057E+002 -0.785099340593924E+004
  0.100000000000000E+001  0.120598889592153E+006 -0.101554235201723E+002  0.619249047989128E+002 -0.195699049181542E+001 -0.603259405041605E-001 -0.107536384819057E+002 -0.602994447960765E+005
  0.100000000000000E+001  0.228106900419730E+005 -0.168970644159849E+002  0.587118326104047E+002 -0.104034010627351E+001  0.105924416041001E+001 -0.107536384819057E+002 -0.114053450209865E+005
  0.100000000000000E+001  0.150501699225599E+005 -0.193613794660889E+002  0.870900900925921E+002 -0.160464930550870E+001 -0.148201987297723E+001 -0.107536384819057E+002 -0.752508496127997E+004
  0.100000000000000E+001  0.146097474089235E+005  0.137417165341974E+002  0.687231941202950E+002 -0.959838960059840E+000  0.462421479630527E+001 -0.107536384819057E+002 -0.730487370446177E+004
  0.100000000000000E+001  0.146533740155949E+005 -0.394093060071852E+001  0.426233084937752E+002 -0.112865300490031E+001  0.395907471962224E+001 -0.107536384819057E+002 -0.732668700779744E+004
  0.100000000000000E+001  0.105620958058917E+006  0.218947787756202E+001  0.545459102964763E+002 -0.151981931828586E+001  0.228239588535992E+001 -0.107536384819057E+002 -0.528104790294583E+005
  0.100000000000000E+001  0.140780906221408E+005 -0.137656918648527E+002  0.762876537772520E+002 -0.594081353636061E+000 -0.326778972678102E+001 -0.107536384819057E+002 -0.703904531107039E+004
  0.100000000000000E+001  0.295023748530868E+004  0.127192397016086E+002  0.814763807514377E+002 -0.278861171450198E-001 -0.360559974151031E+000 -0.107536384819057E+002 -0.147511874265434E+004
  0.100000000000000E+001  0.146769471818128E+005  0.493456244489375E+001  0.643768214018302E+002 -0.120743893819088E+001 -0.354506233346786E+001 -0.107536384819057E+002 -0.733847359090641E+004
  0.100000000000000E+001  0.146153572402265E+005 -0.119526411967074E+002  0.675574310501920E+002 -0.109598615476204E+001 -0.456126586055634E+001 -0.107536384819057E+002 -0.730767862011325E+004
  0.100000000000000E+001  0.110860414573298E+006  0.111753788572662E+002  0.945279624493823E+002 -0.169459322888260E+001  0.285800082151436E+001 -0.107536384819057E+002 -0.554302072866492E+005
  0.100000000000000E+001  0.146083321154559E+005  0.421221060494232E+001  0.451209449643548E+002 -0.957564802281675E+000 -0.140588357038244E+001 -0.107536384819057E+002 -0.730416605772796E+004
  0.100000000000000E+001  0.329425131644513E+004  0.451571635320963E+001  0.498131410131155E+002 -0.658487486371633E-001 -0.390361861870118E+000 -0.107536384819057E+002 -0.164712565822257E+004
  0.100000000000000E+001  0.104973215342614E+005  0.183106617766997E+002  0.953579029917117E+002 -0.369053755136666E+000 -0.133464987929002E+001 -0.107536384819057E+002 -0.524866076713068E+004
  0.100000000000000E+001  0.410601977913834E+005 -0.163113534263819E+002  0.868057327030202E+002 -0.167381847992930E+001  0.372108663328968E+001 -0.107536384819057E+002 -0.205300988956917E+005
  0.100000000000000E+001  0.160074559917738E+005  0.979018554494528E+001  0.413614976119936E+002 -0.143524962996152E+001  0.466220278478630E+001 -0.107536384819057E+002 -0.800372799588691E+004
  0.100000000000000E+001  0.146965528110787E+005 -0.112018079968208E+002  0.628117029384332E+002 -0.117269598360751E+001 -0.192292999806025E+001 -0.107536384819057E+002 -0.734827640553935E+004
  0.100000000000000E+001  0.146012438644870E+005 -0.839416274201397E+001  0.719947417806891E+002 -0.883482080130732E+000 -0.435243848155788E+001 -0.107536384819057E+002 -0.730062193224349E+004
  0.100000000000000E+001  0.196238321607697E+004 -0.913547061010492E+001  0.511757307603426E+002 -0.141038455319964E+000 -0.922448558799580E-001 -0.107536384819057E+002 -0.981191608038487E+003
  0.100000000000000E+001  0.119505668638422E+006 -0.188648399042088E+001  0.670355205123325E+002 -0.195627929164044E+001  0.156455538082534E+000 -0.107536384819057E+002 -0.597528343192110E+005
  0.100000000000000E+001  0.125082407642591E+005  0.147155565972119E+001  0.724321432439758E+002 -0.837784797254442E+000  0.450309649610816E+000 -0.107536384819057E+002 -0.625412038212953E+004
  0.100000000000000E+001  0.141014183341583E+005 -0.167783551998648E+002  0.819911362574999E+002 -0.562781237258263E+000 -0.387095460944387E+001 -0.107536384819057E+002 -0.705070916707914E+004
  0.100000000000000E+001  0.158577984073344E+005 -0.880592711697103E+001  0.817790354159104E+002 -0.135784845437661E+001  0.384077772913852E+001 -0.107536384819057E+002 -0.792889920366718E+004
  0.100000000000000E+001  0.120684247137823E+006 -0.713551104714322E+001  0.531783929954820E+002 -0.185577063889433E+001 -0.188218073060161E+000 -0.107536384819057E+002 -0.603421235689117E+005
  0.100000000000000E+001  0.135352872542358E+005  0.980298619299443E+001  0.749890818320457E+002 -0.412358896270683E+000 -0.390189775841190E+001 -0.107536384819057E+002 -0.676764362711789E+004
  0.100000000000000E+001  0.195412671466631E+005 -0.883144070772482E+001  0.954502779737092E+002 -0.153299066965045E+001 -0.189260672494444E+001 -0.107536384819057E+002 -0.977063357333153E+004
  0.100000000000000E+001  0.755492952310713E+004  0.912280602515813E+001  0.746449491127374E+002 -0.358828586861474E+000 -0.591286605259728E+000 -0.107536384819057E+002 -0.377746476155357E+004
  0.100000000000000E+001  0.115773237501487E+006  0.183749032925354E+002  0.865167101473889E+002 -0.166806907887989E+001 -0.315754507343989E+001 -0.107536384819057E+002 -0.578866187507435E+005
  0.100000000000000E+001  0.122710629761597E+005  0.147800354351718E+002  0.830077863141737E+002 -0.111107841499229E+000 -0.436037091332479E+001 -0.107536384819057E+002 -0.613553148807987E+004
  0.100000000000000E+001  0.144510775822311E+005  0.301653970281056E+001  0.501995959074841E+002 -0.733731869253340E+000 -0.334358160161273E+001 -0.107536384819057E+002 -0.722553879111553E+004
  0.100000000000000E+001  0.132282497948221E+005 -0.439417444021008E+001  0.920117817271827E+002 -0.115831421059563E+001 -0.706867901302219E-001 -0.107536384819057E+002 -0.661412489741106E+004
  0.100000000000000E+001  0.140131846149756E+005 -0.934456078563787E+001  0.906060002659212E+002 -0.536101668700801E+000 -0.386389290059021E+001 -0.107536384819057E+002 -0.700659230748780E+004
  0.100000000000000E+001  0.106532955011125E+006 -0.695830742390992E+000  0.826317130421251E+002 -0.192710909733965E+001  0.113331508386612E+001 -0.107536384819057E+002 -0.532664775055624E+005
  0.100000000000000E+001  0.144824709091154E+005  0.306735260203121E+001  0.893913301081354E+002 -0.827028930348479E+000 -0.156503638260543E+001 -0.107536384819057E+002 -0.724123545455768E+004
  0.100000000000000E+001  0.954076671243051E+005 -0.860927689127447E+001  0.462915092724816E+002 -0.183604222186275E+001  0.400765654754870E+001 -0.107536384819057E+002 -0.477038335621525E+005
  0.100000000000000E+001  0.107726031526066E+006  0.599555205366907E+001  0.954168834503031E+002 -0.167300443830421E+001 -0.517332873573267E+000 -0.107536384819057E+002 -0.538630157630330E+005
  0.100000000000000E+001  0.190399809435811E+005  0.103760487951303E+002  0.769057954141994E+002 -0.173642543139839E+001 -0.430819577498610E+001 -0.107536384819057E+002 -0.951999047179057E+004
  0.100000000000000E+001  0.147662229808012E+005  0.756652844104254E+001  0.790118848238282E+002 -0.122363977667839E+001  0.463010571618027E+001 -0.107536384819057E+002 -0.738311149040059E+004
  0.100000000000000E+001  0.725165337157899E+005  0.135388085803581E+002  0.454821348343328E+002 -0.153737688130399E+001  0.370923649710813E+000 -0.107536384819057E+002 -0.362582668578950E+005
  0.100000000000000E+001  0.648630302634235E+004 -0.782241287473809E+001  0.888575473191913E+002 -0.103611850547056E+000 -0.101209551819276E+001 -0.107536384819057E+002 -0.324315151317117E+004
  0.100000000000000E+001  0.159786144045347E+005  0.191380430314574E+002  0.936844375774514E+002 -0.138621620604530E+001  0.407091934067718E+001 -0.107536384819057E+002 -0.798930720226735E+004
  0.100000000000000E+001  0.960281364509893E+005 -0.190554454731391E+001  0.678473848118654E+002 -0.157729280674827E+001 -0.281183823774088E+001 -0.107536384819057E+002 -0.480140682254947E+005
  0.100000000000000E+001  0.146540582262407E+005  0.136356930709375E+002  0.982756636474629E+002 -0.121166215187309E+001 -0.488549861094847E+001 -0.107536384819057E+002 -0.732702911312037E+004
  0.100000000000000E+001  0.114098556456665E+005  0.102860520777870E+002  0.444907458794237E+002 -0.438659862248492E+000 -0.137075728679564E+001 -0.107536384819057E+002 -0.570492782283323E+004
  0.100000000000000E+001  0.173916344297049E+005  0.696073705389534E+001  0.496993707663469E+002 -0.178102184580243E+001 -0.178045022745222E+001 -0.107536384819057E+002 -0.869581721485244E+004
  0.100000000000000E+001  0.142276896902884E+005  0.128400438383828E+002  0.465684220868490E+002 -0.189983903297743E+001 -0.479148929883980E+001 -0.107536384819057E+002 -0.711384484514419E+004
  0.100000000000000E+001  0.406248125739127E+005  0.180092974965601E+002  0.971310373904561E+002 -0.165807137527643E+001  0.362780764960546E+001 -0.107536384819057E+002 -0.203124062869564E+005
  0.100000000000000E+001  0.126617461211857E+005  0.116416220276813E+002  0.506239090763468E+002 -0.166723211570419E+000 -0.454265957701391E+001 -0.107536384819057E+002 -0.633087306059283E+004
  0.100000000000000E+001  0.165539646700727E+005  0.148912418997070E+002  0.797926845115298E+002 -0.138058574453714E+001  0.358905791799638E+001 -0.107536384819057E+002 -0.827698233503636E+004
  0.100000000000000E+001  0.145049530467968E+005  0.491854042439313E+001  0.961288686393823E+002 -0.713205491294489E+000 -0.499862206461674E+001 -0.107536384819057E+002 -0.725247652339842E+004
  0.100000000000000E+001  0.146323400732226E+005 -0.803745752674464E+001  0.736119421182571E+002 -0.109792605762045E+001 -0.163528870056980E+001 -0.107536384819057E+002 -0.731617003661131E+004
  0.100000000000000E+001  0.146105590789241E+005 -0.111704341222922E+002  0.694793696353314E+002 -0.984687952086083E+000 -0.418183216078901E+001 -0.107536384819057E+002 -0.730527953946204E+004
  0.100000000000000E+001  0.153363993827636E+005  0.493252479433767E+001  0.718036295868501E+002 -0.120841276364679E+001  0.258032954073140E+001 -0.107536384819057E+002 -0.766819969138182E+004
  0.100000000000000E+001  0.146105337597776E+005  0.152875442071173E+002  0.937021922926490E+002 -0.983144857716380E+000 -0.312101825727418E+001 -0.107536384819057E+002 -0.730526687988878E+004
  0.100000000000000E+001  0.157785272991594E+005 -0.601941004022855E+001  0.418980389175663E+002 -0.134494724693883E+001  0.376227918892969E+001 -0.107536384819057E+002 -0.788926364957972E+004
  0.100000000000000E+001  0.766545107376598E+005 -0.185153559892495E+001  0.422104608628053E+002 -0.184010180477905E+001 -0.336286512570222E+001 -0.107536384819057E+002 -0.383272553688299E+005
  0.100000000000000E+001  0.104254927596248E+006 -0.127342748040091E+002  0.627509951463534E+002 -0.125385492870264E+001  0.141628164598114E+001 -0.107536384819057E+002 -0.521274637981241E+005
  0.100000000000000E+001  0.146468672395712E+005 -0.930535697730732E+001  0.402530887170148E+002 -0.117742169026992E+001 -0.395748341799769E+001 -0.107536384819057E+002 -0.732343361978561E+004
  0.100000000000000E+001  0.148303670644154E+005  0.504088640088534E+001  0.567008095408732E+002 -0.137484621215933E+001 -0.455984143331907E+001 -0.107536384819057E+002 -0.741518353220769E+004
  0.100000000000000E+001  0.149680250109211E+005 -0.479178286847769E+001  0.564441971600726E+002 -0.108399744041287E+001  0.155667488668443E+001 -0.107536384819057E+002 -0.748401250546056E+004
  0.100000000000000E+001  0.153247516198804E+005 -0.136277815207477E+002  0.583191821276311E+002 -0.113259143880295E+001  0.180272761024242E+001 -0.107536384819057E+002 -0.766237580994019E+004
  0.100000000000000E+001  0.126868088550943E+006  0.277996478272101E+000  0.902378080252301E+002 -0.171457521181220E+001  0.254072141096905E+001 -0.107536384819057E+002 -0.634340442754713E+005
  0.100000000000000E+001  0.698739790857478E+004  0.147080068706482E+002  0.517369497096016E+002 -0.335809248470705E+000 -0.552374890902101E+000 -0.107536384819057E+002 -0.349369895428739E+004
  0.100000000000000E+001  0.118661378778757E+005  0.787118650065209E+001  0.454492795697822E+002 -0.255586454983507E-001  0.925980377263268E+000 -0.107536384819057E+002 -0.593306893893783E+004
  0.100000000000000E+001  0.113630453734702E+006  0.304801577201241E+001  0.646385297999401E+002 -0.172302868381626E+001 -0.266756180991319E-001 -0.107536384819057E+002 -0.568152268673512E+005
  0.100000000000000E+001  0.146123008821492E+005 -0.108647007713287E+002  0.661362808035368E+002 -0.103641391958281E+001 -0.117125327899569E+001 -0.107536384819057E+002 -0.730615044107461E+004
  0.100000000000000E+001  0.145370875422498E+005 -0.115257333028904E+001  0.495218742087633E+002 -0.810862219060335E+000  0.345417526370540E+001 -0.107536384819057E+002 -0.726854377112489E+004
  0.100000000000000E+001  0.145318035178804E+005  0.139641284455706E+002  0.622383144213551E+002 -0.742447367738525E+000 -0.494432262709430E+001 -0.107536384819057E+002 -0.726590175894021E+004
  0.100000000000000E+001  0.116456494005022E+006 -0.474922379700134E+001  0.845047455224375E+002 -0.174651690147228E+001  0.109774334105025E+001 -0.107536384819057E+002 -0.582282470025112E+005
  0.100000000000000E+001  0.147263505187290E+005 -0.344917967369624E+001  0.495778994471316E+002 -0.144616752077645E+001 -0.261400059549895E+001 -0.107536384819057E+002 -0.736317525936452E+004
  0.100000000000000E+001  0.113199362103449E+006  0.162547049190457E+002  0.783173045894260E+002 -0.116914637726879E+001  0.105457668691814E+001 -0.107536384819057E+002 -0.565996810517245E+005
  0.100000000000000E+001  0.391290400811869E+005 -0.135385280617577E+002  0.757707923552390E+002 -0.116342099095744E+001 -0.212707198106105E+000 -0.107536384819057E+002 -0.195645200405934E+005
  0.100000000000000E+001  0.315489062094623E+005 -0.164410277517230E+002  0.482577757087696E+002 -0.169828791259882E+001 -0.258520980286321E+001 -0.107536384819057E+002 -0.157744531047311E+005
  0.100000000000000E+001  0.146174072089565E+005  0.112585401515451E+002  0.419942762689684E+002 -0.110373940889401E+001 -0.421607347100722E+001 -0.107536384819057E+002 -0.730870360447823E+004
  0.100000000000000E+001  0.137303806208817E+005  0.694721959474192E+001  0.713361031718758E+002 -0.116546323505035E+001  0.241971808474356E+000 -0.107536384819057E+002 -0.686519031044083E+004
  0.100000000000000E+001  0.145481020166614E+005  0.479680110047654E+001  0.555213883030579E+002 -0.123279453015758E+001 -0.129345526098685E+001 -0.107536384819057E+002 -0.727405100833068E+004
  0.100000000000000E+001  0.130725766887233E+005 -0.298095524560994E+001  0.864148780736610E+002 -0.309480106926074E+000 -0.396960915804301E+001 -0.107536384819057E+002 -0.653628834436167E+004
  0.100000000000000E+001  0.151126508391164E+005  0.165204842558522E+001  0.931072625682759E+002 -0.162589774732458E+001 -0.498749020884569E+001 -0.107536384819057E+002 -0.755632541955819E+004
  0.100000000000000E+001  0.143723773618075E+005  0.191037656430827E+002  0.603357427581609E+002 -0.836979080134642E+000 -0.709028177012756E+000 -0.107536384819057E+002 -0.718618868090376E+004
  0.100000000000000E+001  0.145987148444330E+005  0.235404694179962E+000  0.769623754888842E+002 -0.902073254579766E+000  0.464993107564685E+001 -0.107536384819057E+002 -0.729935742221649E+004
  0.100000000000000E+001  0.147233874502241E+005 -0.130271267995155E+002  0.523541210463654E+002 -0.735710359514195E+000  0.420779993785678E+001 -0.107536384819057E+002 -0.736169372511207E+004
  0.100000000000000E+001  0.187337321368224E+005  0.137773480375726E+002  0.577957465151231E+002 -0.167729042576238E+001 -0.213404233483080E+001 -0.107536384819057E+002 -0.936686606841118E+004
  0.100000000000000E+001  0.146965477285233E+005  0.102284240569247E+002  0.870858067591175E+002 -0.134422178899698E+001 -0.237814046812285E+001 -0.107536384819057E+002 -0.734827386426165E+004
  0.100000000000000E+001  0.104787510764058E+006  0.159370566771917E+002  0.522500565580013E+002 -0.123227280814398E+001  0.847814160491817E+000 -0.107536384819057E+002 -0.523937553820291E+005
  0.100000000000000E+001  0.157148939204739E+005 -0.174388028533097E+002  0.957029059445928E+002 -0.135577590835023E+001  0.396868026887291E+001 -0.107536384819057E+002 -0.785744696023694E+004
  0.100000000000000E+001  0.509797322398613E+003  0.344926357155753E+001  0.649224452988546E+002 -0.333130006620558E+000  0.263071904908530E+000 -0.107536384819057E+002 -0.254898661199307E+003
  0.100000000000000E+001  0.146608981574674E+005 -0.520358480040818E+001  0.497350536943917E+002 -0.134930234469349E+001 -0.235411430557011E+001 -0.107536384819057E+002 -0.733044907873370E+004
  0.100000000000000E+001  0.148684266134496E+005  0.350889333612503E+001  0.692232931999186E+002 -0.150962822906041E+001 -0.359423297115810E+001 -0.107536384819057E+002 -0.743421330672481E+004
  0.100000000000000E+001  0.160402602258965E+005 -0.142474843744732E+002  0.435506793145613E+002 -0.167063214218571E+001 -0.178596171098695E+001 -0.107536384819057E+002 -0.802013011294826E+004
  0.100000000000000E+001  0.535309159392147E+005  0.121826194048049E+002  0.428891630809797E+002 -0.188289107672304E+001 -0.427478021317784E+001 -0.107536384819057E+002 -0.267654579696074E+005
  0.100000000000000E+001  0.146104383411422E+005 -0.176928093583317E+002  0.486273467560447E+002 -0.990011537440734E+000  0.208316285463144E+001 -0.107536384819057E+002 -0.730521917057110E+004
  0.100000000000000E+001  0.634334999621934E+005 -0.119385142532199E+001  0.453281232552283E+002 -0.161296706472685E+001  0.328906737589153E+000 -0.107536384819057E+002 -0.317167499810967E+005
  0.100000000000000E+001  0.146111884499030E+005  0.612468023044384E+001  0.937654309826325E+002 -0.104068083075636E+001 -0.332788150791022E+001 -0.107536384819057E+002 -0.730559422495150E+004
  0.100000000000000E+001  0.100374901604131E+006  0.181279976597147E+002  0.549315448053243E+002 -0.166415953128374E+001  0.198781050727582E+001 -0.107536384819057E+002 -0.501874508020655E+005
  0.100000000000000E+001  0.163396711694038E+005  0.175278940393791E+002  0.494711452730411E+002 -0.170169066223741E+001 -0.180319858970812E+001 -0.107536384819057E+002 -0.816983558470190E+004
  0.100000000000000E+001  0.151974178929530E+005 -0.265503448662026E+001  0.738661524505101E+002 -0.167021844391079E+001 -0.495310711525338E+001 -0.107536384819057E+002 -0.759870894647650E+004
  0.100000000000000E+001  0.601259266805443E+004  0.121831573295693E+002  0.506455807624595E+002 -0.253988893570772E+000 -0.576986131656561E+000 -0.107536384819057E+002 -0.300629633402721E+004
  0.100000000000000E+001  0.169712924926938E+005  0.936314696850897E+001  0.748972402083765E+002 -0.867247986316225E+000  0.188258397441942E+001 -0.107536384819057E+002 -0.848564624634689E+004
  0.100000000000000E+001  0.146105042627988E+005 -0.467257470825015E+001  0.488248628706932E+002 -0.980236179671550E+000 -0.312039289278709E+001 -0.107536384819057E+002 -0.730525213139942E+004
  0.100000000000000E+001  0.760698169054205E+005  0.784337923503401E+001  0.772870621134722E+002 -0.171907671618461E+001  0.350036807541314E+001 -0.107536384819057E+002 -0.380349084527103E+005
  0.100000000000000E+001  0.903808303161987E+005  0.120391817473213E+002  0.950976175225861E+002 -0.196742447013398E+001  0.403416211891846E+001 -0.107536384819057E+002 -0.451904151580994E+005
  0.100000000000000E+001  0.929629994122062E+004  0.127290410679862E+002  0.740782441400770E+002 -0.913432081111271E+000  0.849791630113362E+000 -0.107536384819057E+002 -0.464814997061031E+004
  0.100000000000000E+001  0.497061867981785E+005  0.174288038480620E+002  0.425276689477603E+002 -0.183264147191306E+001  0.462631263544584E+001 -0.107536384819057E+002 -0.248530933990893E+005
  0.100000000000000E+001  0.146977084326408E+005 -0.345945985247353E+001  0.895204413898163E+002 -0.124591200002192E+001 -0.407100999883810E+001 -0.107536384819057E+002 -0.734885421632040E+004
  0.100000000000000E+001  0.116884401956615E+006  0.422735152254458E+001  0.837008756834822E+002 -0.195875385632463E+001  0.273937520419915E+000 -0.107536384819057E+002 -0.584422009783075E+005
  0.100000000000000E+001  0.146105819708732E+005  0.192424374592016E+002  0.869596938662384E+002 -0.999446610861631E+000 -0.316364935989717E+001 -0.107536384819057E+002 -0.730529098543658E+004
  0.100000000000000E+001  0.145666488769545E+005 -0.395832300614082E+001  0.537691112396445E+002 -0.864688228200200E+000 -0.206706459483959E+001 -0.107536384819057E+002 -0.728332443847724E+004
  0.100000000000000E+001  0.147123645381398E+005  0.527993222743962E+001  0.922568819982825E+002 -0.112579294380065E+001  0.287036530934427E+001 -0.107536384819057E+002 -0.735618226906991E+004
  0.100000000000000E+001  0.924087068926469E+004 -0.133388302748075E+002  0.772557888846975E+002 -0.691023955823400E-001 -0.206936790457674E+001 -0.107536384819057E+002 -0.462043534463234E+004
  0.100000000000000E+001  0.147016114443760E+005 -0.931970245993555E+001  0.945232768660699E+002 -0.105384906094499E+001  0.155120358757186E+001 -0.107536384819057E+002 -0.735080572218800E+004
  0.100000000000000E+001  0.158550323457758E+005  0.146343329197668E+002  0.798225963755300E+002 -0.138844305557463E+001  0.422720027708618E+001 -0.107536384819057E+002 -0.792751617288788E+004
  0.100000000000000E+001  0.765799320889473E+005 -0.230178902389643E+001  0.486594890498932E+002 -0.197691451149087E+001 -0.448288778372926E+001 -0.107536384819057E+002 -0.382899660444736E+005
  0.100000000000000E+001  0.146119162812441E+005 -0.155678042156337E+002  0.763206212719468E+002 -0.105706511803974E+001 -0.384184057039377E+001 -0.107536384819057E+002 -0.730595814062204E+004
  0.100000000000000E+001  0.248871951337869E+005 -0.944506543934675E+001  0.895550198269719E+002 -0.167321880018961E+001  0.449638619119062E+001 -0.107536384819057E+002 -0.124435975668934E+005
  0.100000000000000E+001  0.148264839703828E+005 -0.168470548822524E+002  0.944678599271628E+002 -0.149320899460487E+001 -0.342461889756802E+001 -0.107536384819057E+002 -0.741324198519142E+004
  0.100000000000000E+001  0.105623045165932E+005  0.184200813657857E+002  0.649116753070320E+002 -0.418516517327628E+000 -0.112544066095104E+001 -0.107536384819057E+002 -0.528115225829658E+004
  0.100000000000000E+001  0.119151684355233E+006  0.864082306515406E+001  0.491921979753280E+002 -0.162585693145925E+001  0.722202806020751E+000 -0.107536384819057E+002 -0.595758421776164E+005
  0.100000000000000E+001  0.146098884808866E+005 -0.126089191450727E+002  0.952822991853900E+002 -0.954629311703440E+000 -0.379244090902184E+001 -0.107536384819057E+002 -0.730494424044332E+004
  0.100000000000000E+001  0.134852178552278E+005  0.697807182560866E+001  0.544340980614786E+002 -0.110473458367024E+001  0.338869040753273E+000 -0.107536384819057E+002 -0.674260892761389E+004
  0.100000000000000E+001  0.136850372000382E+005 -0.182965727979628E+001  0.963142971219206E+002 -0.388391501378067E+000 -0.465631898813821E+001 -0.107536384819057E+002 -0.684251860001912E+004
  0.100000000000000E+001  0.120136306796672E+006 -0.180091179025417E+002  0.794885324581305E+002 -0.131566641693785E+001  0.131932229477378E+001 -0.107536384819057E+002 -0.600681533983361E+005
  0.100000000000000E+001  0.158423190934780E+005 -0.759864866407261E+001  0.805642995466931E+002 -0.135304732695654E+001  0.379735619271996E+001 -0.107536384819057E+002 -0.792115954673902E+004
  0.100000000000000E+001  0.119103950627823E+006  0.193086359396188E+001  0.919109003798320E+002 -0.149185777893726E+001  0.157845039649377E+001 -0.107536384819057E+002 -0.595519753139114E+005
  0.100000000000000E+001  0.150815679225933E+005 -0.112156077531548E+002  0.553855845433808E+002 -0.120778080996074E+001  0.291957321742412E+001 -0.107536384819057E+002 -0.754078396129667E+004
  0.100000000000000E+001  0.710252294573490E+005 -0.941095433051700E+000  0.582122746265179E+002 -0.160517674798929E+001  0.291408977241038E+001 -0.107536384819057E+002 -0.355126147286745E+005
  0.100000000000000E+001  0.152951929476255E+004  0.109075691322865E+002  0.896670652649595E+002 -0.353512562511159E+000  0.539939516487966E+000 -0.107536384819057E+002 -0.764759647381275E+003
  0.100000000000000E+001  0.100076421173597E+006  0.108155096124679E+002  0.529731928896410E+002 -0.167926534866969E+001  0.587891800658885E+000 -0.107536384819057E+002 -0.500382105867983E+005
  0.100000000000000E+001  0.196842211011529E+005 -0.264146535010306E+001  0.737235985092200E+002 -0.120556906002617E+001  0.169337234851356E+001 -0.107536384819057E+002 -0.984211055057643E+004
  0.100000000000000E+001  0.137830146011058E+005  0.101408554453895E+002  0.776106324038420E+002 -0.443120760190926E+000 -0.427506829136116E+001 -0.107536384819057E+002 -0.689150730055291E+004
  0.100000000000000E+001  0.105427065647781E+006  0.159763888903458E+002  0.807980728301329E+002 -0.192370022417197E+001  0.258383389623842E+001 -0.107536384819057E+002 -0.527135328238907E+005
  0.100000000000000E+001  0.146329566276579E+005 -0.455179853557580E+001  0.510493839609081E+002 -0.849922044084106E+000  0.278010398499919E+001 -0.107536384819057E+002 -0.731647831382897E+004
  0.100000000000000E+001  0.203133972779803E+005 -0.170003699718909E+002  0.735179564838007E+002 -0.190986011339810E+001 -0.215718029055137E+001 -0.107536384819057E+002 -0.101566986389901E+005
  0.100000000000000E+001  0.146053071148089E+005  0.747970516226917E+001  0.869727347550177E+002 -0.921312204397901E+000  0.495061056103205E+001 -0.107536384819057E+002 -0.730265355740446E+004
  0.100000000000000E+001  0.127527368305897E+005  0.104732073550418E+001  0.563512859882486E+002 -0.234868214017003E+000 -0.408973502674282E+001 -0.107536384819057E+002 -0.637636841529486E+004
  0.100000000000000E+001  0.725257060706213E+005  0.836746267642295E+001  0.739390075358557E+002 -0.154092904414703E+001 -0.266906310500288E+001 -0.107536384819057E+002 -0.362628530353107E+005
  0.100000000000000E+001  0.145885500555560E+005  0.770074137432648E+001  0.571146222410197E+002 -0.140028488467402E+001 -0.256652365748419E+001 -0.107536384819057E+002 -0.729427502777802E+004
  0.100000000000000E+001  0.133723342371266E+005 -0.124356694651077E+000  0.443566975326317E+002 -0.354867200793963E+000 -0.414779306177919E+001 -0.107536384819057E+002 -0.668616711856328E+004
  0.100000000000000E+001  0.587085001813599E+005 -0.148580230308829E+002  0.428136761597799E+002 -0.188099676210054E+001  0.479684344341885E+001 -0.107536384819057E+002 -0.293542500906799E+005
  0.100000000000000E+001  0.107754444620320E+005 -0.192541888672343E+002  0.813952825123511E+002 -0.421595992472223E+000 -0.118925100167348E+001 -0.107536384819057E+002 -0.538772223101600E+004
  0.100000000000000E+001  0.864593754949656E+005 -0.145334043467451E+002  0.598132746889003E+002 -0.169312483115150E+001  0.131789180537369E+001 -0.107536384819057E+002 -0.432296877474828E+005
  0.100000000000000E+001  0.998607319065657E+004 -0.129797622517589E+002  0.851109520744187E+002 -0.805451570803220E+000  0.534930547567392E+000 -0.107536384819057E+002 -0.499303659532829E+004
  0.100000000000000E+001  0.144312930448324E+005 -0.134918261270290E+002  0.494119637778403E+002 -0.736096890352436E+000 -0.303464249325347E+001 -0.107536384819057E+002 -0.721564652241620E+004
  0.100000000000000E+001  0.103310664848933E+005  0.190967120850495E+002  0.872244165581248E+002 -0.432026654492865E+000 -0.985763077844776E+000 -0.107536384819057E+002 -0.516553324244665E+004
  0.100000000000000E+001  0.174481430258540E+005  0.172519011756541E+001  0.688046614651692E+002 -0.126543556559958E+001 -0.760373022960197E+000 -0.107536384819057E+002 -0.872407151292701E+004
  0.100000000000000E+001  0.116070616079751E+005  0.181267363172740E+002  0.576473379747882E+002 -0.764864273337811E-001 -0.374437802783481E+001 -0.107536384819057E+002 -0.580353080398754E+004
  0.100000000000000E+001  0.507568785156608E+005 -0.223434042077846E+001  0.481525264464311E+002 -0.182856938166301E+001  0.457330779127998E+001 -0.107536384819057E+002 -0.253784392578304E+005
  0.100000000000000E+001  0.119467168779712E+005  0.685257998205486E+000  0.772058369882206E+002 -0.655802745117000E-001 -0.423950345871102E+001 -0.107536384819057E+002 -0.597335843898562E+004
  0.100000000000000E+001  0.159668185108099E+005 -0.188871244842497E+002  0.761714046450552E+002 -0.124513153799551E+001  0.253288562846167E+001 -0.107536384819057E+002 -0.798340925540497E+004
  0.100000000000000E+001  0.148549298118143E+005  0.144630819050326E+002  0.449113181980833E+002 -0.139346346566428E+001 -0.456684843115350E+001 -0.107536384819057E+002 -0.742746490590716E+004
  0.100000000000000E+001  0.125374484008480E+005  0.170392513363024E+002  0.861938470126767E+002 -0.403425689272932E+000 -0.238441226814330E+001 -0.107536384819057E+002 -0.626872420042399E+004
  0.100000000000000E+001  0.106206070545120E+006  0.968256000380691E+001  0.862243912590342E+002 -0.170763399933303E+001  0.173540991685784E+001 -0.107536384819057E+002 -0.531030352725600E+005
  0.100000000000000E+001  0.337388923446511E+005 -0.177410123053165E+002  0.982338421319616E+002 -0.157459396846895E+001  0.327479825917417E+001 -0.107536384819057E+002 -0.168694461723255E+005
  0.100000000000000E+001  0.127414085808221E+005 -0.136216119625849E+002  0.488304541413179E+002 -0.318680088095361E+000 -0.332764323292355E+001 -0.107536384819057E+002 -0.637070429041107E+004
  0.100000000000000E+001  0.169318531572598E+005 -0.117336962845582E+002  0.899130624824813E+002 -0.651279477477528E+000  0.499413959827473E+001 -0.107536384819057E+002 -0.846592657862992E+004
  0.100000000000000E+001  0.146140413150968E+005 -0.452386789478570E+001  0.618471502848802E+002 -0.102218419808106E+001  0.278398572325514E+000 -0.107536384819057E+002 -0.730702065754840E+004
  0.100000000000000E+001  0.110730378828803E+006 -0.524485618368779E+001  0.496668768996169E+002 -0.173122609727788E+001  0.742546750961651E+000 -0.107536384819057E+002 -0.553651894144017E+005
  0.100000000000000E+001  0.769350095764473E+005  0.108157379073925E+002  0.833832805640522E+002 -0.197562515058190E+001 -0.725357705065920E+000 -0.107536384819057E+002 -0.384675047882237E+005
  0.100000000000000E+001  0.151072452998181E+005  0.256553370885140E+000  0.630051543235273E+002 -0.127832659162985E+001  0.392233920946851E+001 -0.107536384819057E+002 -0.755362264990906E+004
  0.100000000000000E+001  0.146178082661393E+005  0.452959030416259E+001  0.739280632789314E+002 -0.111341600728955E+001 -0.479368705206911E+001 -0.107536384819057E+002 -0.730890413306963E+004
  0.100000000000000E+001  0.104666260691549E+006 -0.160600113938584E+002  0.558849267746296E+002 -0.158200936689819E+001  0.139864763412982E+001 -0.107536384819057E+002 -0.523331303457743E+005
  0.100000000000000E+001  0.809116933899476E+005  0.288409159646943E+001  0.432591899370114E+002 -0.169776640936570E+001  0.272574630208451E+001 -0.107536384819057E+002 -0.404558466949738E+005
  0.100000000000000E+001  0.134752774751892E+005  0.182152093410389E+002  0.733379581259459E+002 -0.335608301756725E+000 -0.464665876120610E+001 -0.107536384819057E+002 -0.673763873759460E+004
  0.100000000000000E+001  0.176862883117538E+005 -0.135816911391296E+002  0.728677141024622E+002 -0.115634775802829E+001  0.155350661801360E+001 -0.107536384819057E+002 -0.884314415587688E+004
  0.100000000000000E+001  0.548634724955257E+005 -0.159530214015771E+002  0.412170616827672E+002 -0.142782381107538E+001 -0.388791469257850E+000 -0.107536384819057E+002 -0.274317362477628E+005
  0.100000000000000E+001  0.145912601411623E+005  0.130386656321165E+002  0.628589995105215E+002 -0.857122540996324E+000 -0.403678396966300E+001 -0.107536384819057E+002 -0.729563007058115E+004
  0.100000000000000E+001  0.120044023578623E+006 -0.714746727923306E-001  0.894874057199576E+002 -0.190773071019914E+001  0.305505690893053E-001 -0.107536384819057E+002 -0.600220117893116E+005
  0.100000000000000E+001  0.118442422159903E+005  0.743389571964507E+001  0.691059414753698E+002 -0.280316535478103E+000 -0.262477860362461E+001 -0.107536384819057E+002 -0.592212110799516E+004
  0.100000000000000E+001  0.516819320266765E+005  0.141726374447907E+002  0.854027700360246E+002 -0.153096820685570E+001  0.270399522038329E+001 -0.107536384819057E+002 -0.258409660133383E+005
  0.100000000000000E+001  0.145620611357967E+005 -0.161233409743261E+002  0.789205816982630E+002 -0.889158904192926E+000  0.308798122807232E+001 -0.107536384819057E+002 -0.728103056789834E+004
  0.100000000000000E+001  0.146104286654644E+005  0.128108982324363E+002  0.485089039973176E+002 -0.987371597129640E+000  0.249067160236204E+001 -0.107536384819057E+002 -0.730521433273218E+004
  0.100000000000000E+001  0.191805792478003E+005 -0.103296213855109E+002  0.545450007073764E+002 -0.155914258120490E+001  0.439306520059877E+001 -0.107536384819057E+002 -0.959028962390016E+004
  0.100000000000000E+001  0.145933130489863E+005  0.160326077269365E+002  0.846235069949179E+002 -0.855225757222287E+000 -0.443622125427495E+001 -0.107536384819057E+002 -0.729665652449316E+004
  0.100000000000000E+001  0.566105100133926E+005  0.920683482144712E+001  0.438682909305404E+002 -0.107744499400883E+001  0.943978419646035E+000 -0.107536384819057E+002 -0.283052550066963E+005
  0.100000000000000E+001  0.857294961031931E+005 -0.103083971640204E+002  0.575727798417410E+002 -0.187637668857331E+001  0.437977395999030E+001 -0.107536384819057E+002 -0.428647480515966E+005
  0.100000000000000E+001  0.145156811625981E+005 -0.756491004116667E+001  0.442457211564703E+002 -0.709370426134389E+000  0.485142138488637E+001 -0.107536384819057E+002 -0.725784058129906E+004
  0.100000000000000E+001  0.376696722371960E+004  0.158818185238719E+002  0.438776507310303E+002 -0.264229549730728E+000  0.611958051405349E+000 -0.107536384819057E+002 -0.188348361185980E+004
  0.100000000000000E+001  0.792920362631989E+005 -0.306994902634754E+001  0.820240717042795E+002 -0.193428064844049E+001  0.391201807783931E+001 -0.107536384819057E+002 -0.396460181315994E+005
  0.100000000000000E+001  0.146107035031341E+005  0.588545346353675E+001  0.704107929897650E+002 -0.102421042395965E+001 -0.344280647999427E+001 -0.107536384819057E+002 -0.730535175156705E+004
  0.100000000000000E+001  0.147306387152975E+005  0.560031088710989E+000  0.713574657484865E+002 -0.121637013098712E+001  0.491442173029440E+001 -0.107536384819057E+002 -0.736531935764875E+004
  0.100000000000000E+001  0.129986202662933E+005  0.867780877176777E+001  0.560117768624443E+002 -0.427028003147292E+000 -0.272911021565713E+001 -0.107536384819057E+002 -0.649931013314664E+004
  0.100000000000000E+001  0.235180952551043E+005  0.213473781525403E+001  0.439932582159222E+002 -0.194766861223969E+001 -0.245317910357469E+001 -0.107536384819057E+002 -0.117590476275521E+005
  0.100000000000000E+001  0.118613690014283E+006  0.155207377122952E+002  0.954725896603027E+002 -0.150938583288382E+001  0.660428385645182E+000 -0.107536384819057E+002 -0.593068450071416E+005
  0.100000000000000E+001  0.178511915764157E+005  0.176447404787016E+002  0.452375781730629E+002 -0.180376990916682E+001 -0.175242671836193E+001 -0.107536384819057E+002 -0.892559578820786E+004
  0.100000000000000E+001  0.136759604576275E+005  0.120778448004080E+002  0.890794122673591E+002 -0.137866254213040E+001 -0.102035324202695E+001 -0.107536384819057E+002 -0.683798022881373E+004
  0.100000000000000E+001  0.751098116600049E+005 -0.175846999135196E+002  0.532504828737796E+002 -0.166431793692235E+001  0.253040631713611E+001 -0.107536384819057E+002 -0.375549058300024E+005
  0.100000000000000E+001  0.204020447423919E+005  0.548589644586109E+001  0.493459488323383E+002 -0.189832222170661E+001 -0.220431393185501E+001 -0.107536384819057E+002 -0.102010223711959E+005
  0.100000000000000E+001  0.147085425798273E+005 -0.994183709075189E+001  0.437377873232407E+002 -0.115572642799663E+001 -0.989003454718400E+000 -0.107536384819057E+002 -0.735427128991366E+004
  0.100000000000000E+001  0.101269659139375E+006 -0.177022063429837E+002  0.583389714753853E+002 -0.193192665979320E+001  0.109269066328223E+001 -0.107536384819057E+002 -0.506348295696876E+005
  0.100000000000000E+001  0.704879512171588E+005 -0.138639400769306E+001  0.778775772410751E+002 -0.145691751971388E+001 -0.196501373900523E+001 -0.107536384819057E+002 -0.352439756085794E+005
  0.100000000000000E+001  0.407110438792100E+005 -0.101008473661478E+002  0.552512910738637E+002 -0.166285512632289E+001  0.365713004191628E+001 -0.107536384819057E+002 -0.203555219396050E+005
  0.100000000000000E+001  0.124471896134402E+005 -0.194227120904277E+002  0.540338463989364E+002 -0.107556023196621E+000 -0.467702442546104E+001 -0.107536384819057E+002 -0.622359480672008E+004
  0.100000000000000E+001  0.110298340490450E+005 -0.131051074486449E+001  0.627221931720972E+002 -0.193311766844129E+000 -0.252161169762506E+001 -0.107536384819057E+002 -0.551491702452251E+004
  0.100000000000000E+001  0.825056758961979E+005 -0.464873390585872E+001  0.729171473805662E+002 -0.192765956782944E+001  0.735498425311328E+000 -0.107536384819057E+002 -0.412528379480989E+005
  0.100000000000000E+001  0.152477681893526E+005  0.124186651907104E+002  0.759556416195282E+002 -0.149405165362275E+001 -0.288104710703719E+001 -0.107536384819057E+002 -0.762388409467632E+004
  0.100000000000000E+001  0.839246418904133E+004 -0.111899804520370E+002  0.489967494950731E+002 -0.789950653898420E+000  0.809489508141260E+000 -0.107536384819057E+002 -0.419623209452066E+004
  0.100000000000000E+001  0.131129913834855E+005 -0.629707655520778E+001  0.487057690638999E+002 -0.118372216716475E+001 -0.174684451951878E+000 -0.107536384819057E+002 -0.655649569174275E+004
  0.100000000000000E+001  0.145890459392346E+005  0.187736576622451E+002  0.815796660356626E+002 -0.863113220387606E+000 -0.347300183974387E+001 -0.107536384819057E+002 -0.729452296961729E+004
  0.100000000000000E+001  0.120778888865585E+006 -0.944512215409600E+001  0.563245760330887E+002 -0.154380566241263E+001 -0.225971382803968E+000 -0.107536384819057E+002 -0.603894444327926E+005
  0.100000000000000E+001  0.915606596226310E+005  0.103687720696410E+002  0.807890295660780E+002 -0.175956216785454E+001  0.651856521075330E+000 -0.107536384819057E+002 -0.457803298113155E+005
  0.100000000000000E+001  0.548456809404116E+005  0.123969751796867E+002  0.658961571842894E+002 -0.186926602117568E+001 -0.421776246400531E+001 -0.107536384819057E+002 -0.274228404702058E+005
  0.100000000000000E+001  0.214392595360704E+005 -0.782377315419520E+000  0.470337123408705E+002 -0.143307590460906E+001 -0.224955824814587E+001 -0.107536384819057E+002 -0.107196297680352E+005
  0.100000000000000E+001  0.141604987882760E+005  0.143241866919242E+002  0.800403737353367E+002 -0.679561316510662E+000 -0.231028735683142E+001 -0.107536384819057E+002 -0.708024939413798E+004
  0.100000000000000E+001  0.790057732254615E+005  0.148636571907590E+002  0.916933085699817E+002 -0.143255024849268E+001  0.166128966273541E+001 -0.107536384819057E+002 -0.395028866127307E+005
  0.100000000000000E+001  0.112888217076233E+004 -0.134256029293650E+002  0.994571809762188E+002 -0.454282829862270E+000  0.306028574688087E+000 -0.107536384819057E+002 -0.564441085381164E+003
  0.100000000000000E+001  0.146807872070879E+005  0.114471835561155E+002  0.537791254748482E+002 -0.122277788679497E+001 -0.391524956342942E+001 -0.107536384819057E+002 -0.734039360354394E+004
  0.100000000000000E+001  0.119760911940797E+005 -0.682189686998397E+001  0.922951378434228E+002 -0.545318232938651E+000 -0.101763383917076E+001 -0.107536384819057E+002 -0.598804559703985E+004
  0.100000000000000E+001  0.145929709447212E+005 -0.418210528358922E+001  0.561024213583413E+002 -0.875691859475351E+000 -0.328590668796033E+001 -0.107536384819057E+002 -0.729648547236060E+004
  0.100000000000000E+001  0.108855280376146E+005  0.259060494739948E+001  0.875669266024321E+002 -0.666896548388457E+000 -0.763765770718940E-001 -0.107536384819057E+002 -0.544276401880732E+004
  0.100000000000000E+001  0.142688792126182E+005 -0.325345768371706E+001  0.675409281666639E+002 -0.793987743392573E+000 -0.100254990010154E+001 -0.107536384819057E+002 -0.713443960630911E+004
  0.100000000000000E+001  0.279835292421020E+005  0.150985907483128E+002  0.964750613063987E+002 -0.160678970856494E+001  0.373741835875115E+001 -0.107536384819057E+002 -0.139917646210510E+005
  0.100000000000000E+001  0.121512650964842E+005  0.177040872571728E+002  0.932740975471488E+002 -0.482333083811890E-001 -0.467058114378313E+001 -0.107536384819057E+002 -0.607563254824212E+004
  0.100000000000000E+001  0.145306056611745E+005  0.996136336931250E+001  0.454572709317139E+002 -0.827178374894648E+000  0.328278632044442E+001 -0.107536384819057E+002 -0.726530283058723E+004
  0.100000000000000E+001  0.378027496800101E+005  0.608267184301660E+001  0.754859183035502E+002 -0.163019532938688E+001  0.351733087053070E+001 -0.107536384819057E+002 -0.189013748400051E+005
  0.100000000000000E+001  0.107542419570224E+006  0.127327569997815E+002  0.472899795848652E+002 -0.164705391277647E+001  0.153226700518250E+001 -0.107536384819057E+002 -0.537712097851122E+005
  0.100000000000000E+001  0.146737572726359E+005 -0.673236853166803E+001  0.475790535381237E+002 -0.106154895719477E+001  0.180582390180908E+001 -0.107536384819057E+002 -0.733687863631795E+004
  0.100000000000000E+001  0.115102042807318E+006 -0.498622160434264E+001  0.433856158355737E+002 -0.194350708922681E+001  0.172565403425304E+001 -0.107536384819057E+002 -0.575510214036592E+005
  0.100000000000000E+001  0.134579460386566E+005 -0.119996780025200E+002  0.687239146790831E+002 -0.554456626299314E+000 -0.218181341293227E+001 -0.107536384819057E+002 -0.672897301932830E+004
  0.100000000000000E+001  0.146432202121132E+005  0.133490557453570E+002  0.921387902501723E+002 -0.108400113538806E+001  0.245292669602062E-001 -0.107536384819057E+002 -0.732161010605660E+004
  0.100000000000000E+001  0.219571503658715E+005  0.441726160656673E+001  0.495699241849734E+002 -0.157994162153540E+001 -0.209426608738101E+001 -0.107536384819057E+002 -0.109785751829357E+005
  0.100000000000000E+001  0.146107395926071E+005 -0.192508350469383E+002  0.724257068367778E+002 -0.102775744654586E+001 -0.378892268650895E+001 -0.107536384819057E+002 -0.730536979630356E+004
  0.100000000000000E+001  0.132868037202799E+005 -0.166979941709912E+002  0.714195443521243E+002 -0.263836736329919E+000 -0.494809834697499E+001 -0.107536384819057E+002 -0.664340186013997E+004
  0.100000000000000E+001  0.123560127858203E+005  0.607722132089529E+001  0.519969754815740E+002 -0.745913641301017E-001 -0.479594326481502E+001 -0.107536384819057E+002 -0.617800639291013E+004
  0.100000000000000E+001  0.139971878835444E+005  0.123535132001685E+002  0.402649506167473E+002 -0.508995634640781E+000 -0.420361212045901E+001 -0.107536384819057E+002 -0.699859394177220E+004
  0.100000000000000E+001  0.146105673020052E+005  0.753069095350463E+001  0.590267774531323E+002 -0.986297371711554E+000 -0.448259345969133E+001 -0.107536384819057E+002 -0.730528365100261E+004
  0.100000000000000E+001  0.108183937707637E+006 -0.252166025697289E+000  0.828026672184740E+002 -0.104754307021194E+001  0.947313385599303E+000 -0.107536384819057E+002 -0.540919688538186E+005
  0.100000000000000E+001  0.240494348154804E+005 -0.989024252157593E+001  0.414041956047944E+002 -0.151384371257034E+001  0.332516079030901E+001 -0.107536384819057E+002 -0.120247174077402E+005
  0.100000000000000E+001  0.145036006465046E+005 -0.176874939837853E+002  0.586563810623355E+002 -0.802737427940732E+000 -0.241924266574148E+001 -0.107536384819057E+002 -0.725180032325230E+004
  0.100000000000000E+001  0.146106214894896E+005 -0.172278709081963E+002  0.778559459279473E+002 -0.100314883027044E+001  0.634544604120554E+000 -0.107536384819057E+002 -0.730531074474479E+004
  0.100000000000000E+001  0.146148911467428E+005  0.325778507490259E+001  0.659069348915961E+002 -0.106443787155237E+001  0.426835880714979E+001 -0.107536384819057E+002 -0.730744557337140E+004
  0.100000000000000E+001  0.137392007848936E+005  0.847092536812452E+001  0.620587545934475E+002 -0.436115648441884E+000 -0.421523026212684E+001 -0.107536384819057E+002 -0.686960039244681E+004
  0.100000000000000E+001  0.157762876853070E+005 -0.240720663847904E+001  0.929387999334949E+002 -0.669491608417048E+000  0.483031248931779E+001 -0.107536384819057E+002 -0.788814384265350E+004
  0.100000000000000E+001  0.821787315428225E+005  0.156950324708573E+001  0.441417483510295E+002 -0.194480768759883E+001  0.309290250533302E+001 -0.107536384819057E+002 -0.410893657714113E+005
  0.100000000000000E+001  0.826304645921988E+005 -0.129383407543169E+002  0.715256463836626E+002 -0.185973826406097E+001  0.269517587966621E+001 -0.107536384819057E+002 -0.413152322960994E+005
  0.100000000000000E+001  0.146025647082392E+005  0.194225188312509E+002  0.564314960919385E+002 -0.954281400238115E+000  0.240637285014727E+001 -0.107536384819057E+002 -0.730128235411959E+004
  0.100000000000000E+001  0.150507238736360E+005 -0.923183619074797E+001  0.734208190229351E+002 -0.159273104552964E+001 -0.449472772724677E+001 -0.107536384819057E+002 -0.752536193681800E+004
  0.100000000000000E+001  0.147053169384799E+005  0.117388934825416E+002  0.758593335279642E+002 -0.117834937753032E+001  0.427976335218223E+001 -0.107536384819057E+002 -0.735265846923995E+004
  0.100000000000000E+001  0.310119451504546E+005 -0.180952116469892E+002  0.677779930873043E+002 -0.196778732429722E+001 -0.283340085052763E+001 -0.107536384819057E+002 -0.155059725752273E+005
  0.100000000000000E+001  0.109813298404307E+006 -0.103237439363616E+002  0.983019903614570E+002 -0.130797763700293E+001  0.648579529430694E+000 -0.107536384819057E+002 -0.549066492021535E+005
  0.100000000000000E+001  0.382598805045768E+002 -0.153759526353027E+002  0.956758562493168E+002 -0.271315846610270E+000  0.390502124131369E+000 -0.107536384819057E+002 -0.191299402522884E+002
  0.100000000000000E+001  0.843947362199953E+005 -0.700118721172658E+001  0.613246934507953E+002 -0.189158729671949E+001  0.842069930847201E+000 -0.107536384819057E+002 -0.421973681099976E+005
  0.100000000000000E+001  0.112865911155642E+006 -0.140220102457075E+002  0.737421243212484E+002 -0.181697160630361E+001  0.352224685259019E+001 -0.107536384819057E+002 -0.564329555778210E+005
  0.100000000000000E+001  0.728045830178540E+004  0.931459704426677E+001  0.567648504040654E+002 -0.169319540440602E+000 -0.105511923242051E+001 -0.107536384819057E+002 -0.364022915089270E+004
  0.100000000000000E+001  0.977136614784334E+004  0.973927725306651E+001  0.944351217497082E+002 -0.264444428256791E+000  0.713504545500278E+000 -0.107536384819057E+002 -0.488568307392167E+004
  0.100000000000000E+001  0.934221664145019E+005  0.481594634478458E+001  0.482334242126223E+002 -0.183576719855984E+001  0.367891531074548E+000 -0.107536384819057E+002 -0.467110832072510E+005
  0.100000000000000E+001  0.921314930193323E+005  0.192161302515587E+002  0.878775423549010E+002 -0.193421762711651E+001  0.195163410656447E+001 -0.107536384819057E+002 -0.460657465096661E+005
  0.100000000000000E+001  0.883435804323459E+005 -0.966399504094788E+001  0.624658390316419E+002 -0.171244193523896E+001 -0.663981818176182E+000 -0.107536384819057E+002 -0.441717902161729E+005
  0.100000000000000E+001  0.147011191244509E+005 -0.156279016198450E+002  0.430910625059383E+002 -0.114326993487815E+001 -0.932865916240426E+000 -0.107536384819057E+002 -0.735055956222547E+004
  0.100000000000000E+001  0.140199402248956E+005 -0.176842134758977E+002  0.425834019671531E+002 -0.638969249567983E+000 -0.240351374189488E+001 -0.107536384819057E+002 -0.700997011244782E+004
  0.100000000000000E+001  0.143271020451551E+005 -0.184163312178584E+002  0.531359828935305E+002 -0.603439268963615E+000 -0.478290861828163E+001 -0.107536384819057E+002 -0.716355102257755E+004
  0.100000000000000E+001  0.120785610791963E+006 -0.170353258702305E+002  0.609506691470226E+002 -0.191263512298651E+001 -0.503087960813478E-001 -0.107536384819057E+002 -0.603928053959817E+005
  0.100000000000000E+001  0.118848036193735E+006 -0.962432290164293E+001  0.530794115845697E+002 -0.129283150888255E+001  0.888623759704945E-001 -0.107536384819057E+002 -0.594240180968675E+005
  0.100000000000000E+001  0.148431527132865E+005  0.163490419048125E+002  0.558345630674117E+002 -0.139184562914415E+001 -0.475139875310380E+001 -0.107536384819057E+002 -0.742157635664323E+004
  0.100000000000000E+001  0.100349813668101E+006  0.963925683206414E+001  0.875646615643555E+002 -0.137643294302583E+001  0.161941752553461E+001 -0.107536384819057E+002 -0.501749068340507E+005
  0.100000000000000E+001  0.991965853730094E+005 -0.111170723645634E+002  0.734854032240274E+002 -0.198248306611061E+001 -0.509154881732829E+000 -0.107536384819057E+002 -0.495982926865047E+005
  0.100000000000000E+001  0.154119230598453E+005  0.187600929593599E+002  0.580637808145919E+002 -0.170694143639397E+001 -0.480527797393557E+001 -0.107536384819057E+002 -0.770596152992266E+004
  0.100000000000000E+001  0.148297109923507E+005  0.171164613871209E+002  0.648692839729012E+002 -0.134926028292530E+001 -0.390244232432453E+001 -0.107536384819057E+002 -0.741485549617535E+004
  0.100000000000000E+001  0.145782639140633E+005 -0.160375503801635E+002  0.615054570474502E+002 -0.889496035971149E+000 -0.164704746671229E+001 -0.107536384819057E+002 -0.728913195703167E+004
  0.100000000000000E+001  0.214939458677190E+005 -0.105007024410982E+002  0.869553477485491E+002 -0.169000431257111E+001 -0.230310668060392E+001 -0.107536384819057E+002 -0.107469729338595E+005
  0.100000000000000E+001  0.118755856169348E+006 -0.802737414176030E+001  0.413612413016713E+002 -0.134193858885599E+001  0.558130299081637E+000 -0.107536384819057E+002 -0.593779280846740E+005
  0.100000000000000E+001  0.145027013841922E+005  0.732071115828787E+001  0.435996742595160E+002 -0.726068114436460E+000 -0.454334140706310E+001 -0.107536384819057E+002 -0.725135069209608E+004
  0.100000000000000E+001  0.847560332187182E+005 -0.187830013443222E+002  0.871048759514338E+002 -0.175917927755386E+001 -0.367295630476666E+001 -0.107536384819057E+002 -0.423780166093591E+005
  0.100000000000000E+001  0.163003933642453E+005 -0.252744046343946E+001  0.550359729092239E+002 -0.109862466126219E+001  0.135427126322745E+001 -0.107536384819057E+002 -0.815019668212267E+004
  0.100000000000000E+001  0.415532633921068E+005 -0.515542225855120E+001  0.425500824042362E+002 -0.176056863839819E+001  0.430948395618323E+001 -0.107536384819057E+002 -0.207766316960534E+005
  0.100000000000000E+001  0.106060476951168E+006 -0.157025324242234E+002  0.895400844140784E+002 -0.176900643990468E+001  0.289352911777555E+001 -0.107536384819057E+002 -0.530302384755842E+005
  0.100000000000000E+001  0.129515441257293E+005 -0.126430792337546E+002  0.506904793791724E+002 -0.510641262914332E+000 -0.194301834177462E+001 -0.107536384819057E+002 -0.647577206286463E+004
  0.100000000000000E+001  0.954060998415559E+005  0.964405651325379E+001  0.866306035116972E+002 -0.186237085831258E+001 -0.629218755089696E+000 -0.107536384819057E+002 -0.477030499207780E+005
  0.100000000000000E+001  0.161652346011131E+005 -0.166778747032434E+001  0.653866462111058E+002 -0.157982451145500E+001 -0.115365175950257E+001 -0.107536384819057E+002 -0.808261730055655E+004
  0.100000000000000E+001  0.943417161347076E+004 -0.108169359035964E+002  0.780178705228009E+002 -0.187560496881146E+000 -0.169508599167353E+001 -0.107536384819057E+002 -0.471708580673538E+004
  0.100000000000000E+001  0.144984686634538E+005  0.127547466367157E+002  0.424820058760182E+002 -0.840922768604781E+000 -0.142483667877481E+001 -0.107536384819057E+002 -0.724923433172688E+004
  0.100000000000000E+001  0.147506228988423E+005 -0.917294445874218E+001  0.788749807211424E+002 -0.123067142096375E+001 -0.234316823873059E+001 -0.107536384819057E+002 -0.737531144942115E+004
  0.100000000000000E+001  0.702207276619959E+005  0.541333332230825E+001  0.978153820247770E+002 -0.130236976008472E+001  0.102422327077217E+001 -0.107536384819057E+002 -0.351103638309980E+005
  0.100000000000000E+001  0.106951851119734E+006  0.164800274988523E+002  0.951848497095321E+002 -0.144917523279228E+001  0.200036165102382E+001 -0.107536384819057E+002 -0.534759255598672E+005
  0.100000000000000E+001  0.110536968422124E+006  0.350820560038161E+001  0.839621638491646E+002 -0.178380615331063E+001  0.128041284077925E+001 -0.107536384819057E+002 -0.552684842110621E+005
  0.100000000000000E+001  0.148331653115035E+005 -0.808711535526113E+001  0.421307363700941E+002 -0.113105291105263E+001  0.236225463093998E+001 -0.107536384819057E+002 -0.741658265575173E+004
  0.100000000000000E+001  0.100887657114358E+006 -0.137024953978078E+002  0.660973341634518E+002 -0.155986778590546E+001 -0.271212168685882E+001 -0.107536384819057E+002 -0.504438285571790E+005
  0.100000000000000E+001  0.432163413626677E+004 -0.556909318935769E+001  0.604892192190488E+002 -0.459930680859342E+000  0.533473983688300E-001 -0.107536384819057E+002 -0.216081706813339E+004
  0.100000000000000E+001  0.215182866338870E+005  0.192511789458552E+002  0.957954457717652E+002 -0.190846615221831E+001 -0.232541722362511E+001 -0.107536384819057E+002 -0.107591433169435E+005
  0.100000000000000E+001  0.109924440373414E+005 -0.387595668255192E+001  0.601372404055742E+002 -0.416928443786024E+000 -0.129994610597870E+001 -0.107536384819057E+002 -0.549622201867069E+004
  0.100000000000000E+001  0.923416731523985E+004 -0.581236803797163E+001  0.624705043879609E+002 -0.579807626826329E+000 -0.159306322281491E+000 -0.107536384819057E+002 -0.461708365761993E+004
  0.100000000000000E+001  0.818987706572191E+005  0.176598967864895E+002  0.816759444170608E+002 -0.183241784672331E+001  0.413652757470248E+001 -0.107536384819057E+002 -0.409493853286095E+005
  0.100000000000000E+001  0.246521498659958E+005  0.103560907630517E+002  0.516080703892800E+002 -0.186296060896689E+001 -0.257803771174271E+001 -0.107536384819057E+002 -0.123260749329979E+005
  0.100000000000000E+001  0.491063134202729E+005 -0.590611743266576E+001  0.833979105012227E+002 -0.134720715980398E+001 -0.134690906143674E+001 -0.107536384819057E+002 -0.245531567101364E+005
  0.100000000000000E+001  0.146138763601120E+005  0.768978289400971E+001  0.492629683592252E+002 -0.106597650140641E+001  0.487079518644381E+001 -0.107536384819057E+002 -0.730693818005600E+004
  0.100000000000000E+001  0.125962945781767E+005  0.181797149072615E+002  0.513126685446602E+002 -0.222177534131798E+000 -0.394409478287001E+001 -0.107536384819057E+002 -0.629814728908834E+004
  0.100000000000000E+001  0.128075829339031E+005  0.137025529317867E+002  0.908172590648257E+002 -0.236982808523726E+000 -0.416715190099469E+001 -0.107536384819057E+002 -0.640379146695153E+004
  0.100000000000000E+001  0.131444358534873E+005 -0.132922995287135E+002  0.646109315631932E+002 -0.237752352033823E+000 -0.486637496191995E+001 -0.107536384819057E+002 -0.657221792674366E+004
  0.100000000000000E+001  0.886729078632565E+005 -0.118099924975217E+002  0.739367004684401E+002 -0.169920199432699E+001 -0.654646174807668E+000 -0.107536384819057E+002 -0.443364539316283E+005
  0.100000000000000E+001  0.912272205241838E+005 -0.680767121591318E+001  0.908185354141727E+002 -0.191124576806761E+001  0.454603107297814E+001 -0.107536384819057E+002 -0.456136102620919E+005
  0.100000000000000E+001  0.119216626907221E+006  0.190308313830787E+002  0.975614872398523E+002 -0.145695484004651E+001  0.574588721115604E+000 -0.107536384819057E+002 -0.596083134536107E+005
  0.100000000000000E+001  0.142874359344581E+005 -0.496918417455895E+001  0.582969811348486E+002 -0.714280944255090E+000 -0.233483988171401E+001 -0.107536384819057E+002 -0.714371796722903E+004
  0.100000000000000E+001  0.146982652677860E+005  0.179856643909931E+002  0.665635538338588E+002 -0.121498947008478E+001 -0.309997268458865E+001 -0.107536384819057E+002 -0.734913263389298E+004
  0.100000000000000E+001  0.113542125530102E+006  0.109941253885220E+002  0.678753874941699E+002 -0.181281728317219E+001  0.356422454422150E+001 -0.107536384819057E+002 -0.567710627650511E+005
  0.100000000000000E+001  0.163120181164303E+005 -0.178242541915316E+002  0.422044825117170E+002 -0.177618912758395E+001 -0.488083044259128E+001 -0.107536384819057E+002 -0.815600905821516E+004
  0.100000000000000E+001  0.185832229811454E+005 -0.166729400201118E+002  0.497192954788964E+002 -0.155003469402697E+001  0.447907172187074E+001 -0.107536384819057E+002 -0.929161149057268E+004
  0.100000000000000E+001  0.146105876495172E+005  0.153829609499164E+002  0.539127567936410E+002 -0.101011514401757E+001 -0.453930496130095E+001 -0.107536384819057E+002 -0.730529382475862E+004
  0.100000000000000E+001  0.113125426921873E+006  0.214779963411009E+001  0.527220434776838E+002 -0.173869847531659E+001  0.113114476697992E+001 -0.107536384819057E+002 -0.565627134609364E+005
  0.100000000000000E+001  0.145722005660348E+005 -0.127558549267416E+002  0.480602688239713E+002 -0.872676355832423E+000  0.396791642077000E+001 -0.107536384819057E+002 -0.728610028301741E+004
  0.100000000000000E+001  0.144028756639416E+005  0.140846889817648E+002  0.591941767882660E+002 -0.654607917394420E+000 -0.455981108474061E+001 -0.107536384819057E+002 -0.720143783197082E+004
  0.100000000000000E+001  0.146105773093994E+005  0.602858682500737E+001  0.425848594080421E+002 -0.997349361830706E+000  0.173160323733329E+000 -0.107536384819057E+002 -0.730528865469971E+004
  0.100000000000000E+001  0.464858524900867E+004  0.126034093639373E+002  0.431334629145525E+002 -0.820535615178745E+000  0.726548501998417E+000 -0.107536384819057E+002 -0.232429262450434E+004
  0.100000000000000E+001  0.191351844280666E+005 -0.701221156002409E+001  0.580690767172322E+002 -0.160706703996458E+001  0.488043096671798E+001 -0.107536384819057E+002 -0.956759221403329E+004
  0.100000000000000E+001  0.752324260186950E+005  0.153845653260097E+002  0.912617523678784E+002 -0.166283609783949E+001  0.318833143727666E+001 -0.107536384819057E+002 -0.376162130093475E+005
  0.100000000000000E+001  0.264404210046435E+004 -0.240379026942716E+000  0.752806444599598E+002 -0.118746467708570E-001 -0.312835490178305E+000 -0.107536384819057E+002 -0.132202105023217E+004
  0.100000000000000E+001  0.166782828956208E+005  0.109219769843892E+001  0.802931852054886E+002 -0.144083179706712E+001  0.417095998185829E+001 -0.107536384819057E+002 -0.833914144781039E+004
  0.100000000000000E+001  0.147084415089843E+005 -0.464608154351841E+001  0.503404601058992E+002 -0.118803188368929E+001 -0.208430099402126E+001 -0.107536384819057E+002 -0.735422075449214E+004
  0.100000000000000E+001  0.146104870321752E+005 -0.184723271029283E+002  0.894220095752915E+002 -0.974175623782556E+000 -0.456778024778360E+001 -0.107536384819057E+002 -0.730524351608762E+004
  0.100000000000000E+001  0.144196989351815E+005 -0.563983241127417E+001  0.442944130862728E+002 -0.687940435080474E+000 -0.400271980475403E+001 -0.107536384819057E+002 -0.720984946759077E+004
  0.100000000000000E+001  0.131559342462954E+005 -0.167982343456284E+002  0.704193159386440E+002 -0.117353824919736E+001 -0.751957985871332E-001 -0.107536384819057E+002 -0.657796712314769E+004
  0.100000000000000E+001  0.130088187279416E+005  0.516353645541151E+001  0.997563514696663E+002 -0.674297610560960E+000 -0.696180143743973E+000 -0.107536384819057E+002 -0.650440936397079E+004
  0.100000000000000E+001  0.187074777447680E+005  0.392145769382345E+001  0.932260494509240E+002 -0.185078512557492E+001 -0.199501619604317E+001 -0.107536384819057E+002 -0.935373887238400E+004
  0.100000000000000E+001  0.111892130702663E+006  0.560720614219754E+000  0.465355816289090E+002 -0.165352575014033E+001  0.280056816343326E+001 -0.107536384819057E+002 -0.559460653513313E+005
  0.100000000000000E+001  0.395051374320024E+005 -0.702693443159471E+001  0.907702292281492E+002 -0.160183525642568E+001 -0.305776489072648E+001 -0.107536384819057E+002 -0.197525687160012E+005
  0.100000000000000E+001  0.950454770225661E+005  0.321201587630147E+001  0.701213201908788E+002 -0.180004200202338E+001  0.167158573673418E+001 -0.107536384819057E+002 -0.475227385112830E+005
  0.100000000000000E+001  0.119340982169387E+005  0.172333372151746E+002  0.830007593754802E+002 -0.329540248776449E+000 -0.237149054405182E+001 -0.107536384819057E+002 -0.596704910846937E+004
  0.100000000000000E+001  0.146191357155516E+005  0.100290158138171E+002  0.769054138307174E+002 -0.111194473916089E+001 -0.421512882614570E+001 -0.107536384819057E+002 -0.730956785777580E+004
  0.100000000000000E+001  0.146050433737576E+005 -0.794133395323312E+001  0.853992119373628E+002 -0.899166240311667E+000 -0.460309160190489E+001 -0.107536384819057E+002 -0.730252168687879E+004
  0.100000000000000E+001  0.146716612370696E+005 -0.501453137205143E+000  0.679808201778511E+002 -0.108439742089865E+001  0.231696942914825E+001 -0.107536384819057E+002 -0.733583061853480E+004
  0.100000000000000E+001  0.149506371650910E+005  0.102886724510198E+001  0.637706272405949E+002 -0.152104782644129E+001 -0.401459298113134E+001 -0.107536384819057E+002 -0.747531858254550E+004
  0.100000000000000E+001  0.145657027349244E+004  0.180887771605024E+002  0.491424618181266E+002 -0.405916391928859E+000  0.223145270566276E+000 -0.107536384819057E+002 -0.728285136746221E+003
  0.100000000000000E+001  0.124698302969233E+005  0.573121803326652E+001  0.991169368856028E+002 -0.128293079429694E+000 -0.453988847283216E+001 -0.107536384819057E+002 -0.623491514846165E+004
  0.100000000000000E+001  0.746247302008506E+005  0.754768763747270E+001  0.661359181185169E+002 -0.175648868091525E+001  0.373923022063686E+001 -0.107536384819057E+002 -0.373123651004253E+005
  0.100000000000000E+001  0.146118525442249E+005 -0.913933896607406E+001  0.834649755769839E+002 -0.105712393575131E+001 -0.397002159079490E+001 -0.107536384819057E+002 -0.730592627211244E+004
  0.100000000000000E+001  0.146045897804345E+005  0.185977648195481E+002  0.562215666304320E+002 -0.914414782675218E+000 -0.321359082118477E+001 -0.107536384819057E+002 -0.730229489021725E+004
  0.100000000000000E+001  0.630527330132340E+004 -0.122817035314912E+002  0.718829423136790E+002 -0.528001877651581E+000  0.200602873688638E-001 -0.107536384819057E+002 -0.315263665066170E+004
  0.100000000000000E+001  0.313104185575151E+005  0.848473226073840E+001  0.972763234883364E+002 -0.171467397606785E+001 -0.261578237903139E+001 -0.107536384819057E+002 -0.156552092787575E+005
  0.100000000000000E+001  0.118933309131770E+006 -0.207504197454596E+001  0.951363446430945E+002 -0.194113843855844E+001  0.158218338508905E+001 -0.107536384819057E+002 -0.594666545658849E+005
  0.100000000000000E+001  0.146788526712857E+005  0.118384939422352E+002  0.856781540219805E+002 -0.105390356936360E+001  0.163557499478801E+001 -0.107536384819057E+002 -0.733942633564287E+004
  0.100000000000000E+001  0.150065077268001E+005  0.171934109312880E+002  0.716926529124709E+002 -0.121225875956551E+001  0.315028218740571E+001 -0.107536384819057E+002 -0.750325386340005E+004
  0.100000000000000E+001  0.155745850645540E+005 -0.185712890028604E+002  0.958966445634893E+002 -0.164096028299856E+001 -0.147978133947491E+001 -0.107536384819057E+002 -0.778729253227700E+004
  0.100000000000000E+001  0.555541731088354E+004  0.106581854558780E+002  0.833510957582952E+002 -0.543527638158523E-001 -0.881941698694705E+000 -0.107536384819057E+002 -0.277770865544177E+004
  0.100000000000000E+001  0.146105790595993E+005  0.161088888802161E+002  0.854781466385805E+002 -0.992904189744380E+000 -0.359430661158756E+001 -0.107536384819057E+002 -0.730528952979966E+004
  0.100000000000000E+001  0.207471308114218E+005  0.962741095514972E+001  0.654554932918407E+002 -0.122302757559635E+001 -0.551189810983596E+000 -0.107536384819057E+002 -0.103735654057109E+005
  0.100000000000000E+001  0.145697548751596E+005 -0.336352645940358E+001  0.985920334892663E+002 -0.921242351015281E+000 -0.418653423314938E+000 -0.107536384819057E+002 -0.728487743757980E+004
  0.100000000000000E+001  0.853633805220735E+005  0.155191169223624E+002  0.410218372823569E+002 -0.160614971882544E+001  0.159327926636887E+001 -0.107536384819057E+002 -0.426816902610368E+005
  0.100000000000000E+001  0.193076158710634E+005  0.143121292516717E+001  0.509190121395950E+002 -0.186675307958235E+001 -0.172151006655166E+001 -0.107536384819057E+002 -0.965380793553169E+004
  0.100000000000000E+001  0.123912008755317E+005  0.131431373408394E+002  0.784284178569881E+002 -0.266219320667866E+000 -0.329459083344124E+001 -0.107536384819057E+002 -0.619560043776585E+004
  0.100000000000000E+001  0.146072462570348E+005  0.121219655859756E+002  0.697138630480684E+002 -0.961432636092140E+000  0.269965309180474E+001 -0.107536384819057E+002 -0.730362312851740E+004
  0.100000000000000E+001  0.193592249885636E+005 -0.769713480524295E+000  0.682491241176352E+002 -0.119136255090799E+001  0.163737727108730E+001 -0.107536384819057E+002 -0.967961249428180E+004
  0.100000000000000E+001  0.100750316253141E+006 -0.194434806802666E+002  0.550870691163377E+002 -0.190079662150251E+001 -0.369353837759940E+001 -0.107536384819057E+002 -0.503751581265705E+005
  0.100000000000000E+001  0.138483037038801E+005  0.580573260671141E+001  0.573767405224017E+002 -0.412101644101279E+000 -0.497134069622130E+001 -0.107536384819057E+002 -0.692415185194006E+004
  0.100000000000000E+001  0.143325716937434E+005  0.174798814168118E+002  0.881422669311034E+002 -0.668723047669582E+000 -0.348629032571428E+001 -0.107536384819057E+002 -0.716628584687169E+004
  0.100000000000000E+001  0.827915010932299E+003  0.481363216763270E+000  0.725825470039196E+002 -0.345932119472577E+000  0.505657158561668E+000 -0.107536384819057E+002 -0.413957505466150E+003
  0.100000000000000E+001  0.703179443549518E+005  0.526597417707454E+001  0.871910784294594E+002 -0.197085447481802E+001 -0.353348142944928E+001 -0.107536384819057E+002 -0.351589721774759E+005
  0.100000000000000E+001  0.145372574070223E+005 -0.124989761826993E+002  0.570608289290312E+002 -0.872168238314268E+000  0.293915504100325E+001 -0.107536384819057E+002 -0.726862870351116E+004
  0.100000000000000E+001  0.147459924586849E+005 -0.178645571162283E+002  0.855378340429876E+002 -0.127691756759085E+001 -0.369748798889869E+001 -0.107536384819057E+002 -0.737299622934243E+004
  0.100000000000000E+001  0.133103901431025E+005  0.191276595023514E+002  0.623141284832539E+002 -0.121989460856490E+001 -0.392591229038965E+000 -0.107536384819057E+002 -0.665519507155126E+004
  0.100000000000000E+001  0.147073872404756E+005  0.127197154958953E+002  0.876234841826770E+002 -0.117783845193861E+001 -0.182736827335982E+001 -0.107536384819057E+002 -0.735369362023782E+004
  0.100000000000000E+001  0.225846945578477E+005  0.753309440002515E+001  0.931911985252860E+002 -0.163411771662450E+001 -0.224231851240868E+001 -0.107536384819057E+002 -0.112923472789239E+005
  0.100000000000000E+001  0.105634792151620E+006 -0.154413041508581E+002  0.902300868790285E+002 -0.179810840073995E+001  0.136875545031118E+001 -0.107536384819057E+002 -0.528173960758102E+005
  0.100000000000000E+001  0.854279876837917E+005 -0.100104836742986E+001  0.823177940569371E+002 -0.198704343700558E+001  0.881914688227056E+000 -0.107536384819057E+002 -0.427139938418958E+005
  0.100000000000000E+001  0.631513340487783E+005  0.665632707560743E+001  0.913834148418246E+002 -0.156144775078270E+001  0.275304602389535E+001 -0.107536384819057E+002 -0.315756670243891E+005
  0.100000000000000E+001  0.452059083142536E+003 -0.757069569002049E+000  0.745803279766905E+002 -0.343517804377547E+000  0.279028795296932E+000 -0.107536384819057E+002 -0.226029541571268E+003
  0.100000000000000E+001  0.691589415383776E+005  0.189148359786734E+002  0.433465874044396E+002 -0.171842425687800E+001 -0.354687928821778E+001 -0.107536384819057E+002 -0.345794707691888E+005
  0.100000000000000E+001  0.146422783998132E+005  0.670208874073910E+001  0.850843650068300E+002 -0.109950138157257E+001  0.333109298479095E+001 -0.107536384819057E+002 -0.732113919990658E+004
  0.100000000000000E+001  0.313691818733916E+005 -0.110187751762229E+002  0.973363239134684E+002 -0.167180075725602E+001 -0.985343301277853E+000 -0.107536384819057E+002 -0.156845909366958E+005
  0.100000000000000E+001  0.142238099596867E+005 -0.368396568075564E+000  0.548692821096365E+002 -0.637344262504984E+000 -0.330056779478305E+001 -0.107536384819057E+002 -0.711190497984336E+004
  0.100000000000000E+001  0.146110015677894E+005 -0.401182332296207E+001  0.650645222466224E+002 -0.104454331258820E+001 -0.496390412614611E+001 -0.107536384819057E+002 -0.730550078389468E+004
  0.100000000000000E+001  0.238096060740910E+003 -0.279178609266746E+001  0.816087367120887E+002 -0.573531743156594E+000  0.568719383092509E+000 -0.107536384819057E+002 -0.119048030370455E+003
  0.100000000000000E+001  0.146104913318113E+005  0.156160156533269E+002  0.607915078797506E+002 -0.974976159219136E+000 -0.443551180580659E+001 -0.107536384819057E+002 -0.730524566590564E+004
  0.100000000000000E+001  0.145918434077197E+005  0.189165253274124E+002  0.691034489098809E+002 -0.882671907976778E+000  0.480472962424513E+001 -0.107536384819057E+002 -0.729592170385984E+004
  0.100000000000000E+001  0.128921931733194E+005  0.159558352774192E+001  0.969715315287406E+002 -0.246324359821247E+000 -0.423602023920128E+001 -0.107536384819057E+002 -0.644609658665969E+004
  0.100000000000000E+001  0.117530879940726E+005  0.685259758909468E+001  0.985133972770906E+002 -0.488657699834560E+000 -0.124951956723282E+001 -0.107536384819057E+002 -0.587654399703631E+004
  0.100000000000000E+001  0.218159982789975E+005 -0.191083462831702E+002  0.718057634493315E+002 -0.157872774624996E+001  0.406428010475196E+001 -0.107536384819057E+002 -0.109079991394988E+005
  0.100000000000000E+001  0.148036622481426E+005  0.158507246186161E+002  0.815283566661216E+002 -0.123020574257691E+001  0.441955452097834E+001 -0.107536384819057E+002 -0.740183112407132E+004
  0.100000000000000E+001  0.729281132427655E+004 -0.100285319648720E+002  0.712280899185600E+002 -0.246929782140137E-001 -0.143563963768516E+001 -0.107536384819057E+002 -0.364640566213828E+004
  0.100000000000000E+001  0.145277810753994E+005 -0.393065453409148E+001  0.482982294069817E+002 -0.848330847083972E+000  0.308435988735540E+001 -0.107536384819057E+002 -0.726389053769969E+004
  0.100000000000000E+001  0.175461832021770E+005 -0.105943868058871E+002  0.817858073626621E+002 -0.151770801104830E+001  0.454587242110348E+001 -0.107536384819057E+002 -0.877309160108848E+004
  0.100000000000000E+001  0.146137995840618E+005 -0.216461854201910E+000  0.482018989181282E+002 -0.107707240513175E+001 -0.388203560949886E+001 -0.107536384819057E+002 -0.730689979203091E+004
  0.100000000000000E+001  0.145295280849213E+005  0.115831414403435E+002  0.441536723708496E+002 -0.759155327579627E+000 -0.430237756672785E+001 -0.107536384819057E+002 -0.726476404246065E+004
  0.100000000000000E+001  0.145220957175527E+005 -0.136017564805464E+002  0.894247220589265E+002 -0.765326775521191E+000 -0.387760570337558E+001 -0.107536384819057E+002 -0.726104785877633E+004
  0.100000000000000E+001  0.146833055151540E+005  0.128163647722494E+002  0.468851911514024E+002 -0.128140316834578E+001 -0.187772807207698E+001 -0.107536384819057E+002 -0.734165275757702E+004
  0.100000000000000E+001  0.114232521365927E+006 -0.430138000916381E+001  0.538054940104410E+002 -0.192508373207493E+001 -0.408004619887634E+001 -0.107536384819057E+002 -0.571162606829637E+005
  0.100000000000000E+001  0.140460725104786E+005 -0.126531770258521E+002  0.509983185511830E+002 -0.527774679606985E+000 -0.414818646960672E+001 -0.107536384819057E+002 -0.702303625523928E+004
  0.100000000000000E+001  0.144799536075470E+005  0.370678595617399E+001  0.671448733829966E+002 -0.691554364056669E+000 -0.498794164246408E+001 -0.107536384819057E+002 -0.723997680377348E+004
  0.100000000000000E+001  0.136058340087803E+005 -0.132115995951381E+002  0.948124536367363E+002 -0.477501742240016E+000 -0.331441485789322E+001 -0.107536384819057E+002 -0.680291700439015E+004
  0.100000000000000E+001  0.146111228642531E+005  0.747072039194967E+001  0.779924190149644E+002 -0.103021109557677E+001 -0.193278873903354E+001 -0.107536384819057E+002 -0.730556143212654E+004
  0.100000000000000E+001  0.146028372160794E+005  0.142044623189720E+002  0.683103257737622E+002 -0.925559295693192E+000  0.399350137677790E+001 -0.107536384819057E+002 -0.730141860803970E+004
  0.100000000000000E+001  0.147592405793062E+005  0.170572466917765E+001  0.500310833143799E+002 -0.106493034367384E+001  0.157506289720138E+001 -0.107536384819057E+002 -0.737962028965311E+004
  0.100000000000000E+001  0.379987722988979E+005 -0.113284362279068E+002  0.968590138250439E+002 -0.181982958906203E+001  0.487648006287373E+001 -0.107536384819057E+002 -0.189993861494490E+005
  0.100000000000000E+001  0.100745693414757E+005  0.159107757221713E+002  0.990593337943766E+002 -0.148999094535057E+000 -0.215966026258405E+001 -0.107536384819057E+002 -0.503728467073783E+004
  0.100000000000000E+001  0.148381124089753E+005 -0.175725241746368E+002  0.982976142060070E+002 -0.118545424992981E+001  0.327837152585761E+001 -0.107536384819057E+002 -0.741905620448767E+004
  0.100000000000000E+001  0.298090545945980E+005  0.813606920994372E+001  0.421577127865070E+002 -0.121491791676763E+001  0.453857675373892E+000 -0.107536384819057E+002 -0.149045272972990E+005
  0.100000000000000E+001  0.109802495812601E+005  0.438477502955728E+001  0.939369247822791E+002 -0.939329996396239E-001 -0.303813424531047E+001 -0.107536384819057E+002 -0.549012479063004E+004
  0.100000000000000E+001  0.142358554185067E+005  0.180583880695282E+002  0.690126458704487E+002 -0.787223051105909E+000 -0.100136329546303E+001 -0.107536384819057E+002 -0.711792770925335E+004
  0.100000000000000E+001  0.850028807660994E+004 -0.117766363462588E+002  0.484079618910325E+002 -0.237364773359360E+000 -0.118840282388100E+001 -0.107536384819057E+002 -0.425014403830497E+004
  0.100000000000000E+001  0.134662900142890E+005 -0.532781703698960E+001  0.842174215865808E+002 -0.136470840500949E+001 -0.887562737858834E+000 -0.107536384819057E+002 -0.673314500714448E+004
  0.100000000000000E+001  0.145696193896967E+005  0.501579942231381E+001  0.734885402874810E+002 -0.906218468021142E+000 -0.838212250239953E+000 -0.107536384819057E+002 -0.728480969484835E+004
  0.100000000000000E+001  0.120536231819182E+006 -0.168142666132138E+002  0.693637774118843E+002 -0.195789037231116E+001 -0.673549159507036E-001 -0.107536384819057E+002 -0.602681159095910E+005
  0.100000000000000E+001  0.228404924495445E+005 -0.158843221554658E+002  0.801425204473797E+002 -0.184634867547576E+001 -0.141077104855314E+001 -0.107536384819057E+002 -0.114202462247722E+005
  0.100000000000000E+001  0.107491029456493E+006 -0.135945920980632E+002  0.435055888907991E+002 -0.188483211993047E+001  0.236679277250037E+001 -0.107536384819057E+002 -0.537455147282465E+005
  0.100000000000000E+001  0.106984642917398E+006 -0.124393704941318E+002  0.791073837837541E+002 -0.166398704058868E+001 -0.318646569934835E+001 -0.107536384819057E+002 -0.534923214586989E+005
  0.100000000000000E+001  0.140887837413705E+005 -0.192642979866548E+002  0.887788770595988E+002 -0.807733761897318E+000 -0.451298499931314E+000 -0.107536384819057E+002 -0.704439187068526E+004
  0.100000000000000E+001  0.146121449336206E+005 -0.194765110656109E+002  0.865059968940279E+002 -0.104850092729139E+001  0.453768099178673E+001 -0.107536384819057E+002 -0.730607246681032E+004
  0.100000000000000E+001  0.132276829247545E+005  0.172505191786348E+002  0.486944484848103E+002 -0.435531734446303E+000 -0.299948491241818E+001 -0.107536384819057E+002 -0.661384146237726E+004
  0.100000000000000E+001  0.145594140894167E+005  0.153812237049466E+001  0.944501477643466E+002 -0.832449013236757E+000  0.489180230869618E+001 -0.107536384819057E+002 -0.727970704470833E+004
  0.100000000000000E+001  0.118216455879981E+006 -0.159636576108188E+002  0.496924602294356E+002 -0.181966599675078E+001  0.105319800135041E+001 -0.107536384819057E+002 -0.591082279399907E+005
  0.100000000000000E+001  0.150524647632552E+005  0.168561581175440E+002  0.445784530714062E+002 -0.117487465349316E+001  0.252241499871096E+001 -0.107536384819057E+002 -0.752623238162761E+004
  0.100000000000000E+001  0.220558906488352E+005 -0.236029568128114E+001  0.734832866537746E+002 -0.160483546585407E+001  0.425349965315008E+001 -0.107536384819057E+002 -0.110279453244176E+005
  0.100000000000000E+001  0.126749177845417E+005 -0.467366318197346E+001  0.883863240188723E+002 -0.297760669293697E+000 -0.341294503830955E+001 -0.107536384819057E+002 -0.633745889227086E+004
  0.100000000000000E+001  0.146148821758077E+005 -0.439050927509839E+001  0.650947394479414E+002 -0.107177211461141E+001  0.484632809726474E+001 -0.107536384819057E+002 -0.730744108790387E+004
  0.100000000000000E+001  0.324749990675825E+005 -0.569397380966491E+001  0.561102654151544E+002 -0.191928648554308E+001 -0.122005301676298E+001 -0.107536384819057E+002 -0.162374995337912E+005
  0.100000000000000E+001  0.127557694035499E+005 -0.144049006679684E+002  0.683378415518619E+002 -0.493233764110423E+000 -0.189215733785284E+001 -0.107536384819057E+002 -0.637788470177495E+004
  0.100000000000000E+001  0.129158306116117E+005 -0.163561375742585E+002  0.817897728215416E+002 -0.521828013436928E+000 -0.181417491867616E+001 -0.107536384819057E+002 -0.645791530580585E+004
  0.100000000000000E+001  0.845681388921565E+004  0.194931736111970E+002  0.654149244805945E+002 -0.123360189642897E+000 -0.155099694473176E+001 -0.107536384819057E+002 -0.422840694460783E+004
  0.100000000000000E+001  0.102029374125406E+006 -0.191877487684527E+002  0.467994072076943E+002 -0.192924484296566E+001  0.375763588772727E+001 -0.107536384819057E+002 -0.510146870627029E+005
  0.100000000000000E+001  0.189012442336824E+005  0.376476709618044E+001  0.929578490763847E+002 -0.147555588585600E+001  0.368827126588285E+001 -0.107536384819057E+002 -0.945062211684118E+004
  0.100000000000000E+001  0.556217506992189E+005  0.277520833857410E+001  0.976485113114676E+002 -0.153472454087153E+001 -0.226503783758375E+001 -0.107536384819057E+002 -0.278108753496094E+005
  0.100000000000000E+001  0.146105815924861E+005  0.157645629074083E+002  0.850365774114640E+002 -0.997109481913061E+000 -0.232019474580331E+001 -0.107536384819057E+002 -0.730529079624305E+004
  0.100000000000000E+001  0.146106194283698E+005  0.173613886838464E+001  0.700946396860816E+002 -0.101556096960021E+001 -0.312304028598036E+001 -0.107536384819057E+002 -0.730530971418492E+004
  0.100000000000000E+001  0.137809345846808E+005  0.189393478927700E+002  0.723834810505953E+002 -0.443390925452305E+000 -0.426392920416538E+001 -0.107536384819057E+002 -0.689046729234041E+004
  0.100000000000000E+001  0.410744794944971E+005  0.363510737895214E+001  0.884516879795859E+002 -0.184345586199343E+001 -0.105783371020662E+001 -0.107536384819057E+002 -0.205372397472485E+005
  0.100000000000000E+001  0.849322883371309E+005  0.518728875014441E+001  0.708345723203732E+002 -0.187538331425787E+001  0.438275345223779E+001 -0.107536384819057E+002 -0.424661441685654E+005
  0.100000000000000E+001  0.148551736308501E+003  0.167583487160900E+002  0.741098526695241E+002 -0.601764199204658E+000  0.571864654928502E+000 -0.107536384819057E+002 -0.742758681542505E+002
  0.100000000000000E+001  0.147508964940586E+005  0.990268112585620E+001  0.450556079437221E+002 -0.126804531504457E+001 -0.334998513632477E+001 -0.107536384819057E+002 -0.737544824702930E+004
  0.100000000000000E+001  0.146296958451797E+005  0.110265621365398E+002  0.604226669769349E+002 -0.116113223781107E+001 -0.498079137016629E+001 -0.107536384819057E+002 -0.731484792258987E+004
  0.100000000000000E+001  0.114374353518337E+005  0.153413263252817E+002  0.456114666728341E+002 -0.129561950701514E+000 -0.322929709095326E+001 -0.107536384819057E+002 -0.571871767591687E+004
  0.100000000000000E+001  0.653525952865500E+005 -0.669882649426856E+001  0.410128304199050E+002 -0.188307305332926E+001 -0.335305222877288E+001 -0.107536384819057E+002 -0.326762976432750E+005
  0.100000000000000E+001  0.145488436566889E+005 -0.103467416351851E+002  0.983025067216907E+002 -0.827869775333555E+000 -0.269524793337235E+001 -0.107536384819057E+002 -0.727442182834447E+004
  0.100000000000000E+001  0.145406842304790E+005  0.142886342949546E+001  0.692601156856564E+002 -0.801399905150274E+000 -0.329256863767065E+001 -0.107536384819057E+002 -0.727034211523951E+004
  0.100000000000000E+001  0.106960921191087E+006  0.971729094572438E+001  0.405532133996102E+002 -0.138939789077032E+001 -0.171660717120891E+000 -0.107536384819057E+002 -0.534804605955433E+005
  0.100000000000000E+001  0.147231429578707E+005 -0.291599861425407E+001  0.629441540291758E+002 -0.112772694850712E+001  0.282226920383897E+001 -0.107536384819057E+002 -0.736157147893537E+004
  0.100000000000000E+001  0.147667779424281E+005  0.293875396359398E+001  0.628959074293452E+002 -0.118421959457860E+001  0.370246390625155E+001 -0.107536384819057E+002 -0.738338897121404E+004
  0.100000000000000E+001  0.146031810228251E+005  0.410719307306924E+001  0.465806547098486E+002 -0.898832634951251E+000 -0.386872778784107E+001 -0.107536384819057E+002 -0.730159051141257E+004
  0.100000000000000E+001  0.145504449262545E+005 -0.448941765623885E+001  0.956804660131916E+002 -0.868405444641415E+000  0.270674003946512E+001 -0.107536384819057E+002 -0.727522246312726E+004
  0.100000000000000E+001  0.111113106806754E+006  0.305299714045155E+001  0.474920665411154E+002 -0.189483488415020E+001 -0.439639908568426E+000 -0.107536384819057E+002 -0.555565534033769E+005
  0.100000000000000E+001  0.486985556781258E+003 -0.883627499616141E+001  0.599901184473192E+002 -0.722519663872855E+000  0.673592064068895E+000 -0.107536384819057E+002 -0.243492778390629E+003
  0.100000000000000E+001  0.109133156682991E+006  0.800801044653779E+001  0.873533220469248E+002 -0.197444472878365E+001  0.271171654084870E+001 -0.107536384819057E+002 -0.545665783414955E+005
  0.100000000000000E+001  0.140493249467661E+005 -0.165913990445515E+002  0.491848659668651E+002 -0.757280715690628E+000 -0.962800138366683E+000 -0.107536384819057E+002 -0.702466247338306E+004
  0.100000000000000E+001  0.257289885115490E+004  0.743912785353768E+000  0.464046569842216E+002 -0.890956637245802E+000  0.865406081280621E+000 -0.107536384819057E+002 -0.128644942557745E+004
  0.100000000000000E+001  0.256847771681001E+005 -0.360833079691149E+001  0.638623635997560E+002 -0.160329448810171E+001 -0.933857114424249E+000 -0.107536384819057E+002 -0.128423885840500E+005
  0.100000000000000E+001  0.367118834146405E+005  0.122885060765724E+002  0.592389716993985E+002 -0.169799976190471E+001  0.401162626842041E+001 -0.107536384819057E+002 -0.183559417073202E+005
  0.100000000000000E+001  0.115899090919138E+006  0.139545994248736E+002  0.727898421751970E+002 -0.178541221777762E+001  0.120795369722707E+001 -0.107536384819057E+002 -0.579495454595691E+005
  0.100000000000000E+001  0.699054299303857E+005 -0.700325450632431E+001  0.498614662469382E+002 -0.199779398667390E+001 -0.772584430490184E+000 -0.107536384819057E+002 -0.349527149651928E+005
  0.100000000000000E+001  0.146486401773186E+005 -0.279051575660486E+001  0.430173930384095E+002 -0.109824956987298E+001  0.308961775906622E+001 -0.107536384819057E+002 -0.732432008865930E+004
  0.100000000000000E+001  0.781135228867498E+005  0.144236636109440E+000  0.486998675916921E+002 -0.170061611060834E+001 -0.298593319870712E+001 -0.107536384819057E+002 -0.390567614433749E+005
  0.100000000000000E+001  0.147581857301268E+005  0.137233733190361E+002  0.747882227221465E+002 -0.127055893624688E+001 -0.200547746198452E+001 -0.107536384819057E+002 -0.737909286506338E+004
  0.100000000000000E+001  0.148118757766939E+005 -0.165802643412825E-001  0.727247707112298E+002 -0.147527316740572E+001 -0.334589049135226E+001 -0.107536384819057E+002 -0.740593788834693E+004
  0.100000000000000E+001  0.146108013963316E+005 -0.529560239599740E+001  0.603065024621599E+002 -0.100762409561118E+001  0.158766906389573E+001 -0.107536384819057E+002 -0.730540069816581E+004
  0.100000000000000E+001  0.146023984640109E+005  0.150683140906477E+002  0.873507837362345E+002 -0.922181351134889E+000 -0.212541093884857E+001 -0.107536384819057E+002 -0.730119923200545E+004
  0.100000000000000E+001  0.149592461455331E+005  0.123981402106742E+002  0.438573230799505E+002 -0.159125247344717E+001 -0.154203762148702E+001 -0.107536384819057E+002 -0.747962307276656E+004
  0.100000000000000E+001  0.847200598332225E+005 -0.873370860230533E+001  0.544229518241741E+002 -0.164686602076174E+001 -0.283065102715665E+001 -0.107536384819057E+002 -0.423600299166112E+005
  0.100000000000000E+001  0.146161594485541E+005  0.751874838647843E+001  0.856708206406208E+002 -0.102655045093102E+001  0.260139672707154E+000 -0.107536384819057E+002 -0.730807972427703E+004
  0.100000000000000E+001  0.148312181576957E+005  0.236442677213406E+001  0.729643431206948E+002 -0.137440697543445E+001 -0.296921610359800E+001 -0.107536384819057E+002 -0.741560907884786E+004
  0.100000000000000E+001  0.100917330952494E+006 -0.194023201460606E+002  0.423827230438969E+002 -0.155882912726863E+001 -0.466502475811547E+000 -0.107536384819057E+002 -0.504586654762470E+005
  0.100000000000000E+001  0.147137300305530E+005  0.117639934986437E+002  0.653782776839692E+002 -0.120724880682205E+001  0.494795313961009E+001 -0.107536384819057E+002 -0.735686501527649E+004
  0.100000000000000E+001  0.129919107080186E+005  0.593642673550793E+000  0.712855232336910E+002 -0.318113617109746E+000 -0.373405312954639E+001 -0.107536384819057E+002 -0.649595535400932E+004
  0.100000000000000E+001  0.705382716047859E+005  0.109603745775086E+002  0.853293042560270E+002 -0.187074096372218E+001 -0.415771732101709E+001 -0.107536384819057E+002 -0.352691358023929E+005
  0.100000000000000E+001  0.116820178110124E+006 -0.196174812881449E+001  0.900324341774264E+002 -0.197424636660134E+001  0.311771730851602E+000 -0.107536384819057E+002 -0.584100890550621E+005
  0.100000000000000E+001  0.147314869341991E+005  0.184150952304047E+002  0.856135040011772E+002 -0.136896539685777E+001 -0.261538107560226E+001 -0.107536384819057E+002 -0.736574346709956E+004
  0.100000000000000E+001  0.146250867687650E+005  0.183181708981624E+002  0.639232727802265E+002 -0.106727419519045E+001  0.290672371777267E+001 -0.107536384819057E+002 -0.731254338438249E+004
  0.100000000000000E+001  0.146104533042985E+005  0.105805782703392E+002  0.428490107924513E+002 -0.990220306684715E+000  0.210878639475444E+001 -0.107536384819057E+002 -0.730522665214923E+004
  0.100000000000000E+001  0.145785594531588E+005  0.189302920256865E+002  0.770536657190065E+002 -0.938019294004985E+000  0.180183595821041E+001 -0.107536384819057E+002 -0.728927972657940E+004
  0.100000000000000E+001  0.946710973488266E+004 -0.199433191495347E+001  0.712362242529611E+002 -0.229562337206833E+000 -0.154152414174501E+001 -0.107536384819057E+002 -0.473355486744133E+004
  0.100000000000000E+001  0.141029232502842E+005 -0.147248645543114E+002  0.655799991699320E+002 -0.573894391378609E+000 -0.369971420417516E+001 -0.107536384819057E+002 -0.705146162514212E+004
  0.100000000000000E+001  0.493024984675300E+005 -0.189907475911686E+002  0.952701893839358E+002 -0.131747997935351E+001  0.419394138296061E+000 -0.107536384819057E+002 -0.246512492337650E+005
  0.100000000000000E+001  0.145799283701759E+005 -0.507997184321834E+001  0.723424402834681E+002 -0.892820730130643E+000 -0.159730683572481E+001 -0.107536384819057E+002 -0.728996418508793E+004
  0.100000000000000E+001  0.119372252677720E+005 -0.116879417064034E+002  0.551907744485353E+002 -0.657356447183191E-001 -0.422547115776380E+001 -0.107536384819057E+002 -0.596861263388601E+004
  0.100000000000000E+001  0.800186992590179E+004 -0.446727021451047E+001  0.925754669834010E+002 -0.342889770815096E+000 -0.726459873541509E+000 -0.107536384819057E+002 -0.400093496295089E+004
  0.100000000000000E+001  0.911101146656982E+005 -0.126061324580216E+002  0.946895990017471E+002 -0.189566611881329E+001 -0.415239907406032E+001 -0.107536384819057E+002 -0.455550573328491E+005
  0.100000000000000E+001  0.867599644905654E+005  0.192232300797227E+002  0.592639049303132E+002 -0.168185895667914E+001  0.255233065204651E+001 -0.107536384819057E+002 -0.433799822452827E+005
  0.100000000000000E+001  0.204400335308164E+005  0.103328371624413E+002  0.636904144504479E+002 -0.185363757519242E+001 -0.496862197591497E+001 -0.107536384819057E+002 -0.102200167654082E+005
  0.100000000000000E+001  0.106303720770977E+006 -0.912010979136737E+001  0.895938416393043E+002 -0.194844372733103E+001 -0.421995190113899E+001 -0.107536384819057E+002 -0.531518603854886E+005
  0.100000000000000E+001  0.541618239705978E+005  0.112144001573609E+002  0.527412509989702E+002 -0.159319213727954E+001 -0.707246657702404E+000 -0.107536384819057E+002 -0.270809119852989E+005
  0.100000000000000E+001  0.971955377618262E+005  0.134456575849465E+002  0.768144733781778E+002 -0.169102541625332E+001  0.178066678216934E+001 -0.107536384819057E+002 -0.485977688809131E+005
  0.100000000000000E+001  0.116658712497751E+005  0.102858953191613E+002  0.863900835192597E+002 -0.364822497749066E+000 -0.194827159119950E+001 -0.107536384819057E+002 -0.583293562488753E+004
  0.100000000000000E+001  0.146220898289156E+005  0.735737145625951E+001  0.924847540885879E+002 -0.113051824761049E+001 -0.464806928475007E+001 -0.107536384819057E+002 -0.731104491445781E+004
  0.100000000000000E+001  0.924736578657119E+005  0.100102018312427E+002  0.641639943511397E+002 -0.131488625256162E+001  0.489788530947582E+000 -0.107536384819057E+002 -0.462368289328560E+005
  0.100000000000000E+001  0.222993219030194E+005  0.893013351412007E+001  0.777953372902624E+002 -0.142344606861884E+001  0.282811475569562E+001 -0.107536384819057E+002 -0.111496609515097E+005
  0.100000000000000E+001  0.118794932873454E+006  0.296647031768971E+001  0.609576799051801E+002 -0.114601379664735E+001  0.729582811473128E+000 -0.107536384819057E+002 -0.593974664367269E+005
  0.100000000000000E+001  0.145880272254648E+005  0.111191148749402E+002  0.689155276150510E+002 -0.954302470619485E+000  0.179220512333817E+001 -0.107536384819057E+002 -0.729401361273238E+004
  0.100000000000000E+001  0.143553327005367E+005 -0.126678160400933E+002  0.896979545578070E+002 -0.627867205680902E+000 -0.456785527476683E+001 -0.107536384819057E+002 -0.717766635026835E+004
  0.100000000000000E+001  0.145482673939538E+005  0.371614622384797E+001  0.769701378233769E+002 -0.117979539982332E+001 -0.812922934788344E+000 -0.107536384819057E+002 -0.727413369697690E+004
  0.100000000000000E+001  0.180870171161221E+005 -0.222481683568334E+001  0.743443522515839E+002 -0.143168184310412E+001  0.349877783761052E+001 -0.107536384819057E+002 -0.904350855806104E+004
  0.100000000000000E+001  0.631208970887342E+004 -0.610173032338801E+001  0.811880984591571E+002 -0.371891465716934E+000 -0.355289652830043E+000 -0.107536384819057E+002 -0.315604485443671E+004
  0.100000000000000E+001  0.171352423332219E+005 -0.851084661723780E+001  0.892430422595903E+002 -0.146896298131174E+001  0.422204291298995E+001 -0.107536384819057E+002 -0.856762116661097E+004
  0.100000000000000E+001  0.683264416442604E+005  0.516971877278912E+001  0.868459636105522E+002 -0.159377628891510E+001  0.365976077613256E+000 -0.107536384819057E+002 -0.341632208221302E+005
  0.100000000000000E+001  0.146181184017880E+005 -0.726837446697111E+001  0.641911450429452E+002 -0.111565925345925E+001 -0.484088321848774E+001 -0.107536384819057E+002 -0.730905920089398E+004
  0.100000000000000E+001  0.125220658879124E+006 -0.153179038697421E+002  0.569052951719043E+002 -0.198114891536033E+001  0.392670583289774E+001 -0.107536384819057E+002 -0.626103294395621E+005
  0.100000000000000E+001  0.125888201174693E+006  0.121720615079643E+002  0.700232198300121E+002 -0.161268173398450E+001  0.208794961815353E+001 -0.107536384819057E+002 -0.629441005873467E+005
  0.100000000000000E+001  0.797447379413022E+004  0.121342514559115E+002  0.486054004676356E+002 -0.161300264919178E+000 -0.127242224010109E+001 -0.107536384819057E+002 -0.398723689706511E+004
  0.100000000000000E+001  0.114865557756763E+005  0.167156578017485E+002  0.787646477170252E+002 -0.645722383392202E-001 -0.368959098084541E+001 -0.107536384819057E+002 -0.574327788783813E+004
  0.100000000000000E+001  0.224865911065658E+004  0.714084680813151E+000  0.781673794014838E+002 -0.894644155311084E-001 -0.180238114821551E+000 -0.107536384819057E+002 -0.112432955532829E+004
  0.100000000000000E+001  0.175131645326073E+005 -0.220333500430951E+001  0.605095879138794E+002 -0.174206198875069E+001 -0.153729722998693E+001 -0.107536384819057E+002 -0.875658226630367E+004
  0.100000000000000E+001  0.144600171666224E+005  0.172393089172372E+002  0.871355950131588E+002 -0.774854454713765E+000 -0.249058565867945E+001 -0.107536384819057E+002 -0.723000858331119E+004
  0.100000000000000E+001  0.726172484444158E+005 -0.461626001397367E+001  0.972959067034680E+002 -0.191501566695609E+001 -0.430409652522977E+001 -0.107536384819057E+002 -0.363086242222079E+005
  0.100000000000000E+001  0.146779312075264E+005 -0.916028259797824E+001  0.652719765880580E+002 -0.117320072899975E+001 -0.240977536585666E+001 -0.107536384819057E+002 -0.733896560376318E+004
  0.100000000000000E+001  0.128164413072132E+005  0.122162636742719E+001  0.919267005311222E+002 -0.598799025863515E+000 -0.113084715641862E+001 -0.107536384819057E+002 -0.640822065360660E+004
  0.100000000000000E+001  0.135886083892697E+005  0.124459261282975E+002  0.940102122312747E+002 -0.612274553294109E+000 -0.179258016851445E+001 -0.107536384819057E+002 -0.679430419463485E+004
  0.100000000000000E+001  0.146105819985149E+005  0.154927502675806E+002  0.790577798879823E+002 -0.100080351384182E+001 -0.813423669843003E+000 -0.107536384819057E+002 -0.730529099925744E+004
  0.100000000000000E+001  0.170138151918439E+005  0.133710208965646E+002  0.690846496047926E+002 -0.115029488663843E+001  0.617476662647620E+000 -0.107536384819057E+002 -0.850690759592197E+004
  0.100000000000000E+001  0.114379876604057E+005  0.462381990275622E+001  0.596466473197474E+002 -0.777181674643318E+000  0.314966616763831E+000 -0.107536384819057E+002 -0.571899383020284E+004
  0.100000000000000E+001  0.145927044169441E+005 -0.353372347015205E+001  0.990099884359999E+002 -0.847058142616733E+000 -0.479892714722561E+001 -0.107536384819057E+002 -0.729635220847207E+004
  0.100000000000000E+001  0.158546736798368E+005 -0.319322140112074E+001  0.820336142866031E+002 -0.140899010023554E+001  0.449520286747013E+001 -0.107536384819057E+002 -0.792733683991838E+004
  0.100000000000000E+001  0.146105820009462E+005  0.155624369097792E+002  0.424218240676658E+002 -0.100134929099408E+001  0.494815785626059E+001 -0.107536384819057E+002 -0.730529100047310E+004
  0.100000000000000E+001  0.158773982277274E+005 -0.184536923368673E+002  0.820293115662794E+002 -0.146779427471774E+001 -0.811215565148275E+000 -0.107536384819057E+002 -0.793869911386369E+004
  0.100000000000000E+001  0.845394067663008E+005  0.327824646772845E+001  0.546169993372882E+002 -0.173581573885394E+001  0.260468538016863E+000 -0.107536384819057E+002 -0.422697033831504E+005
  0.100000000000000E+001  0.147173523729135E+005 -0.186652086477434E+002  0.617937444574317E+002 -0.142997925551390E+001 -0.293688215978078E+001 -0.107536384819057E+002 -0.735867618645674E+004
  0.100000000000000E+001  0.378154566217939E+005  0.107070953278136E+002  0.846047168794213E+002 -0.119134346796597E+001  0.139566918363913E+001 -0.107536384819057E+002 -0.189077283108969E+005
  0.100000000000000E+001  0.118434271743977E+006  0.147869131275086E+002  0.686972814291881E+002 -0.196818323442484E+001  0.359041232988490E+001 -0.107536384819057E+002 -0.592171358719887E+005
  0.100000000000000E+001  0.105759929214085E+005  0.361488584296486E+001  0.710625012295031E+002 -0.323261197230226E+000 -0.158760340766649E+001 -0.107536384819057E+002 -0.528799646070427E+004
  0.100000000000000E+001  0.374499681025716E+005  0.660249953125399E+001  0.989794801919991E+002 -0.198938420594803E+001 -0.302824932915507E+001 -0.107536384819057E+002 -0.187249840512858E+005
  0.100000000000000E+001  0.146235983782295E+005  0.435436849605007E+001  0.532050588339931E+002 -0.107947452326586E+001 -0.151090773609024E+001 -0.107536384819057E+002 -0.731179918911476E+004
  0.100000000000000E+001  0.117901214908034E+006 -0.326150000063627E+001  0.767951155795941E+002 -0.199918024084736E+001 -0.421263276789508E+001 -0.107536384819057E+002 -0.589506074540170E+005
  0.100000000000000E+001  0.982280138561115E+005 -0.914603311523684E+001  0.960708254105488E+002 -0.145096632265738E+001  0.183318390712001E+001 -0.107536384819057E+002 -0.491140069280558E+005
  0.100000000000000E+001  0.777125423193400E+005  0.162700211853885E+002  0.750420440580302E+002 -0.189369118593282E+001  0.277191963710750E+001 -0.107536384819057E+002 -0.388562711596700E+005
  0.100000000000000E+001  0.151783436345239E+005 -0.146458065917606E+002  0.743354566282615E+002 -0.165650980339603E+001 -0.474687114736385E+001 -0.107536384819057E+002 -0.758917181726197E+004
  0.100000000000000E+001  0.143181051243324E+005  0.103255104089970E+002  0.867952285872887E+002 -0.683423517214871E+000 -0.308611611647796E+001 -0.107536384819057E+002 -0.715905256216622E+004
  0.100000000000000E+001  0.401646666772762E+003  0.805061214669370E+001  0.588970644101266E+002 -0.824039615870471E-001  0.178629010693872E+000 -0.107536384819057E+002 -0.200823333386381E+003
  0.100000000000000E+001  0.221825479644369E+005  0.107962359269471E+002  0.690660689990702E+002 -0.167309157762333E+001  0.484257573284842E+001 -0.107536384819057E+002 -0.110912739822185E+005
  0.100000000000000E+001  0.142108989942091E+005 -0.189343995556242E+002  0.645302448216745E+002 -0.814727333727270E+000 -0.579325282679862E+000 -0.107536384819057E+002 -0.710544949710456E+004
  0.100000000000000E+001  0.532791135273432E+005  0.162463011845213E+002  0.878151020600554E+002 -0.164746956780748E+001 -0.266861962253539E+001 -0.107536384819057E+002 -0.266395567636716E+005
  0.100000000000000E+001  0.438418007034574E+004 -0.155473756965509E+002  0.829649373324938E+002 -0.204838619069825E-001  0.757972721487745E+000 -0.107536384819057E+002 -0.219209003517287E+004
  0.100000000000000E+001  0.139752406868049E+005  0.612332301157263E+001  0.608683820276743E+002 -0.757424391066462E+000 -0.836476941611702E+000 -0.107536384819057E+002 -0.698762034340246E+004
  0.100000000000000E+001  0.999681328235013E+005  0.193906430654662E+002  0.572337251088346E+002 -0.189364617676845E+001  0.293036214814983E+001 -0.107536384819057E+002 -0.499840664117506E+005
  0.100000000000000E+001  0.177158643316174E+005  0.177692485913795E+002  0.459586155130294E+002 -0.158364110769674E+001 -0.335145080758213E+001 -0.107536384819057E+002 -0.885793216580868E+004
  0.100000000000000E+001  0.108371698229964E+006  0.516488806882729E+001  0.618749688145510E+002 -0.137207778856912E+001  0.125397559805546E+001 -0.107536384819057E+002 -0.541858491149820E+005
  0.100000000000000E+001  0.117592691813529E+006 -0.135381681967966E+002  0.888624463178937E+002 -0.174285408083271E+001 -0.338278182860001E+001 -0.107536384819057E+002 -0.587963459067643E+005
  0.100000000000000E+001  0.107765191251619E+006  0.412882506359873E+001  0.654936227808329E+002 -0.125928972909176E+001  0.122932998374432E+001 -0.107536384819057E+002 -0.538825956258093E+005
  0.100000000000000E+001  0.189686078326387E+005 -0.123897636600117E+002  0.470192250972572E+002 -0.968189035248370E+000  0.108965641027128E+001 -0.107536384819057E+002 -0.948430391631937E+004
  0.100000000000000E+001  0.101709157351330E+006 -0.165218812196969E+002  0.449927437984749E+002 -0.189709781692241E+001  0.431587418355374E+001 -0.107536384819057E+002 -0.508545786756649E+005
  0.100000000000000E+001  0.145113984960969E+005  0.149233269029889E+002  0.818591421124790E+002 -0.859019388048669E+000 -0.115685350921347E+001 -0.107536384819057E+002 -0.725569924804844E+004
  0.100000000000000E+001  0.856986551101831E+005  0.114963475850173E+002  0.666987319548144E+002 -0.162634783020735E+001 -0.275696598077604E+001 -0.107536384819057E+002 -0.428493275550915E+005
  0.100000000000000E+001  0.125456907110904E+005 -0.175622110823022E+002  0.524204611805798E+002 -0.403684448665232E+000 -0.239072249334673E+001 -0.107536384819057E+002 -0.627284535554521E+004
  0.100000000000000E+001  0.101413497596755E+006  0.359442820233987E+000  0.969941253599277E+002 -0.192456363893385E+001  0.308866204216378E+001 -0.107536384819057E+002 -0.507067487983773E+005
  0.100000000000000E+001  0.894418245066888E+005  0.194273134222656E+002  0.990927873692726E+002 -0.124400560137190E+001  0.941425576674492E+000 -0.107536384819057E+002 -0.447209122533444E+005
  0.100000000000000E+001  0.142323115169805E+005  0.139250300269233E+002  0.901127502616049E+002 -0.694020617012733E+000 -0.239335757112045E+001 -0.107536384819057E+002 -0.711615575849027E+004
  0.100000000000000E+001  0.145199027768030E+005  0.504870236488859E+001  0.821781173582812E+002 -0.843357445821026E+000 -0.164066430463199E+001 -0.107536384819057E+002 -0.725995138840149E+004
  0.100000000000000E+001  0.152425564500432E+005  0.178946302716838E+002  0.796419169276575E+002 -0.168694512072457E+001 -0.499918343494724E+001 -0.107536384819057E+002 -0.762127822502160E+004
  0.100000000000000E+001  0.318931358303372E+003  0.176835810612997E+002  0.950695236826428E+002 -0.708946793902243E-001  0.202033450574335E+000 -0.107536384819057E+002 -0.159465679151686E+003
  0.100000000000000E+001  0.146454334368301E+005 -0.186707795762099E+002  0.813740965279688E+002 -0.109283948940796E+001  0.300421180040801E+001 -0.107536384819057E+002 -0.732271671841505E+004
  0.100000000000000E+001  0.376813782632975E+005  0.901275468658568E+001  0.760540896970457E+002 -0.179013138443722E+001  0.465775640853407E+001 -0.107536384819057E+002 -0.188406891316488E+005
  0.100000000000000E+001  0.149348595460148E+005 -0.805905417155298E+001  0.724351306980395E+002 -0.126108082751107E+001  0.423509652825928E+001 -0.107536384819057E+002 -0.746742977300741E+004
  0.100000000000000E+001  0.227313234661567E+005  0.419443936313549E+001  0.451655889860582E+002 -0.187833937093373E+001 -0.146289849558995E+001 -0.107536384819057E+002 -0.113656617330783E+005
  0.100000000000000E+001  0.150132713426384E+005  0.291957293893907E+001  0.735762408272125E+002 -0.130236753343628E+001  0.465512604316067E+001 -0.107536384819057E+002 -0.750663567131921E+004
  0.100000000000000E+001  0.146093863953740E+005 -0.147606317947394E+002  0.625144239410082E+002 -0.946363777645747E+000 -0.368984145756207E+001 -0.107536384819057E+002 -0.730469319768698E+004
  0.100000000000000E+001  0.727610710348970E+005 -0.213550734693201E+001  0.776239047662784E+002 -0.165229657984549E+001  0.184698258569801E+001 -0.107536384819057E+002 -0.363805355174485E+005
  0.100000000000000E+001  0.563754878283186E+004 -0.160128050397510E+002  0.722038648350009E+002 -0.240314235135267E+000 -0.539942946754328E+000 -0.107536384819057E+002 -0.281877439141593E+004
  0.100000000000000E+001  0.139380769630508E+005  0.716935205029349E+001  0.748623003543777E+002 -0.641850731893993E+000 -0.213558534722605E+001 -0.107536384819057E+002 -0.696903848152541E+004
  0.100000000000000E+001  0.110233408157089E+006 -0.142692382700585E+002  0.880572468365352E+002 -0.182053291167542E+001  0.199653036459577E+001 -0.107536384819057E+002 -0.551167040785447E+005
  0.100000000000000E+001  0.110015312311834E+006 -0.149132573225942E+002  0.943492320308129E+002 -0.142968807159998E+001 -0.198851179223791E+001 -0.107536384819057E+002 -0.550076561559170E+005
  0.100000000000000E+001  0.143012248127562E+005 -0.924733865186066E+001  0.744597927052505E+002 -0.595153864035573E+000 -0.469068958941024E+001 -0.107536384819057E+002 -0.715061240637811E+004
  0.100000000000000E+001  0.104605759233752E+006  0.122708114290255E+002  0.438536008070676E+002 -0.199411000687970E+001  0.492373939557343E+001 -0.107536384819057E+002 -0.523028796168762E+005
  0.100000000000000E+001  0.145045186108847E+005  0.325104470888607E+001  0.818478193781289E+002 -0.847910313634010E+000 -0.133331443871054E+001 -0.107536384819057E+002 -0.725225930544237E+004
  0.100000000000000E+001  0.120849468517166E+005  0.114831537852594E+002  0.970945624092700E+002 -0.513258966569758E-001 -0.454428845053856E+001 -0.107536384819057E+002 -0.604247342585832E+004
  0.100000000000000E+001  0.320771311374002E+005 -0.541159855707055E+001  0.649328836612634E+002 -0.174550109517540E+001 -0.268968514890644E+001 -0.107536384819057E+002 -0.160385655687001E+005
  0.100000000000000E+001  0.629075385555674E+004  0.342849452556803E+001  0.972002361565620E+002 -0.247414632977814E+000 -0.642739080214925E+000 -0.107536384819057E+002 -0.314537692777837E+004
  0.100000000000000E+001  0.221972207102518E+005 -0.189909254084788E+002  0.795869860255322E+002 -0.156709207355729E+001  0.391691550694652E+001 -0.107536384819057E+002 -0.110986103551259E+005
  0.100000000000000E+001  0.260406343190199E+004 -0.354420275904797E+001  0.592468945486910E+002 -0.705654732875496E-001 -0.258714208309657E+000 -0.107536384819057E+002 -0.130203171595099E+004
  0.100000000000000E+001  0.123785338501398E+005 -0.103424896495974E+002  0.954919586275783E+002 -0.510526275639628E+000 -0.146712073765090E+001 -0.107536384819057E+002 -0.618926692506991E+004
  0.100000000000000E+001  0.118557599354307E+006  0.116522177478523E+002  0.761761861480891E+002 -0.139029331496165E+001  0.546809551427864E+000 -0.107536384819057E+002 -0.592787996771537E+005
  0.100000000000000E+001  0.120142667762623E+005 -0.112167150690308E+002  0.432470319486920E+002 -0.461843844686597E+000 -0.155867075115760E+001 -0.107536384819057E+002 -0.600713338813113E+004
  0.100000000000000E+001  0.385201449185036E+003  0.126118067934010E+002  0.811217689739954E+002 -0.724689618366543E-001  0.182397217017733E+000 -0.107536384819057E+002 -0.192600724592518E+003
  0.100000000000000E+001  0.169101391201139E+005  0.101713640647155E+002  0.672211670311159E+002 -0.837637224543163E+000  0.194596102661298E+001 -0.107536384819057E+002 -0.845506956005696E+004
  0.100000000000000E+001  0.721576113163071E+005 -0.186740421843464E+002  0.702120710300281E+002 -0.194550661309528E+001 -0.782849578827406E+000 -0.107536384819057E+002 -0.360788056581536E+005
  0.100000000000000E+001  0.121039507559227E+005 -0.234415740498293E+001  0.697358469951923E+002 -0.769823232454639E+000  0.185302032057569E+000 -0.107536384819057E+002 -0.605197537796136E+004
  0.100000000000000E+001  0.303550964833379E+005 -0.188620351177477E+002  0.709125653789998E+002 -0.176057337037287E+001 -0.112115810292003E+001 -0.107536384819057E+002 -0.151775482416690E+005
  0.100000000000000E+001  0.102804842516049E+006  0.221976049212966E+000  0.679234308812727E+002 -0.192947953669854E+001  0.405165938138936E+001 -0.107536384819057E+002 -0.514024212580244E+005
  0.100000000000000E+001  0.266320534843952E+005  0.117308478889616E+002  0.659372816401413E+002 -0.160115303689109E+001 -0.225598668605245E+001 -0.107536384819057E+002 -0.133160267421976E+005
  0.100000000000000E+001  0.142308529066557E+005  0.138605481615448E+002  0.554087558048546E+002 -0.611464504437107E+000 -0.380345809575197E+001 -0.107536384819057E+002 -0.711542645332784E+004
  0.100000000000000E+001  0.119349402438570E+006  0.610721488441338E+001  0.862722154235955E+002 -0.192624101048261E+001  0.142554691995345E+001 -0.107536384819057E+002 -0.596747012192848E+005
  0.100000000000000E+001  0.232708249879556E+005  0.568063114681716E+001  0.612555251168779E+002 -0.198485422510138E+001 -0.159237442979274E+001 -0.107536384819057E+002 -0.116354124939778E+005
  0.100000000000000E+001  0.113228084784618E+005  0.149268374874008E+000  0.405134713692790E+002 -0.323137105936980E+000 -0.197950107694549E+001 -0.107536384819057E+002 -0.566140423923092E+004
  0.100000000000000E+001  0.146106145790539E+005  0.143637768801929E+002  0.728025659261077E+002 -0.100629252267383E+001 -0.136786979635360E+000 -0.107536384819057E+002 -0.730530728952696E+004
  0.100000000000000E+001  0.146106234687302E+005  0.150112591642755E+002  0.417972644867591E+002 -0.101550141364923E+001  0.491915341441954E+001 -0.107536384819057E+002 -0.730531173436511E+004
  0.100000000000000E+001  0.137697663866356E+005  0.107161659842743E+002  0.916957987895594E+002 -0.864857161747644E+000  0.321174072249628E+000 -0.107536384819057E+002 -0.688488319331778E+004
  0.100000000000000E+001  0.149598485754866E+005  0.919682470747054E+001  0.977846626525118E+002 -0.149095645957575E+001 -0.415862227937904E+001 -0.107536384819057E+002 -0.747992428774328E+004
  0.100000000000000E+001  0.145953638447236E+005  0.183926589253171E+002  0.536262903867228E+002 -0.861228355223478E+000 -0.443814644459785E+001 -0.107536384819057E+002 -0.729768192236180E+004
  0.100000000000000E+001  0.145748791925864E+005 -0.795814637649112E+001  0.477367822444128E+002 -0.854890380138539E+000  0.279803677654814E+001 -0.107536384819057E+002 -0.728743959629322E+004
  0.100000000000000E+001  0.146924753692168E+005  0.461773233059005E+001  0.838988790135976E+002 -0.115734197778440E+001 -0.839709190071520E+000 -0.107536384819057E+002 -0.734623768460838E+004
  0.100000000000000E+001  0.212487234952065E+005  0.192541178548931E+002  0.719931027359622E+002 -0.185335619939586E+001 -0.493881896933345E+001 -0.107536384819057E+002 -0.106243617476033E+005
  0.100000000000000E+001  0.670883760687772E+005 -0.101717410358705E+002  0.821113402998776E+002 -0.190857875055814E+001 -0.341256807553968E+001 -0.107536384819057E+002 -0.335441880343886E+005
  0.100000000000000E+001  0.558296897331085E+005  0.126816846378107E+002  0.530074188918725E+002 -0.135032125320772E+001  0.398504255793423E+000 -0.107536384819057E+002 -0.279148448665542E+005
  0.100000000000000E+001  0.128369366488694E+005  0.137726705783644E+002  0.833632510735700E+002 -0.406428336431877E+000 -0.269730857846516E+001 -0.107536384819057E+002 -0.641846832443468E+004
  0.100000000000000E+001  0.339935225835787E+005  0.166356900057641E+001  0.716641438630842E+002 -0.177679653028902E+001 -0.392876304089467E+001 -0.107536384819057E+002 -0.169967612917893E+005
  0.100000000000000E+001  0.146108493524902E+005 -0.110278450571062E+002  0.700276632691264E+002 -0.103096747371150E+001 -0.333199216912077E+001 -0.107536384819057E+002 -0.730542467624510E+004
  0.100000000000000E+001  0.146078343921182E+005  0.271789354794875E+001  0.450731200185525E+002 -0.975497272674165E+000  0.441014042786945E-001 -0.107536384819057E+002 -0.730391719605910E+004
  0.100000000000000E+001  0.143389308915208E+005 -0.860718853781053E+001  0.558649633245534E+002 -0.893698205443879E+000  0.150375549932243E+000 -0.107536384819057E+002 -0.716946544576038E+004
  0.100000000000000E+001  0.113921272162212E+006 -0.483129968708909E-001  0.961469461429958E+002 -0.171560205494413E+001 -0.336768378531579E+001 -0.107536384819057E+002 -0.569606360811061E+005
  0.100000000000000E+001  0.117418810419903E+006  0.165192131278747E+002  0.571432215403642E+002 -0.178255920639773E+001  0.116581527309785E+001 -0.107536384819057E+002 -0.587094052099515E+005
  0.100000000000000E+001  0.945009567985873E+005 -0.358400057754393E+001  0.904648669766976E+002 -0.157716107769799E+001  0.111748242179218E+001 -0.107536384819057E+002 -0.472504783992936E+005
  0.100000000000000E+001  0.146953655175749E+005  0.160084812689133E+002  0.619655941565530E+002 -0.123234447586816E+001 -0.149481390118828E+001 -0.107536384819057E+002 -0.734768275878743E+004
  0.100000000000000E+001  0.146113068098101E+005  0.167638376461771E+002  0.651320680421408E+002 -0.103175950128786E+001 -0.172948752499689E+001 -0.107536384819057E+002 -0.730565340490503E+004
  0.100000000000000E+001  0.148842713162336E+005 -0.166452381427161E+002  0.744316527617756E+002 -0.140707087535408E+001 -0.432934119697718E+001 -0.107536384819057E+002 -0.744213565811680E+004
  0.100000000000000E+001  0.103670517601604E+005 -0.179872055720396E+002  0.559841157096010E+002 -0.641408879678300E+000 -0.972201538666067E-001 -0.107536384819057E+002 -0.518352588008022E+004
  0.100000000000000E+001  0.141504281497254E+005  0.178784602440779E+002  0.454677082141335E+002 -0.835809340467188E+000 -0.229679621480815E+000 -0.107536384819057E+002 -0.707521407486270E+004
  0.100000000000000E+001  0.145921097628415E+005 -0.968398486113264E+001  0.614248712046421E+002 -0.951146986534848E+000 -0.348814485561091E-001 -0.107536384819057E+002 -0.729605488142076E+004
  0.100000000000000E+001  0.106511292962070E+006 -0.296647300325434E+001  0.746475007792404E+002 -0.189239595569229E+001  0.339039210823838E+000 -0.107536384819057E+002 -0.532556464810352E+005
  0.100000000000000E+001  0.756070647541037E+004 -0.347240143829603E+001  0.582269506133580E+002 -0.679793710472997E+000  0.310230498868168E+000 -0.107536384819057E+002 -0.378035323770519E+004
  0.100000000000000E+001  0.161527775189070E+005 -0.504634467073075E+001  0.696973619601082E+002 -0.146134690528965E+001  0.484404754166397E+001 -0.107536384819057E+002 -0.807638875945351E+004
  0.100000000000000E+001  0.146775649395762E+005  0.827873959859469E+001  0.824477522730798E+002 -0.115229246075163E+001  0.406138370177206E+001 -0.107536384819057E+002 -0.733878246978808E+004
  0.100000000000000E+001  0.146105855426970E+005 -0.116887704570683E+002  0.859139588711678E+002 -0.100657765184066E+001 -0.266266185882802E+001 -0.107536384819057E+002 -0.730529277134850E+004
  0.100000000000000E+001  0.117299843505869E+006  0.483340072950540E+001  0.977230768286771E+002 -0.188387769194343E+001  0.119023968175481E+001 -0.107536384819057E+002 -0.586499217529345E+005
  0.100000000000000E+001  0.108130163591257E+006  0.982697486168815E+001  0.795552324223054E+002 -0.121624347476703E+001  0.255884719920103E+000 -0.107536384819057E+002 -0.540650817956284E+005
  0.100000000000000E+001  0.856910625924027E+005  0.143427492823545E+002  0.400119052181685E+002 -0.144330136932903E+001  0.881958312661801E-001 -0.107536384819057E+002 -0.428455312962013E+005
  0.100000000000000E+001  0.153533622273178E+005  0.849872837877583E+001  0.802016351814269E+002 -0.125960339656490E+001  0.318536380966139E+001 -0.107536384819057E+002 -0.767668111365888E+004
  0.100000000000000E+001  0.149423342689885E+005 -0.167304639000769E+002  0.807281507456698E+002 -0.145900802755400E+001 -0.421200702993062E+001 -0.107536384819057E+002 -0.747116713449424E+004
  0.100000000000000E+001  0.129529470668821E+005  0.313825547330298E+001  0.602224035246552E+002 -0.602238523904985E+000 -0.120344290116677E+001 -0.107536384819057E+002 -0.647647353344103E+004
  0.100000000000000E+001  0.993236450056444E+005  0.671300105782078E+001  0.858951520273408E+002 -0.141091183349722E+001  0.452337620704515E+000 -0.107536384819057E+002 -0.496618225028222E+005
  0.100000000000000E+001  0.953242700260178E+004 -0.140285070020053E+002  0.407929619406258E+002 -0.679404803471171E+000  0.150966940499757E+000 -0.107536384819057E+002 -0.476621350130089E+004
  0.100000000000000E+001  0.790166775799612E+005  0.698414174767535E+001  0.539904267851983E+002 -0.164398349870350E+001  0.447941524880764E+000 -0.107536384819057E+002 -0.395083387899806E+005
  0.100000000000000E+001  0.411248325328196E+004 -0.133388904852322E+002  0.997988400076982E+002 -0.244380919544001E+000 -0.291965500728491E+000 -0.107536384819057E+002 -0.205624162664098E+004
  0.100000000000000E+001  0.551138912417378E+005 -0.124206463972431E+002  0.603136460192040E+002 -0.144333408329307E+001 -0.214083038449842E+001 -0.107536384819057E+002 -0.275569456208689E+005
  0.100000000000000E+001  0.149493565031256E+005  0.181495840210787E+002  0.775219531568977E+002 -0.124130966138380E+001 -0.203206170167158E-001 -0.107536384819057E+002 -0.747467825156279E+004
  0.100000000000000E+001  0.478381387714255E+005 -0.171993293852489E+002  0.403488748467059E+002 -0.168570132260166E+001  0.365580374285855E+001 -0.107536384819057E+002 -0.239190693857128E+005
  0.100000000000000E+001  0.307648348795055E+005  0.337411901815287E+000  0.863481230137463E+002 -0.164564511057427E+001  0.387368080739534E+001 -0.107536384819057E+002 -0.153824174397527E+005
  0.100000000000000E+001  0.142086955795540E+005 -0.220190584650862E+001  0.686175662616464E+002 -0.816058207420066E+000 -0.558241763257151E+000 -0.107536384819057E+002 -0.710434778977702E+004
  0.100000000000000E+001  0.119204156102003E+006  0.627912280472204E+001  0.581629577801547E+002 -0.187870694302437E+001  0.135740256143006E+001 -0.107536384819057E+002 -0.596020780510017E+005
  0.100000000000000E+001  0.146698494735428E+005 -0.906152131685537E+001  0.950135465564332E+002 -0.123739355588387E+001 -0.493786773184368E+001 -0.107536384819057E+002 -0.733492473677139E+004
  0.100000000000000E+001  0.110127810610959E+006 -0.753785303327573E+001  0.566407816758067E+002 -0.154005940945203E+001  0.120905952941962E+001 -0.107536384819057E+002 -0.550639053054797E+005
  0.100000000000000E+001  0.146518649547468E+005 -0.159479026521348E+001  0.563169005634774E+002 -0.111225446259738E+001  0.345308987549027E+001 -0.107536384819057E+002 -0.732593247737340E+004
  0.100000000000000E+001  0.145899067462752E+005 -0.991547179596465E+001  0.780313466880685E+002 -0.854031698707225E+000 -0.402601445553241E+001 -0.107536384819057E+002 -0.729495337313760E+004
  0.100000000000000E+001  0.147205537943053E+005 -0.139912581397044E+002  0.723440829557911E+002 -0.119934382903335E+001 -0.131225142431582E+001 -0.107536384819057E+002 -0.736027689715267E+004
  0.100000000000000E+001  0.138990581557395E+005 -0.815118812367667E+001  0.786584845449212E+002 -0.709586661127894E+000 -0.124500904259116E+001 -0.107536384819057E+002 -0.694952907786975E+004
  0.100000000000000E+001  0.101487831534116E+005 -0.446508340566991E+001  0.884141594214917E+002 -0.993354575783412E-001 -0.242858927410253E+001 -0.107536384819057E+002 -0.507439157670581E+004
  0.100000000000000E+001  0.145531135791867E+005 -0.966057564919759E+001  0.797608309652332E+002 -0.916648482315800E+000 -0.299509260922307E+000 -0.107536384819057E+002 -0.727655678959337E+004
  0.100000000000000E+001  0.735814335654141E+003  0.959893516252581E+001  0.676184582940840E+002 -0.484009065799675E+000  0.372281885377270E+000 -0.107536384819057E+002 -0.367907167827070E+003
  0.100000000000000E+001  0.116228997763710E+006  0.165277127236237E+002  0.620216300908136E+002 -0.166174419129639E+001 -0.421279486918944E+000 -0.107536384819057E+002 -0.581144988818552E+005
  0.100000000000000E+001  0.117770391708847E+006  0.190609377550481E+002  0.538676405131753E+002 -0.148616096924959E+001 -0.224961664553690E+001 -0.107536384819057E+002 -0.588851958544234E+005
  0.100000000000000E+001  0.146001890266830E+005  0.149577991575784E+002  0.504135100293611E+002 -0.930024687332081E+000  0.334767245373471E+001 -0.107536384819057E+002 -0.730009451334149E+004
  0.100000000000000E+001  0.145762933714940E+005 -0.116563215477627E+002  0.488205181123236E+002 -0.859820098830940E+000  0.465430952416727E+001 -0.107536384819057E+002 -0.728814668574698E+004
  0.100000000000000E+001  0.119824848567946E+006  0.940499398564742E+001  0.941944460081428E+002 -0.175908952808422E+001 -0.327645318565766E+000 -0.107536384819057E+002 -0.599124242839729E+005
  0.100000000000000E+001  0.102455287266967E+006  0.340529060465916E+001  0.897525327496633E+002 -0.142197468454259E+001 -0.250318517618410E+000 -0.107536384819057E+002 -0.512276436334836E+005
  0.100000000000000E+001  0.146107383878943E+005  0.945069966812533E+001  0.855682651760380E+002 -0.102433181101348E+001 -0.294554670386649E+001 -0.107536384819057E+002 -0.730536919394713E+004
  0.100000000000000E+001  0.722026484120714E+004 -0.179864304141188E+002  0.773094746289759E+002 -0.383644287392314E+000 -0.464004218724446E+000 -0.107536384819057E+002 -0.361013242060357E+004
  0.100000000000000E+001  0.149630355877573E+005 -0.309246870252014E+001  0.465941927765566E+002 -0.155259502524696E+001 -0.400465582611005E+001 -0.107536384819057E+002 -0.748151779387863E+004
  0.100000000000000E+001  0.792595584412777E+005  0.505402063461745E+001  0.717594477850128E+002 -0.141633733872025E+001  0.122100799013102E+000 -0.107536384819057E+002 -0.396297792206389E+005
  0.100000000000000E+001  0.145977429205123E+005  0.119525139141927E+002  0.732455582984779E+002 -0.969868597589614E+000  0.157282832789135E+001 -0.107536384819057E+002 -0.729887146025616E+004
  0.100000000000000E+001  0.146337418319395E+005  0.175802635546007E+002  0.562357162395423E+002 -0.116951322531017E+001 -0.484722324133546E+001 -0.107536384819057E+002 -0.731687091596973E+004
  0.100000000000000E+001  0.137510122746263E+005 -0.114735150806796E+002  0.543354096972179E+002 -0.623091906592518E+000 -0.195121378169659E+001 -0.107536384819057E+002 -0.687550613731317E+004
  0.100000000000000E+001  0.147185583575716E+005 -0.138861095196639E+002  0.637231744394756E+002 -0.140954389598189E+001 -0.283490154878047E+001 -0.107536384819057E+002 -0.735927917878580E+004
  0.100000000000000E+001  0.150322145077997E+005 -0.710021169500581E+001  0.622884888427406E+002 -0.114470603178122E+001  0.216847540114057E+001 -0.107536384819057E+002 -0.751610725389987E+004
  0.100000000000000E+001  0.169823101737997E+005 -0.407705357332274E+001  0.983663186419074E+002 -0.138263433532132E+001  0.340646325879400E+001 -0.107536384819057E+002 -0.849115508689984E+004
  0.100000000000000E+001  0.134973179740417E+005  0.131398273556803E+002  0.578391736629617E+002 -0.522576653693354E+000 -0.257989482679640E+001 -0.107536384819057E+002 -0.674865898702087E+004
  0.100000000000000E+001  0.102494069986893E+006  0.638998425149920E+001  0.712633778865986E+002 -0.189612663961726E+001 -0.369840617000982E+001 -0.107536384819057E+002 -0.512470349934463E+005
  0.100000000000000E+001  0.111834436295721E+006 -0.560953130278933E+001  0.932216524217348E+002 -0.153809765474585E+001  0.220068685006007E+001 -0.107536384819057E+002 -0.559172181478603E+005
  0.100000000000000E+001  0.146306688685984E+005 -0.187727704577298E+002  0.639649367925827E+002 -0.110546641544016E+001 -0.207528779493602E+001 -0.107536384819057E+002 -0.731533443429921E+004
  0.100000000000000E+001  0.100214294608558E+006  0.234351804864564E+001  0.946869211184423E+002 -0.180124875885549E+001  0.214731584312073E+001 -0.107536384819057E+002 -0.501071473042792E+005
  0.100000000000000E+001  0.148990769118298E+005 -0.176126435510456E+002  0.674122383117362E+002 -0.125278095144037E+001  0.425490131403442E+001 -0.107536384819057E+002 -0.744953845591488E+004
  0.100000000000000E+001  0.146189368481519E+005 -0.673949304150696E+001  0.528874729488689E+002 -0.105740758291809E+001 -0.930406538874673E+000 -0.107536384819057E+002 -0.730946842407594E+004
  0.100000000000000E+001  0.148953205928267E+005  0.102085522589322E+002  0.910834600190145E+002 -0.141671430706751E+001 -0.435296043059576E+001 -0.107536384819057E+002 -0.744766029641335E+004
  0.100000000000000E+001  0.147390557844563E+005  0.497186746581339E+001  0.805604554455486E+002 -0.125403009298401E+001 -0.180432298890787E+001 -0.107536384819057E+002 -0.736952789222813E+004
  0.100000000000000E+001  0.873782281722756E+005 -0.114757380827555E+002  0.902456913399234E+002 -0.118995930296880E+001  0.314452856446880E+000 -0.107536384819057E+002 -0.436891140861378E+005
  0.100000000000000E+001  0.144881280514074E+005 -0.663925755356949E+001  0.595968186930425E+002 -0.713036816715679E+000 -0.456332853799022E+001 -0.107536384819057E+002 -0.724406402570371E+004
  0.100000000000000E+001  0.155620493940794E+005 -0.463705967400574E+001  0.999148763172711E+002 -0.117617989221666E+001  0.208390680583676E+001 -0.107536384819057E+002 -0.778102469703972E+004
  0.100000000000000E+001  0.748134432565471E+005  0.395865460654743E+000  0.500066731812859E+002 -0.180984740070492E+001  0.564088232370495E+000 -0.107536384819057E+002 -0.374067216282736E+005
  0.100000000000000E+001  0.352270317845156E+005 -0.165379606504466E+002  0.438896502370223E+002 -0.176799737011449E+001 -0.388351875047983E+001 -0.107536384819057E+002 -0.176135158922578E+005
  0.100000000000000E+001  0.457363730086946E+002  0.599873445547309E+001  0.505476087070030E+002 -0.480366223557267E+000  0.466458722327060E+000 -0.107536384819057E+002 -0.228681865043473E+002
  0.100000000000000E+001  0.148603203925902E+005 -0.191348912150229E+002  0.811549907463343E+002 -0.137178540526103E+001 -0.320562482714442E+001 -0.107536384819057E+002 -0.743016019629512E+004
  0.100000000000000E+001  0.305113295967769E+005 -0.150467309581005E+002  0.904969235306662E+002 -0.127532420769017E+001  0.385749346886412E+000 -0.107536384819057E+002 -0.152556647983885E+005
  0.100000000000000E+001  0.827426075287383E+004  0.106554188864993E+002  0.936298925836875E+002 -0.818246860922416E-001 -0.161753060759427E+001 -0.107536384819057E+002 -0.413713037643692E+004
  0.100000000000000E+001  0.771353477438198E+004  0.407382559266107E+001  0.978243989979226E+002 -0.455266156242812E+000 -0.338613460493279E+000 -0.107536384819057E+002 -0.385676738719099E+004
  0.100000000000000E+001  0.146105109251546E+005  0.402302865991233E+001  0.872097367161165E+002 -0.981795045061226E+000 -0.280969162390465E+001 -0.107536384819057E+002 -0.730525546257728E+004
  0.100000000000000E+001  0.146105791753230E+005  0.121809467659453E+001  0.859662443105690E+002 -0.997018901137779E+000  0.226382806375064E+001 -0.107536384819057E+002 -0.730528958766149E+004
  0.100000000000000E+001  0.920551806149994E+005 -0.751974171714909E+001  0.824639677137579E+002 -0.150971599759277E+001  0.824384797523297E+000 -0.107536384819057E+002 -0.460275903074997E+005
  0.100000000000000E+001  0.113697598346519E+005 -0.117806548053132E+002  0.791394447789528E+002 -0.999074123046784E-001 -0.334874106749120E+001 -0.107536384819057E+002 -0.568487991732593E+004
  0.100000000000000E+001  0.145971053797769E+005 -0.151356500953124E+002  0.931788870473355E+002 -0.918383612833417E+000  0.359577484302775E+001 -0.107536384819057E+002 -0.729855268988846E+004
  0.100000000000000E+001  0.145644887264899E+005 -0.131673522747036E+002  0.931350402660748E+002 -0.880934631693861E+000 -0.147331766242361E+001 -0.107536384819057E+002 -0.728224436324494E+004
  0.100000000000000E+001  0.142999861151609E+005  0.121292257551628E+002  0.731659780972788E+002 -0.695627970912629E+000 -0.273659580146818E+001 -0.107536384819057E+002 -0.714999305758043E+004
  0.100000000000000E+001  0.118200723371312E+006 -0.133305453980992E+002  0.595901799164088E+002 -0.176850972451073E+001  0.110662375114831E+001 -0.107536384819057E+002 -0.591003616856560E+005
  0.100000000000000E+001  0.147246202920221E+005  0.144250479393453E+002  0.431095511709729E+002 -0.126240370171247E+001 -0.379653270946965E+001 -0.107536384819057E+002 -0.736231014601106E+004
  0.100000000000000E+001  0.889799911268014E+005 -0.102566609668171E+002  0.776615843934518E+002 -0.147129422531186E+001  0.660331530479699E-001 -0.107536384819057E+002 -0.444899955634007E+005
  0.100000000000000E+001  0.149602504089119E+005 -0.347664883123205E+000  0.697257469039649E+002 -0.108711961987792E+001  0.159412830861238E+001 -0.107536384819057E+002 -0.748012520445596E+004
  0.100000000000000E+001  0.145498625707692E+005  0.607362188895774E+000  0.927998172360351E+002 -0.806896470488157E+000 -0.342286815395777E+001 -0.107536384819057E+002 -0.727493128538461E+004
  0.100000000000000E+001  0.145999190490478E+005 -0.137236995297528E+002  0.780320120406643E+002 -0.884014243998240E+000 -0.397311164242274E+001 -0.107536384819057E+002 -0.729995952452389E+004
  0.100000000000000E+001  0.851948510632630E+004 -0.147985813422300E+002  0.982876117361586E+002 -0.375253939393056E+000 -0.733796995697795E+000 -0.107536384819057E+002 -0.425974255316315E+004
  0.100000000000000E+001  0.146352389749973E+005  0.171793003196329E+002  0.786927314522113E+002 -0.116058478962873E+001 -0.421758124616972E+001 -0.107536384819057E+002 -0.731761948749863E+004
  0.100000000000000E+001  0.470276856306245E+005 -0.307730534827716E+001  0.642757305701754E+002 -0.180273405369720E+001  0.447109285351424E+001 -0.107536384819057E+002 -0.235138428153123E+005
  0.100000000000000E+001  0.141585693128786E+005  0.657118132210488E+001  0.931479834354794E+002 -0.676217811927677E+000 -0.235319478360604E+001 -0.107536384819057E+002 -0.707928465643931E+004
  0.100000000000000E+001  0.114520489013423E+006  0.889688976535948E+001  0.523808020302321E+002 -0.169473553277281E+001 -0.317282307624263E+001 -0.107536384819057E+002 -0.572602445067117E+005
  0.100000000000000E+001  0.139790202308039E+005 -0.110947735652350E+002  0.439150781521750E+002 -0.905893722961604E+000  0.535878180811688E+000 -0.107536384819057E+002 -0.698951011540196E+004
  0.100000000000000E+001  0.146175641738442E+005 -0.192116209520589E+002  0.794364626971106E+002 -0.110520187363393E+001 -0.426588903197838E+001 -0.107536384819057E+002 -0.730878208692208E+004
  0.100000000000000E+001  0.115366479887778E+006 -0.711534141014791E+001  0.895777903742733E+002 -0.197273857461966E+001  0.373181837361049E+001 -0.107536384819057E+002 -0.576832399438890E+005
  0.100000000000000E+001  0.253739583433888E+005 -0.145523107562580E+001  0.823118155153873E+002 -0.122299266005518E+001  0.461378318388660E+000 -0.107536384819057E+002 -0.126869791716944E+005
  0.100000000000000E+001  0.102751813345335E+006 -0.194568608199168E+002  0.686397543423201E+002 -0.176074172639408E+001  0.128441195946343E+001 -0.107536384819057E+002 -0.513759066726673E+005
  0.100000000000000E+001  0.101011312998566E+006 -0.166133607137935E+002  0.516394881433426E+002 -0.148913005319668E+001  0.179465125628352E+001 -0.107536384819057E+002 -0.505056564992829E+005
  0.100000000000000E+001  0.106268381396216E+006 -0.904886557342146E+001  0.570011558779367E+002 -0.178733992940214E+001 -0.343260893829211E+001 -0.107536384819057E+002 -0.531341906981081E+005
  0.100000000000000E+001  0.234169287053974E+005  0.835303586531922E+001  0.484427619147778E+002 -0.152728012181926E+001  0.347598054272757E+001 -0.107536384819057E+002 -0.117084643526987E+005
  0.100000000000000E+001  0.140622957720570E+005  0.151942697206779E+002  0.540875165326994E+002 -0.622605398202978E+000 -0.277888558379086E+001 -0.107536384819057E+002 -0.703114788602849E+004
  0.100000000000000E+001  0.147760012321515E+005 -0.101004840164547E+002  0.503662897000065E+002 -0.134007094657376E+001 -0.254145125781876E+001 -0.107536384819057E+002 -0.738800061607577E+004
  0.100000000000000E+001  0.392627741479962E+004 -0.134259265855056E+002  0.614960854656153E+002 -0.627009494318784E+000  0.388113857048671E+000 -0.107536384819057E+002 -0.196313870739981E+004
  0.100000000000000E+001  0.382445145357706E+005  0.893028347875929E+001  0.850739578341756E+002 -0.170807353526000E+001  0.403336850519324E+001 -0.107536384819057E+002 -0.191222572678853E+005
  0.100000000000000E+001  0.180534941709278E+005  0.160173541589560E+002  0.641014227243127E+002 -0.169029019940611E+001 -0.208852822019856E+001 -0.107536384819057E+002 -0.902674708546390E+004
  0.100000000000000E+001  0.130549650703231E+005 -0.627955866724727E+001  0.934219403119819E+002 -0.244352289654315E+000 -0.458918691235920E+001 -0.107536384819057E+002 -0.652748253516156E+004
  0.100000000000000E+001  0.147589880207763E+005 -0.995354353171481E+001  0.783529950298474E+002 -0.131581495790070E+001 -0.447412780682432E+001 -0.107536384819057E+002 -0.737949401038814E+004
  0.100000000000000E+001  0.120051146573717E+005 -0.121864698609305E+002  0.823185611600578E+002 -0.142945431476140E+000 -0.375098327211659E+001 -0.107536384819057E+002 -0.600255732868586E+004
  0.100000000000000E+001  0.146650271168758E+005 -0.292176507638108E+001  0.800824890307915E+002 -0.109404656776579E+001 -0.427920847465066E+000 -0.107536384819057E+002 -0.733251355843788E+004
  0.100000000000000E+001  0.236471631387351E+004 -0.147926393702708E+002  0.459026827783924E+002 -0.163217442535058E+000  0.595588820735726E+000 -0.107536384819057E+002 -0.118235815693676E+004
  0.100000000000000E+001  0.137028608258311E+005 -0.325523716315246E-002  0.981116372641943E+002 -0.563442403199633E+000 -0.253528003461807E+001 -0.107536384819057E+002 -0.685143041291555E+004
  0.100000000000000E+001  0.114913776057208E+005 -0.761427998988118E+000  0.497321493595872E+002 -0.716806662223376E+000  0.412732676037129E-001 -0.107536384819057E+002 -0.574568880286041E+004
  0.100000000000000E+001  0.116720209734181E+005 -0.145697113687965E+002  0.764890645267618E+002 -0.139476058509088E+000 -0.339771979434451E+001 -0.107536384819057E+002 -0.583601048670906E+004
  0.100000000000000E+001  0.176620824912978E+005  0.292317870553812E+001  0.567985143056297E+002 -0.179368847884145E+001 -0.191029800463866E+001 -0.107536384819057E+002 -0.883104124564891E+004
  0.100000000000000E+001  0.146144132825203E+005 -0.152872906811892E+001  0.785834815823524E+002 -0.108582849686751E+001 -0.425447737680246E+001 -0.107536384819057E+002 -0.730720664126013E+004
  0.100000000000000E+001  0.443858606907043E+005  0.130031235099066E+002  0.608115239693491E+002 -0.154446764108017E+001  0.286837042066430E+001 -0.107536384819057E+002 -0.221929303453521E+005
  0.100000000000000E+001  0.109148550298174E+006 -0.168926755160343E+002  0.836599189521195E+002 -0.195906527882300E+001  0.455311163928632E+000 -0.107536384819057E+002 -0.545742751490872E+005
  0.100000000000000E+001  0.412075538441956E+005  0.153325019453753E+001  0.583062258051568E+002 -0.198163870598988E+001 -0.108889769205470E+001 -0.107536384819057E+002 -0.206037769220978E+005
  0.100000000000000E+001  0.829325562537645E+004  0.455108173454625E+001  0.785375767105935E+002 -0.354912706911770E-002 -0.186979101369967E+001 -0.107536384819057E+002 -0.414662781268823E+004
  0.100000000000000E+001  0.146137619486668E+005  0.830748017927789E+000  0.675814360904438E+002 -0.108627897175784E+001 -0.481768246269859E+001 -0.107536384819057E+002 -0.730688097433342E+004
  0.100000000000000E+001  0.150021354160949E+005  0.967543190811807E+001  0.691475725212021E+002 -0.157592425535842E+001 -0.407308161128454E+001 -0.107536384819057E+002 -0.750106770804745E+004
  0.100000000000000E+001  0.126969846157731E+005 -0.147799049921609E+002  0.722006634597075E+002 -0.261519931082430E+000 -0.376029287656304E+001 -0.107536384819057E+002 -0.634849230788654E+004
  0.100000000000000E+001  0.675553531174013E+005 -0.116475670958008E+002  0.751351094682834E+002 -0.184232711875061E+001 -0.329466019168398E+001 -0.107536384819057E+002 -0.337776765587006E+005
  0.100000000000000E+001  0.127749617408503E+006 -0.467314541832679E+001  0.944384330075501E+002 -0.183519584466462E+001  0.307162164455752E+001 -0.107536384819057E+002 -0.638748087042517E+005
  0.100000000000000E+001  0.107637380636858E+006  0.109589072901375E+002  0.687897915413775E+002 -0.188746643624210E+001  0.163700530337830E+001 -0.107536384819057E+002 -0.538186903184290E+005
  0.100000000000000E+001  0.146198754513750E+005  0.118189380408519E+001  0.674388490470742E+002 -0.107965162575215E+001  0.406524681995971E+001 -0.107536384819057E+002 -0.730993772568752E+004
  0.100000000000000E+001  0.118947055111754E+006 -0.184803333118272E+002  0.765716662412248E+002 -0.180216171714952E+001  0.272862036658558E+001 -0.107536384819057E+002 -0.594735275558771E+005
  0.100000000000000E+001  0.400255064272790E+004  0.304887654174614E+000  0.642776744839173E+002 -0.200567217181365E+000 -0.341957250240902E+000 -0.107536384819057E+002 -0.200127532136395E+004
  0.100000000000000E+001  0.160396894025123E+005 -0.174336852066080E+002  0.821474716798009E+002 -0.880694213985329E+000  0.173497562843878E+001 -0.107536384819057E+002 -0.801984470125613E+004
  0.100000000000000E+001  0.144953144686470E+005  0.194271551537840E+002  0.403661870856722E+002 -0.855129015608188E+000 -0.108041808027574E+001 -0.107536384819057E+002 -0.724765723432351E+004
  0.100000000000000E+001  0.132892451309520E+005 -0.109710995341548E+000  0.771795698873879E+002 -0.130228610373799E+001 -0.639900742085900E+000 -0.107536384819057E+002 -0.664462256547598E+004
  0.100000000000000E+001  0.143985131392526E+005 -0.677207399916223E+001  0.913300484540027E+002 -0.123926932462219E+001 -0.124475764904195E+001 -0.107536384819057E+002 -0.719925656962631E+004
  0.100000000000000E+001  0.134519483732105E+005  0.163290241128303E+001  0.978561786097723E+002 -0.123565866289746E+001 -0.154930337544564E+000 -0.107536384819057E+002 -0.672597418660526E+004
  0.100000000000000E+001  0.147286439861183E+005 -0.151848372390943E+002  0.491685391239214E+002 -0.120004242284486E+001  0.450492500060490E+001 -0.107536384819057E+002 -0.736432199305914E+004
  0.100000000000000E+001  0.561308499971212E+005  0.100863167797171E+002  0.671693546045465E+002 -0.188915783416236E+001  0.490677976019282E+001 -0.107536384819057E+002 -0.280654249985606E+005
  0.100000000000000E+001  0.137489311224697E+004 -0.329531790493235E+000  0.485609291063029E+002 -0.418504554873387E+000  0.244643560411745E+000 -0.107536384819057E+002 -0.687446556123484E+003
  0.100000000000000E+001  0.146559730690051E+005  0.227528464757190E+001  0.489286980681489E+002 -0.108128441169169E+001  0.244048383961529E+001 -0.107536384819057E+002 -0.732798653450257E+004
  0.100000000000000E+001  0.147666280935705E+005 -0.117089336978120E+002  0.741296133767577E+002 -0.117756132776976E+001  0.355734676243219E+001 -0.107536384819057E+002 -0.738331404678523E+004
  0.100000000000000E+001  0.645158044906681E+004 -0.125682501707770E+002  0.471319106763878E+002 -0.423860675012362E+000 -0.248918909199451E+000 -0.107536384819057E+002 -0.322579022453341E+004
  0.100000000000000E+001  0.154153797180135E+005 -0.469459685104198E+001  0.780294062911970E+002 -0.157300881595296E+001 -0.350175269533962E+001 -0.107536384819057E+002 -0.770768985900676E+004
  0.100000000000000E+001  0.296569847376597E+005 -0.136353275075153E+002  0.961271356980861E+002 -0.192549403396010E+001 -0.128362576963042E+001 -0.107536384819057E+002 -0.148284923688299E+005
  0.100000000000000E+001  0.852053697571340E+005  0.118141227926370E+002  0.993568801845067E+002 -0.173813913242352E+001  0.134130306118361E+001 -0.107536384819057E+002 -0.426026848785670E+005
  0.100000000000000E+001  0.172298593124801E+005  0.151521160556236E+002  0.586616326563686E+002 -0.142457710194408E+001  0.371870091801074E+001 -0.107536384819057E+002 -0.861492965624005E+004
  0.100000000000000E+001  0.978621339849993E+005 -0.731885924554781E+000  0.552262175270123E+002 -0.175697474158037E+001  0.185373914701729E+000 -0.107536384819057E+002 -0.489310669924996E+005
  0.100000000000000E+001  0.146110498921066E+005  0.134162121951212E+002  0.891111584411615E+002 -0.101820689244407E+001  0.248548407068250E+001 -0.107536384819057E+002 -0.730552494605328E+004
  0.100000000000000E+001  0.120700402334513E+006  0.162206511497891E+002  0.913136591946701E+002 -0.190280437687305E+001 -0.452943684639928E-001 -0.107536384819057E+002 -0.603502011672563E+005
  0.100000000000000E+001  0.157616220415991E+005 -0.178746777723756E+002  0.545890522561739E+002 -0.140963441650880E+001  0.462364088164764E+001 -0.107536384819057E+002 -0.788081102079954E+004
  0.100000000000000E+001  0.168968916954532E+005  0.139140065073325E+002  0.570207949628660E+002 -0.173396746324910E+001 -0.189150910571852E+001 -0.107536384819057E+002 -0.844844584772658E+004
  0.100000000000000E+001  0.150598860163162E+005  0.263918245059689E+001  0.672455400527974E+002 -0.157244335975649E+001 -0.160809124011199E+001 -0.107536384819057E+002 -0.752994300815811E+004
  0.100000000000000E+001  0.187710871799315E+005 -0.186522194390067E+001  0.724446399534630E+002 -0.158306737439049E+001  0.475166456401349E+001 -0.107536384819057E+002 -0.938554358996574E+004
  0.100000000000000E+001  0.227250189528712E+005 -0.971168330680625E+001  0.928819329731178E+002 -0.198746356562391E+001 -0.229681134013083E+001 -0.107536384819057E+002 -0.113625094764356E+005
  0.100000000000000E+001  0.145235338473452E+005  0.892433328722547E+000  0.433976077826890E+002 -0.751409745549412E+000 -0.435838238995077E+001 -0.107536384819057E+002 -0.726176692367258E+004
  0.100000000000000E+001  0.154496215685931E+005 -0.178331040208248E+002  0.795668022833532E+002 -0.109060418162593E+001  0.142172095991542E+001 -0.107536384819057E+002 -0.772481078429654E+004
  0.100000000000000E+001  0.118427230350926E+006 -0.429162213189052E+001  0.842457556622733E+002 -0.155900401101257E+001  0.619788947220766E+000 -0.107536384819057E+002 -0.592136151754631E+005
  0.100000000000000E+001  0.146239871605709E+005  0.116615782984267E+002  0.763081378840171E+002 -0.108430485024683E+001 -0.170366914548977E+001 -0.107536384819057E+002 -0.731199358028544E+004
  0.100000000000000E+001  0.142386969356914E+005  0.170834009392263E+002  0.654504183081668E+002 -0.700086758892194E+000 -0.232504852830102E+001 -0.107536384819057E+002 -0.711934846784570E+004
  0.100000000000000E+001  0.146104847418109E+005  0.816393256322864E+001  0.482072345162003E+002 -0.984045596903245E+000  0.365853793642425E+001 -0.107536384819057E+002 -0.730524237090543E+004
  0.100000000000000E+001  0.149913993575290E+005  0.451899720857996E+001  0.989768747116191E+002 -0.111286948213479E+001  0.184248716190774E+001 -0.107536384819057E+002 -0.749569967876450E+004
  0.100000000000000E+001  0.107812674513792E+006  0.166906767084132E+002  0.879620340037791E+002 -0.129918605616589E+001  0.531153679341529E+000 -0.107536384819057E+002 -0.539063372568958E+005
  0.100000000000000E+001  0.143653676623866E+005 -0.713528618443553E+001  0.927559692660155E+002 -0.675380354810539E+000 -0.365134634298913E+001 -0.107536384819057E+002 -0.718268383119331E+004
  0.100000000000000E+001  0.718706132428490E+005 -0.172077952311130E+002  0.851043694616300E+002 -0.150715928314124E+001  0.194537470501972E+001 -0.107536384819057E+002 -0.359353066214245E+005
  0.100000000000000E+001  0.116414144283407E+005  0.165963916199050E+002  0.414018557804693E+002 -0.486839868130788E-001 -0.396900827798911E+001 -0.107536384819057E+002 -0.582070721417035E+004
  0.100000000000000E+001  0.146105792121238E+005 -0.187714541102777E+002  0.520871043768795E+002 -0.994388645508558E+000 -0.231737992123212E+001 -0.107536384819057E+002 -0.730528960606188E+004
  0.100000000000000E+001  0.894642652576512E+004  0.111647995868631E+002  0.868345292682390E+002 -0.276324980215234E+000 -0.118672444329533E+001 -0.107536384819057E+002 -0.447321326288256E+004
  0.100000000000000E+001  0.116553959389614E+006  0.166105336733125E+002  0.503575998414110E+002 -0.148149176839480E+001  0.160104659351559E+001 -0.107536384819057E+002 -0.582769796948068E+005
  0.100000000000000E+001  0.730682240474913E+005 -0.100088376704650E+002  0.514181696353306E+002 -0.117368363898402E+001  0.127598360148775E+001 -0.107536384819057E+002 -0.365341120237456E+005
  0.100000000000000E+001  0.748814194480290E+005 -0.127305708039503E+002  0.996063134453964E+002 -0.151412033684642E+001  0.244129224350122E+001 -0.107536384819057E+002 -0.374407097240145E+005
  0.100000000000000E+001  0.218668208366023E+005  0.749911486785070E+001  0.779463431646128E+002 -0.164099585744507E+001  0.460122232026123E+001 -0.107536384819057E+002 -0.109334104183011E+005
  0.100000000000000E+001  0.145562534313670E+005  0.137003454183039E+002  0.613319763557137E+002 -0.840876073341950E+000  0.447558117666466E+001 -0.107536384819057E+002 -0.727812671568351E+004
  0.100000000000000E+001  0.486617326579541E+004 -0.446895481734937E+001  0.728205110606936E+002 -0.261366465049406E+000 -0.374493574324182E+000 -0.107536384819057E+002 -0.243308663289771E+004
  0.100000000000000E+001  0.268836602159754E+005  0.785564508034984E+001  0.960252679608210E+002 -0.153064735842351E+001  0.326162100153022E+001 -0.107536384819057E+002 -0.134418301079877E+005
  0.100000000000000E+001  0.124850262584426E+005 -0.119438723710838E+001  0.662357911899655E+002 -0.254336130360934E+000 -0.351192267358433E+001 -0.107536384819057E+002 -0.624251312922130E+004
  0.100000000000000E+001  0.146856506122842E+005  0.237575993482975E+001  0.501606140158564E+002 -0.111695433969911E+001  0.294485435728340E+001 -0.107536384819057E+002 -0.734282530614208E+004
  0.100000000000000E+001  0.145999154794103E+005 -0.827866402455982E+001  0.733124194843495E+002 -0.138725078844654E+001 -0.251185369233359E+001 -0.107536384819057E+002 -0.729995773970515E+004
  0.100000000000000E+001  0.854926127405239E+005  0.132166736552392E+000  0.603794743690048E+002 -0.175727570395332E+001  0.210341471389075E+001 -0.107536384819057E+002 -0.427463063702619E+005
  0.100000000000000E+001  0.120222503286794E+006 -0.399010234124087E+001  0.601161032843742E+002 -0.195217190039319E+001  0.971849099588127E-001 -0.107536384819057E+002 -0.601112516433968E+005
  0.100000000000000E+001  0.810300803754037E+005 -0.277928979495149E+001  0.420085961469380E+002 -0.196262360001462E+001  0.306944505461365E+001 -0.107536384819057E+002 -0.405150401877019E+005
  0.100000000000000E+001  0.661729276517212E+005  0.136436725971933E+002  0.486251804926816E+002 -0.117120638284306E+001  0.112072489404704E+001 -0.107536384819057E+002 -0.330864638258606E+005
  0.100000000000000E+001  0.131756579754944E+005 -0.720838736347919E+001  0.533076444047910E+002 -0.422216370621787E+000 -0.304307193040991E+001 -0.107536384819057E+002 -0.658782898774722E+004
  0.100000000000000E+001  0.136234264102424E+005 -0.120371063731003E+002  0.954252821645114E+002 -0.120817006943553E+001  0.333237412822820E-001 -0.107536384819057E+002 -0.681171320512118E+004
  0.100000000000000E+001  0.108030163804474E+006 -0.105869883517776E+002  0.782306581036922E+002 -0.177340167246842E+001  0.127668685374636E+001 -0.107536384819057E+002 -0.540150819022371E+005
  0.100000000000000E+001  0.127247121650412E+005  0.120693350805235E+002  0.764025851161794E+002 -0.246424060676793E+000 -0.393849066732637E+001 -0.107536384819057E+002 -0.636235608252059E+004
  0.100000000000000E+001  0.608071366146126E+005  0.691348336503877E+001  0.667503455717952E+002 -0.171133638059703E+001 -0.291576137080822E+001 -0.107536384819057E+002 -0.304035683073063E+005
  0.100000000000000E+001  0.146331183725904E+005 -0.529160356132802E+001  0.643963809205476E+002 -0.110205677637474E+001 -0.175451387920968E+001 -0.107536384819057E+002 -0.731655918629520E+004
  0.100000000000000E+001  0.211855289955843E+005  0.605018175671580E+001  0.574803726240996E+002 -0.179638576210991E+001 -0.237193019375341E+001 -0.107536384819057E+002 -0.105927644977921E+005
  0.100000000000000E+001  0.147661921552211E+005 -0.114215841659405E+002  0.969127862111177E+002 -0.123745273443792E+001 -0.202629394763795E+001 -0.107536384819057E+002 -0.738309607761056E+004
  0.100000000000000E+001  0.140357224475448E+005  0.153127369098784E+002  0.479655937412667E+002 -0.507814514186600E+000 -0.441169019650360E+001 -0.107536384819057E+002 -0.701786122377238E+004
  0.100000000000000E+001  0.108684818322458E+006  0.607009136694887E+001  0.710305066739581E+002 -0.171220320050728E+001  0.170151527624135E+001 -0.107536384819057E+002 -0.543424091612292E+005
  0.100000000000000E+001  0.924191948823038E+005 -0.968769815995691E+001  0.683665912956747E+002 -0.173531082713829E+001  0.198624101582178E+000 -0.107536384819057E+002 -0.462095974411519E+005
  0.100000000000000E+001  0.108293235458193E+006 -0.176951548850192E+002  0.653799212708008E+002 -0.147829527920591E+001  0.104320666261771E+001 -0.107536384819057E+002 -0.541466177290963E+005
  0.100000000000000E+001  0.795536750815416E+005  0.982857810826424E+001  0.403927485338478E+002 -0.186590024557119E+001  0.733519756877568E+000 -0.107536384819057E+002 -0.397768375407708E+005
  0.100000000000000E+001  0.118802782249322E+005  0.173622889418941E+002  0.660577996142763E+002 -0.118357483959881E+000 -0.377519626141008E+001 -0.107536384819057E+002 -0.594013911246610E+004
  0.100000000000000E+001  0.147494601920779E+005  0.154436845502164E+001  0.962631362141375E+002 -0.126113324791321E+001 -0.319425071004137E+001 -0.107536384819057E+002 -0.737473009603894E+004
  0.100000000000000E+001  0.129114852841795E+005 -0.191302366183972E+002  0.889911323885817E+002 -0.496533186690931E+000 -0.201916459736589E+001 -0.107536384819057E+002 -0.645574264208973E+004
  0.100000000000000E+001  0.876551655232143E+005  0.267312837008987E+001  0.442161733926489E+002 -0.193398102628978E+001  0.202515768037454E+001 -0.107536384819057E+002 -0.438275827616071E+005
  0.100000000000000E+001  0.706005099225927E+005 -0.190057832913808E+002  0.542943691456990E+002 -0.174497060284760E+001 -0.781611559175460E+000 -0.107536384819057E+002 -0.353002549612964E+005
  0.100000000000000E+001  0.162483076053246E+005 -0.117940940970663E+002  0.668929315023840E+002 -0.105719880065816E+001  0.116158472429617E+001 -0.107536384819057E+002 -0.812415380266232E+004
  0.100000000000000E+001  0.842306413671604E+004  0.312941669257007E+001  0.665739496869069E+002 -0.557729657247003E+000 -0.124330803830677E+000 -0.107536384819057E+002 -0.421153206835802E+004
  0.100000000000000E+001  0.112972313243280E+006 -0.825730102205869E+001  0.410118633995950E+002 -0.193767064853858E+001  0.423600953725713E+001 -0.107536384819057E+002 -0.564861566216402E+005
  0.100000000000000E+001  0.244636345317754E+005 -0.105859906402011E+002  0.472249176636990E+002 -0.183446590396614E+001 -0.133659126335092E+001 -0.107536384819057E+002 -0.122318172658877E+005
  0.100000000000000E+001  0.148304159062020E+005  0.176120369757266E+002  0.584103073952622E+002 -0.136610159121941E+001 -0.433252650521468E+001 -0.107536384819057E+002 -0.741520795310098E+004
  0.100000000000000E+001  0.147135560838928E+005 -0.160252603366454E+002  0.688639859678948E+002 -0.116482176360494E+001 -0.130236161918562E+001 -0.107536384819057E+002 -0.735677804194640E+004
  0.100000000000000E+001  0.209614620538423E+003 -0.283346817524460E+001  0.622117138394467E+002 -0.141872349249563E-001  0.437932755590226E+000 -0.107536384819057E+002 -0.104807310269211E+003
  0.100000000000000E+001  0.109300398217021E+006 -0.819275689711129E+001  0.599956076565598E+002 -0.178327302843960E+001  0.178667659578764E+001 -0.107536384819057E+002 -0.546501991085104E+005
  0.100000000000000E+001  0.114393596962489E+005 -0.151211312950795E+002  0.687411510140615E+002 -0.533064298393804E+000 -0.865929867186103E+000 -0.107536384819057E+002 -0.571967984812444E+004
  0.100000000000000E+001  0.146427008462901E+005  0.445748956910463E+001  0.975878160448123E+002 -0.118488661118938E+001 -0.462430293497232E+001 -0.107536384819057E+002 -0.732135042314505E+004
  0.100000000000000E+001  0.145885452589972E+005 -0.100401621767155E+002  0.420586744016383E+002 -0.905355563510375E+000 -0.154678646979776E+001 -0.107536384819057E+002 -0.729427262949859E+004
  0.100000000000000E+001  0.146115737423734E+005 -0.108805693597436E+001  0.757775326895013E+002 -0.104847515848174E+001 -0.339919160388361E+001 -0.107536384819057E+002 -0.730578687118668E+004
  0.100000000000000E+001  0.140648428107365E+005 -0.425006906604453E+001  0.446194712299431E+002 -0.162121963704084E+001 -0.330168608074320E+001 -0.107536384819057E+002 -0.703242140536826E+004
  0.100000000000000E+001  0.147018907038747E+005 -0.140476549926116E+001  0.440845833615593E+002 -0.144800689030792E+001 -0.297390661682398E+001 -0.107536384819057E+002 -0.735094535193734E+004
  0.100000000000000E+001  0.780565612307179E+005  0.190250333428165E+002  0.602007770138944E+002 -0.158907610720212E+001  0.168815304473838E+001 -0.107536384819057E+002 -0.390282806153590E+005
  0.100000000000000E+001  0.145827802123614E+005  0.882487056979644E+001  0.567592588643006E+002 -0.927656837790943E+000  0.246690509914185E+001 -0.107536384819057E+002 -0.729139010618071E+004
  0.100000000000000E+001  0.821665936063351E+005 -0.132331271126662E+002  0.866221905839145E+002 -0.194755309945065E+001  0.811862820762736E+000 -0.107536384819057E+002 -0.410832968031676E+005
  0.100000000000000E+001  0.145212119700568E+005 -0.154705195235154E+002  0.928378670206715E+002 -0.823517345078806E+000  0.338277654552076E+001 -0.107536384819057E+002 -0.726060598502839E+004
  0.100000000000000E+001  0.106904656814033E+006 -0.183796256862731E+002  0.555164873221135E+002 -0.178182518035417E+001  0.173044111128629E+001 -0.107536384819057E+002 -0.534523284070163E+005
  0.100000000000000E+001  0.932194262290522E+005  0.269661512137005E+001  0.423330889218066E+002 -0.183656645263915E+001  0.158380558782188E+001 -0.107536384819057E+002 -0.466097131145261E+005
  0.100000000000000E+001  0.301504128545923E+005  0.410850381231796E+000  0.998419180543196E+002 -0.186708530669290E+001 -0.123153976449921E+001 -0.107536384819057E+002 -0.150752064272962E+005
  0.100000000000000E+001  0.125350011851936E+005  0.975392582458048E+001  0.403925244832804E+002 -0.501975912726539E+000 -0.163964998013230E+001 -0.107536384819057E+002 -0.626750059259682E+004
  0.100000000000000E+001  0.135220670898933E+005  0.508186960524337E+001  0.452224477941380E+002 -0.138843262683407E+001 -0.871334484212248E+000 -0.107536384819057E+002 -0.676103354494666E+004
  0.100000000000000E+001  0.106906282575467E+006 -0.114156025148287E+002  0.442370071471936E+002 -0.158147032696723E+001  0.137133524302087E+001 -0.107536384819057E+002 -0.534531412877336E+005
  0.100000000000000E+001  0.244218565054037E+005  0.292053037054810E+000  0.638276633744376E+002 -0.127894164555814E+001  0.188463280835494E+001 -0.107536384819057E+002 -0.122109282527018E+005
  0.100000000000000E+001  0.143792275571791E+005 -0.741483637157990E+001  0.557819352333736E+002 -0.684976126959803E+000 -0.358807546985587E+001 -0.107536384819057E+002 -0.718961377858956E+004
  0.100000000000000E+001  0.382230776677394E+005 -0.129804630412724E+001  0.886910939455128E+002 -0.162298540004184E+001 -0.845813827464005E+000 -0.107536384819057E+002 -0.191115388338697E+005
  0.100000000000000E+001  0.338130350946064E+004 -0.467956696186771E+001  0.742712259275299E+002 -0.164166762348385E+000 -0.293350048769470E+000 -0.107536384819057E+002 -0.169065175473032E+004
  0.100000000000000E+001  0.246779945951406E+005  0.749147733904542E+001  0.633052946921919E+002 -0.129241939305242E+001  0.194343425976674E+001 -0.107536384819057E+002 -0.123389972975703E+005
  0.100000000000000E+001  0.594349159528283E+004  0.510844344575245E+001  0.418981985714944E+002 -0.489929293669157E+000  0.645305318885895E+000 -0.107536384819057E+002 -0.297174579764142E+004
  0.100000000000000E+001  0.133712610237180E+005 -0.155190222139415E+002  0.425166657814778E+002 -0.679177298866785E+000 -0.914914532701969E+000 -0.107536384819057E+002 -0.668563051185902E+004
  0.100000000000000E+001  0.149259573292166E+005 -0.135416722970015E+002  0.786472019357920E+002 -0.149918644362025E+001 -0.386300564277927E+001 -0.107536384819057E+002 -0.746297866460831E+004
  0.100000000000000E+001  0.109437013066116E+005 -0.118639007800319E+001  0.661644997828181E+002 -0.235922874163674E-001 -0.340007269410455E+001 -0.107536384819057E+002 -0.547185065330582E+004
  0.100000000000000E+001  0.147147281167028E+005  0.253760560878888E+000  0.990372474421689E+002 -0.119440813108052E+001 -0.212312146535145E+001 -0.107536384819057E+002 -0.735736405835141E+004
  0.100000000000000E+001  0.607136739539141E+005  0.714488657345033E+000  0.410096513771923E+002 -0.168399460873827E+001 -0.788469226336115E+000 -0.107536384819057E+002 -0.303568369769570E+005
  0.100000000000000E+001  0.107379966630463E+005  0.928384908501118E+001  0.674260413529324E+002 -0.391778190419170E+000 -0.132121985680267E+001 -0.107536384819057E+002 -0.536899833152317E+004
  0.100000000000000E+001  0.162920263891207E+005  0.756151340562115E+001  0.528606568314974E+002 -0.129069740999259E+001  0.281539728155801E+001 -0.107536384819057E+002 -0.814601319456036E+004
  0.100000000000000E+001  0.792749609094563E+005  0.678898049513672E+001  0.571207064872576E+002 -0.151728868700684E+001 -0.492096043406535E+000 -0.107536384819057E+002 -0.396374804547282E+005
  0.100000000000000E+001  0.109780419367513E+006 -0.292438101353219E+001  0.626168821686354E+002 -0.192941121564764E+001  0.247490011494424E+001 -0.107536384819057E+002 -0.548902096837565E+005
  0.100000000000000E+001  0.152589650141977E+005 -0.679316164840338E+001  0.831969049378207E+002 -0.134881234299720E+001  0.465226471799332E+001 -0.107536384819057E+002 -0.762948250709886E+004
  0.100000000000000E+001  0.738709230512303E+005 -0.916872455940229E+001  0.648761832669151E+002 -0.136375012572335E+001  0.736937386314319E+000 -0.107536384819057E+002 -0.369354615256151E+005
  0.100000000000000E+001  0.509467745287393E+002  0.108008705035161E+002  0.788768325149321E+002 -0.189351647511214E+000  0.373722011464167E+000 -0.107536384819057E+002 -0.254733872643696E+002
  0.100000000000000E+001  0.128437224237246E+005 -0.433547160532931E+001  0.623871860957721E+002 -0.565211037964396E+000 -0.140521798297669E+001 -0.107536384819057E+002 -0.642186121186229E+004
  0.100000000000000E+001  0.145859646284342E+005 -0.469123958325145E+000  0.695956122533806E+002 -0.835878217603206E+000 -0.448331473042018E+001 -0.107536384819057E+002 -0.729298231421709E+004
  0.100000000000000E+001  0.147266809489588E+005  0.808921146076166E+001  0.970486505342683E+002 -0.120674376569374E+001  0.471398556524488E+001 -0.107536384819057E+002 -0.736334047447940E+004
  0.100000000000000E+001  0.114286675184144E+005 -0.594643424679920E+001  0.744829419708238E+002 -0.708632521619901E-001 -0.358850671709991E+001 -0.107536384819057E+002 -0.571433375920721E+004
  0.100000000000000E+001  0.184433568673019E+005 -0.992991304060552E+001  0.986901043825959E+002 -0.153277627617303E+001  0.435235044875046E+001 -0.107536384819057E+002 -0.922167843365095E+004
  0.100000000000000E+001  0.145699440219551E+005  0.186152237222685E+002  0.851574941900992E+002 -0.874609205104099E+000  0.380987437520483E+001 -0.107536384819057E+002 -0.728497201097756E+004
  0.100000000000000E+001  0.181221873505301E+005  0.196816800265349E+001  0.463899598611659E+002 -0.152792275176423E+001  0.441438590114661E+001 -0.107536384819057E+002 -0.906109367526505E+004
  0.100000000000000E+001  0.176153135910759E+005  0.163412698158249E+002  0.943519395695526E+002 -0.140315531033914E+001  0.337590279341434E+001 -0.107536384819057E+002 -0.880765679553796E+004
  0.100000000000000E+001  0.352644964164582E+004 -0.615871083941133E+001  0.448986206410340E+002 -0.373742601078108E+000 -0.177217417027800E-001 -0.107536384819057E+002 -0.176322482082291E+004
  0.100000000000000E+001  0.147767170552397E+005  0.132979589667694E+001  0.950971671424565E+002 -0.818679008907424E+000  0.308514728551125E+001 -0.107536384819057E+002 -0.738835852761984E+004
  0.100000000000000E+001  0.120801599907480E+006  0.874900527933980E+001  0.421179757640202E+002 -0.180320398556336E+001 -0.199439306867282E+000 -0.107536384819057E+002 -0.604007999537399E+005
  0.100000000000000E+001  0.109802298957888E+005 -0.162175360331933E+002  0.683202314871368E+002 -0.242489706372963E+000 -0.221851284069919E+001 -0.107536384819057E+002 -0.549011494789440E+004
  0.100000000000000E+001  0.127116554051111E+005 -0.482314871313397E+001  0.621544136885007E+002 -0.310353266957224E+000 -0.335712546262595E+001 -0.107536384819057E+002 -0.635582770255557E+004
  0.100000000000000E+001  0.974108883639371E+005  0.453551163444189E+001  0.870372926384708E+002 -0.177778038362053E+001  0.363469190088944E+001 -0.107536384819057E+002 -0.487054441819685E+005
  0.100000000000000E+001  0.155498472700951E+005  0.409758570873399E+001  0.640191674153097E+002 -0.190167434890533E+001 -0.489506867556670E+001 -0.107536384819057E+002 -0.777492363504754E+004
  0.100000000000000E+001  0.145979156832590E+005  0.135698887981232E+002  0.455624444450798E+002 -0.900323019425030E+000 -0.263566983392000E+001 -0.107536384819057E+002 -0.729895784162950E+004
  0.100000000000000E+001  0.129984522736997E+005  0.392212497626584E+001  0.601951092189256E+002 -0.299454454930357E+000 -0.392595067687362E+001 -0.107536384819057E+002 -0.649922613684987E+004
  0.100000000000000E+001  0.119322426728540E+005 -0.420508769241444E+001  0.540399986514214E+002 -0.498301458920900E+000 -0.128255248673062E+001 -0.107536384819057E+002 -0.596612133642701E+004
  0.100000000000000E+001  0.139478030997706E+005 -0.582534146731333E+001  0.712327576821510E+002 -0.546405046911511E+000 -0.344716288866802E+001 -0.107536384819057E+002 -0.697390154988532E+004
  0.100000000000000E+001  0.892273234728899E+005 -0.313120994258746E+001  0.572355694151781E+002 -0.192057392081310E+001  0.463497313783806E+001 -0.107536384819057E+002 -0.446136617364449E+005
  0.100000000000000E+001  0.298885974532267E+005  0.228391541903053E+001  0.410764876193665E+002 -0.178958453806101E+001 -0.400740937178142E+001 -0.107536384819057E+002 -0.149442987266133E+005
  0.100000000000000E+001  0.144173424255759E+005  0.703064267470461E+001  0.814207046364898E+002 -0.656365083849732E+000 -0.473058404931785E+001 -0.107536384819057E+002 -0.720867121278796E+004
  0.100000000000000E+001  0.114678691058328E+006 -0.115489741416789E+002  0.901535497218932E+002 -0.195888555448505E+001  0.338180317565664E+000 -0.107536384819057E+002 -0.573393455291640E+005
  0.100000000000000E+001  0.816052314454759E+004  0.458301607456087E+001  0.901440955369260E+002 -0.428672085702426E+000 -0.491132384772070E+000 -0.107536384819057E+002 -0.408026157227380E+004
  0.100000000000000E+001  0.184463842921577E+005  0.958596017103827E+001  0.981304894770640E+002 -0.147003030403404E+001  0.375120126062682E+001 -0.107536384819057E+002 -0.922319214607886E+004
  0.100000000000000E+001  0.141354276497912E+005 -0.380256997594778E+000  0.898819713045053E+002 -0.574577161416211E+000 -0.385995278601003E+001 -0.107536384819057E+002 -0.706771382489559E+004
  0.100000000000000E+001  0.910562409105062E+005 -0.141536920243548E+002  0.575512701494744E+002 -0.175879855448934E+001  0.358847263361082E+001 -0.107536384819057E+002 -0.455281204552531E+005
  0.100000000000000E+001  0.146187435448965E+005 -0.567478719632848E+001  0.625006081734768E+002 -0.104419932464563E+001 -0.315506159997996E+000 -0.107536384819057E+002 -0.730937177244827E+004
  0.100000000000000E+001  0.143575970038195E+005 -0.808317354904534E+001  0.941738129042913E+002 -0.779353193510947E+000 -0.159035747651793E+001 -0.107536384819057E+002 -0.717879850190977E+004
  0.100000000000000E+001  0.907590612335908E+004 -0.481052773289543E+001  0.785058254542823E+002 -0.143713173071393E+000 -0.171653118952886E+001 -0.107536384819057E+002 -0.453795306167954E+004
  0.100000000000000E+001  0.146103053124099E+005 -0.382567934189941E+001  0.777658005389119E+002 -0.966181451947284E+000 -0.388513351955056E+001 -0.107536384819057E+002 -0.730515265620495E+004
  0.100000000000000E+001  0.146121837893519E+005  0.389784389939645E+001  0.554818605924928E+002 -0.106798281634464E+001 -0.474437130188164E+001 -0.107536384819057E+002 -0.730609189467597E+004
  0.100000000000000E+001  0.149222617930358E+005 -0.897487760580002E+000  0.879719865254349E+002 -0.111947903156324E+001  0.200904280009733E+001 -0.107536384819057E+002 -0.746113089651791E+004
  0.100000000000000E+001  0.317711613345491E+005 -0.891175737629545E+001  0.629568408580323E+002 -0.183789248941463E+001 -0.420559081097076E+001 -0.107536384819057E+002 -0.158855806672745E+005
  0.100000000000000E+001  0.194570997429075E+004  0.120485827218215E+002  0.498822850539646E+002 -0.344453226791011E+000  0.105781308908195E+000 -0.107536384819057E+002 -0.972854987145376E+003
  0.100000000000000E+001  0.145259924629372E+005 -0.961173341303596E+000  0.930448399632366E+002 -0.143032153322909E+001 -0.131103349238830E+001 -0.107536384819057E+002 -0.726299623146861E+004
  0.100000000000000E+001  0.160105884512061E+005 -0.169534570274287E+002  0.610677564295113E+002 -0.186684653983990E+001 -0.449544474616509E+001 -0.107536384819057E+002 -0.800529422560306E+004
  0.100000000000000E+001  0.146107524163982E+005 -0.402899353969182E+001  0.837324871075803E+002 -0.101413721714007E+001 -0.673704510064571E+000 -0.107536384819057E+002 -0.730537620819910E+004
  0.100000000000000E+001  0.209400606678177E+005  0.910364840865342E+001  0.689958623010458E+002 -0.162698598486169E+001  0.463629182576321E+001 -0.107536384819057E+002 -0.104700303339089E+005
  0.100000000000000E+001  0.121732096279711E+005 -0.118317299530121E+002  0.716654060043574E+002 -0.438321964806461E+000 -0.182011064765160E+001 -0.107536384819057E+002 -0.608660481398555E+004
  0.100000000000000E+001  0.146418832754848E+005 -0.957739807276340E+001  0.832273997848625E+002 -0.107901315511721E+001 -0.552485745496478E+000 -0.107536384819057E+002 -0.732094163774238E+004
  0.100000000000000E+001  0.139354806860295E+005 -0.336274521850760E+001  0.759111563283126E+002 -0.508930565776790E+000 -0.393592288365932E+001 -0.107536384819057E+002 -0.696774034301474E+004
  0.100000000000000E+001  0.156090924078450E+005  0.496057073692426E+001  0.600096391714567E+002 -0.136004469992307E+001  0.416047161972821E+001 -0.107536384819057E+002 -0.780454620392248E+004
  0.100000000000000E+001  0.138527263929102E+005  0.228250048914443E+001  0.614851172882199E+002 -0.611386187518484E+000 -0.230521640564455E+001 -0.107536384819057E+002 -0.692636319645512E+004
  0.100000000000000E+001  0.779540896655766E+005  0.770538299728502E+001  0.738531321484620E+002 -0.124553159084699E+001 -0.784213104946133E+000 -0.107536384819057E+002 -0.389770448327883E+005
  0.100000000000000E+001  0.128832542923152E+005  0.790699275424707E+001  0.839442600901820E+002 -0.381807435423469E+000 -0.297405706544396E+001 -0.107536384819057E+002 -0.644162714615762E+004
  0.100000000000000E+001  0.163759176862559E+005  0.686351410596080E+001  0.955777094452666E+002 -0.146670117828970E+001  0.469865506656478E+001 -0.107536384819057E+002 -0.818795884312796E+004
  0.100000000000000E+001  0.146184318272271E+005  0.383668862794442E+001  0.464037835708422E+002 -0.109534368534246E+001 -0.327979538816587E+001 -0.107536384819057E+002 -0.730921591361357E+004
  0.100000000000000E+001  0.724082611932126E+003 -0.849959056250580E+001  0.443263256558304E+002 -0.759520996906335E-001  0.993093086527841E-001 -0.107536384819057E+002 -0.362041305966063E+003
  0.100000000000000E+001  0.840254920925163E+005 -0.537064753167800E+001  0.530702908387345E+002 -0.111877728291142E+001  0.115515927565964E+001 -0.107536384819057E+002 -0.420127460462581E+005
  0.100000000000000E+001  0.146089043816587E+005 -0.298109271876541E-001  0.909662841691384E+002 -0.933784911113671E+000 -0.442843691477316E+001 -0.107536384819057E+002 -0.730445219082933E+004
  0.100000000000000E+001  0.146211533170345E+005 -0.815101813299272E+001  0.742040809526690E+002 -0.111459743897995E+001 -0.385007118071789E+001 -0.107536384819057E+002 -0.731057665851723E+004
  0.100000000000000E+001  0.141791524781266E+005 -0.191922369721816E+002  0.665282280216448E+002 -0.596684895607280E+000 -0.373693871823207E+001 -0.107536384819057E+002 -0.708957623906328E+004
  0.100000000000000E+001  0.293710929962240E+005 -0.193674632359861E+002  0.698973971891924E+002 -0.184096992194720E+001 -0.122420091125445E+001 -0.107536384819057E+002 -0.146855464981120E+005
  0.100000000000000E+001  0.141606510643813E+005  0.152665791910135E+002  0.609617233900522E+002 -0.574264238528760E+000 -0.401075902701167E+001 -0.107536384819057E+002 -0.708032553219067E+004
  0.100000000000000E+001  0.913083781815804E+005  0.371006275577505E+001  0.717681991479217E+002 -0.175776728161991E+001  0.358000858177552E+001 -0.107536384819057E+002 -0.456541890907902E+005
  0.100000000000000E+001  0.146044891367520E+005 -0.500088757848417E+001  0.711086566732676E+002 -0.895310825560844E+000 -0.465002690018547E+001 -0.107536384819057E+002 -0.730224456837601E+004
  0.100000000000000E+001  0.113113799435134E+005  0.172220917244621E+002  0.592852627077054E+002 -0.508368359877525E+000 -0.949778025015776E+000 -0.107536384819057E+002 -0.565568997175670E+004
  0.100000000000000E+001  0.144296264493704E+005 -0.175184715791782E+002  0.407148961071390E+002 -0.716227089456453E+000 -0.347015983017199E+001 -0.107536384819057E+002 -0.721481322468520E+004
  0.100000000000000E+001  0.332132888356035E+004  0.193249104363678E+002  0.831520514698236E+002 -0.199643735280372E+000  0.617757919246520E+000 -0.107536384819057E+002 -0.166066444178018E+004
  0.100000000000000E+001  0.146800778405116E+005  0.913141987555147E+000  0.748632906484283E+002 -0.115563775615167E+001 -0.182698389757313E+001 -0.107536384819057E+002 -0.734003892025579E+004
  0.100000000000000E+001  0.185567780832247E+005 -0.939655059839772E+001  0.704868311443677E+002 -0.155349349213042E+001  0.452241206007116E+001 -0.107536384819057E+002 -0.927838904161233E+004
  0.100000000000000E+001  0.148268601373881E+005  0.591235589327737E+001  0.482418718777132E+002 -0.133525258323998E+001 -0.279645172060481E+001 -0.107536384819057E+002 -0.741343006869406E+004
  0.100000000000000E+001  0.146038330328309E+005  0.168355302398912E+002  0.433879177898673E+002 -0.947331199598732E+000 -0.918689257255157E+000 -0.107536384819057E+002 -0.730191651641544E+004
  0.100000000000000E+001  0.224833547623189E+005 -0.249887317808631E+001  0.894469256165034E+002 -0.168378525555633E+001  0.489279008521462E+001 -0.107536384819057E+002 -0.112416773811595E+005
  0.100000000000000E+001  0.255926698866141E+005 -0.831941950093738E+001  0.664668353539035E+002 -0.197017478673534E+001 -0.144420686169614E+001 -0.107536384819057E+002 -0.127963349433071E+005
  0.100000000000000E+001  0.143072190012224E+005  0.322611725035809E+001  0.508808884243828E+002 -0.809694171019392E+000 -0.895501018826436E+000 -0.107536384819057E+002 -0.715360950061119E+004
  0.100000000000000E+001  0.148192561189655E+005 -0.152415174277952E+002  0.901256812191498E+002 -0.123353115340836E+001  0.436715134735049E+001 -0.107536384819057E+002 -0.740962805948274E+004
  0.100000000000000E+001  0.147910923758355E+005  0.211472936131823E+001  0.707325202936876E+002 -0.127783071953870E+001 -0.273727864139832E+001 -0.107536384819057E+002 -0.739554618791774E+004
  0.100000000000000E+001  0.693856779883440E+004  0.153738755876501E+002  0.840076749310064E+002 -0.188623387788085E+000 -0.920600827004527E+000 -0.107536384819057E+002 -0.346928389941720E+004
  0.100000000000000E+001  0.146116492429647E+005  0.108397262845479E+002  0.888034989875316E+002 -0.103007937890035E+001 -0.107119081376621E+001 -0.107536384819057E+002 -0.730582462148236E+004
  0.100000000000000E+001  0.141959482259175E+005 -0.624169712257232E+001  0.965206769173628E+002 -0.739512933855779E+000 -0.155363259862292E+001 -0.107536384819057E+002 -0.709797411295874E+004
  0.100000000000000E+001  0.111737547764805E+005 -0.108681957110266E+002  0.973550313279756E+002 -0.849685667424513E-001 -0.325606479001272E+001 -0.107536384819057E+002 -0.558687738824024E+004
  0.100000000000000E+001  0.146035933185710E+005  0.109448053086413E+002  0.475993139936012E+002 -0.919978269953598E+000  0.451651419741384E+001 -0.107536384819057E+002 -0.730179665928551E+004
  0.100000000000000E+001  0.887561223731637E+005 -0.117111120966285E+002  0.459730221286443E+002 -0.136279695935269E+001  0.449122511474883E+000 -0.107536384819057E+002 -0.443780611865819E+005
  0.100000000000000E+001  0.319118342122868E+004 -0.717121599617634E+001  0.499850522390967E+002 -0.188889639649024E+000 -0.233628097469123E+000 -0.107536384819057E+002 -0.159559171061434E+004
  0.100000000000000E+001  0.242056974280729E+005 -0.659488746036510E+001  0.567753697339374E+002 -0.179667449707504E+001 -0.129290735739500E+001 -0.107536384819057E+002 -0.121028487140365E+005
  0.100000000000000E+001  0.146490916535650E+005  0.187216404306200E+002  0.579605954690876E+002 -0.110116746167143E+001 -0.102994648214723E+001 -0.107536384819057E+002 -0.732454582678250E+004
  0.100000000000000E+001  0.119255492497741E+006 -0.192897160743302E+002  0.853562919219976E+002 -0.168090762112733E+001  0.868599901404396E+000 -0.107536384819057E+002 -0.596277462488707E+005
  0.100000000000000E+001  0.146030984052341E+005  0.950128965923581E+001  0.527282899854836E+002 -0.913500714372722E+000  0.482049390169028E+001 -0.107536384819057E+002 -0.730154920261705E+004
  0.100000000000000E+001  0.146755492286307E+005 -0.339288545118483E+001  0.989567741716218E+002 -0.135420359806388E+001 -0.241146877906615E+001 -0.107536384819057E+002 -0.733777461431536E+004
  0.100000000000000E+001  0.334261515973438E+004  0.137251557614343E+002  0.935942294986126E+002 -0.346100559387773E+000 -0.403037518494802E-001 -0.107536384819057E+002 -0.167130757986719E+004
  0.100000000000000E+001  0.102945199577032E+004 -0.153084987192113E+002  0.952549664843123E+002 -0.703398498260905E-001  0.549320174415559E+000 -0.107536384819057E+002 -0.514725997885158E+003
  0.100000000000000E+001  0.144971300938691E+005  0.166849470548668E+002  0.616921421323105E+002 -0.845314053398201E+000 -0.131197327332387E+001 -0.107536384819057E+002 -0.724856504693454E+004
  0.100000000000000E+001  0.146154278905790E+005  0.116434756294594E+002  0.639428116528005E+002 -0.103723472646661E+001  0.235358724000053E+001 -0.107536384819057E+002 -0.730771394528949E+004
  0.100000000000000E+001  0.146105726675142E+005  0.825189314944228E+001  0.856088445590785E+002 -0.992840209720011E+000  0.358053644556961E+001 -0.107536384819057E+002 -0.730528633375712E+004
  0.100000000000000E+001  0.550044938292900E+004 -0.173672397311452E+002  0.643001548788145E+002 -0.374584962178506E-001  0.779358536983922E+000 -0.107536384819057E+002 -0.275022469146450E+004
  0.100000000000000E+001  0.159382628819035E+005  0.218398957158198E+001  0.784539998319603E+002 -0.127917867419750E+001  0.288773931757168E+001 -0.107536384819057E+002 -0.796913144095175E+004
  0.100000000000000E+001  0.201611351571080E+005  0.693496820387750E+001  0.497433080236293E+002 -0.185630848057503E+001 -0.224964299061427E+001 -0.107536384819057E+002 -0.100805675785540E+005
  0.100000000000000E+001  0.144537834315274E+005 -0.190661623399704E+002  0.678353548670346E+002 -0.869285732627997E+000 -0.526433842582515E+000 -0.107536384819057E+002 -0.722689171576368E+004
  0.100000000000000E+001  0.972862837347154E+004  0.142421561093845E+002  0.953370787117615E+002 -0.150898558523488E+000  0.778522679158940E+000 -0.107536384819057E+002 -0.486431418673577E+004
  0.100000000000000E+001  0.753419877755277E+004  0.890277184663663E+001  0.742131495847794E+002 -0.684949324863298E-001 -0.139980111287529E+001 -0.107536384819057E+002 -0.376709938877638E+004
  0.100000000000000E+001  0.314769651771155E+005  0.118840016459535E+002  0.629827450408604E+002 -0.164744358282414E+001  0.385368917657308E+001 -0.107536384819057E+002 -0.157384825885577E+005
  0.100000000000000E+001  0.134784881655476E+005 -0.131961188097364E+001  0.943907300389396E+002 -0.127344038997946E+001 -0.649244455514133E+000 -0.107536384819057E+002 -0.673924408277381E+004
  0.100000000000000E+001  0.980324560096143E+005  0.131647955101491E+002  0.836428380924744E+002 -0.163788397189750E+001 -0.559986037361356E+000 -0.107536384819057E+002 -0.490162280048071E+005
  0.100000000000000E+001  0.142201102643877E+005  0.174029976093019E+002  0.825169080072573E+002 -0.194042798399249E+001 -0.491729754999140E+001 -0.107536384819057E+002 -0.711005513219387E+004
  0.100000000000000E+001  0.152838728800523E+005 -0.254536516766022E+001  0.425120622790403E+002 -0.129998573632257E+001  0.384995269649009E+001 -0.107536384819057E+002 -0.764193644002615E+004
  0.100000000000000E+001  0.107678722373298E+006 -0.191238991318014E+002  0.441416258382505E+002 -0.179752521063640E+001  0.201685122203545E+001 -0.107536384819057E+002 -0.538393611866491E+005
  0.100000000000000E+001  0.316383278414677E+005  0.110298708823404E+002  0.803986854807848E+002 -0.186092341357709E+001 -0.282880185957783E+001 -0.107536384819057E+002 -0.158191639207338E+005
  0.100000000000000E+001  0.307466134875942E+004  0.194015263351964E+002  0.709709408203958E+002 -0.554262964694906E+000  0.307617415252620E+000 -0.107536384819057E+002 -0.153733067437971E+004
  0.100000000000000E+001  0.146105818248670E+005  0.942963392855624E+001  0.548210143459286E+002 -0.999607435879181E+000  0.734594665437454E+000 -0.107536384819057E+002 -0.730529091243350E+004
  0.100000000000000E+001  0.132385141951309E+005  0.118740478382679E+002  0.591383749149508E+002 -0.443678352439476E+000 -0.293695896327772E+001 -0.107536384819057E+002 -0.661925709756546E+004
  0.100000000000000E+001  0.113292178487557E+006  0.320461149834759E+001  0.986888145736480E+002 -0.189097221540404E+001 -0.406985065589800E+000 -0.107536384819057E+002 -0.566460892437783E+005
  0.100000000000000E+001  0.198634026405234E+005 -0.191691082608413E+001  0.976238123473891E+002 -0.183497543119377E+001 -0.156001120853790E+001 -0.107536384819057E+002 -0.993170132026169E+004
  0.100000000000000E+001  0.146103315612676E+005 -0.190521903409383E+001  0.478833809776424E+002 -0.962569526963593E+000 -0.497926814799218E+001 -0.107536384819057E+002 -0.730516578063379E+004
  0.100000000000000E+001  0.146093406024589E+005 -0.125071993453385E+002  0.643687289085079E+002 -0.957047589600554E+000 -0.229893915326535E+001 -0.107536384819057E+002 -0.730467030122945E+004
  0.100000000000000E+001  0.144397670009979E+005  0.103701121299016E+002  0.550858112684243E+002 -0.130154967769120E+001 -0.176808700819912E+001 -0.107536384819057E+002 -0.721988350049893E+004
  0.100000000000000E+001  0.201036548440530E+005  0.150621743906672E+002  0.498745059605346E+002 -0.163198291367808E+001  0.486467177148659E+001 -0.107536384819057E+002 -0.100518274220265E+005
  0.100000000000000E+001  0.154633457087170E+005 -0.145319853788753E+001  0.759089737668170E+002 -0.129705494651679E+001  0.352345662075924E+001 -0.107536384819057E+002 -0.773167285435851E+004
  0.100000000000000E+001  0.149030318903605E+005  0.183334382934850E+002  0.969939561350803E+002 -0.153600804740460E+001 -0.361756713602214E+001 -0.107536384819057E+002 -0.745151594518026E+004
  0.100000000000000E+001  0.570288786793924E+004 -0.144992876260390E+001  0.741284732295741E+002 -0.438442957228314E+000 -0.125889783031670E+000 -0.107536384819057E+002 -0.285144393396962E+004
  0.100000000000000E+001  0.505478791696053E+005  0.608021042972426E+001  0.771741865961726E+002 -0.171687083677161E+001 -0.881336886046917E+000 -0.107536384819057E+002 -0.252739395848026E+005
  0.100000000000000E+001  0.145936740646018E+005  0.178457619965931E+002  0.433399010437166E+002 -0.955626549684892E+000  0.631711003475068E-001 -0.107536384819057E+002 -0.729683703230092E+004
  0.100000000000000E+001  0.146199514476470E+005  0.393009764702638E+001  0.458807661031131E+002 -0.111169726772369E+001 -0.396255123234202E+001 -0.107536384819057E+002 -0.730997572382349E+004
  0.100000000000000E+001  0.978325800715564E+005 -0.889261731096158E+001  0.615248555008730E+002 -0.183568467885537E+001  0.323549545845319E+000 -0.107536384819057E+002 -0.489162900357782E+005
  0.100000000000000E+001  0.783230106111116E+004  0.972533616772104E+001  0.957021333628207E+002 -0.108881354700552E-003 -0.169445880409218E+001 -0.107536384819057E+002 -0.391615053055558E+004
  0.100000000000000E+001  0.140545653697259E+005 -0.130675492135664E+002  0.422797930693479E+002 -0.577371703911599E+000 -0.342005410836301E+001 -0.107536384819057E+002 -0.702728268486295E+004
  0.100000000000000E+001  0.802573192795092E+004  0.600985484258010E+001  0.824572945710394E+002 -0.126734581721418E+000 -0.139272070864944E+001 -0.107536384819057E+002 -0.401286596397546E+004
  0.100000000000000E+001  0.140990610748604E+005  0.118077435838002E+002  0.898712736171300E+002 -0.537724280715165E+000 -0.426808439863836E+001 -0.107536384819057E+002 -0.704953053743022E+004
  0.100000000000000E+001  0.106892606845602E+006  0.348573220678438E+001  0.780644419542683E+002 -0.157742083686635E+001  0.136179449681893E+001 -0.107536384819057E+002 -0.534463034228012E+005
  0.100000000000000E+001  0.963629744429908E+005  0.125695116633045E+002  0.538956736473490E+002 -0.194433488232265E+001 -0.573783505276008E+000 -0.107536384819057E+002 -0.481814872214954E+005
  0.100000000000000E+001  0.109823751136211E+006 -0.865290036439400E+001  0.566197535613541E+002 -0.155900232066878E+001  0.126419042577191E+001 -0.107536384819057E+002 -0.549118755681054E+005
  0.100000000000000E+001  0.146165789162745E+005  0.445813840159292E+001  0.856449184398068E+002 -0.107455775241579E+001  0.445123355226103E+001 -0.107536384819057E+002 -0.730828945813724E+004
  0.100000000000000E+001  0.857780180369080E+005 -0.183672761967920E+002  0.503822824419363E+002 -0.163925556776762E+001  0.119496836647810E+001 -0.107536384819057E+002 -0.428890090184540E+005
  0.100000000000000E+001  0.154686861836347E+005 -0.142182435845239E+002  0.428893275625692E+002 -0.164758828642982E+001 -0.354771703065534E+001 -0.107536384819057E+002 -0.773434309181737E+004
  0.100000000000000E+001  0.174213543340763E+005  0.122945150625009E+002  0.774115859386934E+002 -0.160861829826487E+001 -0.115658618595993E+001 -0.107536384819057E+002 -0.871067716703814E+004
  0.100000000000000E+001  0.882342085761850E+005 -0.149523261535041E+002  0.433656874585544E+002 -0.167769481784874E+001  0.129334058764289E+001 -0.107536384819057E+002 -0.441171042880925E+005
  0.100000000000000E+001  0.164300022659159E+005  0.660330408558924E+000  0.623249574684534E+002 -0.137625482333589E+001 -0.190813090436175E+001 -0.107536384819057E+002 -0.821500113295794E+004
  0.100000000000000E+001  0.155638962986086E+005 -0.826158120615391E+001  0.593077042262941E+002 -0.158668973891140E+001 -0.171848679055698E+001 -0.107536384819057E+002 -0.778194814930432E+004
  0.100000000000000E+001  0.146090527413465E+005  0.144483843360524E+002  0.545896688161236E+002 -0.947422214699913E+000 -0.302425589009186E+001 -0.107536384819057E+002 -0.730452637067326E+004
  0.100000000000000E+001  0.145116454952019E+005 -0.536222240071645E+001  0.427917662517169E+002 -0.819591198145109E+000 -0.211636864458324E+001 -0.107536384819057E+002 -0.725582274760093E+004
  0.100000000000000E+001  0.134592723796819E+005 -0.141764065972863E+002  0.858076941283243E+002 -0.115702869820822E+001  0.971712991661065E-001 -0.107536384819057E+002 -0.672963618984096E+004
  0.100000000000000E+001  0.999218477933516E+005  0.316382783866384E+001  0.444859567065555E+002 -0.171081515548144E+001  0.215277624901223E+001 -0.107536384819057E+002 -0.499609238966758E+005
  0.100000000000000E+001  0.132575002837667E+005 -0.636918126022097E+001  0.699793817542390E+002 -0.278870707837804E+000 -0.470390933217258E+001 -0.107536384819057E+002 -0.662875014188337E+004
  0.100000000000000E+001  0.118778106135716E+006  0.140972686918581E+002  0.436764739044451E+002 -0.186097716617780E+001  0.118477412198525E+001 -0.107536384819057E+002 -0.593890530678582E+005
  0.100000000000000E+001  0.111180870852696E+005  0.557948534209761E+000  0.975967310436053E+002 -0.283497691002215E+000 -0.207848527485749E+001 -0.107536384819057E+002 -0.555904354263479E+004
  0.100000000000000E+001  0.144971656176719E+005  0.194506814901940E+002  0.610169821748312E+002 -0.866931229136546E+000 -0.848713465270987E+000 -0.107536384819057E+002 -0.724858280883597E+004
  0.100000000000000E+001  0.149824335584995E+005  0.954381655736925E+001  0.429821895311993E+002 -0.150220520832237E+001 -0.469833817769432E+001 -0.107536384819057E+002 -0.749121677924975E+004
  0.100000000000000E+001  0.107061303528556E+006 -0.641232870775493E+001  0.684218851306250E+002 -0.181798815943999E+001  0.375142097101083E+001 -0.107536384819057E+002 -0.535306517642781E+005
  0.100000000000000E+001  0.195545837519343E+005  0.160792375546942E+002  0.456727937126844E+002 -0.181007313502094E+001 -0.455558648604123E+001 -0.107536384819057E+002 -0.977729187596713E+004
  0.100000000000000E+001  0.708459158085276E+004 -0.940099587065563E+001  0.939149204490050E+002 -0.182783368491584E+000 -0.970513338847382E+000 -0.107536384819057E+002 -0.354229579042638E+004
  0.100000000000000E+001  0.147172297856739E+005  0.386671300460723E+001  0.676626211700872E+002 -0.129441497534301E+001 -0.496799825722813E+001 -0.107536384819057E+002 -0.735861489283693E+004
  0.100000000000000E+001  0.158716484065545E+005  0.142075545502739E+002  0.525536991994384E+002 -0.137923015581052E+001  0.409200980726356E+001 -0.107536384819057E+002 -0.793582420327726E+004
  0.100000000000000E+001  0.244710713181337E+005  0.137507566238870E+002  0.769088253269991E+002 -0.119129788076572E+001  0.149976698499120E+001 -0.107536384819057E+002 -0.122355356590669E+005
  0.100000000000000E+001  0.104134826302248E+006 -0.394366528919782E+000  0.434554407081859E+002 -0.180438266759620E+001  0.335147564285330E+001 -0.107536384819057E+002 -0.520674131511241E+005
  0.100000000000000E+001  0.130266807638112E+005 -0.183363582290523E+002  0.616263121857251E+002 -0.494307236782431E+000 -0.216613934046434E+001 -0.107536384819057E+002 -0.651334038190559E+004
  0.100000000000000E+001  0.140488664033009E+005 -0.111025114848897E+002  0.683366828314174E+002 -0.502918109884284E+000 -0.455998318609927E+001 -0.107536384819057E+002 -0.702443320165044E+004
  0.100000000000000E+001  0.131422898909843E+005 -0.110210524607670E+002  0.665275345828345E+002 -0.330730020997469E+000 -0.389446343905288E+001 -0.107536384819057E+002 -0.657114494549217E+004
  0.100000000000000E+001  0.145899612988184E+005  0.192224268888469E+002  0.436196586143632E+002 -0.915360335839237E+000  0.320134961417464E+001 -0.107536384819057E+002 -0.729498064940919E+004
  0.100000000000000E+001  0.814638159447755E+004 -0.513037292914547E-001  0.729718795544965E+002 -0.112118453293838E+000 -0.147762208838347E+001 -0.107536384819057E+002 -0.407319079723878E+004
  0.100000000000000E+001  0.164852759727720E+005 -0.129088080264907E+002  0.962534936684613E+002 -0.161601491036471E+001 -0.365616015339050E+001 -0.107536384819057E+002 -0.824263798638598E+004
  0.100000000000000E+001  0.881510901460125E+004  0.588084050602648E+001  0.504283278927170E+002 -0.203096276290151E+000 -0.140540962441943E+001 -0.107536384819057E+002 -0.440755450730063E+004
  0.100000000000000E+001  0.100045312942629E+006  0.156651577824618E+002  0.647857115897493E+002 -0.194687101147771E+001  0.224388465096389E+001 -0.107536384819057E+002 -0.500226564713144E+005
  0.100000000000000E+001  0.154091624764937E+005 -0.935261032263151E+001  0.666441469274000E+002 -0.119336549658372E+001  0.235046179078483E+001 -0.107536384819057E+002 -0.770458123824683E+004
  0.100000000000000E+001  0.146789567857234E+005  0.172269314645909E+002  0.595019552831846E+002 -0.124675405157977E+001 -0.482939244462443E+001 -0.107536384819057E+002 -0.733947839286170E+004
  0.100000000000000E+001  0.751175810179873E+004 -0.844213707448634E+001  0.546159192575863E+002 -0.237497947599189E+000  0.694025199553847E+000 -0.107536384819057E+002 -0.375587905089936E+004
  0.100000000000000E+001  0.121603651287112E+005  0.193974824466871E+002  0.608010021230744E+002 -0.916901865475270E-001 -0.434635850609677E+001 -0.107536384819057E+002 -0.608018256435561E+004
  0.100000000000000E+001  0.131675084497185E+005  0.154600631561482E+002  0.560408742874829E+002 -0.117880313136011E+001 -0.973938057015751E-001 -0.107536384819057E+002 -0.658375422485925E+004
  0.100000000000000E+001  0.140223897724422E+005  0.975216366409127E+001  0.852326330783578E+002 -0.475157439561164E+000 -0.486345147971145E+001 -0.107536384819057E+002 -0.701119488622111E+004
  0.100000000000000E+001  0.145254179712205E+005  0.175140631980298E+002  0.647289149747950E+002 -0.807858063831107E+000  0.461716527549416E+001 -0.107536384819057E+002 -0.726270898561023E+004
  0.100000000000000E+001  0.108627953482022E+006  0.137334796460576E+002  0.900970226152834E+002 -0.140883206368896E+001  0.184861362900713E+001 -0.107536384819057E+002 -0.543139767410108E+005
  0.100000000000000E+001  0.150096962420133E+005 -0.140341946154341E+002  0.498742879384076E+002 -0.153210126510196E+001 -0.466622094197981E+001 -0.107536384819057E+002 -0.750484812100666E+004
  0.100000000000000E+001  0.142263441865943E+005  0.327756513271012E+001  0.663848147680343E+002 -0.632599653505536E+000 -0.339848861347641E+001 -0.107536384819057E+002 -0.711317209329713E+004
  0.100000000000000E+001  0.116850440359009E+005 -0.715897493446765E+001  0.414271038390744E+002 -0.357624744779139E+000 -0.200546079039399E+001 -0.107536384819057E+002 -0.584252201795046E+004
  0.100000000000000E+001  0.514300413908663E+005 -0.586516334592275E+001  0.677603047497793E+002 -0.178474209467799E+001  0.424854217709678E+001 -0.107536384819057E+002 -0.257150206954332E+005
  0.100000000000000E+001  0.146266085029099E+005 -0.100974926782948E+002  0.966718293985666E+002 -0.107940638571229E+001 -0.125061748152621E+001 -0.107536384819057E+002 -0.731330425145494E+004
  0.100000000000000E+001  0.564619279766096E+004  0.182917288853999E+001  0.427871711926268E+002 -0.481866330714534E+000 -0.240928635957047E-001 -0.107536384819057E+002 -0.282309639883048E+004
  0.100000000000000E+001  0.144870955313862E+005  0.773925718950921E+001  0.943821552260555E+002 -0.699925621331553E+000 -0.491838624511472E+001 -0.107536384819057E+002 -0.724354776569308E+004
  0.100000000000000E+001  0.119393391644433E+005 -0.448105995611246E+001  0.493381450423100E+002 -0.183581621039725E+000 -0.338244531656804E+001 -0.107536384819057E+002 -0.596966958222165E+004
  0.100000000000000E+001  0.302956522177617E+005 -0.138417524999537E+001  0.583084373853931E+002 -0.149265545176617E+001  0.287369430943571E+001 -0.107536384819057E+002 -0.151478261088808E+005
  0.100000000000000E+001  0.152806479997542E+005 -0.185409602225363E+002  0.488103444500459E+002 -0.166183071159881E+001 -0.447551929103058E+001 -0.107536384819057E+002 -0.764032399987710E+004
  0.100000000000000E+001  0.144507726874906E+005 -0.183740296138647E+002  0.649897869688502E+002 -0.687619833463478E+000 -0.449570199085892E+001 -0.107536384819057E+002 -0.722538634374531E+004
  0.100000000000000E+001  0.127643080426514E+006 -0.104806515084716E+002  0.962715842851108E+002 -0.123788639224673E+001  0.116681944786190E+001 -0.107536384819057E+002 -0.638215402132572E+005
  0.100000000000000E+001  0.141944933537231E+005  0.102222606639888E+002  0.710131984390549E+002 -0.589255856899183E+000 -0.396036032514014E+001 -0.107536384819057E+002 -0.709724667686154E+004
  0.100000000000000E+001  0.152893539361500E+005 -0.149735178450589E+001  0.515288574387785E+002 -0.131155855312145E+001  0.400879378849585E+001 -0.107536384819057E+002 -0.764467696807498E+004
  0.100000000000000E+001  0.146080000458056E+005 -0.206108551518341E+000  0.607512938303234E+002 -0.926123655591639E+000 -0.415425410902471E+001 -0.107536384819057E+002 -0.730400002290281E+004
  0.100000000000000E+001  0.193809148281839E+005  0.726924113942685E+001  0.966746257023081E+002 -0.182810667317408E+001 -0.218985287138360E+001 -0.107536384819057E+002 -0.969045741409196E+004
  0.100000000000000E+001  0.557467098873804E+004  0.114406499418416E+002  0.407980814864877E+002 -0.317142912578345E-001 -0.927241103206427E+000 -0.107536384819057E+002 -0.278733549436902E+004
  0.100000000000000E+001  0.149000171225255E+005  0.111225019728245E+001  0.600638958078923E+002 -0.140998501805895E+001 -0.386131793424092E+001 -0.107536384819057E+002 -0.745000856126273E+004
  0.100000000000000E+001  0.132165659317165E+005 -0.253797167737346E+001  0.828338349574744E+002 -0.454769729489779E+000 -0.279186294983756E+001 -0.107536384819057E+002 -0.660828296585823E+004
  0.100000000000000E+001  0.146105762945304E+005 -0.105805994944386E+002  0.530576798295160E+002 -0.996306359282165E+000 -0.232783500824434E+000 -0.107536384819057E+002 -0.730528814726522E+004
  0.100000000000000E+001  0.885676081104954E+005 -0.328118742413723E+001  0.819781899504731E+002 -0.149048637409007E+001 -0.417442299472284E+000 -0.107536384819057E+002 -0.442838040552477E+005
  0.100000000000000E+001  0.512054817344605E+005  0.169846077838609E+002  0.704864716361705E+002 -0.172091412060523E+001  0.382344576878945E+001 -0.107536384819057E+002 -0.256027408672303E+005
  0.100000000000000E+001  0.241760309405842E+005 -0.108779555239647E+002  0.453629076088373E+002 -0.199711690350020E+001 -0.154742047314750E+001 -0.107536384819057E+002 -0.120880154702921E+005
  0.100000000000000E+001  0.119013915713182E+006  0.612547444991365E+001  0.531426188194401E+002 -0.126665559519844E+001  0.114448115615313E+001 -0.107536384819057E+002 -0.595069578565912E+005
  0.100000000000000E+001  0.348779839006982E+005  0.193978316741045E+002  0.673432677530504E+002 -0.179033524295900E+001 -0.109113549145305E+001 -0.107536384819057E+002 -0.174389919503491E+005
  0.100000000000000E+001  0.876585724591958E+005  0.196551341522536E+000  0.836764202295310E+002 -0.178170483703767E+001  0.313957724146716E+000 -0.107536384819057E+002 -0.438292862295979E+005
  0.100000000000000E+001  0.303284834174920E+004  0.492924388290989E+001  0.628714753998488E+002 -0.573402831065984E+000  0.341276624735547E+000 -0.107536384819057E+002 -0.151642417087460E+004
  0.100000000000000E+001  0.119079967611538E+005 -0.126324569439888E+002  0.550175210562698E+002 -0.855004242164766E+000  0.586433270051758E+000 -0.107536384819057E+002 -0.595399838057691E+004
  0.100000000000000E+001  0.129529582286332E+005 -0.144692373505433E+002  0.991812949453580E+002 -0.257621274515869E+000 -0.424469999046639E+001 -0.107536384819057E+002 -0.647647911431660E+004
  0.100000000000000E+001  0.460966569613478E+005 -0.425919561314667E+001  0.870778015657861E+002 -0.164742539442451E+001 -0.261667688458851E+001 -0.107536384819057E+002 -0.230483284806739E+005
  0.100000000000000E+001  0.163763775634725E+003  0.738691126912870E+001  0.971566553777046E+002 -0.178980000567563E+000  0.413839350808143E+000 -0.107536384819057E+002 -0.818818878173626E+002
  0.100000000000000E+001  0.913713809436968E+005  0.484460045805250E+000  0.536145529129554E+002 -0.186602191936745E+001  0.250688661576579E+001 -0.107536384819057E+002 -0.456856904718484E+005
  0.100000000000000E+001  0.150180317367449E+005  0.184862071015164E+002  0.807259224995636E+002 -0.158306342712601E+001 -0.412612760384629E+001 -0.107536384819057E+002 -0.750901586837246E+004
  0.100000000000000E+001  0.181381879127274E+005  0.147472489497014E+002  0.409000220607540E+002 -0.172675661040157E+001 -0.210687058985167E+001 -0.107536384819057E+002 -0.906909395636372E+004
  0.100000000000000E+001  0.135031623338435E+005  0.675164389690836E+001  0.406431833626613E+002 -0.146515593114409E+001 -0.239074917667534E+001 -0.107536384819057E+002 -0.675158116692175E+004
  0.100000000000000E+001  0.911881561201950E+005  0.188263657518559E+002  0.616084820021712E+002 -0.167128012240378E+001  0.310128716897841E+001 -0.107536384819057E+002 -0.455940780600975E+005
  0.100000000000000E+001  0.912806505155308E+005 -0.758793868513888E+001  0.573465687294634E+002 -0.192320524020213E+001  0.191662593581388E+001 -0.107536384819057E+002 -0.456403252577654E+005
  0.100000000000000E+001  0.149082393147402E+005 -0.225522197290737E+001  0.908044376344509E+002 -0.142301837349673E+001 -0.418521468001781E+001 -0.107536384819057E+002 -0.745411965737010E+004
  0.100000000000000E+001  0.114592947832848E+006 -0.630129022050336E+001  0.876094440286213E+002 -0.199197295447661E+001  0.192186169051084E+001 -0.107536384819057E+002 -0.572964739164239E+005
  0.100000000000000E+001  0.146448137805571E+005  0.499621476776684E+001  0.975992453723274E+002 -0.109368966335329E+001  0.304995823087128E+001 -0.107536384819057E+002 -0.732240689027857E+004
  0.100000000000000E+001  0.111522152025534E+006  0.180874858347107E+002  0.667315773861037E+002 -0.195258063646028E+001  0.182461842931712E+001 -0.107536384819057E+002 -0.557610760127672E+005
  0.100000000000000E+001  0.149969487182307E+005  0.173340656747737E+002  0.880898781968174E+002 -0.131042601872647E+001  0.487884607414826E+001 -0.107536384819057E+002 -0.749847435911533E+004
  0.100000000000000E+001  0.146106540593899E+005  0.418754731941626E+001  0.665571688714280E+002 -0.101957700095938E+001 -0.319458425724259E+001 -0.107536384819057E+002 -0.730532702969497E+004
  0.100000000000000E+001  0.229634769994353E+005 -0.175195258800708E+002  0.524334451041604E+002 -0.132214431327781E+001  0.216178690140604E+001 -0.107536384819057E+002 -0.114817384997177E+005
  0.100000000000000E+001  0.149817668731867E+005 -0.132964323840192E+002  0.512036733434482E+002 -0.784385077328532E+000  0.345327647647714E+001 -0.107536384819057E+002 -0.749088343659334E+004
  0.100000000000000E+001  0.868068067982955E+005 -0.785339359960904E+001  0.842007440706532E+002 -0.197315278920316E+001 -0.640254552434058E+000 -0.107536384819057E+002 -0.434034033991478E+005
  0.100000000000000E+001  0.128457271714286E+005 -0.109225637550130E+002  0.893806830014389E+002 -0.430156495806649E+000 -0.250507782950491E+001 -0.107536384819057E+002 -0.642286358571431E+004
  0.100000000000000E+001  0.223629514414816E+005 -0.115533083727501E+002  0.915059678954230E+002 -0.136540784856307E+001  0.244756955254863E+001 -0.107536384819057E+002 -0.111814757207408E+005
  0.100000000000000E+001  0.101542713595971E+006  0.180593221244017E+002  0.428805310972191E+002 -0.183888848257102E+001 -0.583158599800634E+000 -0.107536384819057E+002 -0.507713567979853E+005
  0.100000000000000E+001  0.145041745558250E+005 -0.100062861424432E+002  0.621135456419968E+002 -0.768131162703819E+000 -0.335899210649443E+001 -0.107536384819057E+002 -0.725208727791251E+004
  0.100000000000000E+001  0.130007102580898E+005  0.169730184917672E+002  0.615751473063465E+002 -0.535532250361809E+000 -0.178462511464736E+001 -0.107536384819057E+002 -0.650035512904492E+004
  0.100000000000000E+001  0.611511440492355E+005  0.474780485303882E+001  0.650353508702072E+002 -0.197863874363792E+001 -0.864265713633019E+000 -0.107536384819057E+002 -0.305755720246177E+005
  0.100000000000000E+001  0.629916138153627E+004 -0.155762225757957E+002  0.926594800510757E+002 -0.700610466347955E-001 -0.103716765515737E+001 -0.107536384819057E+002 -0.314958069076813E+004
  0.100000000000000E+001  0.145646343836550E+005  0.147394395777245E+001  0.591844683578118E+002 -0.798034444032720E+000 -0.444866819541130E+001 -0.107536384819057E+002 -0.728231719182749E+004
  0.100000000000000E+001  0.618168218007870E+005 -0.909023257534484E+001  0.732766360861751E+002 -0.163530677658358E+001 -0.728876432604152E+000 -0.107536384819057E+002 -0.309084109003935E+005
  0.100000000000000E+001  0.981678643050995E+005 -0.765275861163568E+001  0.809489588169707E+002 -0.178106072067364E+001  0.364571865736810E+001 -0.107536384819057E+002 -0.490839321525498E+005
  0.100000000000000E+001  0.149337609637077E+005  0.391510892483085E+001  0.821735683468550E+002 -0.141472766177557E+001 -0.130997071634751E+001 -0.107536384819057E+002 -0.746688048185386E+004
  0.100000000000000E+001  0.145967772896310E+005 -0.309255751281818E+001  0.621913082074677E+002 -0.829924761137614E+000  0.307868845842564E+001 -0.107536384819057E+002 -0.729838864481548E+004
  0.100000000000000E+001  0.144171224385766E+005 -0.164057291649777E+002  0.893145397801550E+002 -0.771468031324615E+000 -0.213526661947635E+001 -0.107536384819057E+002 -0.720856121928829E+004
  0.100000000000000E+001  0.139767631990811E+005  0.505261872218368E+001  0.795986533178675E+002 -0.471271319003596E+000 -0.468594168647854E+001 -0.107536384819057E+002 -0.698838159954057E+004
  0.100000000000000E+001  0.150183394573389E+005 -0.179081939197369E+002  0.504249172082331E+002 -0.119092911787699E+001  0.280592432565537E+001 -0.107536384819057E+002 -0.750916972866945E+004
  0.100000000000000E+001  0.884188837835101E+005  0.188212247066479E+002  0.920436191035872E+002 -0.189732207447828E+001 -0.673076227251070E+000 -0.107536384819057E+002 -0.442094418917551E+005
  0.100000000000000E+001  0.149515779291903E+005 -0.948795373833387E+001  0.990332234911101E+002 -0.117906320982324E+001  0.278239956327235E+001 -0.107536384819057E+002 -0.747578896459513E+004
  0.100000000000000E+001  0.151429190461579E+005  0.101314579320953E+002  0.458813656160382E+002 -0.162920613357102E+001 -0.435595169675381E+001 -0.107536384819057E+002 -0.757145952307894E+004
  0.100000000000000E+001  0.146105820044459E+005 -0.185310894237646E+002  0.407030876914443E+002 -0.100140866090357E+001  0.496860576702339E+001 -0.107536384819057E+002 -0.730529100222295E+004
  0.100000000000000E+001  0.142924990602142E+005 -0.353157521148048E+001  0.601930540342683E+002 -0.578457648115321E+000 -0.494892400493420E+001 -0.107536384819057E+002 -0.714624953010712E+004
  0.100000000000000E+001  0.186247142508714E+005  0.176179392578394E+002  0.403054866719010E+002 -0.144674768711820E+001  0.349766227573772E+001 -0.107536384819057E+002 -0.931235712543569E+004
  0.100000000000000E+001  0.123690671972478E+005 -0.490947752932017E+001  0.533076611029310E+002 -0.581321577739690E+000 -0.985159226283017E+000 -0.107536384819057E+002 -0.618453359862391E+004
  0.100000000000000E+001  0.719537892064222E+004 -0.147842582236113E+002  0.648127605838261E+002 -0.681362762567721E+000  0.336672056934706E+000 -0.107536384819057E+002 -0.359768946032111E+004
  0.100000000000000E+001  0.118133371911639E+005  0.422029098860235E+001  0.998135500840607E+002 -0.167017891442298E+000 -0.336084618769028E+001 -0.107536384819057E+002 -0.590666859558193E+004
  0.100000000000000E+001  0.146537137757013E+005 -0.629676904091218E+001  0.951961542494238E+002 -0.114109838099694E+001 -0.218882763269316E+001 -0.107536384819057E+002 -0.732685688785065E+004
  0.100000000000000E+001  0.898496505802078E+005 -0.108219746429814E+002  0.637644072975568E+002 -0.165869441903368E+001  0.258584421326021E+001 -0.107536384819057E+002 -0.449248252901039E+005
  0.100000000000000E+001  0.146016811667614E+005  0.140673324703736E+002  0.820744785855306E+002 -0.914413537739449E+000  0.444447669167847E+001 -0.107536384819057E+002 -0.730084058338071E+004
  0.100000000000000E+001  0.911841830489981E+004 -0.577621495980033E+001  0.997303664760430E+002 -0.269872335449948E+000 -0.126402839640157E+001 -0.107536384819057E+002 -0.455920915244991E+004
  0.100000000000000E+001  0.199389560819587E+005  0.174020586641990E+002  0.814475346836996E+002 -0.182604480000795E+001 -0.153310983604146E+001 -0.107536384819057E+002 -0.996947804097933E+004
  0.100000000000000E+001  0.102651287176733E+005 -0.504256855859023E+001  0.451429676928172E+002 -0.110974495836682E+000 -0.244462123783496E+001 -0.107536384819057E+002 -0.513256435883663E+004
  0.100000000000000E+001  0.107065333073962E+005  0.110466413980063E+001  0.593578261279895E+002 -0.213675756767529E+000  0.751098937207950E+000 -0.107536384819057E+002 -0.535326665369811E+004
  0.100000000000000E+001  0.117891473218539E+006  0.191076837068214E+001  0.980306836740186E+002 -0.197289610276982E+001 -0.415138490668700E+001 -0.107536384819057E+002 -0.589457366092696E+005
  0.100000000000000E+001  0.148566946543588E+005  0.704692093419837E+000  0.787458344684549E+002 -0.102780283637581E+001  0.112775410520528E+001 -0.107536384819057E+002 -0.742834732717940E+004
  0.100000000000000E+001  0.115066429072788E+005 -0.191376364615726E+002  0.827187010391378E+002 -0.389837291870284E+000 -0.170091323596618E+001 -0.107536384819057E+002 -0.575332145363940E+004
  0.100000000000000E+001  0.123029778912017E+005  0.147205599325230E+002  0.778363287459217E+002 -0.388288429514149E+000 -0.227617667713706E+001 -0.107536384819057E+002 -0.615148894560086E+004
  0.100000000000000E+001  0.148572437089653E+005  0.189568314340035E+002  0.506107745838131E+002 -0.151628338151438E+001 -0.333817035161605E+001 -0.107536384819057E+002 -0.742862185448264E+004
  0.100000000000000E+001  0.101561834163545E+006 -0.366976156616031E+001  0.549871323915217E+002 -0.184802963010748E+001 -0.357060704549597E+001 -0.107536384819057E+002 -0.507809170817725E+005
  0.100000000000000E+001  0.150684655754088E+005  0.129843409243896E+001  0.572495758678155E+002 -0.130976613887683E+001  0.457273232019390E+001 -0.107536384819057E+002 -0.753423278770438E+004
  0.100000000000000E+001  0.902682980151180E+005  0.267618666918082E+001  0.430532678302530E+002 -0.171229907852170E+001  0.576275463968034E+000 -0.107536384819057E+002 -0.451341490075590E+005
  0.100000000000000E+001  0.421471987535590E+003  0.994511840030959E+001  0.404442869744616E+002 -0.358911570842694E+000  0.294804642485377E+000 -0.107536384819057E+002 -0.210735993767795E+003
  0.100000000000000E+001  0.146119675109845E+005  0.586839012324085E+001  0.614785655577023E+002 -0.104565989285956E+001 -0.239961443889885E+001 -0.107536384819057E+002 -0.730598375549224E+004
  0.100000000000000E+001  0.145818317062463E+005  0.282529452937501E+001  0.840657671717343E+002 -0.729749657286943E+000  0.443343462673181E+001 -0.107536384819057E+002 -0.729091585312317E+004
  0.100000000000000E+001  0.133015786898006E+005 -0.168672157609595E+002  0.629236293266622E+002 -0.717728719129912E+000 -0.548461405435331E+000 -0.107536384819057E+002 -0.665078934490031E+004
  0.100000000000000E+001  0.148963994232221E+005  0.844863830894361E+001  0.578183300055441E+002 -0.141384478157649E+001 -0.423209120795573E+001 -0.107536384819057E+002 -0.744819971161105E+004
  0.100000000000000E+001  0.123966479022531E+006  0.148627649759139E+002  0.477646533684432E+002 -0.190185151856901E+001  0.348760039123640E+001 -0.107536384819057E+002 -0.619832395112657E+005
  0.100000000000000E+001  0.196926148727266E+005 -0.889711503486077E+001  0.642611197848287E+002 -0.188794729935591E+001 -0.210544289322495E+001 -0.107536384819057E+002 -0.984630743636328E+004
  0.100000000000000E+001  0.146099699310841E+005  0.141596235521405E+002  0.732696736508301E+002 -0.965473425789840E+000  0.437344430600547E+001 -0.107536384819057E+002 -0.730498496554205E+004
  0.100000000000000E+001  0.143791396107016E+005 -0.742793123987141E+000  0.626930944854095E+002 -0.646499781724533E+000 -0.443570368564184E+001 -0.107536384819057E+002 -0.718956980535078E+004
  0.100000000000000E+001  0.147625357979077E+005 -0.852885637750877E+001  0.409985613405222E+002 -0.131773306233765E+001 -0.234722974437788E+001 -0.107536384819057E+002 -0.738126789895384E+004
  0.100000000000000E+001  0.200416898388836E+005  0.192403106341733E+002  0.935778975046589E+002 -0.189608697816589E+001 -0.171119306597582E+001 -0.107536384819057E+002 -0.100208449194418E+005
  0.100000000000000E+001  0.148937291634653E+005 -0.169397895755416E+002  0.583684060836762E+002 -0.140596083875866E+001 -0.362961517590666E+001 -0.107536384819057E+002 -0.744686458173267E+004
  0.100000000000000E+001  0.146104912877652E+005 -0.174896030207269E+002  0.975487455835472E+002 -0.987897592214426E+000  0.281861729793407E+001 -0.107536384819057E+002 -0.730524564388261E+004
  0.100000000000000E+001  0.145585266399249E+005 -0.991436945000193E+001  0.830740335517270E+002 -0.793084799174080E+000  0.362492773782212E+001 -0.107536384819057E+002 -0.727926331996244E+004
  0.100000000000000E+001  0.975751524563589E+005 -0.291220568908389E+001  0.752830028013953E+002 -0.188142623100821E+001  0.196763376946116E+001 -0.107536384819057E+002 -0.487875762281795E+005
  0.100000000000000E+001  0.138747466639826E+005 -0.187656418162056E+002  0.561336867082263E+002 -0.478653481142249E+000 -0.412754726884970E+001 -0.107536384819057E+002 -0.693737333199128E+004
  0.100000000000000E+001  0.604755756843462E+004  0.102751130698148E+002  0.604813817298148E+002 -0.404312732608716E+000 -0.243703160853197E+000 -0.107536384819057E+002 -0.302377878421731E+004
  0.100000000000000E+001  0.145364747295709E+005  0.157280309310601E+002  0.648961273763407E+002 -0.751389861904932E+000  0.422801428374171E+001 -0.107536384819057E+002 -0.726823736478543E+004
  0.100000000000000E+001  0.115490475303451E+006 -0.130058156891790E+002  0.859168459184816E+002 -0.193641094153034E+001 -0.409582705261683E+001 -0.107536384819057E+002 -0.577452376517253E+005
  0.100000000000000E+001  0.193832305364384E+005 -0.813338438443951E+001  0.913597240846878E+002 -0.156874778309991E+001  0.443226367412654E+001 -0.107536384819057E+002 -0.969161526821921E+004
  0.100000000000000E+001  0.146041336382598E+005  0.400477021222294E+001  0.616634020812249E+002 -0.899352374953074E+000 -0.417718091733815E+001 -0.107536384819057E+002 -0.730206681912992E+004
  0.100000000000000E+001  0.930630455497765E+005  0.159954412067935E+001  0.755202194557732E+002 -0.184925548135461E+001  0.181577213843861E+001 -0.107536384819057E+002 -0.465315227748882E+005
  0.100000000000000E+001  0.111904729374694E+006  0.188720775892671E+002  0.655010764567047E+002 -0.151493544374238E+001 -0.350977537786379E+000 -0.107536384819057E+002 -0.559523646873471E+005
  0.100000000000000E+001  0.372409892397599E+002 -0.128423187857182E+002  0.916710828936249E+002 -0.465965785583934E+000  0.463118329649283E+000 -0.107536384819057E+002 -0.186204946198799E+002
  0.100000000000000E+001  0.713337429224228E+005  0.143695784776549E+002  0.457529539320634E+002 -0.160632864766320E+001  0.170302786516593E+001 -0.107536384819057E+002 -0.356668714612114E+005
  0.100000000000000E+001  0.150275197405234E+005 -0.454983922103451E+001  0.934043377754315E+002 -0.158400926169475E+001 -0.430785741690515E+001 -0.107536384819057E+002 -0.751375987026169E+004
  0.100000000000000E+001  0.114364595874753E+005 -0.109079457288557E+002  0.748269733754882E+002 -0.160266806043929E+000 -0.303757052210571E+001 -0.107536384819057E+002 -0.571822979373767E+004
  0.100000000000000E+001  0.146581683570885E+005  0.615232243614879E+001  0.566297482585698E+002 -0.119204256212108E+001 -0.384088658699546E+001 -0.107536384819057E+002 -0.732908417854426E+004
  0.100000000000000E+001  0.461031090170622E+005 -0.128115203754002E+002  0.467334548056787E+002 -0.196646488522343E+001 -0.461023061947781E+001 -0.107536384819057E+002 -0.230515545085311E+005
  0.100000000000000E+001  0.146520237298140E+005 -0.179721425763477E+001  0.570311904662751E+002 -0.116502544831555E+001 -0.313938454441410E+001 -0.107536384819057E+002 -0.732601186490702E+004
  0.100000000000000E+001  0.204225295926076E+004 -0.989757765587136E+001  0.992021347497414E+002 -0.189193046941525E-001 -0.189077997094488E+000 -0.107536384819057E+002 -0.102112647963038E+004
  0.100000000000000E+001  0.145467027822823E+005  0.104696161929536E+002  0.898847109752861E+002 -0.918811021046857E+000 -0.184611766369027E+000 -0.107536384819057E+002 -0.727335139114116E+004
  0.100000000000000E+001  0.107779268190544E+006  0.926678471393949E+000  0.592217864574361E+002 -0.184736356126287E+001  0.220565137402786E+001 -0.107536384819057E+002 -0.538896340952721E+005
  0.100000000000000E+001  0.903409996793502E+005 -0.162421803430672E+002  0.559334419703977E+002 -0.174078227265739E+001  0.349127687382572E+001 -0.107536384819057E+002 -0.451704998396751E+005
  0.100000000000000E+001  0.861856196972762E+005  0.509998585916765E+001  0.431009050900385E+002 -0.194089522208252E+001  0.389466708779392E+001 -0.107536384819057E+002 -0.430928098486381E+005
  0.100000000000000E+001  0.142459059863416E+005 -0.584245863564825E+001  0.593454684731588E+002 -0.582485456107109E+000 -0.445272188479920E+001 -0.107536384819057E+002 -0.712295299317080E+004
  0.100000000000000E+001  0.192700484686303E+005  0.181602928005160E+002  0.667169390592214E+002 -0.121019012236701E+001  0.152948072205841E+000 -0.107536384819057E+002 -0.963502423431514E+004
  0.100000000000000E+001  0.884378171391171E+004 -0.191569525306125E+002  0.734229963479190E+002 -0.849095421713419E-001 -0.183260794444063E+001 -0.107536384819057E+002 -0.442189085695585E+004
  0.100000000000000E+001  0.180885757351346E+005  0.266489339631573E+001  0.902929685785592E+002 -0.155320538171686E+001  0.468928859393110E+001 -0.107536384819057E+002 -0.904428786756728E+004
  0.100000000000000E+001  0.145362724441691E+005  0.164636091144381E+001  0.886836787392217E+002 -0.995016068765487E+000  0.982321174374209E+000 -0.107536384819057E+002 -0.726813622208456E+004
  0.100000000000000E+001  0.146211498626847E+005  0.366122853342243E+001  0.494690526419074E+002 -0.111849451574598E+001 -0.410104940714550E+001 -0.107536384819057E+002 -0.731057493134235E+004
  0.100000000000000E+001  0.146468702278317E+005  0.951269381243800E+001  0.994881239925747E+002 -0.112213131273984E+001 -0.180798355499697E+001 -0.107536384819057E+002 -0.732343511391585E+004
  0.100000000000000E+001  0.151227307501961E+005 -0.472782652265944E+001  0.732719336207984E+002 -0.163232303603342E+001 -0.460419478929544E+001 -0.107536384819057E+002 -0.756136537509807E+004
  0.100000000000000E+001  0.945980841820060E+005 -0.168755358392006E+002  0.443071462276596E+002 -0.196505539261805E+001  0.680786609827879E+000 -0.107536384819057E+002 -0.472990420910030E+005
  0.100000000000000E+001  0.132842958532394E+005  0.175676559693861E+002  0.761587039270055E+002 -0.316188382421521E+000 -0.436102213398688E+001 -0.107536384819057E+002 -0.664214792661968E+004
  0.100000000000000E+001  0.145573449572555E+005  0.106747980652255E+002  0.814003497398425E+002 -0.911181196729375E+000 -0.484952209194586E+000 -0.107536384819057E+002 -0.727867247862777E+004
  0.100000000000000E+001  0.218640212143478E+005 -0.282195217518779E+001  0.548513159064732E+002 -0.191938979921217E+001 -0.234420094250215E+001 -0.107536384819057E+002 -0.109320106071739E+005
  0.100000000000000E+001  0.145882550896940E+005  0.137718883745388E+002  0.515092854772879E+002 -0.909076973381296E+000 -0.138278732867403E+001 -0.107536384819057E+002 -0.729412754484701E+004
  0.100000000000000E+001  0.114951227060103E+005 -0.109153602330378E+002  0.491715608527777E+002 -0.186818072524255E+000 -0.292425489415546E+001 -0.107536384819057E+002 -0.574756135300516E+004
  0.100000000000000E+001  0.149929140874490E+005  0.132702211543384E+002  0.903536414033708E+002 -0.151300152751347E+001 -0.476588250986479E+001 -0.107536384819057E+002 -0.749645704372448E+004
  0.100000000000000E+001  0.119645632392432E+005 -0.908611184259803E+001  0.937817269442664E+002 -0.897291221075500E-001 -0.408719613883767E+001 -0.107536384819057E+002 -0.598228161962158E+004
  0.100000000000000E+001  0.100181276123976E+006  0.137555676817119E+002  0.664120690490803E+002 -0.191432340120421E+001  0.103638045589770E+001 -0.107536384819057E+002 -0.500906380619878E+005
  0.100000000000000E+001  0.158653234468486E+005 -0.508362258826025E+001  0.668954472421551E+002 -0.159923113854013E+001 -0.361174401454196E+001 -0.107536384819057E+002 -0.793266172342428E+004
  0.100000000000000E+001  0.527333063473550E+004 -0.130779537598574E+002  0.513481960466300E+002 -0.101748981817884E+000 -0.733518299942157E+000 -0.107536384819057E+002 -0.263666531736775E+004
  0.100000000000000E+001  0.183863390439820E+005  0.752554550985099E+000  0.880930975058355E+002 -0.175826719517553E+001 -0.212735734846461E+001 -0.107536384819057E+002 -0.919316952199101E+004
  0.100000000000000E+001  0.183623178880974E+004  0.125587257414131E+002  0.407990714766420E+002 -0.178433091539227E+000 -0.427439568702459E-001 -0.107536384819057E+002 -0.918115894404869E+003
  0.100000000000000E+001  0.109834171413773E+005  0.914334768983687E+001  0.937687681465653E+002 -0.398832679881056E+000 -0.138950401817267E+001 -0.107536384819057E+002 -0.549170857068864E+004
  0.100000000000000E+001  0.146105818975479E+005  0.788376125096641E+001  0.879065838391514E+002 -0.998157286692414E+000  0.469420492832468E+001 -0.107536384819057E+002 -0.730529094877394E+004
  0.100000000000000E+001  0.145309300268362E+005 -0.160878253990084E+002  0.711754823941344E+002 -0.861301273667748E+000  0.297520315975688E+001 -0.107536384819057E+002 -0.726546501341809E+004
  0.100000000000000E+001  0.146104425697879E+005 -0.997080151885174E+001  0.680575772954751E+002 -0.980738137105872E+000  0.394550253640646E+001 -0.107536384819057E+002 -0.730522128489397E+004
  0.100000000000000E+001  0.147451773006413E+005  0.681160667152034E+001  0.933566415933433E+002 -0.119108501399793E+001  0.406923628930063E+001 -0.107536384819057E+002 -0.737258865032063E+004
  0.100000000000000E+001  0.148745970732389E+005 -0.163686983299458E+002  0.958343477700697E+002 -0.146555370252481E+001 -0.353894828956881E+001 -0.107536384819057E+002 -0.743729853661946E+004
  0.100000000000000E+001  0.199454376559138E+005 -0.171488087811815E+002  0.909493661555708E+002 -0.186149690427777E+001 -0.484328077834126E+001 -0.107536384819057E+002 -0.997271882795692E+004
  0.100000000000000E+001  0.141934884761349E+005  0.187276755969389E+002  0.773677040213946E+002 -0.687655311737882E+000 -0.232060738283956E+001 -0.107536384819057E+002 -0.709674423806746E+004
  0.100000000000000E+001  0.119006255149069E+006 -0.167378001307037E+002  0.574636151449650E+002 -0.184863478207884E+001  0.294410099683753E+001 -0.107536384819057E+002 -0.595031275745344E+005
  0.100000000000000E+001  0.914842131557423E+005  0.621516719005394E+001  0.730195010520510E+002 -0.142102468964089E+001  0.172687562207880E+001 -0.107536384819057E+002 -0.457421065778712E+005
  0.100000000000000E+001  0.888638858242902E+002  0.107671355157689E+002  0.533631475371691E+002 -0.413479860353631E+000  0.393674507607040E+000 -0.107536384819057E+002 -0.444319429121451E+002
  0.100000000000000E+001  0.122702947927630E+005  0.260703098459638E+001  0.786652100737930E+002 -0.191902177622235E+000 -0.372170906455230E+001 -0.107536384819057E+002 -0.613514739638150E+004
  0.100000000000000E+001  0.159999854703446E+005  0.121192550193148E+002  0.644405727451968E+002 -0.139994966321372E+001  0.421995489702958E+001 -0.107536384819057E+002 -0.799999273517229E+004
  0.100000000000000E+001  0.146190471465026E+005 -0.191381145841248E+002  0.883336994858734E+002 -0.107717664457074E+001 -0.199617880310161E+001 -0.107536384819057E+002 -0.730952357325130E+004
  0.100000000000000E+001  0.706891361901177E+005  0.189469979543310E+002  0.452277555394634E+002 -0.135313749996579E+001  0.146219123102757E+001 -0.107536384819057E+002 -0.353445680950589E+005
  0.100000000000000E+001  0.135660047251219E+005  0.173515118373695E+001  0.947237400954772E+002 -0.458908792480913E+000 -0.343445488257898E+001 -0.107536384819057E+002 -0.678300236256096E+004
  0.100000000000000E+001  0.146253350978654E+005  0.551579619914854E+001  0.413625884796430E+002 -0.110074982322617E+001 -0.236779024934609E+001 -0.107536384819057E+002 -0.731266754893269E+004
  0.100000000000000E+001  0.238044686841742E+005  0.759504131656264E+001  0.495168742167740E+002 -0.195820827282890E+001 -0.151834262989773E+001 -0.107536384819057E+002 -0.119022343420871E+005
  0.100000000000000E+001  0.738317437540939E+005  0.752703897488414E+001  0.917993690082360E+002 -0.145274699042477E+001  0.125799251324713E+001 -0.107536384819057E+002 -0.369158718770469E+005
  0.100000000000000E+001  0.137505233715183E+005 -0.184128839551912E+002  0.568648702414128E+002 -0.465668570497946E+000 -0.386543938487196E+001 -0.107536384819057E+002 -0.687526168575916E+004
  0.100000000000000E+001  0.169319384329627E+005 -0.773605571245933E+001  0.655646240940177E+002 -0.173600930672403E+001 -0.161723569019049E+001 -0.107536384819057E+002 -0.846596921648133E+004
  0.100000000000000E+001  0.463566608959780E+004 -0.665699184339396E+001  0.695660938447865E+002 -0.228443669480789E+000 -0.396822624877204E+000 -0.107536384819057E+002 -0.231783304479890E+004
  0.100000000000000E+001  0.133626399861434E+005  0.129372677811116E+002  0.518005101993131E+002 -0.462898522355496E+000 -0.296032292033926E+001 -0.107536384819057E+002 -0.668131999307171E+004
  0.100000000000000E+001  0.287345281933362E+005 -0.183419606729288E+001  0.594926602386810E+002 -0.160077107702289E+001 -0.229007202305483E+001 -0.107536384819057E+002 -0.143672640966681E+005
  0.100000000000000E+001  0.207373980232653E+005  0.615936719244969E+001  0.805332342087510E+002 -0.194633179831278E+001 -0.210117100724013E+001 -0.107536384819057E+002 -0.103686990116327E+005
  0.100000000000000E+001  0.984215147233014E+005  0.879396684440661E+001  0.412203384206665E+002 -0.148882373599876E+001  0.776338922918761E+000 -0.107536384819057E+002 -0.492107573616507E+005
  0.100000000000000E+001  0.351741891123293E+005 -0.652161699702672E+001  0.659089414077549E+002 -0.122646916837935E+001  0.152358690332482E+001 -0.107536384819057E+002 -0.175870945561646E+005
  0.100000000000000E+001  0.117097003052018E+005  0.105768913803255E+002  0.661120073354370E+002 -0.679524539591856E+000 -0.183029086952040E+000 -0.107536384819057E+002 -0.585485015260088E+004
  0.100000000000000E+001  0.770950451760163E+005  0.194651042570914E+002  0.677761715200260E+002 -0.134640500606727E+001 -0.143981458982871E+000 -0.107536384819057E+002 -0.385475225880081E+005
  0.100000000000000E+001  0.119761475945794E+005 -0.152292995743271E+002  0.679313607968751E+002 -0.865435987877917E+000  0.622015264006933E+000 -0.107536384819057E+002 -0.598807379728969E+004
  0.100000000000000E+001  0.149383364361595E+005  0.419464137356806E+001  0.700178245485718E+002 -0.124971815238979E+001  0.400831424063744E+001 -0.107536384819057E+002 -0.746916821807974E+004
  0.100000000000000E+001  0.341962722894319E+005  0.353598656859532E+000  0.896848971355724E+002 -0.131569384021073E+001  0.345468681981197E+000 -0.107536384819057E+002 -0.170981361447159E+005
  0.100000000000000E+001  0.723664247239258E+004  0.980590336473752E+001  0.889419801572579E+002 -0.338521427662356E+000 -0.589625390353559E+000 -0.107536384819057E+002 -0.361832123619629E+004
  0.100000000000000E+001  0.125779791627603E+005  0.161771079775813E+001  0.739593776937223E+002 -0.331977017281776E+000 -0.299827204517204E+001 -0.107536384819057E+002 -0.628898958138017E+004
  0.100000000000000E+001  0.154168032874976E+005  0.901383194128238E+001  0.712314172104811E+002 -0.124259674017940E+001  0.289903088342452E+001 -0.107536384819057E+002 -0.770840164374879E+004
  0.100000000000000E+001  0.146067303634178E+005 -0.126398450163154E+002  0.418453790786331E+002 -0.923834898663230E+000 -0.341578913659875E+001 -0.107536384819057E+002 -0.730336518170889E+004
  0.100000000000000E+001  0.169140116200359E+005 -0.173510425627300E+002  0.598949889722165E+002 -0.174544898317928E+001 -0.185014509184178E+001 -0.107536384819057E+002 -0.845700581001793E+004
  0.100000000000000E+001  0.138657054122304E+005 -0.122055241163275E+001  0.573782267343054E+002 -0.144679275284801E+001 -0.117763558390698E+001 -0.107536384819057E+002 -0.693285270611521E+004
  0.100000000000000E+001  0.142379035777544E+005 -0.349579540094413E+001  0.985859545274194E+002 -0.809548340564416E+000 -0.705461391653598E+000 -0.107536384819057E+002 -0.711895178887718E+004
  0.100000000000000E+001  0.146106127217351E+005 -0.947368361063219E+001  0.812943197849302E+002 -0.101175054983283E+001  0.400471464770266E+001 -0.107536384819057E+002 -0.730530636086757E+004
  0.100000000000000E+001  0.123766832798959E+005  0.797712436809042E+001  0.939966532488404E+002 -0.420848851861766E+000 -0.210358950609911E+001 -0.107536384819057E+002 -0.618834163994793E+004
  0.100000000000000E+001  0.102504409077081E+006 -0.141202030706777E+002  0.736662713911826E+002 -0.185166840872422E+001  0.905929266937698E+000 -0.107536384819057E+002 -0.512522045385407E+005
  0.100000000000000E+001  0.773295211027210E+005 -0.901329069615180E+000  0.641070728715652E+002 -0.145478878823627E+001 -0.385583543156938E+000 -0.107536384819057E+002 -0.386647605513605E+005
  0.100000000000000E+001  0.109355522362575E+005  0.366161709413872E+001  0.656365913196835E+002 -0.271639019536463E+000 -0.203469065702482E+001 -0.107536384819057E+002 -0.546777611812873E+004
  0.100000000000000E+001  0.219418863162834E+005  0.138499860282526E+001  0.847746279218612E+002 -0.138038597453675E+001  0.256990317053285E+001 -0.107536384819057E+002 -0.109709431581417E+005
  0.100000000000000E+001  0.146105861096956E+005  0.147810030244105E+002  0.583265307032294E+002 -0.100571176531744E+001  0.378077028114322E+001 -0.107536384819057E+002 -0.730529305484778E+004
  0.100000000000000E+001  0.174296137728499E+003  0.101117597218850E+002  0.774942867150119E+002 -0.845168191164944E-001  0.253287193168009E+000 -0.107536384819057E+002 -0.871480688642493E+002
  0.100000000000000E+001  0.229584981084313E+005 -0.188342397119439E+002  0.568218528822978E+002 -0.143462392967522E+001 -0.162578538742555E+001 -0.107536384819057E+002 -0.114792490542157E+005
  0.100000000000000E+001  0.104889488694116E+005  0.968083469415920E+001  0.435264410790924E+002 -0.332457006880353E-001 -0.297452454665275E+001 -0.107536384819057E+002 -0.524447443470582E+004
  0.100000000000000E+001  0.104313269958310E+006 -0.184483160881284E+002  0.977866457428783E+002 -0.191905289827853E+001  0.431363360771080E+000 -0.107536384819057E+002 -0.521566349791549E+005
  0.100000000000000E+001  0.119543547017113E+005 -0.102547620831265E+002  0.746020274720757E+002 -0.444167584052470E+000 -0.163486923427802E+001 -0.107536384819057E+002 -0.597717735085565E+004
  0.100000000000000E+001  0.139855505745221E+005 -0.160991799243435E+002  0.592586242350532E+002 -0.569097002687659E+000 -0.326455977736206E+001 -0.107536384819057E+002 -0.699277528726106E+004
  0.100000000000000E+001  0.147064856120019E+005  0.643640165676350E+001  0.479130912499593E+002 -0.115359986095617E+001 -0.114286193512319E+001 -0.107536384819057E+002 -0.735324280600094E+004
  0.100000000000000E+001  0.144979151315845E+005 -0.187180201997303E+002  0.402878692969909E+002 -0.743078681003366E+000 -0.392904027962212E+001 -0.107536384819057E+002 -0.724895756579224E+004
  0.100000000000000E+001  0.145064497138350E+005  0.657088095767311E+001  0.546007252888710E+002 -0.138430180462200E+001 -0.237224596085167E+001 -0.107536384819057E+002 -0.725322485691752E+004
  0.100000000000000E+001  0.694871948633064E+005  0.130032100445857E+001  0.672180130453707E+002 -0.154667640324749E+001 -0.237043263369897E+001 -0.107536384819057E+002 -0.347435974316532E+005
  0.100000000000000E+001  0.145635927041197E+005  0.734308509978359E+001  0.637884073914739E+002 -0.862157642146645E+000 -0.204752257795925E+001 -0.107536384819057E+002 -0.728179635205985E+004
  0.100000000000000E+001  0.138029736176816E+005 -0.169688852916763E+001  0.805750579669629E+002 -0.130397561186582E+001 -0.814671561119926E+000 -0.107536384819057E+002 -0.690148680884078E+004
  0.100000000000000E+001  0.882366781828495E+003 -0.528233132182900E+001  0.977856355427743E+002 -0.163921811606143E+000  0.100387407186256E+000 -0.107536384819057E+002 -0.441183390914248E+003
  0.100000000000000E+001  0.146295426439441E+005 -0.176625908366993E+001  0.543580067354253E+002 -0.104641623311047E+001  0.195610315625576E+001 -0.107536384819057E+002 -0.731477132197205E+004
  0.100000000000000E+001  0.146136149861049E+005  0.105042040568261E+002  0.506182989682246E+002 -0.105867306707336E+001  0.438240908939298E+001 -0.107536384819057E+002 -0.730680749305247E+004
  0.100000000000000E+001  0.312103317427762E+002  0.157593864237767E+002  0.595093241349772E+002 -0.268656591938469E+000  0.339919081795537E+000 -0.107536384819057E+002 -0.156051658713881E+002
  0.100000000000000E+001  0.146120236671012E+005 -0.187659707953411E+002  0.473117174064736E+002 -0.105719377914800E+001 -0.367293724427873E+001 -0.107536384819057E+002 -0.730601183355058E+004
  0.100000000000000E+001  0.132431483395704E+005  0.110064296723421E+002  0.782154771045279E+002 -0.121783781383787E+001 -0.243161017315070E+000 -0.107536384819057E+002 -0.662157416978520E+004
  0.100000000000000E+001  0.980519450765917E+005 -0.102800172425846E+002  0.511110022389406E+002 -0.149047477855495E+001  0.995430690922302E+000 -0.107536384819057E+002 -0.490259725382958E+005
  0.100000000000000E+001  0.134498668636623E+004  0.554444729254575E+001  0.904495773181102E+002 -0.864552710825422E+000  0.856312628581531E+000 -0.107536384819057E+002 -0.672493343183113E+003
  0.100000000000000E+001  0.145840151919119E+005 -0.208460413226980E+001  0.900191274817365E+002 -0.914960404369276E+000  0.293729138424769E+001 -0.107536384819057E+002 -0.729200759595594E+004
  0.100000000000000E+001  0.178749534506032E+005  0.120413136708594E+001  0.543206143967883E+002 -0.178486259581314E+001 -0.201199650352110E+001 -0.107536384819057E+002 -0.893747672530159E+004
  0.100000000000000E+001  0.147749956469877E+005  0.797296971498347E+001  0.794018454183048E+002 -0.127863178808587E+001 -0.313486826244912E+001 -0.107536384819057E+002 -0.738749782349385E+004
  0.100000000000000E+001  0.149889596773351E+005  0.166204105579501E+002  0.681053352079513E+002 -0.155501034764829E+001 -0.419960574425109E+001 -0.107536384819057E+002 -0.749447983866753E+004
  0.100000000000000E+001  0.149753510288677E+005  0.168073310344786E+002  0.596243162065760E+002 -0.149661731437127E+001 -0.478081145649568E+001 -0.107536384819057E+002 -0.748767551443387E+004
  0.100000000000000E+001  0.144292206317748E+005  0.423394890687156E+001  0.722984000699840E+002 -0.703621459153442E+000 -0.376112482244855E+001 -0.107536384819057E+002 -0.721461031588739E+004
  0.100000000000000E+001  0.143286749109507E+005 -0.168259744716245E+002  0.691125948293405E+002 -0.130746926944737E+001 -0.312971171543598E+000 -0.107536384819057E+002 -0.716433745547537E+004
  0.100000000000000E+001  0.118971521560207E+006  0.176951265444130E+001  0.761604513473910E+002 -0.116531365995707E+001  0.106823409818131E+001 -0.107536384819057E+002 -0.594857607801035E+005
  0.100000000000000E+001  0.163610496494712E+005  0.141566711082084E+002  0.793448261883408E+002 -0.160011524952018E+001 -0.314596254301130E+001 -0.107536384819057E+002 -0.818052482473561E+004
  0.100000000000000E+001  0.113649020595717E+005 -0.147076664198764E+002  0.928916965162458E+002 -0.621017455911048E+000 -0.389898225570820E+000 -0.107536384819057E+002 -0.568245102978584E+004
  0.100000000000000E+001  0.157628524179994E+005 -0.312027316827177E+000  0.915564611835526E+002 -0.140456012596248E+001 -0.602794867253600E+000 -0.107536384819057E+002 -0.788142620899969E+004
  0.100000000000000E+001  0.167823632886897E+005  0.128675219444325E+002  0.492884326930882E+002 -0.902584612073736E+000  0.151060271696766E+001 -0.107536384819057E+002 -0.839118164434487E+004
  0.100000000000000E+001  0.242425432540146E+005 -0.959973828551576E+000  0.487732914174829E+002 -0.150057566932129E+001  0.321637931820154E+001 -0.107536384819057E+002 -0.121212716270073E+005
  0.100000000000000E+001  0.528419641215492E+005  0.173259298663578E+002  0.513589051285144E+002 -0.131199220673826E+001 -0.115778578240103E+001 -0.107536384819057E+002 -0.264209820607746E+005
  0.100000000000000E+001  0.930373225251435E+005  0.127480569979628E+002  0.930100732715051E+002 -0.125729425765209E+001  0.825416795682959E+000 -0.107536384819057E+002 -0.465186612625717E+005
  0.100000000000000E+001  0.148390570585002E+005 -0.421166939592596E+001  0.621689824708973E+002 -0.134859736947550E+001 -0.367826480964920E+001 -0.107536384819057E+002 -0.741952852925012E+004
  0.100000000000000E+001  0.215555794318846E+005 -0.642696047483895E-001  0.787146440004574E+002 -0.163141081464901E+001  0.456590948759635E+001 -0.107536384819057E+002 -0.107777897159423E+005
  0.100000000000000E+001  0.146099789249766E+005  0.138977717069831E+002  0.651328326180675E+002 -0.968722254464597E+000  0.392987279305863E+001 -0.107536384819057E+002 -0.730498946248830E+004
  0.100000000000000E+001  0.129892794850668E+005  0.117049198370757E+002  0.439872932676278E+002 -0.426499010578315E+000 -0.272102301617286E+001 -0.107536384819057E+002 -0.649463974253341E+004
  0.100000000000000E+001  0.133134877979405E+005 -0.192985149564619E+002  0.441312635330422E+002 -0.473331495861185E+000 -0.276691846018646E+001 -0.107536384819057E+002 -0.665674389897023E+004
  0.100000000000000E+001  0.162427234663375E+005 -0.125400811780899E+002  0.589748402546839E+002 -0.170982031729106E+001 -0.438940115200094E+001 -0.107536384819057E+002 -0.812136173316875E+004
  0.100000000000000E+001  0.130395710889023E+005  0.150930624511942E+002  0.729605550521130E+002 -0.276356166470535E+000 -0.423366807687828E+001 -0.107536384819057E+002 -0.651978554445113E+004
  0.100000000000000E+001  0.146434251478028E+005  0.106251255373324E+002  0.607487869969040E+002 -0.115687876267417E+001 -0.333654261818185E+001 -0.107536384819057E+002 -0.732171257390138E+004
  0.100000000000000E+001  0.169492117461051E+005 -0.240196251011155E+001  0.749921933656642E+002 -0.143471265940470E+001  0.395140689806636E+001 -0.107536384819057E+002 -0.847460587305257E+004
  0.100000000000000E+001  0.146102552550309E+005 -0.903521941149028E+001  0.994445562126389E+002 -0.977355820273139E+000  0.345206191362066E+001 -0.107536384819057E+002 -0.730512762751544E+004
  0.100000000000000E+001  0.108665078515816E+005  0.101316401340775E+002  0.785495239004796E+002 -0.690259983288466E+000  0.263535366506336E-001 -0.107536384819057E+002 -0.543325392579080E+004
  0.100000000000000E+001  0.142304036557426E+005  0.158656570962194E+002  0.861331812859640E+002 -0.675404967798126E+000 -0.269010683026512E+001 -0.107536384819057E+002 -0.711520182787129E+004
  0.100000000000000E+001  0.237925281313186E+005  0.764123196867299E+001  0.734516747842782E+002 -0.185055956112571E+001 -0.253307948387038E+001 -0.107536384819057E+002 -0.118962640656593E+005
  0.100000000000000E+001  0.101798250171059E+006  0.560021939853490E+001  0.820997782757149E+002 -0.168923710857562E+001  0.610883966038110E+000 -0.107536384819057E+002 -0.508991250855297E+005
  0.100000000000000E+001  0.106773427145511E+006  0.155591790775647E+002  0.654528838744271E+002 -0.184946851779544E+001  0.223771748275565E+001 -0.107536384819057E+002 -0.533867135727553E+005
  0.100000000000000E+001  0.310297828328616E+005 -0.161336934738399E+002  0.898563518886142E+002 -0.164156034137899E+001  0.383180394648417E+001 -0.107536384819057E+002 -0.155148914164308E+005
  0.100000000000000E+001  0.574416468045555E+005  0.107988740594520E+002  0.953771495808636E+002 -0.165025273654706E+001 -0.768648572185056E+000 -0.107536384819057E+002 -0.287208234022778E+005
  0.100000000000000E+001  0.115363891491199E+005  0.154443854660737E+002  0.616384049819750E+002 -0.609736461458005E+000 -0.494005255449280E+000 -0.107536384819057E+002 -0.576819457455995E+004
  0.100000000000000E+001  0.146425156325456E+005  0.142483065564091E+002  0.719735753054733E+002 -0.116426665712190E+001 -0.371847672570446E+001 -0.107536384819057E+002 -0.732125781627281E+004
  0.100000000000000E+001  0.103473719416006E+005 -0.158045486181934E+002  0.775321145380523E+002 -0.180830110005643E+000 -0.216056796477801E+001 -0.107536384819057E+002 -0.517368597080032E+004
  0.100000000000000E+001  0.144189166958043E+005 -0.641403427303154E+001  0.714106673853724E+002 -0.932360528482799E+000  0.480809261409011E+000 -0.107536384819057E+002 -0.720945834790213E+004
  0.100000000000000E+001  0.846886725320709E+005  0.135044365787986E+001  0.491580418923208E+002 -0.183245461936989E+001  0.446701303922575E+000 -0.107536384819057E+002 -0.423443362660354E+005
  0.100000000000000E+001  0.109832266658900E+005 -0.655690355167261E+001  0.485783116348920E+002 -0.100633096634285E+000 -0.300310655821958E+001 -0.107536384819057E+002 -0.549161333294501E+004
  0.100000000000000E+001  0.130787320368351E+005  0.132429822820135E+002  0.648567703288254E+002 -0.296321802681223E+000 -0.411358581730297E+001 -0.107536384819057E+002 -0.653936601841756E+004
  0.100000000000000E+001  0.102705102796192E+005 -0.883772616227436E+001  0.552635620540463E+002 -0.442805557359790E+000 -0.919126526330767E+000 -0.107536384819057E+002 -0.513525513980958E+004
  0.100000000000000E+001  0.102762495406735E+006  0.121966762102737E+002  0.814106093034459E+002 -0.183439688874068E+001 -0.354346859618817E+001 -0.107536384819057E+002 -0.513812477033676E+005
  0.100000000000000E+001  0.148714095810884E+005 -0.145733926860092E+002  0.884729490433193E+002 -0.147394773491188E+001 -0.355022251863905E+001 -0.107536384819057E+002 -0.743570479054422E+004
  0.100000000000000E+001  0.143534571034234E+005  0.547378284106853E+001  0.787971338246621E+002 -0.635962192419784E+000 -0.436994164208343E+001 -0.107536384819057E+002 -0.717672855171169E+004
  0.100000000000000E+001  0.129399042690163E+005  0.133247256584311E+002  0.692037583565887E+002 -0.640117899310380E+000 -0.906133497878356E+000 -0.107536384819057E+002 -0.646995213450817E+004
  0.100000000000000E+001  0.900675296322763E+004 -0.148427385593513E+002  0.806881155907889E+002 -0.103107908057406E+000 -0.183668423711233E+001 -0.107536384819057E+002 -0.450337648161382E+004
  0.100000000000000E+001  0.146105059004365E+005 -0.523234886373867E+001  0.890537684948113E+002 -0.990835876350909E+000  0.230827313557107E+001 -0.107536384819057E+002 -0.730525295021825E+004
  0.100000000000000E+001  0.124568929056047E+006 -0.551505632429167E+001  0.466525476166815E+002 -0.157197045893313E+001  0.200564674724268E+001 -0.107536384819057E+002 -0.622844645280236E+005
  0.100000000000000E+001  0.142019406655895E+005 -0.105188054737603E+002  0.882364375304300E+002 -0.760371561735723E+000 -0.127701576873179E+001 -0.107536384819057E+002 -0.710097033279474E+004
  0.100000000000000E+001  0.168787784456321E+005 -0.176987158524918E+002  0.915797184408923E+002 -0.170096544668752E+001 -0.194080301538626E+001 -0.107536384819057E+002 -0.843938922281604E+004
  0.100000000000000E+001  0.135661812906159E+005 -0.154869360723662E+002  0.515820979696138E+002 -0.139083812399184E+001 -0.978888477597155E+000 -0.107536384819057E+002 -0.678309064530794E+004
  0.100000000000000E+001  0.106682926964032E+006 -0.167748004116111E+002  0.813468698362392E+002 -0.174010180996862E+001  0.183414154618419E+001 -0.107536384819057E+002 -0.533414634820158E+005
  0.100000000000000E+001  0.152650422460272E+005 -0.174927867306690E+002  0.585271421519841E+002 -0.161435556844978E+001 -0.395839742706610E+001 -0.107536384819057E+002 -0.763252112301358E+004
  0.100000000000000E+001  0.100619228673736E+006 -0.163470043820640E+002  0.613087083268845E+002 -0.199632501084108E+001  0.416602446271267E+001 -0.107536384819057E+002 -0.503096143368682E+005
  0.100000000000000E+001  0.827799760188191E+005 -0.544101301432729E+001  0.480096272194780E+002 -0.161432677888808E+001  0.163079824938399E+001 -0.107536384819057E+002 -0.413899880094095E+005
  0.100000000000000E+001  0.158856866204697E+005 -0.132168048337332E+001  0.784027731340515E+002 -0.131895807511176E+001  0.335697281737474E+001 -0.107536384819057E+002 -0.794284331023487E+004
  0.100000000000000E+001  0.133578028288751E+005  0.224011898051687E+001  0.457932210773803E+002 -0.428397645964228E+000 -0.331345206431564E+001 -0.107536384819057E+002 -0.667890141443753E+004
  0.100000000000000E+001  0.146105228371394E+005  0.955475864019252E+000  0.403234842966104E+002 -0.985502804720744E+000 -0.196747227951362E+001 -0.107536384819057E+002 -0.730526141856970E+004
  0.100000000000000E+001  0.858335597760412E+005 -0.985403087762959E+001  0.865852201357892E+002 -0.199638160265042E+001  0.110302057116248E+001 -0.107536384819057E+002 -0.429167798880206E+005
  0.100000000000000E+001  0.478782560612858E+003 -0.307947880801538E+001  0.811950143302729E+002 -0.350619962405424E+000  0.280365973517316E+000 -0.107536384819057E+002 -0.239391280306429E+003
  0.100000000000000E+001  0.108401100001251E+006  0.107101740851279E+002  0.965191173267111E+002 -0.181271974613167E+001  0.205509559653561E+001 -0.107536384819057E+002 -0.542005500006256E+005
  0.100000000000000E+001  0.477630817651704E+004 -0.174149035015040E+001  0.975048708354119E+002 -0.250539144050973E+000 -0.380247500490992E+000 -0.107536384819057E+002 -0.238815408825852E+004
  0.100000000000000E+001  0.146672082918176E+005  0.143492998748946E+002  0.721384055158977E+002 -0.120517989920225E+001 -0.387518902669004E+001 -0.107536384819057E+002 -0.733360414590878E+004
  0.100000000000000E+001  0.145934504844474E+005 -0.589986811206413E+001  0.706818484004397E+002 -0.136343737634264E+001 -0.514193587933617E+000 -0.107536384819057E+002 -0.729672524222369E+004
  0.100000000000000E+001  0.145335855351362E+005 -0.452083048733111E+001  0.952611590084529E+002 -0.861235092049784E+000  0.319829251843985E+001 -0.107536384819057E+002 -0.726679276756809E+004
  0.100000000000000E+001  0.963616676882117E+005 -0.171888075906458E+002  0.982013887715395E+002 -0.157880565522471E+001  0.145590753349494E+001 -0.107536384819057E+002 -0.481808338441059E+005
  0.100000000000000E+001  0.145933898537825E+005  0.160393340152217E+002  0.963374775675086E+002 -0.880543250096930E+000 -0.308746614064780E+001 -0.107536384819057E+002 -0.729669492689124E+004
  0.100000000000000E+001  0.115303075972824E+005 -0.515165672060227E+001  0.807370588447812E+002 -0.162029213931902E+000 -0.311206286774015E+001 -0.107536384819057E+002 -0.576515379864121E+004
  0.100000000000000E+001  0.181253576418675E+004 -0.891646794655906E+001  0.946808393717211E+002 -0.160216296479819E+000 -0.536156165637758E-001 -0.107536384819057E+002 -0.906267882093373E+003
  0.100000000000000E+001  0.403396462209740E+005 -0.997719687795686E+001  0.879461540965954E+002 -0.110563580487145E+001  0.974345153430118E+000 -0.107536384819057E+002 -0.201698231104870E+005
  0.100000000000000E+001  0.150044167837307E+005  0.747726494360086E+001  0.420735241901040E+002 -0.152461516697454E+001 -0.481901873248121E+001 -0.107536384819057E+002 -0.750220839186537E+004
  0.100000000000000E+001  0.403181586880860E+005 -0.686536835279324E+001  0.563902796482758E+002 -0.170877427449493E+001 -0.948927028114075E+000 -0.107536384819057E+002 -0.201590793440430E+005
  0.100000000000000E+001  0.148589334086952E+005 -0.264123805332543E+001  0.706586221022607E+002 -0.140951034378551E+001 -0.490357284568199E+001 -0.107536384819057E+002 -0.742946670434759E+004
  0.100000000000000E+001  0.470941356268199E+005  0.842500906110260E+001  0.471224233553128E+002 -0.178438554783583E+001  0.433791144767126E+001 -0.107536384819057E+002 -0.235470678134099E+005
  0.100000000000000E+001  0.133740566745159E+005 -0.381354396604062E+001  0.648156253211108E+002 -0.425758123273999E+000 -0.337475103288094E+001 -0.107536384819057E+002 -0.668702833725794E+004
  0.100000000000000E+001  0.149019638289323E+005 -0.173059490364453E+002  0.957468405272468E+002 -0.148643757268761E+001 -0.371704278062151E+001 -0.107536384819057E+002 -0.745098191446614E+004
  0.100000000000000E+001  0.131684594411459E+005 -0.310700690707503E+000  0.788320478798526E+002 -0.427513977893592E+000 -0.297955033383404E+001 -0.107536384819057E+002 -0.658422972057297E+004
  0.100000000000000E+001  0.146118357532100E+005  0.117328254760495E+002  0.641804976163863E+002 -0.106369681143750E+001 -0.489166400024750E+001 -0.107536384819057E+002 -0.730591787660498E+004
  0.100000000000000E+001  0.147436472334900E+005  0.337298852692451E+001  0.554288335656445E+002 -0.122827485579921E+001 -0.243002322954736E+001 -0.107536384819057E+002 -0.737182361674502E+004
  0.100000000000000E+001  0.136909406955048E+005  0.429473529286728E+001  0.639784088315594E+002 -0.365781588427495E+000 -0.497750878871993E+001 -0.107536384819057E+002 -0.684547034775240E+004
  0.100000000000000E+001  0.118633902292171E+006 -0.464201773597581E+001  0.914961802049569E+002 -0.196957747827364E+001 -0.172472706611987E+000 -0.107536384819057E+002 -0.593169511460857E+005
  0.100000000000000E+001  0.760857491167348E+005  0.535976004640168E+001  0.515605931736402E+002 -0.167649474150287E+001  0.187174325788196E+001 -0.107536384819057E+002 -0.380428745583674E+005
  0.100000000000000E+001  0.905092601992357E+004  0.170953517971097E+002  0.514461372070795E+002 -0.219554916325893E+000 -0.142742875175037E+001 -0.107536384819057E+002 -0.452546300996178E+004
  0.100000000000000E+001  0.865562801293464E+005 -0.181115392225853E+002  0.486659878111966E+002 -0.191047159314039E+001  0.459971612238204E+001 -0.107536384819057E+002 -0.432781400646732E+005
  0.100000000000000E+001  0.556558510951495E+005  0.140652785774109E+002  0.951368491443115E+002 -0.140727665391912E+001  0.208840115630295E+001 -0.107536384819057E+002 -0.278279255475747E+005
  0.100000000000000E+001  0.117410713901412E+005 -0.657427246763832E+001  0.576020570721204E+002 -0.714415088360131E+000 -0.169180358138457E-001 -0.107536384819057E+002 -0.587053569507058E+004
  0.100000000000000E+001  0.147502339580321E+005 -0.138305966623292E+002  0.933359407970062E+002 -0.120661505600982E+001  0.439312052287947E+001 -0.107536384819057E+002 -0.737511697901607E+004
  0.100000000000000E+001  0.135374119829749E+005  0.336787074550806E+001  0.952916552172071E+002 -0.137301110874422E+001 -0.742118341466369E+000 -0.107536384819057E+002 -0.676870599148747E+004
  0.100000000000000E+001  0.148738131032538E+005 -0.378983422075140E+001  0.781277733409185E+002 -0.139023763528770E+001 -0.407782925105420E+001 -0.107536384819057E+002 -0.743690655162688E+004
  0.100000000000000E+001  0.146423896827584E+005 -0.579157636005647E+001  0.925034799219125E+002 -0.115793124374575E+001 -0.345511521376582E+001 -0.107536384819057E+002 -0.732119484137922E+004
  0.100000000000000E+001  0.147210540236938E+005 -0.165973239278639E+002  0.940669703580311E+002 -0.124053397840603E+001 -0.325959595541763E+001 -0.107536384819057E+002 -0.736052701184690E+004
  0.100000000000000E+001  0.120127710362249E+006  0.248037206661802E+001  0.733930667222724E+002 -0.188896213092365E+001 -0.622579468867901E-002 -0.107536384819057E+002 -0.600638551811243E+005
  0.100000000000000E+001  0.148165911653541E+005 -0.339357983834521E+000  0.692791925284630E+002 -0.135399534869898E+001 -0.428802650006142E+001 -0.107536384819057E+002 -0.740829558267704E+004
  0.100000000000000E+001  0.133357178635102E+005 -0.153454938078001E+002  0.855187096819696E+002 -0.652036177584596E+000 -0.111601537817001E+001 -0.107536384819057E+002 -0.666785893175512E+004
  0.100000000000000E+001  0.148600241458170E+005  0.855836216582646E+001  0.951823690213721E+002 -0.136154891154598E+001 -0.334475684390004E+001 -0.107536384819057E+002 -0.743001207290850E+004
  0.100000000000000E+001  0.107630414168007E+006  0.698429946348167E+001  0.407346226767235E+002 -0.190218409006745E+001  0.344255201992486E+000 -0.107536384819057E+002 -0.538152070840037E+005
  0.100000000000000E+001  0.146025873895765E+005  0.153178407817365E+001  0.669932612916066E+002 -0.909795848485252E+000 -0.294480666501065E+001 -0.107536384819057E+002 -0.730129369478827E+004
  0.100000000000000E+001  0.134488136542143E+005  0.187427207476664E+002  0.728902258167286E+002 -0.410150727444608E+000 -0.371147038525738E+001 -0.107536384819057E+002 -0.672440682710716E+004
  0.100000000000000E+001  0.582958068293205E+005 -0.533713715083779E+001  0.543739136914171E+002 -0.194032464799049E+001 -0.903875725672588E+000 -0.107536384819057E+002 -0.291479034146603E+005
  0.100000000000000E+001  0.119189473839954E+006 -0.381575122141533E+001  0.552357686437987E+002 -0.178001264389151E+001  0.259544851876740E+001 -0.107536384819057E+002 -0.595947369199769E+005
  0.100000000000000E+001  0.198084903881080E+005 -0.222195999953881E+001  0.871213641005229E+002 -0.163023535737653E+001 -0.111304354047828E+001 -0.107536384819057E+002 -0.990424519405398E+004
  0.100000000000000E+001  0.118548379633368E+006 -0.119320781299367E+002  0.431600563519525E+002 -0.165739987580300E+001  0.858950489396254E+000 -0.107536384819057E+002 -0.592741898166841E+005
  0.100000000000000E+001  0.151303659713775E+005 -0.829545389081743E+001  0.718198189312504E+002 -0.679784839546822E+000  0.480165765715780E+001 -0.107536384819057E+002 -0.756518298568873E+004
  0.100000000000000E+001  0.136988227849761E+005 -0.167438688272225E+002  0.901118109651003E+002 -0.472342682773147E+000 -0.362355999914523E+001 -0.107536384819057E+002 -0.684941139248804E+004
  0.100000000000000E+001  0.113005183387452E+006  0.146512843613786E+002  0.930363234097187E+002 -0.113081994686168E+001  0.770443964129329E+000 -0.107536384819057E+002 -0.565025916937262E+005
  0.100000000000000E+001  0.145829474097436E+005  0.145673427112682E+002  0.995711178928664E+002 -0.853275190220420E+000 -0.337522229758489E+001 -0.107536384819057E+002 -0.729147370487180E+004
  0.100000000000000E+001  0.146106977937674E+005  0.106801981051360E+002  0.879130886702261E+002 -0.100826174265313E+001  0.191226608968693E+001 -0.107536384819057E+002 -0.730534889688371E+004
  0.100000000000000E+001  0.138020760574577E+005 -0.908405122098177E+001  0.941747376009675E+002 -0.547886523460474E+000 -0.296504391352877E+001 -0.107536384819057E+002 -0.690103802872885E+004
  0.100000000000000E+001  0.577680978447598E+005 -0.835161128551201E+001  0.692236457430760E+002 -0.196728177852472E+001 -0.901055132409371E+000 -0.107536384819057E+002 -0.288840489223799E+005
  0.100000000000000E+001  0.145257310139853E+005  0.173751527251409E+002  0.613978571994386E+002 -0.792022866885931E+000 -0.316444765016161E+001 -0.107536384819057E+002 -0.726286550699266E+004
  0.100000000000000E+001  0.132116459172430E+005  0.766290530729913E+001  0.951629123771969E+002 -0.252471509031130E+000 -0.487609719301751E+001 -0.107536384819057E+002 -0.660582295862148E+004
  0.100000000000000E+001  0.163365999769017E+005  0.126065275584661E+002  0.652181022279988E+002 -0.136624753779949E+001  0.356328620961549E+001 -0.107536384819057E+002 -0.816829998845086E+004
  0.100000000000000E+001  0.242137293214172E+005  0.151931955801990E+002  0.569163329867347E+002 -0.166474050302035E+001  0.449617446412928E+001 -0.107536384819057E+002 -0.121068646607086E+005
  0.100000000000000E+001  0.151628580331622E+005 -0.115406177680447E+001  0.481727709786101E+002 -0.147077650202051E+001 -0.270454705367546E+001 -0.107536384819057E+002 -0.758142901658110E+004
  0.100000000000000E+001  0.147357156849969E+005  0.165422686170905E+002  0.562012246569396E+002 -0.121696596106547E+001 -0.229056167604662E+001 -0.107536384819057E+002 -0.736785784249847E+004
  0.100000000000000E+001  0.925101064990539E+005  0.112609765260915E+002  0.815424779709907E+002 -0.189161726208174E+001 -0.641822923438994E+000 -0.107536384819057E+002 -0.462550532495269E+005
  0.100000000000000E+001  0.161811685283713E+005 -0.181348049877625E+002  0.600051553069089E+002 -0.165838953811255E+001 -0.346743144634435E+001 -0.107536384819057E+002 -0.809058426418564E+004
  0.100000000000000E+001  0.361130783748808E+005 -0.936867126127829E-001  0.717603332314934E+002 -0.133536611653063E+001  0.336834738828944E+000 -0.107536384819057E+002 -0.180565391874404E+005
  0.100000000000000E+001  0.146281106036382E+005  0.180870235102754E+002  0.965127558038089E+002 -0.105212634967356E+001  0.218327848144660E+001 -0.107536384819057E+002 -0.731405530181908E+004
  0.100000000000000E+001  0.448968514731756E+005 -0.101564440274496E+002  0.700168370554828E+002 -0.185848326472176E+001  0.494434977558515E+001 -0.107536384819057E+002 -0.224484257365878E+005
  0.100000000000000E+001  0.121026454387297E+005  0.187034308163567E+002  0.957560053157116E+002 -0.341652988506495E+000 -0.243146903281416E+001 -0.107536384819057E+002 -0.605132271936485E+004
  0.100000000000000E+001  0.135382830613367E+005 -0.102826135567411E+002  0.663029446743336E+002 -0.788929682768953E+000 -0.137547298629128E+000 -0.107536384819057E+002 -0.676914153066836E+004
  0.100000000000000E+001  0.146266934080410E+005  0.784502592385083E+001  0.617119455592450E+002 -0.112157343690686E+001 -0.327262033166329E+001 -0.107536384819057E+002 -0.731334670402051E+004
  0.100000000000000E+001  0.148529421045481E+004  0.838620799715860E+001  0.877016957763485E+002 -0.180520984033958E-001  0.613572212721816E+000 -0.107536384819057E+002 -0.742647105227404E+003
  0.100000000000000E+001  0.164670516650974E+005  0.661537330115667E+001  0.983042857818632E+002 -0.171488333543766E+001 -0.438254165063213E+001 -0.107536384819057E+002 -0.823352583254870E+004
  0.100000000000000E+001  0.143530288680405E+005  0.326286947302227E+001  0.641040633195949E+002 -0.659505141096949E+000 -0.386283961058287E+001 -0.107536384819057E+002 -0.717651443402027E+004
  0.100000000000000E+001  0.132428001314911E+005 -0.838041099997726E+001  0.668487287320990E+002 -0.507463497522431E+000 -0.232394961472986E+001 -0.107536384819057E+002 -0.662140006574556E+004
  0.100000000000000E+001  0.110231281872137E+005  0.116223122387275E+002  0.947868333464470E+002 -0.838052741727981E-001 -0.313088936409785E+001 -0.107536384819057E+002 -0.551156409360687E+004
  0.100000000000000E+001  0.867305057196459E+004  0.332851237486749E+001  0.857224914178140E+002 -0.171007739826482E+000 -0.146799051142368E+001 -0.107536384819057E+002 -0.433652528598229E+004
  0.100000000000000E+001  0.139473805931338E+005  0.648142551589971E+001  0.670317941221499E+002 -0.124222592696034E+001 -0.108388270203431E+001 -0.107536384819057E+002 -0.697369029656690E+004
  0.100000000000000E+001  0.205492155046749E+005  0.254149848748906E+001  0.832725686955263E+002 -0.120236626127830E+001  0.164082855361251E+001 -0.107536384819057E+002 -0.102746077523374E+005
  0.100000000000000E+001  0.916164617211189E+005 -0.251237703260927E+001  0.741981130498606E+002 -0.164559743136579E+001 -0.600426655466483E+000 -0.107536384819057E+002 -0.458082308605595E+005
  0.100000000000000E+001  0.432203040855656E+005 -0.433773759453650E+001  0.879225643403109E+002 -0.183935667514850E+001 -0.302848248608892E+001 -0.107536384819057E+002 -0.216101520427828E+005
  0.100000000000000E+001  0.143433770154626E+005 -0.628148505884293E+001  0.510950671290056E+002 -0.681054195221848E+000 -0.333231179363894E+001 -0.107536384819057E+002 -0.717168850773130E+004
  0.100000000000000E+001  0.147140248824986E+005 -0.142854027559005E+002  0.613761910135896E+002 -0.119219024418347E+001  0.451783055019538E+001 -0.107536384819057E+002 -0.735701244124928E+004
  0.100000000000000E+001  0.119561133424165E+006  0.478241233268929E+001  0.928986641524026E+002 -0.134723603874813E+001  0.408890642469286E-001 -0.107536384819057E+002 -0.597805667120824E+005
  0.100000000000000E+001  0.779287644791020E+004 -0.127919610294213E+002  0.850642109221768E+002 -0.376077235042309E+000 -0.585054151492319E+000 -0.107536384819057E+002 -0.389643822395510E+004
  0.100000000000000E+001  0.138220486364883E+005 -0.163642061742236E+002  0.952875068921944E+002 -0.578533833309331E+000 -0.263464769908087E+001 -0.107536384819057E+002 -0.691102431824413E+004
  0.100000000000000E+001  0.146339199910214E+005 -0.163349155189834E+002  0.716150808547305E+002 -0.111766285299893E+001  0.448955857020088E+001 -0.107536384819057E+002 -0.731695999551069E+004
  0.100000000000000E+001  0.911235163292711E+004 -0.116072193417618E+002  0.651244339971465E+002 -0.462838269510913E+000 -0.554794099296049E+000 -0.107536384819057E+002 -0.455617581646355E+004
  0.100000000000000E+001  0.372647001651460E+003  0.123249100792034E+002  0.789291236161963E+002 -0.665969612680735E+000  0.609500924693166E+000 -0.107536384819057E+002 -0.186323500825730E+003
  0.100000000000000E+001  0.146109048777329E+005  0.430310580076648E+001  0.941175020585398E+002 -0.103463007714640E+001 -0.366111360074895E+001 -0.107536384819057E+002 -0.730545243886646E+004
  0.100000000000000E+001  0.147218892098261E+005  0.904352436049911E+001  0.795168003638939E+002 -0.133189830089422E+001 -0.234045291587645E+001 -0.107536384819057E+002 -0.736094460491307E+004
  0.100000000000000E+001  0.110750858123503E+006  0.282148201429578E+001  0.589098535623534E+002 -0.198426713301473E+001  0.196007541941085E+001 -0.107536384819057E+002 -0.553754290617517E+005
  0.100000000000000E+001  0.145057396265130E+005 -0.502012765522280E+001  0.751866055390487E+002 -0.792072450822590E+000  0.459108223569696E+001 -0.107536384819057E+002 -0.725286981325650E+004
  0.100000000000000E+001  0.145345524986056E+005  0.118456160792156E+002  0.658567514536327E+002 -0.815286691691093E+000 -0.269185032074309E+001 -0.107536384819057E+002 -0.726727624930280E+004
  0.100000000000000E+001  0.252650549990537E+005  0.120542897526734E+002  0.818047635283159E+002 -0.189450953554574E+001 -0.260565057904270E+001 -0.107536384819057E+002 -0.126325274995268E+005
  0.100000000000000E+001  0.110119161211756E+006  0.100795774666209E+002  0.469070578889113E+002 -0.164404971962884E+001  0.141857500110423E+001 -0.107536384819057E+002 -0.550595806058778E+005
  0.100000000000000E+001  0.146396718697652E+005 -0.181106266646627E+002  0.792982210284011E+002 -0.859016675027535E+000  0.265886172362290E+001 -0.107536384819057E+002 -0.731983593488259E+004
  0.100000000000000E+001  0.128871027683934E+005 -0.145053182458227E+002  0.687813388580344E+002 -0.194395417173174E+000 -0.472485059389044E+001 -0.107536384819057E+002 -0.644355138419669E+004
  0.100000000000000E+001  0.327979190447040E+004 -0.477743875386661E+001  0.582026742883395E+002 -0.363239197024551E+000 -0.816840096551719E-002 -0.107536384819057E+002 -0.163989595223520E+004
  0.100000000000000E+001  0.146984212644798E+005  0.728373217173787E+001  0.762398322359843E+002 -0.120921346509402E+001 -0.292407640878317E+001 -0.107536384819057E+002 -0.734921063223992E+004
  0.100000000000000E+001  0.943797258774629E+005  0.880795104899391E+001  0.456079146441776E+002 -0.180429921087951E+001  0.747098318552294E+000 -0.107536384819057E+002 -0.471898629387314E+005
  0.100000000000000E+001  0.163311223290895E+005 -0.808409433309607E+001  0.807581911901442E+002 -0.170232934224834E+001 -0.179689687877195E+001 -0.107536384819057E+002 -0.816556116454474E+004
  0.100000000000000E+001  0.139186064067890E+005 -0.307222426172609E+001  0.733894485358087E+002 -0.484712379913025E+000 -0.421802747804585E+001 -0.107536384819057E+002 -0.695930320339449E+004
  0.100000000000000E+001  0.102640045467307E+006  0.533203665748975E+001  0.636584309539694E+002 -0.164369287062993E+001 -0.311148365534597E+001 -0.107536384819057E+002 -0.513200227336537E+005
  0.100000000000000E+001  0.206064638033245E+005  0.122425017898116E+001  0.614090569647395E+002 -0.162941773860468E+001 -0.108744466536604E+001 -0.107536384819057E+002 -0.103032319016623E+005
  0.100000000000000E+001  0.171897785528006E+005  0.194131194107541E+002  0.607947854602283E+002 -0.193293733645439E+001 -0.475191784078099E+001 -0.107536384819057E+002 -0.859488927640031E+004
  0.100000000000000E+001  0.146057131267885E+005  0.616891033235516E+001  0.670397321111774E+002 -0.925954645227729E+000  0.475301917944452E+001 -0.107536384819057E+002 -0.730285656339426E+004
  0.100000000000000E+001  0.158536025727427E+005 -0.166342591623375E+001  0.434708429711284E+002 -0.122106396217604E+001  0.235985722001202E+001 -0.107536384819057E+002 -0.792680128637134E+004
  0.100000000000000E+001  0.145793986413351E+005  0.158253560952954E+002  0.650615058047183E+002 -0.880207906959633E+000  0.401739460520648E+001 -0.107536384819057E+002 -0.728969932066755E+004
  0.100000000000000E+001  0.606843271331663E+004 -0.245166019096654E+000  0.749426781286358E+002 -0.140226013128600E+000 -0.832907313324843E+000 -0.107536384819057E+002 -0.303421635665832E+004
  0.100000000000000E+001  0.138699234499299E+005 -0.112745009340367E+002  0.603135978198363E+002 -0.143542124354910E+001 -0.117674759740875E+001 -0.107536384819057E+002 -0.693496172496495E+004
  0.100000000000000E+001  0.146614077643371E+005  0.442834802470597E+001  0.649954592448059E+002 -0.114823428342942E+001 -0.214195730348022E+001 -0.107536384819057E+002 -0.733070388216853E+004
  0.100000000000000E+001  0.872572290503777E+005 -0.647400574825564E+001  0.979843331193073E+002 -0.182849003960188E+001  0.257938438332527E+001 -0.107536384819057E+002 -0.436286145251888E+005
  0.100000000000000E+001  0.907127182196052E+004 -0.149630913010662E+002  0.562734620948492E+002 -0.266090399727269E+000 -0.126289984311232E+001 -0.107536384819057E+002 -0.453563591098026E+004
  0.100000000000000E+001  0.146069856347893E+005 -0.107359595631761E+002  0.429847938552090E+002 -0.937630981843010E+000 -0.238773229445790E+001 -0.107536384819057E+002 -0.730349281739465E+004
  0.100000000000000E+001  0.193439837554451E+005  0.375052101102049E+001  0.927972450282297E+002 -0.738353289918501E+000  0.258334599684061E+001 -0.107536384819057E+002 -0.967199187772256E+004
  0.100000000000000E+001  0.534728927431908E+004  0.177691563669143E+002  0.536265805527792E+002 -0.137951338604858E-002 -0.922012474047561E+000 -0.107536384819057E+002 -0.267364463715954E+004
  0.100000000000000E+001  0.212302570587037E+005 -0.822938552872271E+001  0.572538101068420E+002 -0.190942305216277E+001 -0.229152319696795E+001 -0.107536384819057E+002 -0.106151285293518E+005
  0.100000000000000E+001  0.117277644831519E+005  0.724710454167849E+001  0.606288814519595E+002 -0.425493911751075E+000 -0.161508427232012E+001 -0.107536384819057E+002 -0.586388224157593E+004
  0.100000000000000E+001  0.133303069571420E+005 -0.177169617500835E+002  0.843117271711915E+002 -0.118054719209889E+001 -0.447421652266220E-001 -0.107536384819057E+002 -0.666515347857101E+004
  0.100000000000000E+001  0.100077371231630E+006  0.106294466062945E+000  0.751721399597336E+002 -0.177215160261652E+001  0.188250806494905E+000 -0.107536384819057E+002 -0.500386856158152E+005
  0.100000000000000E+001  0.146563037436764E+005 -0.592977196443999E+001  0.557128113650202E+002 -0.121311157153185E+001 -0.479033559395189E+001 -0.107536384819057E+002 -0.732815187183818E+004
  0.100000000000000E+001  0.129860684959011E+005 -0.865996954128257E+001  0.680385479019121E+002 -0.613175223654539E+000 -0.114351247167030E+001 -0.107536384819057E+002 -0.649303424795053E+004
  0.100000000000000E+001  0.136677047289221E+005 -0.172097221936248E+002  0.842985754591386E+002 -0.930414898339405E+000  0.753412865031312E+000 -0.107536384819057E+002 -0.683385236446107E+004
  0.100000000000000E+001  0.134785370265997E+005  0.450305198123028E+001  0.451689180439013E+002 -0.626610719277213E+000 -0.149972976915633E+001 -0.107536384819057E+002 -0.673926851329983E+004
  0.100000000000000E+001  0.799483227136445E+005 -0.153952567310363E+002  0.702061766443839E+002 -0.196013009911519E+001  0.409186057101008E+001 -0.107536384819057E+002 -0.399741613568223E+005
  0.100000000000000E+001  0.198127407949557E+002 -0.378963445939492E+001  0.404555113811411E+002 -0.383679530325203E+000  0.422105152622194E+000 -0.107536384819057E+002 -0.990637039747783E+001
  0.100000000000000E+001  0.146141592927758E+005 -0.102517947930757E+002  0.483494093621721E+002 -0.107978627818172E+001 -0.387478300820401E+001 -0.107536384819057E+002 -0.730707964638789E+004
  0.100000000000000E+001  0.177875975629518E+005 -0.294940825787726E+001  0.781726525449068E+002 -0.128121305363447E+001 -0.847329328662897E+000 -0.107536384819057E+002 -0.889379878147589E+004
  0.100000000000000E+001  0.147271615567324E+005  0.256056461375072E+001  0.597662849252696E+002 -0.125276288401745E+001 -0.175174001085171E+001 -0.107536384819057E+002 -0.736358077836618E+004
  0.100000000000000E+001  0.201606545678613E+005 -0.607202346624317E+001  0.622750142462329E+002 -0.149734972275096E+001 -0.180281408397174E+001 -0.107536384819057E+002 -0.100803272839306E+005
  0.100000000000000E+001  0.197585717508093E+005  0.720976676990830E-001  0.713395701722248E+002 -0.175712382326423E+001 -0.226070792816045E+001 -0.107536384819057E+002 -0.987928587540464E+004
  0.100000000000000E+001  0.861269605090761E+004  0.827597879759346E+001  0.519459379327142E+002 -0.443279842235822E+000 -0.525794482337817E+000 -0.107536384819057E+002 -0.430634802545381E+004
  0.100000000000000E+001  0.250280490583109E+005 -0.627439070034072E+001  0.713749755348038E+002 -0.101908874158646E+001  0.102175805132718E+001 -0.107536384819057E+002 -0.125140245291555E+005
  0.100000000000000E+001  0.982511992457978E+004 -0.616865970224135E+001  0.746245233359961E+002 -0.340831695351466E+000 -0.121605078436371E+001 -0.107536384819057E+002 -0.491255996228989E+004
  0.100000000000000E+001  0.107804964935134E+006  0.338398902568045E+001  0.743584052703293E+002 -0.183812958186181E+001 -0.519076054756465E+000 -0.107536384819057E+002 -0.539024824675669E+005
  0.100000000000000E+001  0.376681573544445E+002 -0.122968799648528E+001  0.908732943991891E+002 -0.215158953843641E+000  0.326211482554845E+000 -0.107536384819057E+002 -0.188340786772222E+002
  0.100000000000000E+001  0.146106829684793E+005 -0.170815992416912E+002  0.475954213566315E+002 -0.101670773036208E+001 -0.179420878387366E+001 -0.107536384819057E+002 -0.730534148423965E+004
  0.100000000000000E+001  0.145864954485268E+005 -0.880746471756285E+001  0.481539840204844E+002 -0.830740858402873E+000 -0.480522480280055E+001 -0.107536384819057E+002 -0.729324772426338E+004
  0.100000000000000E+001  0.146198074365178E+005 -0.171290274639999E+002  0.743943865024355E+002 -0.107392814063915E+001  0.375055822993057E+001 -0.107536384819057E+002 -0.730990371825891E+004
  0.100000000000000E+001  0.125793627695051E+006  0.818460620755747E+001  0.476514181565453E+002 -0.162925597061587E+001  0.214811448989581E+001 -0.107536384819057E+002 -0.628968138475257E+005
  0.100000000000000E+001  0.142670286635337E+005  0.943162428508438E+001  0.424723123144612E+002 -0.581061963920093E+000 -0.465768164445683E+001 -0.107536384819057E+002 -0.713351433176684E+004
  0.100000000000000E+001  0.146106237990991E+005 -0.145818408694200E+002  0.794845103892293E+002 -0.101818453015942E+001 -0.392862491562545E+001 -0.107536384819057E+002 -0.730531189954955E+004
  0.100000000000000E+001  0.142367457573283E+005 -0.489583260608839E-002  0.876812490720414E+002 -0.585827534635417E+000 -0.431792123058169E+001 -0.107536384819057E+002 -0.711837287866415E+004
  0.100000000000000E+001  0.147177771844964E+005 -0.122724139716203E+002  0.934771267859803E+002 -0.116823873758676E+001 -0.125566363878339E+001 -0.107536384819057E+002 -0.735888859224821E+004
  0.100000000000000E+001  0.108841058729841E+005 -0.146011015165490E+002  0.577650592630846E+002 -0.706564990009283E+000  0.919235155256910E-001 -0.107536384819057E+002 -0.544205293649206E+004
  0.100000000000000E+001  0.146417043732212E+005  0.191692968684097E+002  0.406112011401553E+002 -0.114098389943200E+001 -0.279434272398150E+001 -0.107536384819057E+002 -0.732085218661058E+004
  0.100000000000000E+001  0.119257396873489E+006 -0.375431027699830E+001  0.595184926259560E+002 -0.189854673440626E+001  0.132792107109302E+001 -0.107536384819057E+002 -0.596286984367446E+005
  0.100000000000000E+001  0.124155657764489E+005  0.814509805796044E+001  0.636435141134814E+002 -0.339863757767529E+000 -0.274880179084467E+001 -0.107536384819057E+002 -0.620778288822444E+004
  0.100000000000000E+001  0.784423858573971E+005 -0.183258353252702E+002  0.878088234871870E+002 -0.192624318719535E+001  0.292121126584446E+001 -0.107536384819057E+002 -0.392211929286985E+005
  0.100000000000000E+001  0.100553922403813E+006  0.167281551665447E+000  0.669554046357605E+002 -0.118526852441958E+001  0.340306760442931E+000 -0.107536384819057E+002 -0.502769612019063E+005
  0.100000000000000E+001  0.108996984813607E+006  0.602281339247295E+001  0.547505344450589E+002 -0.179728085315802E+001  0.182410653111701E+001 -0.107536384819057E+002 -0.544984924068033E+005
  0.100000000000000E+001  0.748711996685502E+003 -0.116282218403531E+002  0.891686931723839E+002 -0.542497916018551E+000  0.435627345975076E+000 -0.107536384819057E+002 -0.374355998342751E+003
  0.100000000000000E+001  0.147130116346033E+005 -0.999940289325326E+001  0.897087294402542E+002 -0.119521068075477E+001  0.461895358012056E+001 -0.107536384819057E+002 -0.735650581730165E+004
  0.100000000000000E+001  0.784470091141750E+003  0.136014558724391E+002  0.717179679757411E+002 -0.294834238514189E+000  0.196410582614189E+000 -0.107536384819057E+002 -0.392235045570875E+003
  0.100000000000000E+001  0.127318289828920E+005 -0.129634065935573E+002  0.626890672838964E+002 -0.530545078977631E+000 -0.158145855214272E+001 -0.107536384819057E+002 -0.636591449144600E+004
  0.100000000000000E+001  0.141003120368552E+005  0.672342912363909E+001  0.539697378545784E+002 -0.796533258703183E+000 -0.595053077372189E+000 -0.107536384819057E+002 -0.705015601842761E+004
  0.100000000000000E+001  0.855071899587007E+004 -0.316660497903008E+001  0.973129772463154E+002 -0.139342683679361E+000 -0.153188324538848E+001 -0.107536384819057E+002 -0.427535949793503E+004
  0.100000000000000E+001  0.120360907402762E+006 -0.608021780323765E+001  0.539548958511569E+002 -0.191892554663518E+001  0.235753551850237E-001 -0.107536384819057E+002 -0.601804537013812E+005
  0.100000000000000E+001  0.272836125231011E+004 -0.177805449934733E+002  0.443745309883353E+002 -0.505837041997601E+000  0.253561694918685E+000 -0.107536384819057E+002 -0.136418062615505E+004
  0.100000000000000E+001  0.275724705134172E+005 -0.671982334815819E+001  0.479018500046499E+002 -0.196504931470093E+001 -0.268880980379268E+001 -0.107536384819057E+002 -0.137862352567086E+005
  0.100000000000000E+001  0.590410855721829E+005 -0.138856198737742E+001  0.501019072221492E+002 -0.193539894826821E+001 -0.898221037841406E+000 -0.107536384819057E+002 -0.295205427860915E+005
  0.100000000000000E+001  0.145814684868717E+005  0.117646919253550E+002  0.425732650690375E+002 -0.851115001845798E+000 -0.335557251150003E+001 -0.107536384819057E+002 -0.729073424343587E+004
  0.100000000000000E+001  0.118926440891348E+006 -0.985297733999252E+001  0.839857015553558E+002 -0.155786678168061E+001  0.700646076015781E+000 -0.107536384819057E+002 -0.594632204456741E+005
  0.100000000000000E+001  0.114474191812329E+006  0.461622323441359E+001  0.876810269579033E+002 -0.199391864938603E+001  0.430258549762465E+000 -0.107536384819057E+002 -0.572370959061643E+005
  0.100000000000000E+001  0.145837971690702E+005  0.176558727211605E+002  0.479807513023490E+002 -0.836298936121616E+000 -0.423440967075778E+001 -0.107536384819057E+002 -0.729189858453509E+004
  0.100000000000000E+001  0.923200748813003E+004  0.144380299737083E+002  0.587125950694098E+002 -0.150539723252709E+000 -0.175508426580032E+001 -0.107536384819057E+002 -0.461600374406502E+004
  0.100000000000000E+001  0.458471317376331E+004  0.841426716225791E+001  0.991382431406643E+002 -0.533313027252250E+000  0.171598190389094E+000 -0.107536384819057E+002 -0.229235658688165E+004
  0.100000000000000E+001  0.184660873454299E+005  0.329974973878217E+001  0.477739478628435E+002 -0.159840705106083E+001 -0.108206773357461E+001 -0.107536384819057E+002 -0.923304367271495E+004
  0.100000000000000E+001  0.879105202301240E+005 -0.114976800600340E+002  0.825115529439337E+002 -0.136615265078467E+001 -0.170724318694280E+000 -0.107536384819057E+002 -0.439552601150620E+005
  0.100000000000000E+001  0.132312999758227E+005  0.780336507277997E+001  0.924821465122576E+002 -0.285024692883137E+000 -0.457144384058848E+001 -0.107536384819057E+002 -0.661564998791136E+004
  0.100000000000000E+001  0.145958675556101E+005  0.622746197116126E+001  0.965565413463383E+002 -0.904731952507818E+000 -0.215119828975066E+001 -0.107536384819057E+002 -0.729793377780504E+004
  0.100000000000000E+001  0.162951173525821E+005  0.589615725174941E+001  0.798864757051423E+002 -0.125065799570516E+001  0.244545485101936E+001 -0.107536384819057E+002 -0.814755867629107E+004
  0.100000000000000E+001  0.105628688947372E+006 -0.101013199515426E+002  0.937422297016588E+002 -0.113764609646399E+001  0.876216194738203E+000 -0.107536384819057E+002 -0.528143444736861E+005
  0.100000000000000E+001  0.147068996348927E+005  0.104421061487388E+002  0.663437590828224E+002 -0.115501943730870E+001 -0.117966791840001E+001 -0.107536384819057E+002 -0.735344981744635E+004
  0.100000000000000E+001  0.132158716008212E+005 -0.878925079587274E+001  0.879365388368369E+002 -0.109544137843773E+001  0.357803855718179E+000 -0.107536384819057E+002 -0.660793580041059E+004
  0.100000000000000E+001  0.146119939051820E+005 -0.750857177258032E+001  0.672158092917224E+002 -0.101890833809180E+001  0.104914245152306E+000 -0.107536384819057E+002 -0.730599695259101E+004
  0.100000000000000E+001  0.145526730941861E+005 -0.859303471935693E+001  0.543406294826315E+002 -0.894633437529369E+000  0.268543150253914E+001 -0.107536384819057E+002 -0.727633654709305E+004
  0.100000000000000E+001  0.145981423127747E+005 -0.835703386322806E+001  0.967137193115456E+002 -0.948346169665515E+000 -0.371652927972117E+000 -0.107536384819057E+002 -0.729907115638733E+004
  0.100000000000000E+001  0.129795024666348E+005  0.141217905690480E+002  0.987194928084731E+002 -0.266433848945915E+000 -0.421105965196609E+001 -0.107536384819057E+002 -0.648975123331741E+004
  0.100000000000000E+001  0.144493950413548E+005  0.176591833921247E+002  0.420943827885061E+002 -0.761811700647307E+000 -0.266309636197368E+001 -0.107536384819057E+002 -0.722469752067739E+004
  0.100000000000000E+001  0.184768197697150E+005  0.346502540940325E+000  0.916029879013689E+002 -0.162867477284278E+001 -0.205464277231173E+001 -0.107536384819057E+002 -0.923840988485749E+004
  0.100000000000000E+001  0.769165453686220E+005 -0.723831792111881E+000  0.674893424071566E+002 -0.175010219474186E+001  0.540812855592701E+000 -0.107536384819057E+002 -0.384582726843110E+005
  0.100000000000000E+001  0.774452451911106E+005 -0.451621035211501E+001  0.435548451650719E+002 -0.174686821493677E+001  0.365150564868343E+001 -0.107536384819057E+002 -0.387226225955553E+005
  0.100000000000000E+001  0.224556702121127E+005 -0.106237103977044E+002  0.862654866722078E+002 -0.144975872104579E+001  0.299694220185091E+001 -0.107536384819057E+002 -0.112278351060564E+005
  0.100000000000000E+001  0.148758237850072E+005  0.675187242274481E+001  0.870799977825777E+002 -0.139877746865215E+001 -0.336959742783020E+001 -0.107536384819057E+002 -0.743791189250361E+004
  0.100000000000000E+001  0.881043623785502E+005 -0.169725619104147E+002  0.833375628734182E+002 -0.156481658390604E+001  0.722101612835315E-001 -0.107536384819057E+002 -0.440521811892751E+005
  0.100000000000000E+001  0.148054739045136E+005  0.837634728488476E+001  0.440364536326455E+002 -0.124668407066100E+001  0.478043369173274E+001 -0.107536384819057E+002 -0.740273695225678E+004
  0.100000000000000E+001  0.173209945060185E+005  0.170949412075883E+002  0.622903687857593E+002 -0.151250286008058E+001  0.460041290889782E+001 -0.107536384819057E+002 -0.866049725300926E+004
  0.100000000000000E+001  0.874964923534072E+004 -0.372581205746922E+001  0.459867554870579E+002 -0.429927187597504E+000 -0.597482694442991E+000 -0.107536384819057E+002 -0.437482461767036E+004
  0.100000000000000E+001  0.147561402518302E+005 -0.138259118434857E+002  0.919572773406913E+002 -0.131005303790799E+001 -0.438045919254097E+001 -0.107536384819057E+002 -0.737807012591512E+004
  0.100000000000000E+001  0.430791918153546E+005 -0.519056963283387E+001  0.528832905389738E+002 -0.163209899847370E+001 -0.254419012947976E+001 -0.107536384819057E+002 -0.215395959076773E+005
  0.100000000000000E+001  0.105995571739560E+006 -0.149326414409855E+002  0.996164370570762E+002 -0.150595408710838E+001  0.204300549787319E+001 -0.107536384819057E+002 -0.529977858697801E+005
  0.100000000000000E+001  0.146517180521889E+005  0.191296061539044E+002  0.988407026515710E+002 -0.105164764069153E+001  0.176492396377096E+001 -0.107536384819057E+002 -0.732585902609445E+004
  0.100000000000000E+001  0.760631219145834E+005 -0.547561745127078E+001  0.414391316657741E+002 -0.111666843002533E+001  0.985913683625812E+000 -0.107536384819057E+002 -0.380315609572917E+005
  0.100000000000000E+001  0.115220150123654E+006 -0.778731280910695E+001  0.415589451163473E+002 -0.167797401603677E+001 -0.320350417665608E+001 -0.107536384819057E+002 -0.576100750618270E+005
  0.100000000000000E+001  0.145256319103042E+005  0.128087691957464E+002  0.790079950698068E+002 -0.808962951643444E+000  0.458870636494790E+001 -0.107536384819057E+002 -0.726281595515210E+004
  0.100000000000000E+001  0.147384252299667E+005  0.128451412308442E+002  0.844104272061938E+002 -0.125335441424930E+001 -0.179678283549918E+001 -0.107536384819057E+002 -0.736921261498335E+004
  0.100000000000000E+001  0.852749297743601E+005  0.153566851695229E+002  0.754183965279214E+002 -0.138667757730872E+001  0.126359960672303E+000 -0.107536384819057E+002 -0.426374648871801E+005
  0.100000000000000E+001  0.146105825145588E+005  0.138748433211571E+002  0.987531950951251E+002 -0.100308560029869E+001 -0.200994631600185E+001 -0.107536384819057E+002 -0.730529125727939E+004
  0.100000000000000E+001  0.154146131017162E+005  0.108524401275632E+002  0.959382199778667E+002 -0.162673495679294E+001 -0.144872748428297E+001 -0.107536384819057E+002 -0.770730655085808E+004
  0.100000000000000E+001  0.264732068923354E+005 -0.578813353448812E+001  0.406054515511180E+002 -0.169252460515617E+001 -0.356812700446232E+001 -0.107536384819057E+002 -0.132366034461677E+005
  0.100000000000000E+001  0.146095927644470E+005  0.102811793888794E+002  0.560699761028957E+002 -0.972065440269595E+000 -0.939088475097314E+000 -0.107536384819057E+002 -0.730479638222349E+004
  0.100000000000000E+001  0.100045618738921E+006 -0.137016776053672E+002  0.714556870909053E+002 -0.161816152653411E+001  0.966785868193588E+000 -0.107536384819057E+002 -0.500228093694604E+005
  0.100000000000000E+001  0.397149402596765E+003  0.194196858276068E+002  0.658328488834083E+002 -0.198552208418717E+000  0.208029338137998E+000 -0.107536384819057E+002 -0.198574701298382E+003
  0.100000000000000E+001  0.140511308537057E+005 -0.173484677922477E+002  0.952880545293497E+002 -0.478128934468396E+000 -0.497859815376223E+001 -0.107536384819057E+002 -0.702556542685286E+004
  0.100000000000000E+001  0.134548301407826E+005 -0.112381381147990E+002  0.453402145703771E+002 -0.312326937521672E+000 -0.486453216881193E+001 -0.107536384819057E+002 -0.672741507039128E+004
  0.100000000000000E+001  0.107081917629501E+006  0.619222108573875E+001  0.933259122890755E+002 -0.173272396645289E+001  0.651709263518141E-001 -0.107536384819057E+002 -0.535409588147506E+005
  0.100000000000000E+001  0.127668925331371E+005 -0.184016316043772E+002  0.734423649158892E+002 -0.332418795494777E+000 -0.324448237847714E+001 -0.107536384819057E+002 -0.638344626656854E+004
  0.100000000000000E+001  0.100388269037866E+006 -0.136541755441160E+001  0.855574171034285E+002 -0.192807189065349E+001 -0.374989784706114E+001 -0.107536384819057E+002 -0.501941345189332E+005
  0.100000000000000E+001  0.127231494377040E+005 -0.585083817280495E+000  0.465034640503031E+002 -0.157099259142323E+000 -0.474638830808444E+001 -0.107536384819057E+002 -0.636157471885199E+004
  0.100000000000000E+001  0.115044673165406E+005  0.753221539885902E+001  0.765856612824427E+002 -0.282134374381681E+000 -0.234337364401166E+001 -0.107536384819057E+002 -0.575223365827029E+004
  0.100000000000000E+001  0.392654258653211E+005 -0.163580493627984E+001  0.948595971061632E+002 -0.176217369319004E+001 -0.101559223198980E+001 -0.107536384819057E+002 -0.196327129326606E+005
  0.100000000000000E+001  0.412046795244563E+004 -0.171010199941280E+002  0.534289956869106E+002 -0.174245697781595E+000 -0.399651565183273E+000 -0.107536384819057E+002 -0.206023397622282E+004
  0.100000000000000E+001  0.152120717468144E+005 -0.173083312660902E+002  0.968437615935796E+002 -0.135300863271609E+001  0.484902489011416E+001 -0.107536384819057E+002 -0.760603587340720E+004
  0.100000000000000E+001  0.120787292587912E+006 -0.496946494728320E+000  0.580227245245209E+002 -0.199519824353462E+001  0.513894327930657E-001 -0.107536384819057E+002 -0.603936462939560E+005
  0.100000000000000E+001  0.141067672768118E+005 -0.189605687550017E+001  0.883002956532813E+002 -0.512078006175257E+000 -0.474466725622615E+001 -0.107536384819057E+002 -0.705338363840590E+004
  0.100000000000000E+001  0.119435162324410E+006  0.516104913423030E+001  0.577006456288148E+002 -0.195245652632672E+001  0.153079927702073E+001 -0.107536384819057E+002 -0.597175811622050E+005
  0.100000000000000E+001  0.106514538963694E+006 -0.724991174008338E+001  0.778436357672241E+002 -0.180537537853574E+001  0.207082187893192E+001 -0.107536384819057E+002 -0.532572694818469E+005
  0.100000000000000E+001  0.107055238671858E+006  0.164004903124741E+002  0.694697150277753E+002 -0.188448976483651E+001  0.237612384378506E+001 -0.107536384819057E+002 -0.535276193359291E+005
  0.100000000000000E+001  0.126459708546308E+005 -0.181218647190332E+002  0.954095577623625E+002 -0.249640602207617E+000 -0.378448344249600E+001 -0.107536384819057E+002 -0.632298542731541E+004
  0.100000000000000E+001  0.145444756150909E+005 -0.163390935327327E+002  0.528767477321194E+002 -0.925481958126575E+000 -0.245519135754328E-001 -0.107536384819057E+002 -0.727223780754547E+004
  0.100000000000000E+001  0.144723734412649E+005 -0.192428216874062E+002  0.850866842428915E+002 -0.138200987336603E+001 -0.209800360502757E+001 -0.107536384819057E+002 -0.723618672063243E+004
  0.100000000000000E+001  0.146105492955203E+005  0.111310093101870E+002  0.585530851095160E+002 -0.981580633551951E+000 -0.472111314349694E+001 -0.107536384819057E+002 -0.730527464776016E+004
  0.100000000000000E+001  0.149471669901152E+005 -0.368344641704458E+001  0.955326874158711E+002 -0.146654488688929E+001 -0.417217043733938E+001 -0.107536384819057E+002 -0.747358349505759E+004
  0.100000000000000E+001  0.140016361915325E+005  0.162369038956846E+002  0.553424973745117E+002 -0.467312420111968E+000 -0.487646126468808E+001 -0.107536384819057E+002 -0.700081809576623E+004
  0.100000000000000E+001  0.118181095780813E+006 -0.108399623814284E+002  0.915767391349870E+002 -0.174644942019146E+001 -0.386132517930374E+000 -0.107536384819057E+002 -0.590905478904065E+005
  0.100000000000000E+001  0.127690500430570E+005 -0.605506465044114E+001  0.868697104417483E+002 -0.166929759824485E+000 -0.474561233533799E+001 -0.107536384819057E+002 -0.638452502152849E+004
  0.100000000000000E+001  0.594751279297047E+005 -0.112239546818030E+002  0.795250712667588E+002 -0.157457824422796E+001  0.269723559072178E+000 -0.107536384819057E+002 -0.297375639648524E+005
  0.100000000000000E+001  0.158284186271642E+005 -0.642389377413840E+001  0.822970601583415E+002 -0.175406820354586E+001 -0.489722988762106E+001 -0.107536384819057E+002 -0.791420931358211E+004
  0.100000000000000E+001  0.129413290633384E+005 -0.169139262960882E+002  0.560427874016465E+002 -0.226999746636437E+000 -0.451976723550629E+001 -0.107536384819057E+002 -0.647066453166918E+004
  0.100000000000000E+001  0.148060528529616E+005 -0.107530088657674E+002  0.995364962101144E+002 -0.139485538290556E+001 -0.297073596236860E+001 -0.107536384819057E+002 -0.740302642648079E+004
  0.100000000000000E+001  0.568168758944111E+005 -0.150114770238533E+002  0.994333112313343E+002 -0.180249066950769E+001  0.427333782122314E+001 -0.107536384819057E+002 -0.284084379472055E+005
  0.100000000000000E+001  0.112046511218557E+005  0.373098808870065E+001  0.631907796505228E+002 -0.199414295661254E+000 -0.261364955058592E+001 -0.107536384819057E+002 -0.560232556092787E+004
  0.100000000000000E+001  0.112025351752613E+006  0.316705641955517E+001  0.896591557190025E+002 -0.182673088169315E+001  0.355536046030616E+001 -0.107536384819057E+002 -0.560126758763064E+005
  0.100000000000000E+001  0.164762996337549E+005  0.451429271328223E+001  0.719200847001479E+002 -0.142094566965963E+001  0.407883380417041E+001 -0.107536384819057E+002 -0.823814981687747E+004
  0.100000000000000E+001  0.103453768200739E+006 -0.100784175871640E+002  0.531811281104963E+002 -0.172368552495596E+001 -0.320364797960427E+001 -0.107536384819057E+002 -0.517268841003695E+005
  0.100000000000000E+001  0.146363303344564E+005 -0.324080994839493E+001  0.443620182443269E+002 -0.108585906750477E+001  0.306968876015342E+001 -0.107536384819057E+002 -0.731816516722822E+004
  0.100000000000000E+001  0.113838706248588E+006  0.135401546520950E+002  0.585545765966680E+002 -0.197128847283208E+001 -0.420820489035196E+001 -0.107536384819057E+002 -0.569193531242938E+005
  0.100000000000000E+001  0.107819969335581E+006 -0.115194091979476E+002  0.827673880563467E+002 -0.164517521813815E+001  0.281918792977779E+001 -0.107536384819057E+002 -0.539099846677905E+005
  0.100000000000000E+001  0.135524711145755E+005 -0.552534186100507E+001  0.879913099129592E+002 -0.543374250790887E+000 -0.245851236337201E+001 -0.107536384819057E+002 -0.677623555728775E+004
  0.100000000000000E+001  0.123027960723634E+005  0.259480767870242E+001  0.631599449969473E+002 -0.395390281735382E-001 -0.499290699284853E+001 -0.107536384819057E+002 -0.615139803618170E+004
  0.100000000000000E+001  0.132838431043248E+005  0.124567301737829E+002  0.995712171892049E+002 -0.294605055966180E+000 -0.459726222998222E+001 -0.107536384819057E+002 -0.664192155216242E+004
  0.100000000000000E+001  0.112187984868172E+006 -0.175061384704713E+002  0.861308234491564E+002 -0.162555955813721E+001 -0.452161846525988E+000 -0.107536384819057E+002 -0.560939924340862E+005
  0.100000000000000E+001  0.138803996773626E+005  0.184956672840975E+002  0.588986328377590E+002 -0.448392360667266E+000 -0.458406374324159E+001 -0.107536384819057E+002 -0.694019983868131E+004
  0.100000000000000E+001  0.133332297517831E+005 -0.155214918225628E+002  0.643751317597159E+002 -0.132481950573173E+001 -0.686293860636424E+000 -0.107536384819057E+002 -0.666661487589156E+004
  0.100000000000000E+001  0.158535351838977E+005  0.598746977590939E+001  0.962501204882910E+002 -0.143305605058364E+001  0.482000647082290E+001 -0.107536384819057E+002 -0.792676759194884E+004
  0.100000000000000E+001  0.114412845502791E+006  0.158102584139980E+002  0.796813902953896E+002 -0.178711097213129E+001 -0.350146459366032E+001 -0.107536384819057E+002 -0.572064227513955E+005
  0.100000000000000E+001  0.158040173742273E+005 -0.185039884153080E+002  0.873388463650002E+002 -0.123731784035961E+001  0.254242285774829E+001 -0.107536384819057E+002 -0.790200868711366E+004
  0.100000000000000E+001  0.211903277788784E+005 -0.497008037049386E+001  0.982949268949922E+002 -0.131686625861862E+001  0.222589157706963E+001 -0.107536384819057E+002 -0.105951638894392E+005
  0.100000000000000E+001  0.120026284995504E+005 -0.260747134072379E+001  0.621762883440906E+002 -0.425086154270367E+000 -0.178950616774735E+001 -0.107536384819057E+002 -0.600131424977522E+004
  0.100000000000000E+001  0.121012981163707E+005  0.665302233816168E+001  0.963716305325577E+002 -0.639092879693657E+000 -0.514496754391626E+000 -0.107536384819057E+002 -0.605064905818533E+004
  0.100000000000000E+001  0.146433992481757E+005 -0.723754538043696E+001  0.406457082480066E+002 -0.104945511296866E+001  0.180133640158937E+001 -0.107536384819057E+002 -0.732169962408783E+004
  0.100000000000000E+001  0.149331096045277E+005  0.158211441786062E+000  0.787873520440214E+002 -0.146919187875219E+001 -0.391450729115275E+001 -0.107536384819057E+002 -0.746655480226385E+004
  0.100000000000000E+001  0.114965128456518E+005  0.323731226471646E+001  0.441054715894098E+002 -0.358434754219346E+000 -0.187977444765165E+001 -0.107536384819057E+002 -0.574825642282591E+004
  0.100000000000000E+001  0.146106319855171E+005 -0.246867469833239E+001  0.729223717406909E+002 -0.101770892758115E+001 -0.333215249480340E+001 -0.107536384819057E+002 -0.730531599275857E+004
  0.100000000000000E+001  0.266080760314519E+005 -0.135370550575235E+002  0.722792590544735E+002 -0.184289377550553E+001 -0.426129263100617E+001 -0.107536384819057E+002 -0.133040380157259E+005
  0.100000000000000E+001  0.146554852965637E+005  0.801903298522795E+001  0.911559656188379E+002 -0.120872451823338E+001 -0.466483704758389E+001 -0.107536384819057E+002 -0.732774264828185E+004
  0.100000000000000E+001  0.787753847883220E+005 -0.168343021483263E+000  0.480989150552213E+002 -0.188305030753261E+001 -0.752241807140961E+000 -0.107536384819057E+002 -0.393876923941610E+005
  0.100000000000000E+001  0.148291494211871E+005 -0.859078843926682E+001  0.489241707740819E+002 -0.694996111485124E+000  0.470302361322282E+001 -0.107536384819057E+002 -0.741457471059356E+004
  0.100000000000000E+001  0.114369630572876E+006  0.173989612266235E+002  0.499674252927388E+002 -0.164776292573571E+001  0.215162670389525E+001 -0.107536384819057E+002 -0.571848152864381E+005
  0.100000000000000E+001  0.979530706328630E+005 -0.494619156160781E+001  0.550345169162672E+002 -0.163747717748141E+001  0.160777690603902E+001 -0.107536384819057E+002 -0.489765353164315E+005
  0.100000000000000E+001  0.146299891619746E+005 -0.256197132238950E+001  0.542973535369492E+002 -0.115928394364606E+001 -0.483202246493213E+001 -0.107536384819057E+002 -0.731499458098729E+004
  0.100000000000000E+001  0.145268965007196E+005  0.103943202170716E+002  0.838883824214541E+002 -0.755873995914667E+000  0.419476660409562E+001 -0.107536384819057E+002 -0.726344825035982E+004
  0.100000000000000E+001  0.146094065481494E+005 -0.116024152120979E+002  0.766227220990637E+002 -0.939214924241725E+000 -0.470573662799746E+001 -0.107536384819057E+002 -0.730470327407468E+004
  0.100000000000000E+001  0.135080999760220E+005 -0.204792210649991E-001  0.927777739709705E+002 -0.636059984809485E+000 -0.144573800662604E+001 -0.107536384819057E+002 -0.675404998801098E+004
  0.100000000000000E+001  0.148900287603290E+005  0.882150355298639E+001  0.628809040783459E+002 -0.125410731112545E+001  0.433075808439129E+001 -0.107536384819057E+002 -0.744501438016449E+004
  0.100000000000000E+001  0.120240039060655E+006 -0.603063201301559E+001  0.583105525378575E+002 -0.186585379345981E+001 -0.222690523097636E+000 -0.107536384819057E+002 -0.601200195303275E+005
  0.100000000000000E+001  0.138571350845304E+005 -0.186378455029069E+001  0.672073595571686E+002 -0.456825072737503E+000 -0.436673064499015E+001 -0.107536384819057E+002 -0.692856754226520E+004
  0.100000000000000E+001  0.140379181717503E+005 -0.185309477186309E+002  0.829766591893128E+002 -0.663521239993980E+000 -0.212425810632063E+001 -0.107536384819057E+002 -0.701895908587513E+004
  0.100000000000000E+001  0.271294337494080E+005  0.150946545266436E+002  0.697794464118098E+002 -0.148621085792255E+001  0.295576862485328E+001 -0.107536384819057E+002 -0.135647168747040E+005
  0.100000000000000E+001  0.146077585648517E+005 -0.116413173873358E+002  0.547873194186469E+002 -0.943666150452440E+000 -0.228324487417636E+001 -0.107536384819057E+002 -0.730387928242587E+004
  0.100000000000000E+001  0.799037525617729E+003 -0.121635341819006E+002  0.841282924224052E+002 -0.308435335570826E+000  0.498095109943439E+000 -0.107536384819057E+002 -0.399518762808865E+003
  0.100000000000000E+001  0.110452241298998E+006 -0.856737569457237E+001  0.736418952459396E+002 -0.198052436333397E+001  0.133991703050366E+001 -0.107536384819057E+002 -0.552261206494990E+005
  0.100000000000000E+001  0.131739458929542E+005 -0.500459651665466E+001  0.441623006167256E+002 -0.548843785883712E+000 -0.185558285931536E+001 -0.107536384819057E+002 -0.658697294647712E+004
  0.100000000000000E+001  0.117560776871351E+006  0.756023286469426E+001  0.609054493840106E+002 -0.168445692075231E+001  0.936839511338031E+000 -0.107536384819057E+002 -0.587803884356757E+005
  0.100000000000000E+001  0.116350175241760E+006  0.171903268331956E+002  0.479148940571331E+002 -0.162222197241844E+001  0.192547226988306E+001 -0.107536384819057E+002 -0.581750876208800E+005
  0.100000000000000E+001  0.508753677429633E+005  0.166927881175476E+002  0.837126035675488E+002 -0.173902135665469E+001 -0.291387872762287E+001 -0.107536384819057E+002 -0.254376838714816E+005
  0.100000000000000E+001  0.367761464320309E+005 -0.293862896611369E+001  0.984761597285543E+002 -0.182278744302175E+001 -0.109476020182008E+001 -0.107536384819057E+002 -0.183880732160154E+005
  0.100000000000000E+001  0.135367094602201E+005 -0.387040708085531E+001  0.412011249270656E+002 -0.675843929318607E+000 -0.110309118112245E+001 -0.107536384819057E+002 -0.676835473011005E+004
  0.100000000000000E+001  0.145913538293626E+005 -0.275781452358780E+001  0.451786493669566E+002 -0.885846405681467E+000 -0.260991142590415E+001 -0.107536384819057E+002 -0.729567691468132E+004
  0.100000000000000E+001  0.146102354308858E+005 -0.155657069495603E+002  0.918249053117625E+002 -0.994413965698980E+000  0.129070102142029E+001 -0.107536384819057E+002 -0.730511771544288E+004
  0.100000000000000E+001  0.116039170092143E+006  0.428696611253738E+000  0.926224027537232E+002 -0.157168323545099E+001 -0.119182883500237E+000 -0.107536384819057E+002 -0.580195850460717E+005
  0.100000000000000E+001  0.117017029157708E+005  0.128345714245569E+002  0.808940804337993E+002 -0.240161057992090E+000 -0.276491033209698E+001 -0.107536384819057E+002 -0.585085145788539E+004
  0.100000000000000E+001  0.127702526346757E+006  0.182591598764945E+002  0.464465418086391E+002 -0.117110778905478E+001  0.108300395955978E+001 -0.107536384819057E+002 -0.638512631733786E+005
  0.100000000000000E+001  0.764546036629896E+005 -0.183352676849536E+002  0.877077800076432E+002 -0.134526114311042E+001  0.149902213987246E+001 -0.107536384819057E+002 -0.382273018314948E+005
  0.100000000000000E+001  0.144464277583676E+005  0.574299132124071E+001  0.612138712944224E+002 -0.710701135139267E+000 -0.383815056213788E+001 -0.107536384819057E+002 -0.722321387918382E+004
  0.100000000000000E+001  0.146813814667321E+005  0.597999944475417E+001  0.557719848209082E+002 -0.112927463683755E+001  0.332742731844379E+001 -0.107536384819057E+002 -0.734069073336603E+004
  0.100000000000000E+001  0.124858030870079E+005 -0.172359171674392E+002  0.817685228843535E+002 -0.116881601408394E+000 -0.466489123796070E+001 -0.107536384819057E+002 -0.624290154350394E+004
  0.100000000000000E+001  0.176926294469817E+005 -0.874862444161345E+001  0.912067173438393E+002 -0.158121456841945E+001 -0.106810177662414E+001 -0.107536384819057E+002 -0.884631472349083E+004
  0.100000000000000E+001  0.110849063166733E+006  0.100487776031921E+002  0.979708346056435E+002 -0.188999417013979E+001  0.266133827474983E+000 -0.107536384819057E+002 -0.554245315833667E+005
  0.100000000000000E+001  0.147193927334521E+005  0.178243689488936E+002  0.479858094693054E+002 -0.127939003137281E+001 -0.444009443473935E+001 -0.107536384819057E+002 -0.735969636672607E+004
  0.100000000000000E+001  0.165863746162288E+005 -0.856726261115914E+001  0.962154973901125E+002 -0.167256931269442E+001 -0.190483207609669E+001 -0.107536384819057E+002 -0.829318730811439E+004
  0.100000000000000E+001  0.129415865060674E+005  0.164321620916122E+002  0.934170690470834E+002 -0.434554847028957E+000 -0.258589044307586E+001 -0.107536384819057E+002 -0.647079325303368E+004
  0.100000000000000E+001  0.145972085654282E+005  0.677934778376835E+001  0.950654502786547E+002 -0.867309066846045E+000 -0.442740560288235E+001 -0.107536384819057E+002 -0.729860428271408E+004
  0.100000000000000E+001  0.109436457054273E+006 -0.116225033638508E+002  0.762497728601759E+002 -0.164439285655125E+001 -0.308854696339359E+001 -0.107536384819057E+002 -0.547182285271365E+005
  0.100000000000000E+001  0.442872600602163E+005 -0.104247964970601E+002  0.629286178824212E+002 -0.131959359831186E+001 -0.118333655552350E+001 -0.107536384819057E+002 -0.221436300301082E+005
  0.100000000000000E+001  0.129764342683448E+005  0.174928806439406E+002  0.748057796797684E+002 -0.362341803400649E+000 -0.329004752119150E+001 -0.107536384819057E+002 -0.648821713417240E+004
  0.100000000000000E+001  0.529565109160271E+005 -0.168743705416878E+002  0.730646667575287E+002 -0.192404675440666E+001 -0.956168247160875E+000 -0.107536384819057E+002 -0.264782554580136E+005
  0.100000000000000E+001  0.146106253310296E+005 -0.768834560059899E+001  0.788014982315290E+002 -0.101932273298401E+001 -0.430215635056638E+001 -0.107536384819057E+002 -0.730531266551479E+004
  0.100000000000000E+001  0.114985749391822E+006 -0.107202272201894E+001  0.546918647171677E+002 -0.198278856631166E+001  0.349326839239649E+001 -0.107536384819057E+002 -0.574928746959108E+005
  0.100000000000000E+001  0.101931132480611E+006 -0.299846486519057E+001  0.805118068741215E+002 -0.193271875847741E+001  0.110117495578002E+001 -0.107536384819057E+002 -0.509655662403053E+005
  0.100000000000000E+001  0.153049032378360E+005  0.245871203449827E+000  0.715628705732071E+002 -0.133003502041004E+001  0.425275760395395E+001 -0.107536384819057E+002 -0.765245161891798E+004
  0.100000000000000E+001  0.237728453672041E+005  0.153714416232556E+002  0.754910661435493E+002 -0.189284622308029E+001 -0.252169761935857E+001 -0.107536384819057E+002 -0.118864226836021E+005
  0.100000000000000E+001  0.143666579705544E+005  0.101027355025617E+002  0.577884364462488E+002 -0.112532902392529E+001 -0.206025753154381E+000 -0.107536384819057E+002 -0.718332898527721E+004
  0.100000000000000E+001  0.146409279104188E+005  0.994355666699505E+001  0.931638291101693E+002 -0.113078038414850E+001  0.459308669257776E+001 -0.107536384819057E+002 -0.732046395520938E+004
  0.100000000000000E+001  0.149134314733023E+005  0.549957040476131E+001  0.755651058100884E+002 -0.142602529673778E+001 -0.393494477215681E+001 -0.107536384819057E+002 -0.745671573665116E+004
  0.100000000000000E+001  0.146103878544489E+005 -0.151439427540420E+002  0.626792374583857E+002 -0.976547476956435E+000 -0.236850525301676E+001 -0.107536384819057E+002 -0.730519392722444E+004
  0.100000000000000E+001  0.148094742942695E+005 -0.147648942335752E+002  0.651433508388446E+002 -0.134932647907306E+001 -0.430642037342138E+001 -0.107536384819057E+002 -0.740473714713476E+004
  0.100000000000000E+001  0.146537192525082E+005 -0.729370711025581E+001  0.608483023303584E+002 -0.118265401518127E+001 -0.372739755716540E+001 -0.107536384819057E+002 -0.732685962625408E+004
  0.100000000000000E+001  0.112119898910901E+006  0.588178854088642E+001  0.632701230996442E+002 -0.179699078052252E+001  0.829445786326009E-001 -0.107536384819057E+002 -0.560599494554505E+005
  0.100000000000000E+001  0.102933349136217E+005 -0.606065076715115E+001  0.706120889725908E+002 -0.404039504794136E+000 -0.109910897344929E+001 -0.107536384819057E+002 -0.514666745681084E+004
  0.100000000000000E+001  0.158465271641983E+005 -0.113580624845559E+002  0.906657779997562E+002 -0.175764422898233E+001 -0.491839447388465E+001 -0.107536384819057E+002 -0.792326358209916E+004
  0.100000000000000E+001  0.147505558335787E+005  0.134863349067013E+002  0.700456654643603E+002 -0.117206972383229E+001  0.357035498290302E+001 -0.107536384819057E+002 -0.737527791678934E+004
  0.100000000000000E+001  0.133609051050280E+005 -0.115234418521508E+002  0.599851998500853E+002 -0.282303975895073E+000 -0.494336857371171E+001 -0.107536384819057E+002 -0.668045255251399E+004
  0.100000000000000E+001  0.167234861559076E+005 -0.732235347357567E+001  0.609368655837720E+002 -0.146979204585940E+001  0.447085084669025E+001 -0.107536384819057E+002 -0.836174307795381E+004
  0.100000000000000E+001  0.129035775087661E+005  0.114400431573030E+002  0.745532075892225E+002 -0.187491380734906E+000 -0.482705807035870E+001 -0.107536384819057E+002 -0.645178875438306E+004
  0.100000000000000E+001  0.144218917601576E+005 -0.362915450702882E+001  0.802840637958198E+002 -0.863884073121879E+000 -0.474708549740102E+000 -0.107536384819057E+002 -0.721094588007879E+004
  0.100000000000000E+001  0.113088192941057E+005  0.753510453360416E+001  0.638600541646301E+002 -0.405544250323477E+000 -0.150599405727224E+001 -0.107536384819057E+002 -0.565440964705286E+004
  0.100000000000000E+001  0.118562176962994E+005  0.191253439417635E+002  0.855308857603966E+002 -0.373881320160842E+000 -0.202068296835882E+001 -0.107536384819057E+002 -0.592810884814971E+004
  0.100000000000000E+001  0.145829912466275E+005  0.854288967743771E+001  0.533471573843468E+002 -0.878614001352177E+000 -0.229873778664686E+001 -0.107536384819057E+002 -0.729149562331376E+004
  0.100000000000000E+001  0.991225056097059E+005  0.427707612269710E+000  0.726681070581090E+002 -0.186360825356822E+001  0.241616566001485E+001 -0.107536384819057E+002 -0.495612528048529E+005
  0.100000000000000E+001  0.149893331033800E+005 -0.142757270681959E+002  0.947506543577043E+002 -0.151897188263340E+001 -0.439685881031510E+001 -0.107536384819057E+002 -0.749466655169000E+004
  0.100000000000000E+001  0.147653254003306E+005  0.153015419899180E+002  0.791641246731366E+002 -0.108384761636104E+001  0.182821645346637E+001 -0.107536384819057E+002 -0.738266270016532E+004
  0.100000000000000E+001  0.446636000154541E+005 -0.157148952235967E+002  0.510448868008020E+002 -0.173342439215333E+001  0.403791943796969E+001 -0.107536384819057E+002 -0.223318000077270E+005
  0.100000000000000E+001  0.153025902896757E+005 -0.111285423525195E+002  0.827188147707126E+002 -0.142775365785221E+001 -0.234294863588004E+001 -0.107536384819057E+002 -0.765129514483786E+004
  0.100000000000000E+001  0.799355529767466E+005 -0.100523004843156E+002  0.794929637723959E+002 -0.194363745079130E+001  0.491989647901186E+001 -0.107536384819057E+002 -0.399677764883733E+005
  0.100000000000000E+001  0.146147163113361E+005  0.997764630473357E+001  0.724187058336045E+002 -0.100902433362967E+001  0.117482587231328E+001 -0.107536384819057E+002 -0.730735815566805E+004
  0.100000000000000E+001  0.105188739024142E+006 -0.348911428221349E+001  0.815820893188303E+002 -0.198343511654790E+001  0.287014358184409E+001 -0.107536384819057E+002 -0.525943695120711E+005
  0.100000000000000E+001  0.130275115364557E+005  0.224590230136887E+001  0.499356481909422E+002 -0.310787465281139E+000 -0.387013606738559E+001 -0.107536384819057E+002 -0.651375576822786E+004
  0.100000000000000E+001  0.146213182983204E+005  0.166545679382814E+002  0.836485218598869E+002 -0.108025669346883E+001 -0.181411296482333E+001 -0.107536384819057E+002 -0.731065914916021E+004
  0.100000000000000E+001  0.118348436318457E+006  0.447905622088268E+001  0.737577631717501E+002 -0.171668660818633E+001 -0.386842758970741E+000 -0.107536384819057E+002 -0.591742181592287E+005
  0.100000000000000E+001  0.144499551317204E+005 -0.641505581061608E+001  0.819367190781949E+002 -0.672396756757155E+000 -0.488056688572426E+001 -0.107536384819057E+002 -0.722497756586022E+004
  0.100000000000000E+001  0.291681942889348E+005 -0.741261906183699E+001  0.942762299101418E+002 -0.146027638675110E+001  0.271689336731987E+001 -0.107536384819057E+002 -0.145840971444674E+005
  0.100000000000000E+001  0.971840873388014E+005 -0.879504351597592E+001  0.881004987681699E+002 -0.173842421316675E+001  0.194333688182289E+001 -0.107536384819057E+002 -0.485920436694007E+005
  0.100000000000000E+001  0.148832908281522E+005 -0.375820771474789E+001  0.547607643305848E+002 -0.119992725373424E+001  0.334174861931635E+001 -0.107536384819057E+002 -0.744164541407608E+004
  0.100000000000000E+001  0.146208940724734E+005 -0.404058629094987E+001  0.672192302395593E+002 -0.103117182213718E+001  0.171186832117207E+001 -0.107536384819057E+002 -0.731044703623672E+004
  0.100000000000000E+001  0.134258838292579E+005 -0.448542776701166E+001  0.673921591203616E+002 -0.127101014474287E+001 -0.312956523918829E+000 -0.107536384819057E+002 -0.671294191462897E+004
  0.100000000000000E+001  0.206861707383251E+005 -0.735315981240823E+001  0.982432318348717E+002 -0.192814428819664E+001 -0.172536491237220E+001 -0.107536384819057E+002 -0.103430853691625E+005
  0.100000000000000E+001  0.103737918019730E+005 -0.287332095175493E+000  0.578164315520006E+002 -0.320727816140008E+000 -0.151160076733236E+001 -0.107536384819057E+002 -0.518689590098652E+004
  0.100000000000000E+001  0.146664966804381E+005  0.100571950200124E+002  0.661414754065678E+002 -0.112756735568811E+001  0.356139151130759E+001 -0.107536384819057E+002 -0.733324834021904E+004
  0.100000000000000E+001  0.128907504683826E+005 -0.104544930250135E+002  0.479314266951103E+002 -0.708538306556777E+000 -0.394087802204513E+000 -0.107536384819057E+002 -0.644537523419130E+004
  0.100000000000000E+001  0.230473923184181E+005 -0.114422330775437E+002  0.465596200517194E+002 -0.187965193085841E+001 -0.248140639261726E+001 -0.107536384819057E+002 -0.115236961592091E+005
  0.100000000000000E+001  0.110974235308317E+005 -0.186000407857173E+002  0.974971260134087E+002 -0.120819505148393E+000 -0.298220488335994E+001 -0.107536384819057E+002 -0.554871176541586E+004
  0.100000000000000E+001  0.143312784035060E+005 -0.193254973210769E+002  0.457368808071527E+002 -0.633918523522272E+000 -0.418289945983343E+001 -0.107536384819057E+002 -0.716563920175302E+004
  0.100000000000000E+001  0.147891626265796E+005  0.827302062714697E+000  0.750357493232390E+002 -0.130196903191629E+001 -0.236611839973195E+001 -0.107536384819057E+002 -0.739458131328981E+004
  0.100000000000000E+001  0.146347862332664E+005  0.613455269685579E+001  0.657207519947406E+002 -0.108931713917437E+001  0.326450894151556E+001 -0.107536384819057E+002 -0.731739311663322E+004
  0.100000000000000E+001  0.219712465449434E+005  0.632772944747168E+001  0.773311903699311E+002 -0.162520910139673E+001  0.444381585668545E+001 -0.107536384819057E+002 -0.109856232724717E+005
  0.100000000000000E+001  0.142919128254581E+005  0.171576156480714E+002  0.425713677921503E+002 -0.606200169459783E+000 -0.437908972947592E+001 -0.107536384819057E+002 -0.714595641272905E+004
  0.100000000000000E+001  0.158103548720149E+005  0.413192422619237E+001  0.468793220607850E+002 -0.142187289762619E+001 -0.226653263985603E+001 -0.107536384819057E+002 -0.790517743600744E+004
  0.100000000000000E+001  0.146112709975461E+005 -0.374108751245403E+001  0.467300454859861E+002 -0.102834601234739E+001  0.337862935177261E+001 -0.107536384819057E+002 -0.730563549877303E+004
  0.100000000000000E+001  0.146283961956992E+005 -0.188672083142158E+002  0.412971231616621E+002 -0.109873385361535E+001  0.406431694470944E+001 -0.107536384819057E+002 -0.731419809784962E+004
  0.100000000000000E+001  0.100598401929894E+005 -0.180673594970106E+002  0.417534002749349E+002 -0.983626860153621E-001 -0.238046469134358E+001 -0.107536384819057E+002 -0.502992009649471E+004
  0.100000000000000E+001  0.911529661332790E+005  0.745296973847437E+001  0.566167777957946E+002 -0.177441395374660E+001  0.236827641483065E+001 -0.107536384819057E+002 -0.455764830666395E+005
  0.100000000000000E+001  0.146250843762126E+005 -0.144989279411473E+002  0.733991122101187E+002 -0.113164832687477E+001 -0.408409393533835E+001 -0.107536384819057E+002 -0.731254218810630E+004
  0.100000000000000E+001  0.145817655053015E+005  0.883262013537553E+001  0.988519404152483E+002 -0.846619435560365E+000 -0.357708998361682E+001 -0.107536384819057E+002 -0.729088275265075E+004
  0.100000000000000E+001  0.110061604934460E+005 -0.132653486128082E+002  0.961045666603227E+002 -0.284439435197713E+000 -0.200684010543722E+001 -0.107536384819057E+002 -0.550308024672302E+004
  0.100000000000000E+001  0.146464876152239E+005 -0.113786046213696E+002  0.982582248720439E+002 -0.111610682989658E+001 -0.161319866437534E+001 -0.107536384819057E+002 -0.732324380761193E+004
  0.100000000000000E+001  0.120702132246537E+006  0.103622537635488E+001  0.906139143030211E+002 -0.174433712370942E+001 -0.216445460191990E+000 -0.107536384819057E+002 -0.603510661232683E+005
  0.100000000000000E+001  0.145713055881379E+005  0.135822914786258E+002  0.531498481473150E+002 -0.843597246451314E+000 -0.302928012168504E+001 -0.107536384819057E+002 -0.728565279406897E+004
  0.100000000000000E+001  0.118444924129925E+006 -0.402416125984845E+001  0.469345598079063E+002 -0.194679413021638E+001  0.142157786953422E+001 -0.107536384819057E+002 -0.592224620649624E+005
  0.100000000000000E+001  0.152507572170777E+005 -0.627042540667012E+001  0.667660316945593E+002 -0.167537906467712E+001 -0.474274213408758E+001 -0.107536384819057E+002 -0.762537860853887E+004
  0.100000000000000E+001  0.138032288182865E+005 -0.179373023895907E+002  0.435643773807859E+002 -0.794411646007134E+000 -0.272531488154462E+000 -0.107536384819057E+002 -0.690161440914325E+004
  0.100000000000000E+001  0.128211449395488E+005  0.144438963630519E+002  0.417176269123288E+002 -0.353226261733820E+000 -0.313928128079730E+001 -0.107536384819057E+002 -0.641057246977440E+004
  0.100000000000000E+001  0.141621992772839E+005  0.103455000599438E+002  0.483010989184422E+002 -0.597978677340365E+000 -0.361801100296168E+001 -0.107536384819057E+002 -0.708109963864197E+004
  0.100000000000000E+001  0.248639781821936E+005  0.117524498454079E+002  0.893214247884884E+002 -0.151316659752636E+001  0.326188967433185E+001 -0.107536384819057E+002 -0.124319890910968E+005
  0.100000000000000E+001  0.618750571967613E+003  0.156004800312120E+001  0.409398982572182E+002 -0.556669270769921E+000  0.580433920380280E+000 -0.107536384819057E+002 -0.309375285983806E+003
  0.100000000000000E+001  0.154105743704776E+005  0.156083702313458E+002  0.850562365132960E+002 -0.160429609427607E+001 -0.168921668630485E+001 -0.107536384819057E+002 -0.770528718523879E+004
  0.100000000000000E+001  0.131334351727080E+005  0.245455428542347E+001  0.556177777615029E+002 -0.417414842742390E+000 -0.302035832090745E+001 -0.107536384819057E+002 -0.656671758635400E+004
  0.100000000000000E+001  0.478652101810165E+005  0.182314251412980E+002  0.854722331865452E+002 -0.165445247103058E+001  0.345861918661650E+001 -0.107536384819057E+002 -0.239326050905083E+005
  0.100000000000000E+001  0.288408914183960E+005  0.102720489963113E+002  0.455665240275751E+002 -0.175701872891934E+001 -0.263899785507375E+001 -0.107536384819057E+002 -0.144204457091980E+005
  0.100000000000000E+001  0.117333618494799E+005  0.709569923078469E+001  0.745057036900275E+002 -0.271306257380033E+000 -0.258970140466662E+001 -0.107536384819057E+002 -0.586668092473995E+004
  0.100000000000000E+001  0.109193217636038E+006 -0.147540521699743E+002  0.461202624361120E+002 -0.142245467619117E+001  0.103888112485019E+001 -0.107536384819057E+002 -0.545966088180190E+005
  0.100000000000000E+001  0.104185947028091E+006 -0.461758857645780E+000  0.436167743402426E+002 -0.198416716022741E+001  0.127188906642744E+001 -0.107536384819057E+002 -0.520929735140455E+005
  0.100000000000000E+001  0.142459123229724E+005 -0.435575553854423E+001  0.902833908183677E+002 -0.562665880548485E+000 -0.483505352618089E+001 -0.107536384819057E+002 -0.712295616148618E+004
  0.100000000000000E+001  0.146116924583332E+005  0.588532254669185E+001  0.468738424541297E+002 -0.106087925671012E+001 -0.485077131032161E+001 -0.107536384819057E+002 -0.730584622916661E+004
  0.100000000000000E+001  0.128023921713192E+005 -0.104471880604234E+002  0.852620164274189E+002 -0.398363523050657E+000 -0.272296002929279E+001 -0.107536384819057E+002 -0.640119608565960E+004
  0.100000000000000E+001  0.902152378746189E+005  0.186046179422555E+002  0.611804461726154E+002 -0.160124854430865E+001  0.275355636694378E+001 -0.107536384819057E+002 -0.451076189373095E+005
  0.100000000000000E+001  0.192323123680213E+005 -0.655603434820923E+001  0.887656644664169E+002 -0.718605246473046E+000  0.279658619276593E+001 -0.107536384819057E+002 -0.961615618401066E+004
  0.100000000000000E+001  0.875426014127564E+005  0.131132942249280E+002  0.695976006350648E+002 -0.165794057008101E+001 -0.288466520608675E+001 -0.107536384819057E+002 -0.437713007063782E+005
  0.100000000000000E+001  0.146105672082644E+005 -0.925118216198584E+001  0.843857248827380E+002 -0.997249886967841E+000  0.148815750805998E+001 -0.107536384819057E+002 -0.730528360413221E+004
  0.100000000000000E+001  0.186393093852652E+005  0.113835405609827E+002  0.639201044258307E+002 -0.137664040123954E+001  0.291038533048242E+001 -0.107536384819057E+002 -0.931965469263258E+004
  0.100000000000000E+001  0.145139926243699E+005 -0.134077467952814E+002  0.620714664513840E+002 -0.885734644093625E+000 -0.599164013212762E+000 -0.107536384819057E+002 -0.725699631218495E+004
  0.100000000000000E+001  0.141642348113650E+005 -0.457665757491078E+001  0.871791811695732E+002 -0.526907487997103E+000 -0.486728738603437E+001 -0.107536384819057E+002 -0.708211740568250E+004
  0.100000000000000E+001  0.111068000156193E+006 -0.167805928518151E+002  0.712558894162845E+002 -0.186875841198095E+001  0.377588842967918E+001 -0.107536384819057E+002 -0.555340000780965E+005
  0.100000000000000E+001  0.106485915728781E+006 -0.398643158591312E+001  0.644050341869680E+002 -0.171546868872998E+001  0.524304817883490E-001 -0.107536384819057E+002 -0.532429578643904E+005
  0.100000000000000E+001  0.146922831987965E+005  0.995255430709376E+001  0.642682339362891E+002 -0.131869711561712E+001 -0.218446820136693E+001 -0.107536384819057E+002 -0.734614159939826E+004
  0.100000000000000E+001  0.120497530553596E+006  0.664086415313806E+001  0.634897381267053E+002 -0.154422947994460E+001 -0.203184762922315E+000 -0.107536384819057E+002 -0.602487652767981E+005
  0.100000000000000E+001  0.882968986296617E+004 -0.357155537810279E-001  0.775043163644392E+002 -0.201429724186173E-001 -0.205312158512669E+001 -0.107536384819057E+002 -0.441484493148308E+004
  0.100000000000000E+001  0.868541227069550E+004  0.185369318657597E+002  0.716962258143864E+002 -0.223810908191946E+000 -0.129078357811166E+001 -0.107536384819057E+002 -0.434270613534775E+004
  0.100000000000000E+001  0.136940941659684E+005  0.194517941350373E+002  0.524183893924210E+002 -0.507347859147890E+000 -0.317982532779981E+001 -0.107536384819057E+002 -0.684704708298418E+004
  0.100000000000000E+001  0.116484209772334E+006 -0.157247041456539E+002  0.589444014422984E+002 -0.138449926484125E+001  0.136717889342493E+001 -0.107536384819057E+002 -0.582421048861670E+005
  0.100000000000000E+001  0.145793498549872E+005  0.176349296041345E+002  0.735527631572033E+002 -0.865680935096293E+000  0.459376450861769E+001 -0.107536384819057E+002 -0.728967492749362E+004
  0.100000000000000E+001  0.189784447548326E+005  0.583959794882956E+001  0.456976613794708E+002 -0.150954901425139E+001  0.397778120414736E+001 -0.107536384819057E+002 -0.948922237741630E+004
  0.100000000000000E+001  0.149003476861355E+005  0.152888121863374E+002  0.530595859503070E+002 -0.141326692468951E+001 -0.370967905131006E+001 -0.107536384819057E+002 -0.745017384306773E+004
  0.100000000000000E+001  0.188104794339389E+005 -0.139622103454226E+002  0.622434711735678E+002 -0.182224943166181E+001 -0.211392200249552E+001 -0.107536384819057E+002 -0.940523971696946E+004
  0.100000000000000E+001  0.112902723389897E+006 -0.122203453617434E+001  0.782702105885475E+002 -0.158343172773983E+001  0.177710112669383E+001 -0.107536384819057E+002 -0.564513616949483E+005
  0.100000000000000E+001  0.209559602872398E+005 -0.113669524700341E+002  0.670249389193752E+002 -0.170702065757243E+001 -0.229993789314273E+001 -0.107536384819057E+002 -0.104779801436199E+005
  0.100000000000000E+001  0.204170024918159E+005 -0.912998242053855E+001  0.906783624170206E+002 -0.189271970792246E+001 -0.165228195777727E+001 -0.107536384819057E+002 -0.102085012459080E+005
  0.100000000000000E+001  0.208462072255203E+005 -0.320414083894136E+001  0.808254560957605E+002 -0.145909516758818E+001  0.322728036079988E+001 -0.107536384819057E+002 -0.104231036127602E+005
  0.100000000000000E+001  0.149192346014632E+005 -0.176804409430176E+002  0.507773624289048E+002 -0.125840215135220E+001  0.425980227279617E+001 -0.107536384819057E+002 -0.745961730073159E+004
  0.100000000000000E+001  0.112787551390715E+006  0.181088411521252E+000  0.605919466340893E+002 -0.182478247973499E+001  0.292353143425873E+001 -0.107536384819057E+002 -0.563937756953573E+005
  0.100000000000000E+001  0.146108719554711E+005  0.723592678953258E+001  0.912988653708599E+002 -0.102583277662902E+001  0.418866824615535E+001 -0.107536384819057E+002 -0.730543597773557E+004
  0.100000000000000E+001  0.146190837226548E+005 -0.101168195670469E+002  0.531466661971522E+002 -0.111133142293515E+001 -0.418829567362856E+001 -0.107536384819057E+002 -0.730954186132740E+004
  0.100000000000000E+001  0.102981129819090E+006  0.735803373737989E+001  0.691094434992061E+002 -0.150656885775242E+001  0.124240870054951E+001 -0.107536384819057E+002 -0.514905649095449E+005
  0.100000000000000E+001  0.134529314058034E+005 -0.127777137849886E+002  0.871987106097469E+002 -0.635850706149983E+000 -0.138213339045394E+001 -0.107536384819057E+002 -0.672646570290169E+004
  0.100000000000000E+001  0.221450155033496E+005  0.170919508327329E+002  0.556199375246918E+002 -0.163286166628927E+001  0.448531485995499E+001 -0.107536384819057E+002 -0.110725077516748E+005
  0.100000000000000E+001  0.136459483172811E+005 -0.130389250201829E+002  0.676231275752566E+002 -0.157225483934057E+001 -0.303771776470692E+001 -0.107536384819057E+002 -0.682297415864057E+004
  0.100000000000000E+001  0.147963140355558E+005  0.134893139098689E+002  0.795867970611360E+002 -0.117875440708804E+001  0.337538070407393E+001 -0.107536384819057E+002 -0.739815701777789E+004
  0.100000000000000E+001  0.864107223776729E+005  0.348458814838855E+001  0.744003454532339E+002 -0.192718413616968E+001  0.381239240323833E+001 -0.107536384819057E+002 -0.432053611888365E+005
  0.100000000000000E+001  0.974945234000556E+005 -0.222438894337336E+001  0.948142864401085E+002 -0.192238005878997E+001  0.212066655674555E+001 -0.107536384819057E+002 -0.487472617000278E+005
  0.100000000000000E+001  0.910865923436036E+005  0.104430846225660E+002  0.479717372981681E+002 -0.143939221980159E+001 -0.318003286252152E+000 -0.107536384819057E+002 -0.455432961718018E+005
  0.100000000000000E+001  0.145022606048256E+005  0.218728811478861E+000  0.674531562917519E+002 -0.112785259624599E+001 -0.283518443171301E+000 -0.107536384819057E+002 -0.725113030241279E+004
  0.100000000000000E+001  0.142081807679071E+005  0.194536669497324E+002  0.878598937818139E+002 -0.684694924504281E+000 -0.243148871585962E+001 -0.107536384819057E+002 -0.710409038395356E+004
  0.100000000000000E+001  0.146105799741797E+005  0.281961059590601E+001  0.513250577695224E+002 -0.992778856002528E+000 -0.470119500894812E+001 -0.107536384819057E+002 -0.730528998708985E+004
  0.100000000000000E+001  0.132674083867488E+005  0.142002342052873E+002  0.672747432671451E+002 -0.109235881066925E+001  0.212779992943917E+000 -0.107536384819057E+002 -0.663370419337438E+004
  0.100000000000000E+001  0.170914807179634E+005 -0.969148897429744E+000  0.915766963163509E+002 -0.146182031184614E+001  0.416765755688654E+001 -0.107536384819057E+002 -0.854574035898170E+004
  0.100000000000000E+001  0.125895830564139E+005  0.863335021739157E+001  0.715287039887726E+002 -0.364371923168623E+000 -0.274945844843398E+001 -0.107536384819057E+002 -0.629479152820694E+004
  0.100000000000000E+001  0.146533024216440E+005  0.170682181891115E+002  0.678765605439450E+002 -0.116714345740608E+001 -0.315238584484456E+001 -0.107536384819057E+002 -0.732665121082201E+004
  0.100000000000000E+001  0.600635325908543E+005 -0.188209801555404E+002  0.990050777749790E+002 -0.135968087458003E+001 -0.210054004486246E+000 -0.107536384819057E+002 -0.300317662954272E+005
  0.100000000000000E+001  0.139791549228967E+005 -0.843068894814225E+001  0.426317655920344E+002 -0.584790063973351E+000 -0.301929214697924E+001 -0.107536384819057E+002 -0.698957746144836E+004
  0.100000000000000E+001  0.123194875358993E+006  0.794695177223814E+001  0.400268357631495E+002 -0.181040969842468E+001  0.301808204780627E+001 -0.107536384819057E+002 -0.615974376794963E+005
  0.100000000000000E+001  0.146085215822389E+005 -0.657321438302885E+001  0.705826566586028E+002 -0.971640793317687E+000 -0.374236234229444E+000 -0.107536384819057E+002 -0.730426079111946E+004
  0.100000000000000E+001  0.146105312215407E+005  0.118625895652049E+002  0.539219600898508E+002 -0.978386197488893E+000 -0.483340273983556E+001 -0.107536384819057E+002 -0.730526561077035E+004
  0.100000000000000E+001  0.145987207888100E+005 -0.304964248345487E+001  0.538223156916405E+002 -0.925882210757530E+000 -0.141186298006458E+001 -0.107536384819057E+002 -0.729936039440499E+004
  0.100000000000000E+001  0.146521108982158E+005 -0.168301478908165E+002  0.730813995390571E+002 -0.118530676303523E+001 -0.393047183418808E+001 -0.107536384819057E+002 -0.732605544910788E+004
  0.100000000000000E+001  0.907321411857400E+004  0.337589416975044E+001  0.577045518253417E+002 -0.190626673557454E+000 -0.154211382015583E+001 -0.107536384819057E+002 -0.453660705928700E+004
  0.100000000000000E+001  0.229862648973104E+005 -0.217540372031485E+001  0.912708872798557E+002 -0.164290269396683E+001 -0.363995527221118E+001 -0.107536384819057E+002 -0.114931324486552E+005
  0.100000000000000E+001  0.927091920592458E+005 -0.106338431416047E+001  0.599996645802742E+002 -0.138937489497775E+001  0.709192155995803E+000 -0.107536384819057E+002 -0.463545960296229E+005
  0.100000000000000E+001  0.112989555847734E+004 -0.683509478101093E+001  0.741768394701009E+002 -0.158709909388182E+000  0.550250327264834E-001 -0.107536384819057E+002 -0.564947779238671E+003
  0.100000000000000E+001  0.627033751985417E+005 -0.900916496900360E+001  0.569761350472686E+002 -0.191570071393269E+001 -0.870418333773810E+000 -0.107536384819057E+002 -0.313516875992708E+005
  0.100000000000000E+001  0.524774057042340E+004 -0.139723688659602E+001  0.711548975967711E+002 -0.522745484157965E-001 -0.812988908534754E+000 -0.107536384819057E+002 -0.262387028521170E+004
  0.100000000000000E+001  0.151168815006417E+005  0.142700204875079E+002  0.469880709032001E+002 -0.160630771197313E+001 -0.406366083461353E+001 -0.107536384819057E+002 -0.755844075032086E+004
  0.100000000000000E+001  0.102893351830583E+006  0.986170180800432E+001  0.722670864933015E+002 -0.174715532315691E+001  0.191425936573047E+001 -0.107536384819057E+002 -0.514466759152916E+005
  0.100000000000000E+001  0.130466826518345E+005 -0.429923616909263E+001  0.997344951879132E+002 -0.434296559215519E+000 -0.273016443021114E+001 -0.107536384819057E+002 -0.652334132591724E+004
  0.100000000000000E+001  0.926128523079579E+005  0.179371907036453E+002  0.571989965328427E+002 -0.182847209580234E+001  0.360545538899735E+000 -0.107536384819057E+002 -0.463064261539790E+005
  0.100000000000000E+001  0.861645733262359E+005  0.164423284561552E+002  0.693318462422073E+002 -0.168862880230306E+001  0.119715725175349E+001 -0.107536384819057E+002 -0.430822866631179E+005
  0.100000000000000E+001  0.112026053381310E+005  0.160310405600767E+002  0.716734685555663E+002 -0.348150225153021E+000 -0.176883096648081E+001 -0.107536384819057E+002 -0.560130266906549E+004
  0.100000000000000E+001  0.765119975647373E+004 -0.130155838364298E+002  0.982127593324851E+002 -0.574789970282311E+000  0.132651688331364E-001 -0.107536384819057E+002 -0.382559987823687E+004
  0.100000000000000E+001  0.169400963020367E+003 -0.123655697328216E+002  0.495172673308030E+002 -0.390620853763990E-001  0.262842734628831E+000 -0.107536384819057E+002 -0.847004815101837E+002
  0.100000000000000E+001  0.140944032632146E+005  0.748978440789486E+000  0.830083789898133E+002 -0.605461024432377E+000 -0.316463951981787E+001 -0.107536384819057E+002 -0.704720163160732E+004
  0.100000000000000E+001  0.212818702436256E+005  0.113848433447195E+001  0.855765654059011E+002 -0.197381926826239E+001 -0.180645181902942E+001 -0.107536384819057E+002 -0.106409351218128E+005
  0.100000000000000E+001  0.146101739183003E+005  0.881949149125919E+001  0.747589398812773E+002 -0.969221038139315E+000 -0.249211115803397E+001 -0.107536384819057E+002 -0.730508695915015E+004
  0.100000000000000E+001  0.968400659940020E+005 -0.172257985163860E+002  0.587243349686879E+002 -0.182515758347425E+001  0.260293210691832E+001 -0.107536384819057E+002 -0.484200329970010E+005
  0.100000000000000E+001  0.157633818883280E+005 -0.848080290794040E+001  0.479992691685363E+002 -0.671537154914999E+000  0.480416332199654E+001 -0.107536384819057E+002 -0.788169094416400E+004
  0.100000000000000E+001  0.825994371562528E+005 -0.704450374364741E+001  0.993647746273558E+002 -0.196486855808634E+001 -0.683686788233207E+000 -0.107536384819057E+002 -0.412997185781264E+005
  0.100000000000000E+001  0.126546104934490E+005  0.210423267693674E+001  0.604716991936392E+002 -0.588802825484887E+000 -0.109741190167415E+001 -0.107536384819057E+002 -0.632730524672451E+004
  0.100000000000000E+001  0.132798502635525E+005 -0.786191659731435E+001  0.557254426878882E+002 -0.301628024563046E+000 -0.450980014267752E+001 -0.107536384819057E+002 -0.663992513177627E+004
  0.100000000000000E+001  0.109614212881327E+006 -0.645915436473638E+001  0.837027858540310E+002 -0.199984317344035E+001  0.456045377936191E+001 -0.107536384819057E+002 -0.548071064406636E+005
  0.100000000000000E+001  0.176284490742206E+005  0.119791102489844E+002  0.686023547312560E+002 -0.166802352471328E+001 -0.130652158105161E+001 -0.107536384819057E+002 -0.881422453711028E+004
  0.100000000000000E+001  0.144909368765018E+005  0.164765392457407E+002  0.599653508229208E+002 -0.742846890360881E+000  0.451048678873098E+001 -0.107536384819057E+002 -0.724546843825091E+004
  0.100000000000000E+001  0.122552883549754E+005 -0.108104759325719E+002  0.509258519100882E+002 -0.210140788530465E+000 -0.356088925806540E+001 -0.107536384819057E+002 -0.612764417748768E+004
  0.100000000000000E+001  0.146633695544277E+005  0.257764130484642E+000  0.831476462043090E+002 -0.114888694408351E+001  0.432545146942742E+001 -0.107536384819057E+002 -0.733168477721386E+004
  0.100000000000000E+001  0.145620515814989E+005  0.143627999691025E+002  0.933820750335302E+002 -0.878842909988408E+000 -0.147314719618984E+001 -0.107536384819057E+002 -0.728102579074947E+004
  0.100000000000000E+001  0.144024581521784E+005  0.982911588499582E+001  0.483993088084650E+002 -0.773788314595189E+000 -0.197368143168666E+001 -0.107536384819057E+002 -0.720122907608921E+004
  0.100000000000000E+001  0.123237429582314E+005  0.136372638338794E+002  0.871509704737244E+002 -0.483886421491913E-001 -0.495679276344414E+001 -0.107536384819057E+002 -0.616187147911572E+004
  0.100000000000000E+001  0.205213264040506E+005 -0.905005204312634E+001  0.781650966674117E+002 -0.145208309000479E+001  0.321434870093156E+001 -0.107536384819057E+002 -0.102606632020253E+005
  0.100000000000000E+001  0.907073273588104E+005  0.113967680276061E+001  0.582811569063912E+002 -0.151702314523853E+001  0.236360397672999E+001 -0.107536384819057E+002 -0.453536636794052E+005
  0.100000000000000E+001  0.759027203150337E+005  0.794727217625522E+001  0.677923299422360E+002 -0.176003928322068E+001  0.374735540697954E+001 -0.107536384819057E+002 -0.379513601575169E+005
  0.100000000000000E+001  0.981879566597137E+004 -0.148604194662028E+002  0.527058782032002E+002 -0.562490167109152E+000 -0.316699883565343E+000 -0.107536384819057E+002 -0.490939783298568E+004
  0.100000000000000E+001  0.145959257096171E+005 -0.142292214052703E+002  0.618115620635873E+002 -0.856974799876624E+000 -0.479806682722381E+001 -0.107536384819057E+002 -0.729796285480857E+004
  0.100000000000000E+001  0.147453353004756E+005 -0.326880713450985E+001  0.441072286370865E+002 -0.129856213409302E+001 -0.431480893991055E+001 -0.107536384819057E+002 -0.737266765023779E+004
  0.100000000000000E+001  0.146090464811813E+005 -0.110827949872762E+002  0.627164196047600E+002 -0.967224089078648E+000  0.296681781162270E+001 -0.107536384819057E+002 -0.730452324059067E+004
  0.100000000000000E+001  0.145848688203547E+005 -0.866680950899607E+001  0.683894211049168E+002 -0.943390136772228E+000  0.203720718963098E+001 -0.107536384819057E+002 -0.729243441017735E+004
  0.100000000000000E+001  0.148668887751812E+005 -0.271345440654746E+001  0.552624020414312E+002 -0.141190043271277E+001 -0.481373919444488E+001 -0.107536384819057E+002 -0.743344438759060E+004
  0.100000000000000E+001  0.140563502885234E+005 -0.125064489580577E+002  0.572207513138895E+002 -0.549489660963000E+000 -0.385749110668952E+001 -0.107536384819057E+002 -0.702817514426168E+004
  0.100000000000000E+001  0.146429751611402E+005 -0.103279965896744E+002  0.473606483243271E+002 -0.113905000718801E+001  0.481545460678028E+001 -0.107536384819057E+002 -0.732148758057011E+004
  0.100000000000000E+001  0.614336977510057E+005  0.125047588335574E+002  0.464700097151454E+002 -0.138135200488077E+001 -0.261693459525998E+000 -0.107536384819057E+002 -0.307168488755028E+005
  0.100000000000000E+001  0.106917001678489E+006 -0.168004976645486E+002  0.486303331214748E+002 -0.181704681589607E+001  0.869633149295953E+000 -0.107536384819057E+002 -0.534585008392445E+005
  0.100000000000000E+001  0.146448048396904E+005  0.123344430486552E+002  0.594090865780971E+002 -0.114268271337658E+001  0.486043245556465E+001 -0.107536384819057E+002 -0.732240241984522E+004
  0.100000000000000E+001  0.789243019708331E+005  0.482686122588164E+001  0.981995603893181E+002 -0.151389831958654E+001 -0.251234348923861E+001 -0.107536384819057E+002 -0.394621509854166E+005
  0.100000000000000E+001  0.110384740386693E+006 -0.925183682048121E+001  0.739041802278371E+002 -0.196675678559765E+001  0.129647760138998E+001 -0.107536384819057E+002 -0.551923701933464E+005
  0.100000000000000E+001  0.146149721701266E+005  0.548871226588992E+001  0.425088211558921E+002 -0.107353987822164E+001 -0.288915092731766E+001 -0.107536384819057E+002 -0.730748608506328E+004
  0.100000000000000E+001  0.140412422717061E+005  0.224857821081464E+000  0.677312048248377E+002 -0.529392385090404E+000 -0.409880715962649E+001 -0.107536384819057E+002 -0.702062113585307E+004
  0.100000000000000E+001  0.147810373277323E+005 -0.798311631430157E+001  0.625863211219676E+002 -0.127454613757109E+001 -0.289331902807985E+001 -0.107536384819057E+002 -0.739051866386614E+004
  0.100000000000000E+001  0.143404932341024E+005  0.870405071274451E+001  0.832024994016433E+002 -0.699321802990698E+000 -0.294987524152000E+001 -0.107536384819057E+002 -0.717024661705118E+004
  0.100000000000000E+001  0.659687434585846E+004 -0.831216691037181E+001  0.502420570736435E+002 -0.179506839948206E+000 -0.863954525908005E+000 -0.107536384819057E+002 -0.329843717292923E+004
  0.100000000000000E+001  0.809012735841583E+005 -0.596173989662389E+001  0.515896497709283E+002 -0.191033678143511E+001  0.280767666491224E+001 -0.107536384819057E+002 -0.404506367920792E+005
  0.100000000000000E+001  0.320444621692663E+005  0.104240885271596E+002  0.686666208054712E+002 -0.152768067680948E+001  0.303223178125757E+001 -0.107536384819057E+002 -0.160222310846331E+005
  0.100000000000000E+001  0.972771576083086E+005 -0.625703664017616E+001  0.609991663901630E+002 -0.188480050747160E+001  0.287609873731301E+001 -0.107536384819057E+002 -0.486385788041543E+005
  0.100000000000000E+001  0.143754069745154E+005 -0.659402548899245E+001  0.556718392699922E+002 -0.704533191568547E+000 -0.313892795733437E+001 -0.107536384819057E+002 -0.718770348725771E+004
  0.100000000000000E+001  0.154651731994197E+005  0.145623873285777E+002  0.626936511344178E+002 -0.171501058562576E+001 -0.482187019178944E+001 -0.107536384819057E+002 -0.773258659970983E+004
  0.100000000000000E+001  0.106008882544118E+005  0.185593470304947E+002  0.731468627066923E+002 -0.153651200356025E+000 -0.244523269630695E+001 -0.107536384819057E+002 -0.530044412720592E+004
  0.100000000000000E+001  0.159860706298931E+005  0.126143278159101E+002  0.496150432211408E+002 -0.142768136546916E+001  0.458751266049879E+001 -0.107536384819057E+002 -0.799303531494654E+004
  0.100000000000000E+001  0.146627307376325E+005  0.457316947857392E+001  0.598594581164845E+002 -0.114879476025531E+001  0.434227726399178E+001 -0.107536384819057E+002 -0.733136536881623E+004
  0.100000000000000E+001  0.118549842581838E+006  0.318486733681447E+001  0.431096509617939E+002 -0.169533421573356E+001  0.228727575774658E+001 -0.107536384819057E+002 -0.592749212909192E+005
  0.100000000000000E+001  0.144596237673829E+005 -0.814314047521474E+000  0.639335414439061E+002 -0.696100263652714E+000 -0.443487528443112E+001 -0.107536384819057E+002 -0.722981188369145E+004
  0.100000000000000E+001  0.102309866464422E+005  0.158553175518659E+001  0.626210935406280E+002 -0.351000011050982E+000 -0.131583406613676E+001 -0.107536384819057E+002 -0.511549332322108E+004
  0.100000000000000E+001  0.101759898988547E+006 -0.167808192746115E+001  0.916502413023056E+002 -0.191378569049165E+001 -0.373193307413713E+001 -0.107536384819057E+002 -0.508799494942737E+005
  0.100000000000000E+001  0.135612892093203E+005 -0.122111479527024E+002  0.490743228183494E+002 -0.347680414549893E+000 -0.476259663749727E+001 -0.107536384819057E+002 -0.678064460466014E+004
  0.100000000000000E+001  0.145995440470229E+005 -0.147222748445841E+002  0.542466459893999E+002 -0.899286814901956E+000 -0.295666976063512E+001 -0.107536384819057E+002 -0.729977202351144E+004
  0.100000000000000E+001  0.417759865648062E+005  0.144355913600493E+002  0.646360672401983E+002 -0.179873607299787E+001 -0.398930511103563E+001 -0.107536384819057E+002 -0.208879932824031E+005
  0.100000000000000E+001  0.125623273860665E+005  0.475099933418572E+001  0.776949622858702E+002 -0.543034487306335E+000 -0.136282967927186E+001 -0.107536384819057E+002 -0.628116369303326E+004
  0.100000000000000E+001  0.180438609623565E+005  0.114304257669102E+002  0.510374061023165E+002 -0.158532413517352E+001 -0.335110076920467E+001 -0.107536384819057E+002 -0.902193048117827E+004
  0.100000000000000E+001  0.721414780754279E+005  0.186831325613638E+002  0.885916479503141E+002 -0.133614322182138E+001  0.141869190182684E+001 -0.107536384819057E+002 -0.360707390377140E+005
  0.100000000000000E+001  0.127433503027939E+006  0.185154829113555E+002  0.876952003931612E+002 -0.116970284540946E+001  0.108532468072148E+001 -0.107536384819057E+002 -0.637167515139695E+005
  0.100000000000000E+001  0.148123276774525E+005 -0.135272934879093E+002  0.987596069196661E+002 -0.133132959085048E+001 -0.377827725747086E+001 -0.107536384819057E+002 -0.740616383872623E+004
  0.100000000000000E+001  0.884442667808654E+005 -0.502596916918915E+000  0.794832951403183E+002 -0.192995190109216E+001  0.204912349933995E+001 -0.107536384819057E+002 -0.442221333904327E+005
  0.100000000000000E+001  0.137990645438185E+005  0.880890986406523E+001  0.771513266741619E+002 -0.595827082825404E+000 -0.236817881335133E+001 -0.107536384819057E+002 -0.689953227190925E+004
  0.100000000000000E+001  0.119001406085814E+006  0.848819029213404E+001  0.506247067419060E+002 -0.196839738139926E+001  0.167328294523696E+001 -0.107536384819057E+002 -0.595007030429068E+005
  0.100000000000000E+001  0.305756645336195E+005 -0.906359894599388E+001  0.936967718676005E+002 -0.182563317654383E+001 -0.276960755332812E+001 -0.107536384819057E+002 -0.152878322668097E+005
  0.100000000000000E+001  0.146356593505434E+005 -0.151001977466708E+002  0.677230670216967E+002 -0.110840062006885E+001 -0.206700452011893E+000 -0.107536384819057E+002 -0.731782967527170E+004
  0.100000000000000E+001  0.114581438545610E+005  0.114937357546352E+002  0.786202946617032E+002 -0.943620102389886E-002 -0.401121398238178E+001 -0.107536384819057E+002 -0.572907192728050E+004
  0.100000000000000E+001  0.143501156341643E+005 -0.874899977293785E+001  0.911247195033762E+002 -0.822151427115041E+000 -0.856100509721466E+000 -0.107536384819057E+002 -0.717505781708215E+004
  0.100000000000000E+001  0.339505922481997E+005 -0.303059741996820E+001  0.595071284180416E+002 -0.140235118760761E+001  0.228493275351368E+001 -0.107536384819057E+002 -0.169752961240999E+005
  0.100000000000000E+001  0.879507142108647E+005 -0.105456641406333E+002  0.420988424128393E+002 -0.150679317554472E+001  0.149487267366271E+001 -0.107536384819057E+002 -0.439753571054324E+005
  0.100000000000000E+001  0.145152216238769E+005 -0.182966561584058E+002  0.469519793023719E+002 -0.712793824717739E+000  0.480616013546004E+001 -0.107536384819057E+002 -0.725761081193846E+004
  0.100000000000000E+001  0.148581726962412E+005 -0.118734280704451E+002  0.455425656468770E+002 -0.141067740290221E+001 -0.494779428011918E+001 -0.107536384819057E+002 -0.742908634812059E+004
  0.100000000000000E+001  0.146104683611087E+005 -0.147785066267599E+002  0.903896690643321E+002 -0.987841481637875E+000  0.263603764687252E+001 -0.107536384819057E+002 -0.730523418055435E+004
  0.100000000000000E+001  0.104047664497547E+006  0.168680904069886E+002  0.796500849080092E+002 -0.157136306313633E+001 -0.464278761751544E+000 -0.107536384819057E+002 -0.520238322487737E+005
  0.100000000000000E+001  0.174057874654333E+005 -0.178166404228788E+002  0.817778694523223E+002 -0.175595317931788E+001 -0.197105677714927E+001 -0.107536384819057E+002 -0.870289373271664E+004
  0.100000000000000E+001  0.239776615337906E+005 -0.133276871816444E+001  0.422696215496061E+002 -0.127642703234468E+001  0.188516700944780E+001 -0.107536384819057E+002 -0.119888307668953E+005
  0.100000000000000E+001  0.148831225756565E+005 -0.170639544745289E+002  0.690043628251739E+002 -0.140227608052100E+001 -0.421395545202236E+001 -0.107536384819057E+002 -0.744156128782827E+004
  0.100000000000000E+001  0.146096540434492E+005  0.151642695705841E+002  0.578978193406298E+002 -0.947946072622029E+000 -0.409030825568719E+001 -0.107536384819057E+002 -0.730482702172459E+004
  0.100000000000000E+001  0.106241022257657E+006 -0.140839701022709E+002  0.943392951374762E+002 -0.152352764715487E+001  0.189568967692514E+001 -0.107536384819057E+002 -0.531205111288286E+005
  0.100000000000000E+001  0.138539140230670E+005  0.179887011907152E+002  0.483985472880543E+002 -0.531871890639315E+000 -0.332484710300575E+001 -0.107536384819057E+002 -0.692695701153350E+004
  0.100000000000000E+001  0.585496912991993E+005  0.161982405504546E+002  0.599904902919869E+002 -0.157147860961018E+001 -0.654284197620084E+000 -0.107536384819057E+002 -0.292748456495997E+005
  0.100000000000000E+001  0.842711741512456E+004 -0.196486138706446E+001  0.969331648487925E+002 -0.360632248566982E+000 -0.761791819731082E+000 -0.107536384819057E+002 -0.421355870756228E+004
  0.100000000000000E+001  0.111262897241900E+006  0.120363821172799E+002  0.522666539006359E+002 -0.199364398840387E+001  0.477871745659886E+001 -0.107536384819057E+002 -0.556314486209498E+005
  0.100000000000000E+001  0.135246443955451E+005 -0.617041264903124E+001  0.511811090915050E+002 -0.622093840536427E+000 -0.160261090072579E+001 -0.107536384819057E+002 -0.676232219777256E+004
  0.100000000000000E+001  0.132555458317236E+005 -0.154893260118182E+002  0.593051083478202E+002 -0.584021959780748E+000 -0.163335125188208E+001 -0.107536384819057E+002 -0.662777291586179E+004
  0.100000000000000E+001  0.640438919117570E+005  0.459001940666314E+001  0.821295786970344E+002 -0.179804759759718E+001 -0.316765726171211E+001 -0.107536384819057E+002 -0.320219459558785E+005
  0.100000000000000E+001  0.145482939357865E+005 -0.110281864749926E+002  0.725875981760954E+002 -0.841684811989196E+000  0.419164931243739E+001 -0.107536384819057E+002 -0.727414696789323E+004
  0.100000000000000E+001  0.116951703433467E+005 -0.523582764731061E+001  0.705452050424306E+002 -0.507489028882735E-002 -0.433195318697674E+001 -0.107536384819057E+002 -0.584758517167333E+004
  0.100000000000000E+001  0.948450418981030E+005  0.160306087215816E+002  0.683222317764712E+002 -0.196359366960427E+001  0.399101402942785E+001 -0.107536384819057E+002 -0.474225209490515E+005
  0.100000000000000E+001  0.742750769920107E+005  0.137301524059204E+002  0.788979823517162E+002 -0.155591202718835E+001  0.208486796256634E+001 -0.107536384819057E+002 -0.371375384960053E+005
  0.100000000000000E+001  0.148214160347499E+005 -0.649018605120923E+001  0.657126176523586E+002 -0.131781925904996E+001 -0.317708496149398E+001 -0.107536384819057E+002 -0.741070801737493E+004
  0.100000000000000E+001  0.174782940281199E+005 -0.354391773215238E+001  0.892905513165282E+002 -0.139222737465344E+001 -0.134956942543568E+001 -0.107536384819057E+002 -0.873914701405995E+004
  0.100000000000000E+001  0.147419084795729E+005 -0.122918072788224E+002  0.409292247419908E+002 -0.122147855686140E+001 -0.228059320853834E+001 -0.107536384819057E+002 -0.737095423978646E+004
  0.100000000000000E+001  0.145908504213162E+005  0.165073902983146E+000  0.707074886210320E+002 -0.842131200645772E+000 -0.478527189951040E+001 -0.107536384819057E+002 -0.729542521065811E+004
  0.100000000000000E+001  0.112900396991949E+005  0.385490316813420E+001  0.910036182139149E+002 -0.858021176771206E-002 -0.382922885587205E+001 -0.107536384819057E+002 -0.564501984959746E+004
  0.100000000000000E+001  0.111062581064092E+005  0.980669203388826E+001  0.623321674431860E+002 -0.367004379959405E+000 -0.161537499799351E+001 -0.107536384819057E+002 -0.555312905320460E+004
  0.100000000000000E+001  0.147041611253088E+005  0.549042630476472E+001  0.744798659757993E+002 -0.115160749457498E+001 -0.901637536850563E+000 -0.107536384819057E+002 -0.735208056265438E+004
  0.100000000000000E+001  0.222736684213260E+005  0.150776646120647E-001  0.631739966099908E+002 -0.143494537002635E+001  0.290889883099527E+001 -0.107536384819057E+002 -0.111368342106630E+005
  0.100000000000000E+001  0.721649168016736E+005 -0.394394615659285E+001  0.744502359366260E+002 -0.176076951277424E+001  0.478683759321190E+000 -0.107536384819057E+002 -0.360824584008368E+005
  0.100000000000000E+001  0.142743957310376E+005 -0.383270118064609E+001  0.880889310812389E+002 -0.650105748419831E+000 -0.339671618123697E+001 -0.107536384819057E+002 -0.713719786551878E+004
  0.100000000000000E+001  0.214893762773218E+004 -0.147008043849800E+002  0.825931004539854E+002 -0.293715656111144E+000  0.560452199129027E+000 -0.107536384819057E+002 -0.107446881386609E+004
  0.100000000000000E+001  0.989270626450783E+005 -0.116429722612468E+002  0.874555997014947E+002 -0.191693132494733E+001  0.211366439769146E+001 -0.107536384819057E+002 -0.494635313225392E+005
  0.100000000000000E+001  0.144503431236163E+005 -0.964366887378466E+001  0.566975903762852E+002 -0.767466441157197E+000 -0.254584763363736E+001 -0.107536384819057E+002 -0.722517156180814E+004
  0.100000000000000E+001  0.964580447020340E+004  0.625023614867280E+001  0.972396858684175E+002 -0.410262975649530E+000 -0.878248778507521E+000 -0.107536384819057E+002 -0.482290223510170E+004
  0.100000000000000E+001  0.146105838197356E+005  0.142070557606381E+002  0.470656122349593E+002 -0.100464333534081E+001 -0.201787603123819E+001 -0.107536384819057E+002 -0.730529190986782E+004
  0.100000000000000E+001  0.926334054944625E+005  0.571047770314860E+001  0.990469396634293E+002 -0.183598008891556E+001  0.236525516674327E+001 -0.107536384819057E+002 -0.463167027472312E+005
  0.100000000000000E+001  0.648209482994702E+005 -0.955533492650593E+001  0.641582506094830E+002 -0.105001595010325E+001  0.904519622541803E+000 -0.107536384819057E+002 -0.324104741497351E+005
  0.100000000000000E+001  0.191999674754784E+005 -0.666440958211531E+001  0.660068955041411E+002 -0.183106385792864E+001 -0.161453012375427E+001 -0.107536384819057E+002 -0.959998373773922E+004
  0.100000000000000E+001  0.147580860995341E+005 -0.544670461077041E+001  0.534061987145143E+002 -0.132393635650072E+001 -0.472121648257546E+001 -0.107536384819057E+002 -0.737904304976707E+004
  0.100000000000000E+001  0.142083709374330E+005  0.144202859481431E+002  0.901332509417807E+002 -0.539556700194251E+000 -0.496724147358773E+001 -0.107536384819057E+002 -0.710418546871649E+004
  0.100000000000000E+001  0.146379960370354E+005  0.718820226300222E+001  0.788662821604008E+002 -0.114400332915902E+001 -0.318825603355236E+001 -0.107536384819057E+002 -0.731899801851770E+004
  0.100000000000000E+001  0.839217470137878E+005 -0.613928751304223E+001  0.643110641815188E+002 -0.146390636703509E+001 -0.384629531442009E+000 -0.107536384819057E+002 -0.419608735068939E+005
  0.100000000000000E+001  0.220890868630256E+005  0.413762096241151E+001  0.966642247365698E+002 -0.179046611762791E+001 -0.242632032641664E+001 -0.107536384819057E+002 -0.110445434315128E+005
  0.100000000000000E+001  0.614547367068826E+005  0.715038137974834E+001  0.454411796236606E+002 -0.182229620018655E+001 -0.319992472019068E+001 -0.107536384819057E+002 -0.307273683534413E+005
  0.100000000000000E+001  0.106167113682489E+006  0.394732096046677E+001  0.526406554054943E+002 -0.174582040493155E+001  0.906425885827886E-001 -0.107536384819057E+002 -0.530835568412446E+005
  0.100000000000000E+001  0.123121478508796E+005 -0.111392190119623E+002  0.507567742937030E+002 -0.309996609207480E+000 -0.286528505346321E+001 -0.107536384819057E+002 -0.615607392543978E+004
  0.100000000000000E+001  0.142809212005448E+005 -0.471658137282329E+001  0.832782654651645E+002 -0.724525520999393E+000 -0.212768245385327E+001 -0.107536384819057E+002 -0.714046060027239E+004
  0.100000000000000E+001  0.115491680910577E+006 -0.155554931783101E+002  0.927380006841693E+002 -0.144142234296400E+001  0.153898766802573E+001 -0.107536384819057E+002 -0.577458404552887E+005
  0.100000000000000E+001  0.140461247277638E+005  0.996343605978156E+001  0.400153598929067E+002 -0.551016790372712E+000 -0.378560467652037E+001 -0.107536384819057E+002 -0.702306236388190E+004
  0.100000000000000E+001  0.118654914326675E+006  0.844981909639759E+001  0.468481468429280E+002 -0.163077027136604E+001  0.810347797687164E+000 -0.107536384819057E+002 -0.593274571633375E+005
  0.100000000000000E+001  0.151328994919495E+005 -0.623783554413253E+001  0.435854312105840E+002 -0.163866476357229E+001 -0.472497214677054E+001 -0.107536384819057E+002 -0.756644974597476E+004
  0.100000000000000E+001  0.146106798916579E+005  0.178301521751242E+002  0.524628848074679E+002 -0.101150961407001E+001 -0.622514628240561E+000 -0.107536384819057E+002 -0.730533994582893E+004
  0.100000000000000E+001  0.144864751232165E+005 -0.115903195616126E+002  0.945582117905276E+002 -0.771365422944382E+000  0.424889366581634E+001 -0.107536384819057E+002 -0.724323756160825E+004
  0.100000000000000E+001  0.108022288427281E+005 -0.157467634903827E+002  0.450555147430025E+002 -0.246088899230926E+000 -0.209233458143139E+001 -0.107536384819057E+002 -0.540111442136404E+004
  0.100000000000000E+001  0.898198560686189E+004 -0.120936528685671E+002  0.990046786118773E+002 -0.505801831016211E+000 -0.378585166708220E+000 -0.107536384819057E+002 -0.449099280343094E+004
  0.100000000000000E+001  0.102079692601584E+005 -0.162418879016485E+002  0.879233166884118E+002 -0.273586992794083E+000 -0.165799630714714E+001 -0.107536384819057E+002 -0.510398463007918E+004
  0.100000000000000E+001  0.887077392228292E+005 -0.548071457537655E+001  0.699863559694758E+002 -0.185338851192130E+001  0.801801752897932E+000 -0.107536384819057E+002 -0.443538696114146E+005
  0.100000000000000E+001  0.109163549275822E+006  0.148640188514171E+002  0.716994404864914E+002 -0.191600367445088E+001  0.244683830253831E+001 -0.107536384819057E+002 -0.545817746379112E+005
  0.100000000000000E+001  0.104180637773217E+005 -0.334178807431879E+001  0.616224086660277E+002 -0.216486212868757E+000 -0.202788579527205E+001 -0.107536384819057E+002 -0.520903188866085E+004
  0.100000000000000E+001  0.303284626702724E+004  0.161001563506482E+002  0.823528055740469E+002 -0.153394017320473E+000 -0.250507504685960E+000 -0.107536384819057E+002 -0.151642313351362E+004
  0.100000000000000E+001  0.289856175700665E+005  0.143295106441232E+002  0.870259036836983E+002 -0.199293377727708E+001 -0.273566297885552E+001 -0.107536384819057E+002 -0.144928087850332E+005
  0.100000000000000E+001  0.151085387868929E+005 -0.455815592212001E+001  0.749204239892144E+002 -0.114093319050518E+001  0.203887691676082E+001 -0.107536384819057E+002 -0.755426939344644E+004
  0.100000000000000E+001  0.146105819728681E+005  0.165678269952836E+002  0.697874268657611E+002 -0.100008038643374E+001  0.198130562143119E+001 -0.107536384819057E+002 -0.730529098643404E+004
  0.100000000000000E+001  0.146072603393509E+005 -0.143709856248082E+001  0.730445791035210E+002 -0.934281331297101E+000  0.480072601247223E+001 -0.107536384819057E+002 -0.730363016967545E+004
  0.100000000000000E+001  0.118675585589986E+006  0.719729781962216E+001  0.968903706641278E+002 -0.168447970788630E+001 -0.378777464682538E+000 -0.107536384819057E+002 -0.593377927949929E+005
  0.100000000000000E+001  0.146105823974378E+005 -0.204158623811168E+001  0.536983006113964E+002 -0.100421188043186E+001 -0.440714028911792E+001 -0.107536384819057E+002 -0.730529119871889E+004
  0.100000000000000E+001  0.144981752116613E+005  0.881367745276421E+001  0.506915942898536E+002 -0.797043433021394E+000  0.421330927130189E+001 -0.107536384819057E+002 -0.724908760583066E+004
  0.100000000000000E+001  0.150363765048997E+005 -0.134206903929668E+002  0.843926245522193E+002 -0.156534816810877E+001 -0.466492633121263E+001 -0.107536384819057E+002 -0.751818825244984E+004
  0.100000000000000E+001  0.120423224529241E+006  0.814556088140560E+001  0.894742243041423E+002 -0.143494452785956E+001 -0.103019489587057E+000 -0.107536384819057E+002 -0.602116122646204E+005
  0.100000000000000E+001  0.291959582245631E+005  0.156209468738352E+002  0.759680198140545E+002 -0.168600068279785E+001  0.426100391167283E+001 -0.107536384819057E+002 -0.145979791122815E+005
  0.100000000000000E+001  0.159908860960264E+005  0.187365816439733E+002  0.454798991917684E+002 -0.143098184248876E+001  0.462509204574087E+001 -0.107536384819057E+002 -0.799544304801321E+004
  0.100000000000000E+001  0.117006196014617E+005 -0.236466632708889E+001  0.823620224489257E+002 -0.290244984841556E+000 -0.244120927284241E+001 -0.107536384819057E+002 -0.585030980073084E+004
  0.100000000000000E+001  0.146106201790525E+005  0.120687379000111E+002  0.618503018324197E+002 -0.101697327091125E+001 -0.365024563451456E+001 -0.107536384819057E+002 -0.730531008952623E+004
  0.100000000000000E+001  0.149525370969590E+005 -0.109973706905876E+002  0.737653091772466E+002 -0.147974981053836E+001 -0.488285413395474E+001 -0.107536384819057E+002 -0.747626854847950E+004
  0.100000000000000E+001  0.183670122780523E+005 -0.172367261417324E+002  0.733070957930238E+002 -0.122790710532475E+001  0.190538566248515E+001 -0.107536384819057E+002 -0.918350613902616E+004
  0.100000000000000E+001  0.250836041981319E+005 -0.566185156232974E+001  0.665010105433560E+002 -0.113412879188296E+001  0.129154573946998E+001 -0.107536384819057E+002 -0.125418020990660E+005
  0.100000000000000E+001  0.148158426782380E+005  0.864416549465759E-001  0.736755631211146E+002 -0.130697491583803E+001 -0.269227210895657E+001 -0.107536384819057E+002 -0.740792133911898E+004
  0.100000000000000E+001  0.863710847145073E+004 -0.170587711000834E+002  0.580246521120824E+002 -0.442145771817877E+000 -0.534179675107605E+000 -0.107536384819057E+002 -0.431855423572537E+004
  0.100000000000000E+001  0.146753173413676E+005 -0.124545893357980E+002  0.687889100369794E+002 -0.123773368744571E+001 -0.467413942889054E+001 -0.107536384819057E+002 -0.733765867068378E+004
  0.100000000000000E+001  0.390679244802274E+005  0.638687147973298E+001  0.581654100048554E+002 -0.133372473541582E+001  0.190352237769511E+001 -0.107536384819057E+002 -0.195339622401137E+005
  0.100000000000000E+001  0.563529460418251E+005  0.111882582438921E+002  0.828252942022964E+002 -0.175189102539980E+001  0.394144423795410E+001 -0.107536384819057E+002 -0.281764730209126E+005
  0.100000000000000E+001  0.131497349932892E+005  0.169618436285263E+002  0.622559590900877E+002 -0.585011381416567E+000 -0.151433585623508E+001 -0.107536384819057E+002 -0.657486749664460E+004
  0.100000000000000E+001  0.131793488280352E+005  0.145033398860679E+001  0.447623826954838E+002 -0.255166536451131E+000 -0.476607139749468E+001 -0.107536384819057E+002 -0.658967441401762E+004
  0.100000000000000E+001  0.146209215010733E+005  0.113581275126307E+002  0.831225998247614E+002 -0.111996196192405E+001 -0.425447249844745E+001 -0.107536384819057E+002 -0.731046075053665E+004
  0.100000000000000E+001  0.127535227803610E+005  0.164762548729555E+002  0.857461123382367E+002 -0.361184990447046E+000 -0.297777229649236E+001 -0.107536384819057E+002 -0.637676139018049E+004
  0.100000000000000E+001  0.146820187107857E+005 -0.619522384950928E+001  0.485170103403209E+002 -0.116388871680244E+001  0.431347099681039E+001 -0.107536384819057E+002 -0.734100935539287E+004
  0.100000000000000E+001  0.146078248165845E+005 -0.668882235394678E+001  0.773109785625418E+002 -0.942783001335436E+000 -0.240086122651313E+001 -0.107536384819057E+002 -0.730391240829227E+004
  0.100000000000000E+001  0.132220288399803E+005 -0.823062732682544E+000  0.724145029854637E+002 -0.712315522373782E+000 -0.540224730282775E+000 -0.107536384819057E+002 -0.661101441999013E+004
  0.100000000000000E+001  0.147795907356598E+005 -0.985915993485464E+001  0.730523020702283E+002 -0.125746693088411E+001 -0.237515270955898E+001 -0.107536384819057E+002 -0.738979536782988E+004
  0.100000000000000E+001  0.145490157381458E+005  0.605596789863412E+001  0.639116139336353E+002 -0.820742815262236E+000 -0.293105659124253E+001 -0.107536384819057E+002 -0.727450786907290E+004
  0.100000000000000E+001  0.139132705859612E+005 -0.320327388564432E+001  0.627210943764198E+002 -0.125876987705697E+001 -0.118426149372036E+001 -0.107536384819057E+002 -0.695663529298061E+004
  0.100000000000000E+001  0.146094907052025E+005  0.153824820975545E+002  0.825602450915189E+002 -0.958920879653098E+000  0.427794192967725E+001 -0.107536384819057E+002 -0.730474535260123E+004
  0.100000000000000E+001  0.106618963358216E+006 -0.106806299984526E+002  0.489184579799423E+002 -0.189253153860546E+001  0.421306303131028E+001 -0.107536384819057E+002 -0.533094816791080E+005
  0.100000000000000E+001  0.157697570890159E+005  0.162436609292449E+002  0.813685968245307E+002 -0.132505915909943E+001  0.352943087886730E+001 -0.107536384819057E+002 -0.788487854450796E+004
  0.100000000000000E+001  0.139188700364736E+005  0.835918892281442E+001  0.863973080354038E+002 -0.689622217172450E+000 -0.150990569365549E+001 -0.107536384819057E+002 -0.695943501823681E+004
  0.100000000000000E+001  0.189418426750779E+005 -0.106059519026467E+002  0.730136618794764E+002 -0.137115725854255E+001 -0.184235679080632E+001 -0.107536384819057E+002 -0.947092133753894E+004
  0.100000000000000E+001  0.149682933792069E+005  0.790326732531418E+001  0.649204596216603E+002 -0.148744473656160E+001 -0.460624027720411E+001 -0.107536384819057E+002 -0.748414668960345E+004
  0.100000000000000E+001  0.177943608358575E+005  0.208289521270539E+001  0.439199765893137E+002 -0.137605984333716E+001  0.308461496588247E+001 -0.107536384819057E+002 -0.889718041792873E+004
  0.100000000000000E+001  0.146241425901685E+005 -0.172186948885050E+002  0.949441595523658E+002 -0.110472413421168E+001  0.483280760847444E+001 -0.107536384819057E+002 -0.731207129508425E+004
  0.100000000000000E+001  0.118581430717295E+005 -0.165585181689634E+002  0.482923173844757E+002 -0.387412619521908E+000 -0.193509984401665E+001 -0.107536384819057E+002 -0.592907153586474E+004
  0.100000000000000E+001  0.205085413576427E+005  0.231237745392852E+001  0.524331454221770E+002 -0.172866128187827E+001 -0.229679225037709E+001 -0.107536384819057E+002 -0.102542706788214E+005
  0.100000000000000E+001  0.537179510904523E+005 -0.115082183696532E+002  0.465921117340966E+002 -0.181150305789126E+001 -0.310499128427522E+001 -0.107536384819057E+002 -0.268589755452261E+005
  0.100000000000000E+001  0.146128624286653E+005 -0.342289019714995E+001  0.551036935409740E+002 -0.105845229364149E+001 -0.283357674413628E+001 -0.107536384819057E+002 -0.730643121433263E+004
  0.100000000000000E+001  0.706007576204905E+005  0.872402720352418E+001  0.954830941105437E+002 -0.165814103562319E+001  0.320389339079712E+001 -0.107536384819057E+002 -0.353003788102453E+005
  0.100000000000000E+001  0.146218839841596E+005  0.178211101048829E+002  0.917765480910367E+002 -0.106971570137110E+001  0.327692798504293E+001 -0.107536384819057E+002 -0.731094199207982E+004
  0.100000000000000E+001  0.131761521926358E+005  0.190818427334025E+002  0.683535614432079E+002 -0.490825575546746E+000 -0.238777442513482E+001 -0.107536384819057E+002 -0.658807609631790E+004
  0.100000000000000E+001  0.982953467549018E+004 -0.727759783026156E+001  0.838083393796219E+002 -0.397627589858236E+000 -0.981176869332443E+000 -0.107536384819057E+002 -0.491476733774509E+004
  0.100000000000000E+001  0.593196462430425E+005  0.155194954124103E+002  0.681393177233352E+002 -0.194159881405477E+001 -0.445621988519364E+001 -0.107536384819057E+002 -0.296598231215213E+005
  0.100000000000000E+001  0.116238664428114E+005 -0.242048493780658E-001  0.423835535166059E+002 -0.782333921748475E+000  0.314308218606985E+000 -0.107536384819057E+002 -0.581193322140568E+004
  0.100000000000000E+001  0.948004617611532E+005  0.172203299541897E+002  0.571484442109878E+002 -0.175178085726755E+001 -0.324442288413489E+001 -0.107536384819057E+002 -0.474002308805766E+005
  0.100000000000000E+001  0.146107865303926E+005  0.185590305571636E+002  0.764412292226418E+002 -0.102105729489591E+001 -0.177734860560393E+001 -0.107536384819057E+002 -0.730539326519628E+004
  0.100000000000000E+001  0.695663657624588E+003  0.782427484060140E+000  0.998388918478825E+002 -0.890242194902475E-001  0.108799158567371E+000 -0.107536384819057E+002 -0.347831828812294E+003
  0.100000000000000E+001  0.145490097841712E+005 -0.589822605544711E+000  0.716691760617415E+002 -0.893618261196912E+000  0.259487034706512E+001 -0.107536384819057E+002 -0.727450489208558E+004
  0.100000000000000E+001  0.204678551601023E+005 -0.888949469302634E+000  0.931831606136190E+002 -0.194666082634865E+001 -0.199160121281223E+001 -0.107536384819057E+002 -0.102339275800512E+005
  0.100000000000000E+001  0.146502063760798E+005 -0.251483762816057E+001  0.526918703428971E+002 -0.108696631767415E+001 -0.569997392438103E+000 -0.107536384819057E+002 -0.732510318803989E+004
  0.100000000000000E+001  0.147554561319815E+005  0.108774243110423E+002  0.686158591650423E+002 -0.123862047081642E+001 -0.245799881556987E+001 -0.107536384819057E+002 -0.737772806599075E+004
  0.100000000000000E+001  0.723498218512364E+005  0.162444718436986E+002  0.825402717517969E+002 -0.150449787599631E+001 -0.247051525057469E+001 -0.107536384819057E+002 -0.361749109256182E+005
  0.100000000000000E+001  0.106009930646256E+005  0.583845168992958E+000  0.857451036234973E+002 -0.665933394592058E-001 -0.288912198396887E+001 -0.107536384819057E+002 -0.530049653231280E+004
  0.100000000000000E+001  0.178909354948655E+005  0.445441731525428E+001  0.570972859746855E+002 -0.180498851911804E+001 -0.417824953703864E+001 -0.107536384819057E+002 -0.894546774743276E+004
  0.100000000000000E+001  0.146105303430374E+005 -0.140746916039147E+001  0.746237940856066E+002 -0.995250448421334E+000  0.404577435451911E+000 -0.107536384819057E+002 -0.730526517151869E+004
  0.100000000000000E+001  0.150600549045408E+005 -0.149151230760022E+002  0.906355382741746E+002 -0.158170830700645E+001 -0.488479639816307E+001 -0.107536384819057E+002 -0.753002745227041E+004
  0.100000000000000E+001  0.933379622973196E+005 -0.736134807131294E+001  0.506131073480577E+002 -0.191393384284204E+001  0.453734922902439E+001 -0.107536384819057E+002 -0.466689811486598E+005
  0.100000000000000E+001  0.148240167642405E+005  0.994114360187577E+001  0.488047170605643E+002 -0.107992892913759E+001  0.166007504990185E+001 -0.107536384819057E+002 -0.741200838212023E+004
  0.100000000000000E+001  0.120782178243607E+006  0.142132969184078E+002  0.622443509787617E+002 -0.170167666895590E+001 -0.250670100882953E+000 -0.107536384819057E+002 -0.603910891218033E+005
  0.100000000000000E+001  0.794472042412930E+005  0.544145768017791E+001  0.423617902142118E+002 -0.171293768343219E+001  0.271971323514904E+001 -0.107536384819057E+002 -0.397236021206465E+005
  0.100000000000000E+001  0.109791819353539E+006 -0.150521908163153E+002  0.655170975305027E+002 -0.161946982915578E+001  0.250924322611397E+001 -0.107536384819057E+002 -0.548959096767695E+005
  0.100000000000000E+001  0.146792660391909E+005  0.697077051066657E+001  0.843756162752445E+002 -0.123851447861613E+001 -0.452183198057893E+001 -0.107536384819057E+002 -0.733963301959547E+004
  0.100000000000000E+001  0.221772951475127E+005 -0.167414069111705E+002  0.890790170966482E+002 -0.167318981480589E+001  0.484433631187864E+001 -0.107536384819057E+002 -0.110886475737563E+005
  0.100000000000000E+001  0.145108966209666E+005 -0.170885807659203E+002  0.790947029017950E+002 -0.748219195009920E+000 -0.409402304261567E+001 -0.107536384819057E+002 -0.725544831048330E+004
  0.100000000000000E+001  0.149564715088431E+005  0.176711524644292E+002  0.865783308611838E+002 -0.129258432690906E+001  0.473258652824523E+001 -0.107536384819057E+002 -0.747823575442157E+004
  0.100000000000000E+001  0.306750508849026E+005  0.126179284561829E+002  0.773860505543437E+002 -0.173179175019969E+001  0.453139669356835E+001 -0.107536384819057E+002 -0.153375254424513E+005
  0.100000000000000E+001  0.113578761988294E+006  0.175633672547413E+002  0.507441816759900E+002 -0.131554591024064E+001  0.152286984299991E+001 -0.107536384819057E+002 -0.567893809941471E+005
  0.100000000000000E+001  0.138625605912115E+005  0.123559061550810E+002  0.607766962194913E+002 -0.577729011647038E+000 -0.275237382652138E+001 -0.107536384819057E+002 -0.693128029560577E+004
  0.100000000000000E+001  0.149172402098503E+005  0.457938403493447E+001  0.624552944160438E+002 -0.180187880593502E+001 -0.422366686376980E+001 -0.107536384819057E+002 -0.745862010492513E+004
  0.100000000000000E+001  0.146263593082951E+005 -0.691026123590099E+000  0.467771496969962E+002 -0.107040826628997E+001  0.295822470412798E+001 -0.107536384819057E+002 -0.731317965414756E+004
  0.100000000000000E+001  0.145946227025108E+005  0.953993546666307E+001  0.531545752365281E+002 -0.889659084663138E+000  0.476196650852734E+001 -0.107536384819057E+002 -0.729731135125542E+004
  0.100000000000000E+001  0.147730699860550E+005 -0.874697537732756E+001  0.781148588946482E+002 -0.139892057754708E+001 -0.217069722737451E+001 -0.107536384819057E+002 -0.738653499302752E+004
  0.100000000000000E+001  0.135596666197799E+005  0.254234864852133E+000  0.955380651591643E+002 -0.362413789175536E+000 -0.457465971757289E+001 -0.107536384819057E+002 -0.677983330988997E+004
  0.100000000000000E+001  0.160382008082742E+005 -0.688343644209949E+001  0.611482238157555E+002 -0.168280419948610E+001 -0.158297990063756E+001 -0.107536384819057E+002 -0.801910040413712E+004
  0.100000000000000E+001  0.120670777336801E+005  0.125894335983348E+002  0.692311431822596E+002 -0.279239647432008E-001 -0.469579965195351E+001 -0.107536384819057E+002 -0.603353886684005E+004
  0.100000000000000E+001  0.125170481366150E+005 -0.181172025372153E+002  0.498090710846124E+002 -0.177484830625185E+000 -0.420007902040573E+001 -0.107536384819057E+002 -0.625852406830751E+004
  0.100000000000000E+001  0.144419195413773E+005  0.176527707440440E+002  0.430390644653326E+002 -0.738037124804368E+000 -0.311924845687805E+001 -0.107536384819057E+002 -0.722095977068863E+004
  0.100000000000000E+001  0.145245178545279E+005  0.119222694145114E+002  0.456263363754177E+002 -0.750269516126614E+000 -0.442646616133601E+001 -0.107536384819057E+002 -0.726225892726395E+004
  0.100000000000000E+001  0.112267607204093E+006  0.105922948079556E+002  0.890202300180130E+002 -0.120124319939540E+001 -0.529439313518141E+000 -0.107536384819057E+002 -0.561338036020466E+005
  0.100000000000000E+001  0.930523440641821E+005  0.128340729864826E+002  0.894085723525287E+002 -0.164976545797005E+001  0.518402385862309E+000 -0.107536384819057E+002 -0.465261720320911E+005
  0.100000000000000E+001  0.146191993942532E+005  0.599606646234503E+001  0.458313213653962E+002 -0.110089516588127E+001 -0.344404306684606E+001 -0.107536384819057E+002 -0.730959969712658E+004
  0.100000000000000E+001  0.148242992225993E+005  0.900060854757060E+001  0.929381575387092E+002 -0.132047696867639E+001 -0.317818444760822E+001 -0.107536384819057E+002 -0.741214961129966E+004
  0.100000000000000E+001  0.148599544818805E+005 -0.342220711930877E+001  0.865643262677913E+002 -0.147085686412442E+001 -0.239578754068115E+001 -0.107536384819057E+002 -0.742997724094023E+004
  0.100000000000000E+001  0.829294728046583E+005  0.135656206410300E+002  0.844710258464924E+002 -0.127296976187946E+001  0.127297685524130E+001 -0.107536384819057E+002 -0.414647364023291E+005
  0.100000000000000E+001  0.123572619943611E+005 -0.162045141185691E+002  0.492384209417589E+002 -0.174922795737403E+000 -0.397698255839528E+001 -0.107536384819057E+002 -0.617863099718053E+004
  0.100000000000000E+001  0.147172601232354E+005  0.865450034107303E+001  0.500986969902252E+002 -0.120948208848198E+001  0.494738093175719E+001 -0.107536384819057E+002 -0.735863006161771E+004
  0.100000000000000E+001  0.149168431766256E+005 -0.643460682787925E+001  0.973037428436002E+002 -0.122737991376618E+001  0.369404979949385E+001 -0.107536384819057E+002 -0.745842158831279E+004
  0.100000000000000E+001  0.150327055884996E+005  0.282691762450415E+000  0.697519806038250E+002 -0.158223551448854E+001 -0.440738876748654E+001 -0.107536384819057E+002 -0.751635279424982E+004
  0.100000000000000E+001  0.117125784472930E+006 -0.178225236329471E+002  0.985528082217571E+002 -0.163649312603505E+001  0.680790943735820E+000 -0.107536384819057E+002 -0.585628922364648E+005
  0.100000000000000E+001  0.147310965798121E+005 -0.155313801207894E+002  0.592019740064509E+002 -0.129338290810939E+001 -0.452964574438666E+001 -0.107536384819057E+002 -0.736554828990607E+004
  0.100000000000000E+001  0.155535677395931E+005 -0.205660382935923E+001  0.733771805461774E+002 -0.112806355286296E+001  0.167232931955430E+001 -0.107536384819057E+002 -0.777678386979656E+004
  0.100000000000000E+001  0.127330968633573E+006  0.900148083271248E+001  0.420672535266028E+002 -0.176249019054136E+001  0.271068542953770E+001 -0.107536384819057E+002 -0.636654843167866E+005
  0.100000000000000E+001  0.147429896318416E+004  0.102029276288467E+002  0.569647974143123E+002 -0.314458405497675E-001 -0.704322126528831E-001 -0.107536384819057E+002 -0.737149481592079E+003
  0.100000000000000E+001  0.268439933422732E+005 -0.896137109651967E+001  0.941766563239665E+002 -0.164270000176595E+001 -0.236850077508693E+001 -0.107536384819057E+002 -0.134219966711366E+005
  0.100000000000000E+001  0.146349840154802E+005  0.100284086363492E+002  0.999180340128643E+002 -0.964810748295720E+000  0.138484596787194E+001 -0.107536384819057E+002 -0.731749200774010E+004
  0.100000000000000E+001  0.169823026203033E+005 -0.106006172173025E+002  0.598133844512857E+002 -0.147915541664423E+001  0.441637788364690E+001 -0.107536384819057E+002 -0.849115131015167E+004
  0.100000000000000E+001  0.131184677077572E+005  0.503428835769575E+001  0.927216184307465E+002 -0.373396349605647E+000 -0.342313634035584E+001 -0.107536384819057E+002 -0.655923385387861E+004
  0.100000000000000E+001  0.373661804934165E+005 -0.194195488685878E+002  0.698477553004105E+002 -0.189225989036135E+001 -0.112772559857814E+001 -0.107536384819057E+002 -0.186830902467082E+005
  0.100000000000000E+001  0.145949704561262E+005  0.418818144826116E+001  0.963464603374384E+002 -0.887402151436556E+000 -0.292757632704526E+001 -0.107536384819057E+002 -0.729748522806310E+004
  0.100000000000000E+001  0.146105351700893E+005  0.833041964675623E-001  0.499161891878848E+002 -0.985426270450862E+000  0.434457396199906E+001 -0.107536384819057E+002 -0.730526758504464E+004
  0.100000000000000E+001  0.147700144770165E+005  0.567464341023741E+001  0.718818558602876E+002 -0.128785825312312E+001 -0.348252112548130E+001 -0.107536384819057E+002 -0.738500723850826E+004
  0.100000000000000E+001  0.317019501278518E+005 -0.545710372500149E+001  0.491270031868115E+002 -0.149151246587287E+001  0.282360892331301E+001 -0.107536384819057E+002 -0.158509750639259E+005
  0.100000000000000E+001  0.121562023566685E+005 -0.620462940524033E+001  0.547621982756013E+002 -0.254068616211620E+000 -0.311298886654952E+001 -0.107536384819057E+002 -0.607810117833424E+004
  0.100000000000000E+001  0.233349761880569E+005 -0.123766223529124E+002  0.575663499745360E+002 -0.178342437293368E+001 -0.448988490913181E+001 -0.107536384819057E+002 -0.116674880940285E+005
  0.100000000000000E+001  0.308330425834483E+005 -0.682922211205454E+001  0.461078726642760E+002 -0.172541871942684E+001 -0.262810255379545E+001 -0.107536384819057E+002 -0.154165212917241E+005
  0.100000000000000E+001  0.150934844712402E+005  0.449310855928626E+001  0.514088921310629E+002 -0.161862589051781E+001 -0.454127697608107E+001 -0.107536384819057E+002 -0.754674223562011E+004
  0.100000000000000E+001  0.107002675258902E+005 -0.493392227193673E+001  0.863146973390233E+002 -0.483899241701793E+000 -0.863318269062246E+000 -0.107536384819057E+002 -0.535013376294512E+004
  0.100000000000000E+001  0.870956453010037E+005 -0.670023178679891E+001  0.849413961795208E+002 -0.189555429160618E+001  0.189899923398405E+001 -0.107536384819057E+002 -0.435478226505018E+005
  0.100000000000000E+001  0.297070703537529E+005  0.719572031493294E+001  0.480655111022059E+002 -0.172590921229197E+001  0.454342459294802E+001 -0.107536384819057E+002 -0.148535351768765E+005
  0.100000000000000E+001  0.140985323772223E+005 -0.731018669452278E+001  0.922257207567624E+002 -0.502926740066539E+000 -0.484943582183352E+001 -0.107536384819057E+002 -0.704926618861115E+004
  0.100000000000000E+001  0.146088940042532E+005  0.123280043984883E+002  0.963893461275417E+002 -0.960756406718066E+000 -0.147067645514001E+001 -0.107536384819057E+002 -0.730444700212658E+004
  0.100000000000000E+001  0.832394750713612E+004  0.337499105042018E+001  0.977957828239426E+002 -0.264163166194306E+000 -0.105095161148537E+001 -0.107536384819057E+002 -0.416197375356806E+004
  0.100000000000000E+001  0.898150537405044E+005  0.179794304649238E+002  0.946375029045657E+002 -0.142996823302123E+001 -0.303187522256651E+000 -0.107536384819057E+002 -0.449075268702522E+005
  0.100000000000000E+001  0.111947653293354E+006 -0.146250960956449E+002  0.756873328309580E+002 -0.149491935483035E+001  0.204257006770229E+001 -0.107536384819057E+002 -0.559738266466772E+005
  0.100000000000000E+001  0.146209127405681E+005  0.131981457485420E+002  0.716793727029538E+002 -0.111310720443583E+001 -0.381166210737231E+001 -0.107536384819057E+002 -0.731045637028403E+004
  0.100000000000000E+001  0.895753752873159E+005  0.544251700482071E+001  0.440853601815083E+002 -0.195183648901071E+001  0.214989674436928E+001 -0.107536384819057E+002 -0.447876876436579E+005
  0.100000000000000E+001  0.129424149263548E+005 -0.143306457722875E+002  0.502833147527154E+002 -0.237718932789412E+000 -0.441729079089209E+001 -0.107536384819057E+002 -0.647120746317739E+004
  0.100000000000000E+001  0.116855143776255E+006 -0.848789088234504E+000  0.548847444853158E+002 -0.189818951202170E+001  0.152375230493834E+001 -0.107536384819057E+002 -0.584275718881273E+005
  0.100000000000000E+001  0.134141172953693E+005  0.775980849229039E+001  0.482245645924341E+002 -0.477929799313335E+000 -0.289871846920058E+001 -0.107536384819057E+002 -0.670705864768466E+004
  0.100000000000000E+001  0.147205883435376E+005 -0.744473204380251E+001  0.639705516716724E+002 -0.129648771037211E+001 -0.492698941819836E+001 -0.107536384819057E+002 -0.736029417176881E+004
  0.100000000000000E+001  0.138637269634946E+005  0.461055644019720E+001  0.923527619612779E+002 -0.501120538999443E+000 -0.377343956619434E+001 -0.107536384819057E+002 -0.693186348174731E+004
  0.100000000000000E+001  0.107156961723776E+006  0.108080625116686E+002  0.867230037567694E+002 -0.194589244381831E+001  0.264490381999218E+001 -0.107536384819057E+002 -0.535784808618882E+005
  0.100000000000000E+001  0.150769666511559E+005  0.857283601167131E+001  0.924329903936893E+002 -0.160066464566984E+001 -0.482169507312952E+001 -0.107536384819057E+002 -0.753848332557796E+004
  0.100000000000000E+001  0.146434794210825E+005  0.210000089727857E+001  0.489139285823370E+002 -0.116527129262922E+001 -0.368845703465855E+001 -0.107536384819057E+002 -0.732173971054126E+004
  0.100000000000000E+001  0.443422421112624E+004 -0.163625009834267E+002  0.878600344125136E+002 -0.326025376464786E+000  0.616303907538337E+000 -0.107536384819057E+002 -0.221711210556312E+004
  0.100000000000000E+001  0.144010428587815E+005  0.459696632870362E+000  0.503745137007646E+002 -0.702516632935991E+000 -0.344041661439391E+001 -0.107536384819057E+002 -0.720052142939075E+004
  0.100000000000000E+001  0.146391421157776E+005 -0.254562134811867E+001  0.411486855167880E+002 -0.113150809358195E+001 -0.257257715408215E+001 -0.107536384819057E+002 -0.731957105788882E+004
  0.100000000000000E+001  0.127073033255715E+006  0.127202102351285E+002  0.729281542552504E+002 -0.169084451592881E+001  0.243721383793333E+001 -0.107536384819057E+002 -0.635365166278577E+005
  0.100000000000000E+001  0.138630679109693E+005  0.694677299371694E+001  0.670786311449716E+002 -0.117766371028978E+001 -0.559150324297185E+000 -0.107536384819057E+002 -0.693153395548467E+004
  0.100000000000000E+001  0.148022360680356E+005  0.130216024076289E+002  0.489811729133336E+002 -0.144158112452127E+001 -0.319491642211955E+001 -0.107536384819057E+002 -0.740111803401780E+004
  0.100000000000000E+001  0.120908766474517E+005 -0.806372769266769E+001  0.700713348274417E+002 -0.300608206873264E+000 -0.270980418816449E+001 -0.107536384819057E+002 -0.604543832372584E+004
  0.100000000000000E+001  0.323742850162583E+005 -0.171585755919540E+002  0.721565931095358E+002 -0.177739021682642E+001  0.479958841234056E+001 -0.107536384819057E+002 -0.161871425081292E+005
  0.100000000000000E+001  0.528173253794104E+005  0.177999521068719E+002  0.719789669774789E+002 -0.126875181690628E+001  0.102270905594725E+001 -0.107536384819057E+002 -0.264086626897052E+005
  0.100000000000000E+001  0.545056808467438E+005  0.624950926707774E+001  0.964661991574570E+002 -0.181836730183877E+001  0.442491012408903E+001 -0.107536384819057E+002 -0.272528404233719E+005
  0.100000000000000E+001  0.792856453432895E+004 -0.179921610835360E+002  0.485429324853752E+002 -0.258745551723347E+000 -0.965911757447651E+000 -0.107536384819057E+002 -0.396428226716447E+004
  0.100000000000000E+001  0.105146297956455E+006  0.700524275032225E+001  0.529404829855790E+002 -0.197388813090113E+001  0.477434158198120E+001 -0.107536384819057E+002 -0.525731489782274E+005
  0.100000000000000E+001  0.859657274672214E+004 -0.819803411450543E+001  0.437849592317210E+002 -0.143023707599529E+000 -0.153599980170006E+001 -0.107536384819057E+002 -0.429828637336107E+004
  0.100000000000000E+001  0.106838156277325E+006  0.147751031885873E+002  0.957932446512664E+002 -0.183837500543932E+001  0.191982544227718E+001 -0.107536384819057E+002 -0.534190781386626E+005
  0.100000000000000E+001  0.885312335269988E+005 -0.104031201280122E+002  0.898976302815990E+002 -0.191745864838763E+001  0.299395487252967E+001 -0.107536384819057E+002 -0.442656167634994E+005
  0.100000000000000E+001  0.146112494839652E+005  0.394294534228407E+001  0.730432959482523E+002 -0.102489200492773E+001  0.298862508386992E+001 -0.107536384819057E+002 -0.730562474198258E+004
  0.100000000000000E+001  0.111035215256367E+006  0.192451695717868E+001  0.964088381604551E+002 -0.189408504584265E+001  0.413666701952488E+001 -0.107536384819057E+002 -0.555176076281837E+005
  0.100000000000000E+001  0.168133416212334E+005  0.729097835731883E+001  0.414977705213987E+002 -0.137416394731690E+001  0.339514253779358E+001 -0.107536384819057E+002 -0.840667081061668E+004
  0.100000000000000E+001  0.845179371713668E+004  0.132818765409798E+002  0.752982867456316E+002 -0.577079365746729E-001  0.832201939087277E+000 -0.107536384819057E+002 -0.422589685856834E+004
  0.100000000000000E+001  0.109866706415200E+006 -0.101435424400107E+002  0.508261794050342E+002 -0.135106951321585E+001  0.923338496508679E+000 -0.107536384819057E+002 -0.549333532075998E+005
  0.100000000000000E+001  0.122689094467649E+005 -0.715190206504196E+001  0.401026430766778E+002 -0.163459963192011E+000 -0.394237631801713E+001 -0.107536384819057E+002 -0.613445472338244E+004
  0.100000000000000E+001  0.146239037912270E+005  0.836312444058721E+001  0.428140633459003E+002 -0.108185096949021E+001 -0.159397322645567E+001 -0.107536384819057E+002 -0.731195189561349E+004
  0.100000000000000E+001  0.101752146707627E+006 -0.538763084093717E+001  0.747436155163421E+002 -0.188164312543084E+001 -0.365730221028219E+001 -0.107536384819057E+002 -0.508760733538134E+005
  0.100000000000000E+001  0.130030317761443E+005 -0.161045263277992E+002  0.862388506669569E+002 -0.299869975058697E+000 -0.393050540338464E+001 -0.107536384819057E+002 -0.650151588807215E+004
  0.100000000000000E+001  0.141308326529775E+005 -0.149080926784328E+002  0.668441847368765E+002 -0.533398011164646E+000 -0.452955675461261E+001 -0.107536384819057E+002 -0.706541632648875E+004
  0.100000000000000E+001  0.152195864464984E+005 -0.117216747691506E+002  0.757325327858467E+002 -0.768617425005759E+000  0.360460494167842E+001 -0.107536384819057E+002 -0.760979322324918E+004
  0.100000000000000E+001  0.881809056474117E+004 -0.193209501806767E+002  0.679759674538931E+002 -0.537341282746681E+000 -0.244636808518336E+000 -0.107536384819057E+002 -0.440904528237059E+004
  0.100000000000000E+001  0.345320778446344E+005  0.129208704096951E+002  0.742144414724633E+002 -0.134607505984077E+001 -0.237668154107872E+000 -0.107536384819057E+002 -0.172660389223172E+005
  0.100000000000000E+001  0.117714033097204E+006 -0.103707803036608E+002  0.811332385821245E+002 -0.145642653461026E+001 -0.792470602702195E-001 -0.107536384819057E+002 -0.588570165486019E+005
  0.100000000000000E+001  0.146052055488078E+005 -0.237090800884816E+001  0.527312776785752E+002 -0.900448954632157E+000 -0.457923905729235E+001 -0.107536384819057E+002 -0.730260277440391E+004
  0.100000000000000E+001  0.813988050702563E+005 -0.392907156725401E+001  0.676557915886563E+002 -0.152910697800197E+001  0.247067526575068E+001 -0.107536384819057E+002 -0.406994025351281E+005
  0.100000000000000E+001  0.201138708396902E+005 -0.411908746105139E+001  0.893173584073855E+002 -0.146069148455823E+001 -0.167580664117683E+001 -0.107536384819057E+002 -0.100569354198451E+005
  0.100000000000000E+001  0.146105873179040E+005 -0.411256336017423E+001  0.409426278935444E+002 -0.100553053409396E+001 -0.131033561979154E+001 -0.107536384819057E+002 -0.730529365895199E+004
  0.100000000000000E+001  0.110423643578720E+005  0.128716200633662E+002  0.456553530621727E+002 -0.542286510023823E+000 -0.687490219267795E+000 -0.107536384819057E+002 -0.552118217893600E+004
  0.100000000000000E+001  0.114853001834663E+005  0.188328283109065E+002  0.581143425528951E+002 -0.638484858620200E+000 -0.333932458169994E+000 -0.107536384819057E+002 -0.574265009173317E+004
  0.100000000000000E+001  0.146103560925841E+005 -0.172103248894181E+002  0.980203007017722E+002 -0.982542189043219E+000 -0.100552832509590E+001 -0.107536384819057E+002 -0.730517804629206E+004
  0.100000000000000E+001  0.146845409424779E+005 -0.544471620309580E+001  0.894498823613234E+002 -0.125493305642096E+001 -0.486961938724934E+001 -0.107536384819057E+002 -0.734227047123894E+004
  0.100000000000000E+001  0.120257766495587E+006  0.905220460208110E+001  0.545109589768175E+002 -0.165329227820872E+001 -0.214658828083113E+000 -0.107536384819057E+002 -0.601288832477934E+005
  0.100000000000000E+001  0.114784432202323E+006  0.174949732447452E+002  0.699119524771699E+002 -0.191974149631115E+001  0.164701678760427E+001 -0.107536384819057E+002 -0.573922161011614E+005
  0.100000000000000E+001  0.253166227290682E+005  0.632710935262458E+001  0.548304442049464E+002 -0.113123739065800E+001  0.693049743473136E+000 -0.107536384819057E+002 -0.126583113645341E+005
  0.100000000000000E+001  0.146010829268959E+005  0.173065347168640E+002  0.644261210973960E+002 -0.875850259566326E+000 -0.483521023420254E+001 -0.107536384819057E+002 -0.730054146344793E+004
  0.100000000000000E+001  0.164820232536316E+005  0.224983670863359E+001  0.708717117996677E+002 -0.174148977145723E+001 -0.457657207991168E+001 -0.107536384819057E+002 -0.824101162681578E+004
  0.100000000000000E+001  0.119905716567133E+005 -0.163288159625817E+002  0.644307113016603E+002 -0.549607310699771E-001 -0.437868029466491E+001 -0.107536384819057E+002 -0.599528582835665E+004
  0.100000000000000E+001  0.499066631293585E+005 -0.957278438188088E+001  0.611192990509823E+002 -0.134236036516849E+001 -0.185480749976015E+000 -0.107536384819057E+002 -0.249533315646792E+005
  0.100000000000000E+001  0.141957631633541E+005 -0.115529987462607E+002  0.683063974150258E+002 -0.819288195110435E+000 -0.493481692455452E+000 -0.107536384819057E+002 -0.709788158167703E+004
  0.100000000000000E+001  0.114137188140815E+005 -0.960150380961444E+000  0.549635736069662E+002 -0.370209743247582E+000 -0.176205290049115E+001 -0.107536384819057E+002 -0.570685940704073E+004
  0.100000000000000E+001  0.197275227276190E+005  0.952706515192714E+001  0.693321085471138E+002 -0.143756599138594E+001 -0.609705105521144E+000 -0.107536384819057E+002 -0.986376136380948E+004
  0.100000000000000E+001  0.161538622035505E+005 -0.873262935624378E+000  0.705754396779810E+002 -0.120965338007712E+001  0.214253507786415E+001 -0.107536384819057E+002 -0.807693110177523E+004
  0.100000000000000E+001  0.146259192768555E+005  0.463313859731919E+001  0.961129168740840E+002 -0.112924132351463E+001 -0.380497106941331E+001 -0.107536384819057E+002 -0.731295963842773E+004
  0.100000000000000E+001  0.146253676392867E+005  0.185753757507157E+002  0.467895887374611E+002 -0.107771958185726E+001 -0.127210673442519E+001 -0.107536384819057E+002 -0.731268381964334E+004
  0.100000000000000E+001  0.113712103595615E+006 -0.795814280029598E+001  0.531016597751820E+002 -0.199356358465119E+001  0.143688513155958E+001 -0.107536384819057E+002 -0.568560517978077E+005
  0.100000000000000E+001  0.125219372260034E+005  0.103980837272745E+002  0.471813869740176E+002 -0.235982863578864E+000 -0.371514483337540E+001 -0.107536384819057E+002 -0.626096861300172E+004
  0.100000000000000E+001  0.145899578978385E+005 -0.188632876585118E+002  0.668488339012440E+002 -0.143216084508890E+001 -0.260775833323638E+001 -0.107536384819057E+002 -0.729497894891925E+004
  0.100000000000000E+001  0.145959751638884E+005  0.194828659948340E+002  0.641510911485183E+002 -0.975486351449336E+000  0.585280458954527E+000 -0.107536384819057E+002 -0.729798758194418E+004
  0.100000000000000E+001  0.171252964350112E+005 -0.177342071789340E+002  0.736003166763895E+002 -0.149786425861304E+001  0.454373906563469E+001 -0.107536384819057E+002 -0.856264821750560E+004
  0.100000000000000E+001  0.146018351819645E+005  0.793225048528516E+001  0.906826844493944E+002 -0.921329788097414E+000 -0.207242605376027E+001 -0.107536384819057E+002 -0.730091759098227E+004
