  0.100000000000000E+001  0.148839449149193E+004 -0.192596887319447E+002  0.733752528367928E+002 -0.426258925229322E+000  0.331593802279539E+000 -0.107536384819057E+002 -0.744197245745963E+003
  0.100000000000000E+001  0.148030188359864E+004 -0.192645421410565E+002  0.724785394234242E+002 -0.345774604010267E+000  0.395191204539156E+000 -0.107536384819057E+002 -0.740150941799319E+003
  0.100000000000000E+001  0.148038534144602E+004 -0.192338507615522E+002  0.742973023337826E+002 -0.468449344286804E+000  0.437840591940986E+000 -0.107536384819057E+002 -0.740192670723012E+003
  0.100000000000000E+001  0.148045446216180E+004 -0.192712658797829E+002  0.718810738146358E+002 -0.299738557424075E+000  0.236896758677486E+000 -0.107536384819057E+002 -0.740227231080902E+003
  0.100000000000000E+001  0.148056713679678E+004 -0.192373306242130E+002  0.740185085758234E+002 -0.425773113157361E+000  0.453945564064295E+000 -0.107536384819057E+002 -0.740283568398391E+003
  0.100000000000000E+001  0.149149680867604E+004 -0.192393632881621E+002  0.744491792144329E+002 -0.492671698201910E+000  0.543567001410976E+000 -0.107536384819057E+002 -0.745748404338019E+003
  0.100000000000000E+001  0.148062048940447E+004 -0.192278396217113E+002  0.730870429515447E+002 -0.312816571029791E+000  0.274537182349660E+000 -0.107536384819057E+002 -0.740310244702237E+003
  0.100000000000000E+001  0.148063499634678E+004 -0.192303485479410E+002  0.738844177524436E+002 -0.371669698194391E+000  0.259267788553683E+000 -0.107536384819057E+002 -0.740317498173391E+003
  0.100000000000000E+001  0.148075392007357E+004 -0.192654757762932E+002  0.725257951661281E+002 -0.468090235021911E+000  0.549170647064068E+000 -0.107536384819057E+002 -0.740376960036784E+003
  0.100000000000000E+001  0.148076500841926E+004 -0.192533884704888E+002  0.725330954455086E+002 -0.300362644417856E+000  0.270483783110161E+000 -0.107536384819057E+002 -0.740382504209629E+003
  0.100000000000000E+001  0.148088940211224E+004 -0.192824686817389E+002  0.716854136946475E+002 -0.333843909686060E+000  0.201624152945556E+000 -0.107536384819057E+002 -0.740444701056122E+003
  0.100000000000000E+001  0.148106823373831E+004 -0.192185817659602E+002  0.739187595229919E+002 -0.337330728078826E+000  0.185434843512434E+000 -0.107536384819057E+002 -0.740534116869153E+003
  0.100000000000000E+001  0.148567109429034E+004 -0.192766171964499E+002  0.714910137691234E+002 -0.373224101146565E+000  0.464180812480905E+000 -0.107536384819057E+002 -0.742835547145172E+003
  0.100000000000000E+001  0.148565384063005E+004 -0.191769761882165E+002  0.761798274597624E+002 -0.507774302512153E+000  0.546949901542829E+000 -0.107536384819057E+002 -0.742826920315027E+003
  0.100000000000000E+001  0.148106995088249E+004 -0.192497908051741E+002  0.730511529057202E+002 -0.343815443006210E+000  0.351923249790941E+000 -0.107536384819057E+002 -0.740534975441243E+003
  0.100000000000000E+001  0.148115647118954E+004 -0.192806315988731E+002  0.723727710916492E+002 -0.485699256584843E+000  0.473950500043690E+000 -0.107536384819057E+002 -0.740578235594768E+003
  0.100000000000000E+001  0.148481764003819E+004 -0.191743255466248E+002  0.751967943075605E+002 -0.344571196741292E+000  0.247359486017091E+000 -0.107536384819057E+002 -0.742408820019093E+003
  0.100000000000000E+001  0.148479470391996E+004 -0.192403632826009E+002  0.735999945662421E+002 -0.359701778967729E+000  0.328369553979536E+000 -0.107536384819057E+002 -0.742397351959979E+003
  0.100000000000000E+001  0.148131209330032E+004 -0.192487822703075E+002  0.728822726142274E+002 -0.368107682128947E+000  0.225201396477748E+000 -0.107536384819057E+002 -0.740656046650159E+003
  0.100000000000000E+001  0.148139126713148E+004 -0.191827334025201E+002  0.750779233148775E+002 -0.340425925237416E+000  0.244302910354205E+000 -0.107536384819057E+002 -0.740695633565740E+003
  0.100000000000000E+001  0.148449262122511E+004 -0.193239672952900E+002  0.706077964070777E+002 -0.388033902793192E+000  0.285804356558275E+000 -0.107536384819057E+002 -0.742246310612553E+003
  0.100000000000000E+001  0.148160969146538E+004 -0.193131913004279E+002  0.706406438723758E+002 -0.351933720080072E+000  0.448196964496690E+000 -0.107536384819057E+002 -0.740804845732690E+003
  0.100000000000000E+001  0.148415588622020E+004 -0.191694757285981E+002  0.753226272192729E+002 -0.337796677178220E+000  0.272447743510805E+000 -0.107536384819057E+002 -0.742077943110100E+003
  0.100000000000000E+001  0.148164046449874E+004 -0.192955549517463E+002  0.711429232161729E+002 -0.315994670133523E+000  0.217374267292366E+000 -0.107536384819057E+002 -0.740820232249369E+003
  0.100000000000000E+001  0.148189020653164E+004 -0.192019938722923E+002  0.744269239097461E+002 -0.373278488888963E+000  0.480406287547730E+000 -0.107536384819057E+002 -0.740945103265822E+003
  0.100000000000000E+001  0.148191308958822E+004 -0.192464903405127E+002  0.729074164226824E+002 -0.394155088682683E+000  0.306541332702045E+000 -0.107536384819057E+002 -0.740956544794109E+003
  0.100000000000000E+001  0.148192027168885E+004 -0.192457214557745E+002  0.729498319948422E+002 -0.413449264799715E+000  0.539038621640662E+000 -0.107536384819057E+002 -0.740960135844427E+003
  0.100000000000000E+001  0.148199028132904E+004 -0.192100469852436E+002  0.749614237210633E+002 -0.447954500523296E+000  0.379151844911478E+000 -0.107536384819057E+002 -0.740995140664519E+003
  0.100000000000000E+001  0.148378449934935E+004 -0.192173881079393E+002  0.747509152762294E+002 -0.489598189494848E+000  0.445903624995610E+000 -0.107536384819057E+002 -0.741892249674675E+003
  0.100000000000000E+001  0.147609246991234E+004 -0.192650421000546E+002  0.723820804385714E+002 -0.388622449854196E+000  0.495318735144167E+000 -0.107536384819057E+002 -0.738046234956168E+003
  0.100000000000000E+001  0.148253574246847E+004 -0.192138955860484E+002  0.749805349429038E+002 -0.451480138201729E+000  0.442131904070672E+000 -0.107536384819057E+002 -0.741267871234235E+003
  0.100000000000000E+001  0.148015307785439E+004 -0.191980366052257E+002  0.749087412023445E+002 -0.376723268297300E+000  0.274272316539035E+000 -0.107536384819057E+002 -0.740076538927194E+003
  0.100000000000000E+001  0.147609465760740E+004 -0.192324741873146E+002  0.742210993179635E+002 -0.487732529576237E+000  0.500110835004536E+000 -0.107536384819057E+002 -0.738047328803700E+003
  0.100000000000000E+001  0.147611373871203E+004 -0.192243345271456E+002  0.744411918917952E+002 -0.442741307415597E+000  0.447894988555987E+000 -0.107536384819057E+002 -0.738056869356015E+003
  0.100000000000000E+001  0.147986446477157E+004 -0.193061610128710E+002  0.707150722105176E+002 -0.326104583465338E+000  0.356648613960572E+000 -0.107536384819057E+002 -0.739932232385785E+003
  0.100000000000000E+001  0.147980734821820E+004 -0.192897108506811E+002  0.712574584520915E+002 -0.326526996391477E+000  0.394154705040278E+000 -0.107536384819057E+002 -0.739903674109100E+003
  0.100000000000000E+001  0.147611887508013E+004 -0.192561402436400E+002  0.728626740861309E+002 -0.361701765527380E+000  0.301046837932311E+000 -0.107536384819057E+002 -0.738059437540063E+003
  0.100000000000000E+001  0.147970536288433E+004 -0.193140228109133E+002  0.708930864939518E+002 -0.361037158163543E+000  0.328628037229067E+000 -0.107536384819057E+002 -0.739852681442165E+003
  0.100000000000000E+001  0.147969300432989E+004 -0.192641251386642E+002  0.723103993667118E+002 -0.318078072861815E+000  0.304840942193037E+000 -0.107536384819057E+002 -0.739846502164943E+003
  0.100000000000000E+001  0.147617038975007E+004 -0.191956223573685E+002  0.752112782176216E+002 -0.460469157986541E+000  0.509727851219163E+000 -0.107536384819057E+002 -0.738085194875036E+003
  0.100000000000000E+001  0.147957993127679E+004 -0.192866265394748E+002  0.717905128704599E+002 -0.425815384506772E+000  0.378514482014161E+000 -0.107536384819057E+002 -0.739789965638396E+003
  0.100000000000000E+001  0.147618157017542E+004 -0.192811428221826E+002  0.721236421079895E+002 -0.408247502429368E+000  0.504004772962928E+000 -0.107536384819057E+002 -0.738090785087709E+003
  0.100000000000000E+001  0.147619388223588E+004 -0.192747733385660E+002  0.727453107681147E+002 -0.464130560895261E+000  0.446545043409488E+000 -0.107536384819057E+002 -0.738096941117939E+003
  0.100000000000000E+001  0.147948080692255E+004 -0.191973970012826E+002  0.752652260362112E+002 -0.459265579539477E+000  0.536516471466450E+000 -0.107536384819057E+002 -0.739740403461273E+003
  0.100000000000000E+001  0.147621767415747E+004 -0.193231047547293E+002  0.706873701195359E+002 -0.403001122643260E+000  0.415102491772943E+000 -0.107536384819057E+002 -0.738108837078733E+003
  0.100000000000000E+001  0.147623087102126E+004 -0.192202653828536E+002  0.737160005371971E+002 -0.342311452378320E+000  0.271051782952924E+000 -0.107536384819057E+002 -0.738115435510630E+003
  0.100000000000000E+001  0.147922112322138E+004 -0.191931869714312E+002  0.748347343044409E+002 -0.344801627626833E+000  0.323795371597205E+000 -0.107536384819057E+002 -0.739610561610692E+003
  0.100000000000000E+001  0.147623405136743E+004 -0.192334488842857E+002  0.731806595061356E+002 -0.322269862534210E+000  0.296044676984753E+000 -0.107536384819057E+002 -0.738117025683715E+003
  0.100000000000000E+001  0.147915551626573E+004 -0.191767891090936E+002  0.759122718219192E+002 -0.434978001173107E+000  0.427393380288899E+000 -0.107536384819057E+002 -0.739577758132867E+003
  0.100000000000000E+001  0.147625975041449E+004 -0.192623904787184E+002  0.726696647891534E+002 -0.432786493986112E+000  0.396518053686171E+000 -0.107536384819057E+002 -0.738129875207243E+003
  0.100000000000000E+001  0.147906994468310E+004 -0.192866865413235E+002  0.715903545085894E+002 -0.346370886198697E+000  0.421615440336776E+000 -0.107536384819057E+002 -0.739534972341548E+003
  0.100000000000000E+001  0.147906608731818E+004 -0.191893486900077E+002  0.752989350402632E+002 -0.462061631405744E+000  0.520929551938161E+000 -0.107536384819057E+002 -0.739533043659091E+003
  0.100000000000000E+001  0.147902863569425E+004 -0.192847288474657E+002  0.719337732633877E+002 -0.366867551251570E+000  0.272270612514544E+000 -0.107536384819057E+002 -0.739514317847123E+003
  0.100000000000000E+001  0.147902569124599E+004 -0.192983907420378E+002  0.713397886955075E+002 -0.377746387830511E+000  0.479074675889491E+000 -0.107536384819057E+002 -0.739512845622996E+003
  0.100000000000000E+001  0.147902134431343E+004 -0.192638146802670E+002  0.720682927753902E+002 -0.365078636048952E+000  0.344022879551127E+000 -0.107536384819057E+002 -0.739510672156716E+003
  0.100000000000000E+001  0.147893151885106E+004 -0.192219244354423E+002  0.735486280436644E+002 -0.335318736488229E+000  0.238221628319940E+000 -0.107536384819057E+002 -0.739465759425529E+003
  0.100000000000000E+001  0.147892547877052E+004 -0.192323348076065E+002  0.733296851267675E+002 -0.325256495628898E+000  0.204578429073266E+000 -0.107536384819057E+002 -0.739462739385258E+003
  0.100000000000000E+001  0.147891506960176E+004 -0.191982956727162E+002  0.744818070606716E+002 -0.328203030962455E+000  0.302222306236871E+000 -0.107536384819057E+002 -0.739457534800881E+003
  0.100000000000000E+001  0.147629872203078E+004 -0.192469543439606E+002  0.729896797138671E+002 -0.421025991748829E+000  0.412871038993098E+000 -0.107536384819057E+002 -0.738149361015389E+003
  0.100000000000000E+001  0.147886740991942E+004 -0.192210059829488E+002  0.735348834956951E+002 -0.381594591380508E+000  0.430990080372803E+000 -0.107536384819057E+002 -0.739433704959708E+003
  0.100000000000000E+001  0.147886037025424E+004 -0.193018782110234E+002  0.713295772897752E+002 -0.362899301915933E+000  0.381705184782742E+000 -0.107536384819057E+002 -0.739430185127121E+003
  0.100000000000000E+001  0.147632152638610E+004 -0.192911784206792E+002  0.715065426162901E+002 -0.386197167967765E+000  0.335281739414728E+000 -0.107536384819057E+002 -0.738160763193052E+003
  0.100000000000000E+001  0.147877313652656E+004 -0.192390707555884E+002  0.728562258243022E+002 -0.302201421874884E+000  0.275641171735657E+000 -0.107536384819057E+002 -0.739386568263280E+003
  0.100000000000000E+001  0.147876731683115E+004 -0.192939148613055E+002  0.710827944172087E+002 -0.355489111284654E+000  0.438828573646862E+000 -0.107536384819057E+002 -0.739383658415576E+003
  0.100000000000000E+001  0.147872436850319E+004 -0.192656970104187E+002  0.722081376362708E+002 -0.319809599813311E+000  0.226942569382144E+000 -0.107536384819057E+002 -0.739362184251593E+003
  0.100000000000000E+001  0.147872430626051E+004 -0.192820848776701E+002  0.716098825278173E+002 -0.405368249230741E+000  0.445353686674754E+000 -0.107536384819057E+002 -0.739362153130254E+003
  0.100000000000000E+001  0.147862664741761E+004 -0.192918920579801E+002  0.718354250984210E+002 -0.439472146659729E+000  0.552574770199776E+000 -0.107536384819057E+002 -0.739313323708803E+003
  0.100000000000000E+001  0.147634037143463E+004 -0.192796835936292E+002  0.715650357245961E+002 -0.351662434674933E+000  0.351597358658898E+000 -0.107536384819057E+002 -0.738170185717313E+003
  0.100000000000000E+001  0.147855414096306E+004 -0.193011225574562E+002  0.718538813082234E+002 -0.500186947682732E+000  0.543348862926716E+000 -0.107536384819057E+002 -0.739277070481530E+003
  0.100000000000000E+001  0.147854935629395E+004 -0.192747768175108E+002  0.724806994701822E+002 -0.462497889453841E+000  0.431288723506562E+000 -0.107536384819057E+002 -0.739274678146975E+003
  0.100000000000000E+001  0.147634109477009E+004 -0.192479375169883E+002  0.729028686940289E+002 -0.388304353608459E+000  0.324366405398557E+000 -0.107536384819057E+002 -0.738170547385046E+003
  0.100000000000000E+001  0.147851777268774E+004 -0.192511077569693E+002  0.732857525361195E+002 -0.385237959199786E+000  0.348494819044304E+000 -0.107536384819057E+002 -0.739258886343872E+003
  0.100000000000000E+001  0.147850898059652E+004 -0.193088867343666E+002  0.709429219088246E+002 -0.401583627915607E+000  0.510749144770315E+000 -0.107536384819057E+002 -0.739254490298258E+003
  0.100000000000000E+001  0.147846326784824E+004 -0.193130187103886E+002  0.711263740142736E+002 -0.432988107008988E+000  0.399802918372934E+000 -0.107536384819057E+002 -0.739231633924119E+003
  0.100000000000000E+001  0.147846153249401E+004 -0.192178505483345E+002  0.743867832649856E+002 -0.462596746062148E+000  0.438841567881205E+000 -0.107536384819057E+002 -0.739230766247006E+003
  0.100000000000000E+001  0.147843065531882E+004 -0.192502251230622E+002  0.725958389723133E+002 -0.320331880832238E+000  0.369068920611100E+000 -0.107536384819057E+002 -0.739215327659408E+003
  0.100000000000000E+001  0.147635045286722E+004 -0.192456243336047E+002  0.733215516675114E+002 -0.434974139045971E+000  0.383905152666062E+000 -0.107536384819057E+002 -0.738175226433610E+003
  0.100000000000000E+001  0.147840340762464E+004 -0.192875929788863E+002  0.714236112650614E+002 -0.320846401941201E+000  0.299213699982354E+000 -0.107536384819057E+002 -0.739201703812322E+003
  0.100000000000000E+001  0.147835203018418E+004 -0.192329058057816E+002  0.739466479209401E+002 -0.477002630029499E+000  0.466515403301210E+000 -0.107536384819057E+002 -0.739176015092090E+003
  0.100000000000000E+001  0.147831655225219E+004 -0.192695308289301E+002  0.725420480691435E+002 -0.428514451436469E+000  0.543950740290268E+000 -0.107536384819057E+002 -0.739158276126095E+003
  0.100000000000000E+001  0.147819484993303E+004 -0.192232108657383E+002  0.744212560012517E+002 -0.499417425100158E+000  0.547471359967061E+000 -0.107536384819057E+002 -0.739097424966514E+003
  0.100000000000000E+001  0.147816949423441E+004 -0.192598996261503E+002  0.728898767655003E+002 -0.403072271078840E+000  0.298933249211931E+000 -0.107536384819057E+002 -0.739084747117207E+003
  0.100000000000000E+001  0.147816057950458E+004 -0.192785091494620E+002  0.726345752606529E+002 -0.485648942016540E+000  0.475405789006436E+000 -0.107536384819057E+002 -0.739080289752291E+003
  0.100000000000000E+001  0.147814073294503E+004 -0.192889440393147E+002  0.718483709560941E+002 -0.385022744021161E+000  0.299120614197824E+000 -0.107536384819057E+002 -0.739070366472514E+003
  0.100000000000000E+001  0.147812397035654E+004 -0.192256903364710E+002  0.744606082793224E+002 -0.498470368045630E+000  0.513172310695568E+000 -0.107536384819057E+002 -0.739061985178267E+003
  0.100000000000000E+001  0.147808814213703E+004 -0.192501315732888E+002  0.726414682432894E+002 -0.330724807851748E+000  0.225780801948167E+000 -0.107536384819057E+002 -0.739044071068517E+003
  0.100000000000000E+001  0.147803622939161E+004 -0.192810159505324E+002  0.716762267860536E+002 -0.339194646017917E+000  0.408775937578547E+000 -0.107536384819057E+002 -0.739018114695806E+003
  0.100000000000000E+001  0.147799913645019E+004 -0.193137034884491E+002  0.714623021863047E+002 -0.466603856811872E+000  0.524698942191711E+000 -0.107536384819057E+002 -0.738999568225095E+003
  0.100000000000000E+001  0.147794623066028E+004 -0.191938583314137E+002  0.753581434808217E+002 -0.432149648541094E+000  0.470168144005145E+000 -0.107536384819057E+002 -0.738973115330141E+003
  0.100000000000000E+001  0.147645240190805E+004 -0.192115395706551E+002  0.739603734914984E+002 -0.349639222874548E+000  0.300731266368713E+000 -0.107536384819057E+002 -0.738226200954023E+003
  0.100000000000000E+001  0.147794188021821E+004 -0.192896026854837E+002  0.712939866013929E+002 -0.346351398182907E+000  0.299252895115806E+000 -0.107536384819057E+002 -0.738970940109103E+003
  0.100000000000000E+001  0.147791777472003E+004 -0.191725978220762E+002  0.758300700677908E+002 -0.416535390023574E+000  0.427496114242699E+000 -0.107536384819057E+002 -0.738958887360017E+003
  0.100000000000000E+001  0.147790491464855E+004 -0.191804170003072E+002  0.756866955313532E+002 -0.419568433231819E+000  0.407183033909241E+000 -0.107536384819057E+002 -0.738952457324277E+003
  0.100000000000000E+001  0.147789258196221E+004 -0.193145671079990E+002  0.709308332884073E+002 -0.375405680136755E+000  0.382290297170843E+000 -0.107536384819057E+002 -0.738946290981103E+003
  0.100000000000000E+001  0.147784619337164E+004 -0.192290631551775E+002  0.743570297008451E+002 -0.472778629252295E+000  0.450109909968069E+000 -0.107536384819057E+002 -0.738923096685822E+003
  0.100000000000000E+001  0.147783820603937E+004 -0.192158277300893E+002  0.748610999331800E+002 -0.472848988514642E+000  0.511955921750279E+000 -0.107536384819057E+002 -0.738919103019687E+003
  0.100000000000000E+001  0.147781668653443E+004 -0.192728188431699E+002  0.716958129815700E+002 -0.321733109015660E+000  0.349401899289163E+000 -0.107536384819057E+002 -0.738908343267215E+003
  0.100000000000000E+001  0.147779875844133E+004 -0.192850190206839E+002  0.718354615713099E+002 -0.351504124035774E+000  0.329322104545065E+000 -0.107536384819057E+002 -0.738899379220666E+003
  0.100000000000000E+001  0.147777510203960E+004 -0.192739150625368E+002  0.726178468661436E+002 -0.405794696425321E+000  0.396586623382936E+000 -0.107536384819057E+002 -0.738887551019800E+003
  0.100000000000000E+001  0.147645400205858E+004 -0.192603202054960E+002  0.733353008424786E+002 -0.462058385792733E+000  0.472558361686920E+000 -0.107536384819057E+002 -0.738227001029290E+003
  0.100000000000000E+001  0.147771154559680E+004 -0.191863383396225E+002  0.748755163561428E+002 -0.367680791393196E+000  0.394502937082279E+000 -0.107536384819057E+002 -0.738855772798400E+003
  0.100000000000000E+001  0.147770692172462E+004 -0.192009781358194E+002  0.745049472036277E+002 -0.383224858787872E+000  0.322104990044865E+000 -0.107536384819057E+002 -0.738853460862308E+003
  0.100000000000000E+001  0.147770044139781E+004 -0.192872814236692E+002  0.720703924436836E+002 -0.472629908797428E+000  0.568960697829213E+000 -0.107536384819057E+002 -0.738850220698903E+003
  0.100000000000000E+001  0.147767982015567E+004 -0.191998431134605E+002  0.743731876635463E+002 -0.332885337893965E+000  0.307528109840193E+000 -0.107536384819057E+002 -0.738839910077837E+003
  0.100000000000000E+001  0.147767214324268E+004 -0.192262521126757E+002  0.733339342249507E+002 -0.330864843059994E+000  0.270339191111820E+000 -0.107536384819057E+002 -0.738836071621338E+003
  0.100000000000000E+001  0.147766701891701E+004 -0.192856971493877E+002  0.721006072088610E+002 -0.459332365006731E+000  0.437212851007490E+000 -0.107536384819057E+002 -0.738833509458504E+003
  0.100000000000000E+001  0.147647051327745E+004 -0.192808434110579E+002  0.715675198882431E+002 -0.363972237141894E+000  0.442767945176369E+000 -0.107536384819057E+002 -0.738235256638725E+003
  0.100000000000000E+001  0.147652792331504E+004 -0.192621217820610E+002  0.724820727068020E+002 -0.357878655858459E+000  0.429778661681345E+000 -0.107536384819057E+002 -0.738263961657522E+003
  0.100000000000000E+001  0.147763398387468E+004 -0.192605296366358E+002  0.725480455513629E+002 -0.346297905534369E+000  0.238124963605291E+000 -0.107536384819057E+002 -0.738816991937339E+003
  0.100000000000000E+001  0.147759621254477E+004 -0.192616462024596E+002  0.730808451951795E+002 -0.424295783331435E+000  0.366995424940474E+000 -0.107536384819057E+002 -0.738798106272386E+003
  0.100000000000000E+001  0.147756983072393E+004 -0.192369964578778E+002  0.736381756597390E+002 -0.431182182600039E+000  0.538890714345811E+000 -0.107536384819057E+002 -0.738784915361966E+003
  0.100000000000000E+001  0.147755445988793E+004 -0.192373123889515E+002  0.739620952231400E+002 -0.434751917003393E+000  0.386325596897742E+000 -0.107536384819057E+002 -0.738777229943964E+003
  0.100000000000000E+001  0.147755405853372E+004 -0.192772706181222E+002  0.725176606545905E+002 -0.441989721073955E+000  0.385426339979983E+000 -0.107536384819057E+002 -0.738777029266859E+003
  0.100000000000000E+001  0.147755131522592E+004 -0.192839715063930E+002  0.718096496310651E+002 -0.419348437970695E+000  0.532648253251421E+000 -0.107536384819057E+002 -0.738775657612960E+003
  0.100000000000000E+001  0.147653757556400E+004 -0.192693751986919E+002  0.724108959923770E+002 -0.368260954091176E+000  0.416259143457549E+000 -0.107536384819057E+002 -0.738268787781998E+003
  0.100000000000000E+001  0.147750001824221E+004 -0.192299236286246E+002  0.737164812508346E+002 -0.383066597507159E+000  0.471169353318652E+000 -0.107536384819057E+002 -0.738750009121107E+003
  0.100000000000000E+001  0.147745769298380E+004 -0.191924052337210E+002  0.748129578385650E+002 -0.351025364284253E+000  0.335996033760977E+000 -0.107536384819057E+002 -0.738728846491900E+003
  0.100000000000000E+001  0.147744754340541E+004 -0.192373357857159E+002  0.734392858101146E+002 -0.367168468814466E+000  0.252525554334301E+000 -0.107536384819057E+002 -0.738723771702706E+003
  0.100000000000000E+001  0.147740111722834E+004 -0.192271101043325E+002  0.739202709017889E+002 -0.434634927236729E+000  0.539181957988810E+000 -0.107536384819057E+002 -0.738700558614171E+003
  0.100000000000000E+001  0.147737415781794E+004 -0.192411626539833E+002  0.731180541817715E+002 -0.363881571469893E+000  0.258240094447824E+000 -0.107536384819057E+002 -0.738687078908968E+003
  0.100000000000000E+001  0.147657502254952E+004 -0.192012736624286E+002  0.750551899298305E+002 -0.456743947095151E+000  0.444505380861337E+000 -0.107536384819057E+002 -0.738287511274759E+003
  0.100000000000000E+001  0.147736554512401E+004 -0.192430245906704E+002  0.733606229685358E+002 -0.437997505358598E+000  0.393493947734461E+000 -0.107536384819057E+002 -0.738682772562006E+003
  0.100000000000000E+001  0.147657783696320E+004 -0.193171515413705E+002  0.706279935637557E+002 -0.387176388513329E+000  0.392548580327343E+000 -0.107536384819057E+002 -0.738288918481600E+003
  0.100000000000000E+001  0.147658204011332E+004 -0.191961990198503E+002  0.750378078713034E+002 -0.407255391294241E+000  0.356224787569711E+000 -0.107536384819057E+002 -0.738291020056662E+003
  0.100000000000000E+001  0.147733043129110E+004 -0.192032098736146E+002  0.749644274816098E+002 -0.415582427034106E+000  0.451648019591799E+000 -0.107536384819057E+002 -0.738665215645548E+003
  0.100000000000000E+001  0.147731543066689E+004 -0.192945050801960E+002  0.720038215252650E+002 -0.436241607746283E+000  0.411491372825774E+000 -0.107536384819057E+002 -0.738657715333446E+003
  0.100000000000000E+001  0.147728973126678E+004 -0.192256451018772E+002  0.734469047159749E+002 -0.369713249990208E+000  0.336822771920156E+000 -0.107536384819057E+002 -0.738644865633390E+003
  0.100000000000000E+001  0.147726565243972E+004 -0.192625990472844E+002  0.724500255510027E+002 -0.376827503435291E+000  0.282030438080410E+000 -0.107536384819057E+002 -0.738632826219861E+003
  0.100000000000000E+001  0.147725435468006E+004 -0.192014872070222E+002  0.747901180473745E+002 -0.399937588451748E+000  0.469330742555622E+000 -0.107536384819057E+002 -0.738627177340028E+003
  0.100000000000000E+001  0.147660618756899E+004 -0.192167982369054E+002  0.742527581019182E+002 -0.384735600762013E+000  0.439633779178293E+000 -0.107536384819057E+002 -0.738303093784494E+003
  0.100000000000000E+001  0.147719591746360E+004 -0.192038226203660E+002  0.748899056255538E+002 -0.472391973461792E+000  0.526907955291365E+000 -0.107536384819057E+002 -0.738597958731798E+003
  0.100000000000000E+001  0.147668455943244E+004 -0.192018289881993E+002  0.744753027760770E+002 -0.363643338917468E+000  0.295992349427041E+000 -0.107536384819057E+002 -0.738342279716219E+003
  0.100000000000000E+001  0.147719256162965E+004 -0.192254924876877E+002  0.740042718786755E+002 -0.447995776019221E+000  0.421194195426744E+000 -0.107536384819057E+002 -0.738596280814827E+003
  0.100000000000000E+001  0.147718089145291E+004 -0.193133355695640E+002  0.713584217977642E+002 -0.438850298817153E+000  0.454650166622956E+000 -0.107536384819057E+002 -0.738590445726456E+003
  0.100000000000000E+001  0.147713538778664E+004 -0.192090370971860E+002  0.746522872370341E+002 -0.466094595025891E+000  0.481412300005819E+000 -0.107536384819057E+002 -0.738567693893319E+003
  0.100000000000000E+001  0.147712845220613E+004 -0.192641513002060E+002  0.726044471052754E+002 -0.359288352983727E+000  0.298024003853847E+000 -0.107536384819057E+002 -0.738564226103064E+003
  0.100000000000000E+001  0.147708910385897E+004 -0.192146442663790E+002  0.738973076635300E+002 -0.360587444611909E+000  0.438231956243018E+000 -0.107536384819057E+002 -0.738544551929487E+003
  0.100000000000000E+001  0.147708236802367E+004 -0.192657449437933E+002  0.719685523054848E+002 -0.331125040974705E+000  0.383352198667962E+000 -0.107536384819057E+002 -0.738541184011836E+003
  0.100000000000000E+001  0.147707851442682E+004 -0.192979213155261E+002  0.718119771826616E+002 -0.478609825500511E+000  0.494643636138123E+000 -0.107536384819057E+002 -0.738539257213411E+003
  0.100000000000000E+001  0.147707651081591E+004 -0.192238291216134E+002  0.738829357104110E+002 -0.398158220993164E+000  0.314792855406929E+000 -0.107536384819057E+002 -0.738538255407954E+003
  0.100000000000000E+001  0.147703924051199E+004 -0.192531023914438E+002  0.726756410251641E+002 -0.349298159467128E+000  0.244942407980315E+000 -0.107536384819057E+002 -0.738519620255995E+003
  0.100000000000000E+001  0.147703045164519E+004 -0.191925127716343E+002  0.752226804936997E+002 -0.449247106302910E+000  0.446050964817229E+000 -0.107536384819057E+002 -0.738515225822593E+003
  0.100000000000000E+001  0.147701054334247E+004 -0.192626502275848E+002  0.728992376275515E+002 -0.458864922156341E+000  0.562161549631794E+000 -0.107536384819057E+002 -0.738505271671236E+003
  0.100000000000000E+001  0.147671351435561E+004 -0.192071724779913E+002  0.745069632513334E+002 -0.441444255027847E+000  0.454653953415364E+000 -0.107536384819057E+002 -0.738356757177805E+003
  0.100000000000000E+001  0.147698630808733E+004 -0.192510242712206E+002  0.729223280103307E+002 -0.392487593427977E+000  0.303302259104515E+000 -0.107536384819057E+002 -0.738493154043665E+003
  0.100000000000000E+001  0.147697639556438E+004 -0.193312113300750E+002  0.705440400005818E+002 -0.431159059937998E+000  0.464984059355594E+000 -0.107536384819057E+002 -0.738488197782189E+003
  0.100000000000000E+001  0.147695355610010E+004 -0.192045575845208E+002  0.745824956005208E+002 -0.393179785279497E+000  0.316878931472425E+000 -0.107536384819057E+002 -0.738476778050049E+003
  0.100000000000000E+001  0.147673031426309E+004 -0.192098546120591E+002  0.741385322002173E+002 -0.361198121683014E+000  0.288258374265515E+000 -0.107536384819057E+002 -0.738365157131545E+003
  0.100000000000000E+001  0.147673121996706E+004 -0.192559152532331E+002  0.726545706752982E+002 -0.346156333274660E+000  0.246030637114551E+000 -0.107536384819057E+002 -0.738365609983528E+003
  0.100000000000000E+001  0.147676918954298E+004 -0.193167774469072E+002  0.708478976699978E+002 -0.386647399656450E+000  0.372893571354319E+000 -0.107536384819057E+002 -0.738384594771489E+003
  0.100000000000000E+001  0.147684910566558E+004 -0.192417433951891E+002  0.730143174586494E+002 -0.391628115608775E+000  0.493346950195825E+000 -0.107536384819057E+002 -0.738424552832792E+003
  0.100000000000000E+001  0.147681992743374E+004 -0.192188902334874E+002  0.738712504254133E+002 -0.341147209155331E+000  0.258920911628071E+000 -0.107536384819057E+002 -0.738409963716872E+003
  0.100000000000000E+001  0.147684301066175E+004 -0.192598607932738E+002  0.721325141992534E+002 -0.324859740810691E+000  0.336640274356940E+000 -0.107536384819057E+002 -0.738421505330874E+003
  0.100000000000000E+001  0.147608093332780E+004 -0.193218891691174E+002  0.709304557200043E+002 -0.436124464641672E+000  0.492366694972604E+000 -0.107536384819057E+002 -0.738040466663900E+003
  0.100000000000000E+001  0.147606860256939E+004 -0.192630956486054E+002  0.721769124146359E+002 -0.380813986920862E+000  0.456414146936551E+000 -0.107536384819057E+002 -0.738034301284694E+003
  0.100000000000000E+001  0.147603631517113E+004 -0.192227904622316E+002  0.735088713508654E+002 -0.339315777801760E+000  0.301413139381575E+000 -0.107536384819057E+002 -0.738018157585565E+003
  0.100000000000000E+001  0.147603376377569E+004 -0.192927906644873E+002  0.714170167705878E+002 -0.412545995538769E+000  0.430923510229460E+000 -0.107536384819057E+002 -0.738016881887845E+003
  0.100000000000000E+001  0.147603183431095E+004 -0.192484971463706E+002  0.733237503710650E+002 -0.396446793394128E+000  0.444488955305001E+000 -0.107536384819057E+002 -0.738015917155473E+003
  0.100000000000000E+001  0.147602063659905E+004 -0.192590109808533E+002  0.723116624018228E+002 -0.373478385856598E+000  0.457168925733388E+000 -0.107536384819057E+002 -0.738010318299523E+003
  0.100000000000000E+001  0.147600384379978E+004 -0.192179415457177E+002  0.746440132038602E+002 -0.443987184207251E+000  0.446371116270394E+000 -0.107536384819057E+002 -0.738001921899890E+003
  0.100000000000000E+001  0.147597141117809E+004 -0.192666033237838E+002  0.720454412283614E+002 -0.327361208063263E+000  0.294165457660036E+000 -0.107536384819057E+002 -0.737985705589043E+003
  0.100000000000000E+001  0.147596849587979E+004 -0.192902112612451E+002  0.718843292086963E+002 -0.436462870550757E+000  0.402673717471704E+000 -0.107536384819057E+002 -0.737984247939895E+003
  0.100000000000000E+001  0.147595337392671E+004 -0.192038593776198E+002  0.748020029971643E+002 -0.424415673876876E+000  0.379688523560654E+000 -0.107536384819057E+002 -0.737976686963353E+003
  0.100000000000000E+001  0.147594619324885E+004 -0.193041512957155E+002  0.713386609414989E+002 -0.425001261043324E+000  0.521180982311600E+000 -0.107536384819057E+002 -0.737973096624424E+003
  0.100000000000000E+001  0.147593873680087E+004 -0.192467144385113E+002  0.730018032383331E+002 -0.370749951561703E+000  0.277631456408173E+000 -0.107536384819057E+002 -0.737969368400435E+003
  0.100000000000000E+001  0.147590728379375E+004 -0.192031298620877E+002  0.743500175299130E+002 -0.347318565085403E+000  0.342693950016817E+000 -0.107536384819057E+002 -0.737953641896876E+003
  0.100000000000000E+001  0.147588312199329E+004 -0.192799729291353E+002  0.716079045738763E+002 -0.342542027050123E+000  0.318423666730848E+000 -0.107536384819057E+002 -0.737941560996643E+003
  0.100000000000000E+001  0.147587601481481E+004 -0.192344602859786E+002  0.741260162648825E+002 -0.451016477666206E+000  0.489796927080262E+000 -0.107536384819057E+002 -0.737938007407403E+003
  0.100000000000000E+001  0.147585661507891E+004 -0.192213389145084E+002  0.741377996399266E+002 -0.396262955274987E+000  0.318409648014281E+000 -0.107536384819057E+002 -0.737928307539456E+003
  0.100000000000000E+001  0.147584251513978E+004 -0.192905163371408E+002  0.714332539626179E+002 -0.393933364419279E+000  0.389576858555005E+000 -0.107536384819057E+002 -0.737921257569889E+003
  0.100000000000000E+001  0.147583778848249E+004 -0.192835099322358E+002  0.716166902871882E+002 -0.396037053497094E+000  0.411671087258707E+000 -0.107536384819057E+002 -0.737918894241243E+003
  0.100000000000000E+001  0.147582672934359E+004 -0.192164584778988E+002  0.743840469215918E+002 -0.410633870210389E+000  0.478039375987348E+000 -0.107536384819057E+002 -0.737913364671797E+003
  0.100000000000000E+001  0.147579713233995E+004 -0.191959465310644E+002  0.750757177988338E+002 -0.445099960391136E+000  0.448370858185698E+000 -0.107536384819057E+002 -0.737898566169977E+003
  0.100000000000000E+001  0.147578131777036E+004 -0.193195062599178E+002  0.709824439572166E+002 -0.434492757800968E+000  0.448597311514302E+000 -0.107536384819057E+002 -0.737890658885181E+003
  0.100000000000000E+001  0.147577605472719E+004 -0.191939111683172E+002  0.750472988837421E+002 -0.417476893373298E+000  0.389385690694263E+000 -0.107536384819057E+002 -0.737888027363594E+003
  0.100000000000000E+001  0.147577328387253E+004 -0.192053691406954E+002  0.744985245051465E+002 -0.417121679998831E+000  0.399880183868940E+000 -0.107536384819057E+002 -0.737886641936263E+003
  0.100000000000000E+001  0.147576902780989E+004 -0.192496934674726E+002  0.727897806283277E+002 -0.411121522074256E+000  0.494329620543380E+000 -0.107536384819057E+002 -0.737884513904945E+003
  0.100000000000000E+001  0.147574958060202E+004 -0.192279493454143E+002  0.741258008629781E+002 -0.452875112894696E+000  0.419011043989808E+000 -0.107536384819057E+002 -0.737874790301011E+003
  0.100000000000000E+001  0.147572523515793E+004 -0.192680543449597E+002  0.719435325080608E+002 -0.333546682259750E+000  0.324949045611777E+000 -0.107536384819057E+002 -0.737862617578965E+003
  0.100000000000000E+001  0.147568865186653E+004 -0.192154069120868E+002  0.747058998717477E+002 -0.481971780978309E+000  0.511778749528697E+000 -0.107536384819057E+002 -0.737844325933267E+003
  0.100000000000000E+001  0.147566860888228E+004 -0.191874196407065E+002  0.750270348978529E+002 -0.388507856457985E+000  0.400081259313186E+000 -0.107536384819057E+002 -0.737834304441142E+003
  0.100000000000000E+001  0.147566677527377E+004 -0.192388600202773E+002  0.736674077640879E+002 -0.438767344137754E+000  0.533679928014669E+000 -0.107536384819057E+002 -0.737833387636884E+003
  0.100000000000000E+001  0.147565624413437E+004 -0.192894100532714E+002  0.720555720727527E+002 -0.418061620785945E+000  0.466146003770710E+000 -0.107536384819057E+002 -0.737828122067184E+003
  0.100000000000000E+001  0.147564700993758E+004 -0.191912605873749E+002  0.750477217439971E+002 -0.414294253345739E+000  0.403808289486800E+000 -0.107536384819057E+002 -0.737823504968788E+003
  0.100000000000000E+001  0.147564659285843E+004 -0.192975167539214E+002  0.715540835022793E+002 -0.388596699963617E+000  0.436486104463786E+000 -0.107536384819057E+002 -0.737823296429213E+003
  0.100000000000000E+001  0.147563065417453E+004 -0.192968217064054E+002  0.710931474567038E+002 -0.362659272716055E+000  0.399427482779285E+000 -0.107536384819057E+002 -0.737815327087265E+003
  0.100000000000000E+001  0.147562271166404E+004 -0.192854637955925E+002  0.717856542964238E+002 -0.358102382020669E+000  0.362657921735331E+000 -0.107536384819057E+002 -0.737811355832019E+003
  0.100000000000000E+001  0.147562049132114E+004 -0.192724285438485E+002  0.721705526173751E+002 -0.360194624096693E+000  0.282977193499341E+000 -0.107536384819057E+002 -0.737810245660569E+003
  0.100000000000000E+001  0.147559601054224E+004 -0.192043564357278E+002  0.746010347771572E+002 -0.438541392436750E+000  0.490921877036669E+000 -0.107536384819057E+002 -0.737798005271121E+003
  0.100000000000000E+001  0.147556913533303E+004 -0.192474811175196E+002  0.736639479193326E+002 -0.481479976452744E+000  0.481566962202211E+000 -0.107536384819057E+002 -0.737784567666514E+003
  0.100000000000000E+001  0.147555554681842E+004 -0.192416542543182E+002  0.732629607511657E+002 -0.429113318299706E+000  0.525968795534446E+000 -0.107536384819057E+002 -0.737777773409210E+003
  0.100000000000000E+001  0.147555188623107E+004 -0.192778051541066E+002  0.718530405614165E+002 -0.408627837247114E+000  0.490499137414576E+000 -0.107536384819057E+002 -0.737775943115536E+003
  0.100000000000000E+001  0.147555171211091E+004 -0.193085829282982E+002  0.712653462174538E+002 -0.458551395178600E+000  0.511732352828737E+000 -0.107536384819057E+002 -0.737775856055455E+003
  0.100000000000000E+001  0.147550649827662E+004 -0.192369907086582E+002  0.734335905080704E+002 -0.397374530998413E+000  0.323686182646112E+000 -0.107536384819057E+002 -0.737753249138309E+003
  0.100000000000000E+001  0.147548122541556E+004 -0.192236516476385E+002  0.737556374670762E+002 -0.363538371730283E+000  0.283539930832798E+000 -0.107536384819057E+002 -0.737740612707778E+003
  0.100000000000000E+001  0.147546224873136E+004 -0.192354921751236E+002  0.733772675518921E+002 -0.358647263439339E+000  0.271293112616528E+000 -0.107536384819057E+002 -0.737731124365679E+003
  0.100000000000000E+001  0.147546207258330E+004 -0.192468271693370E+002  0.735025762080523E+002 -0.419535609015692E+000  0.368575316952446E+000 -0.107536384819057E+002 -0.737731036291649E+003
  0.100000000000000E+001  0.147544943428796E+004 -0.192566595174362E+002  0.732477909298536E+002 -0.471636549673626E+000  0.459180854996134E+000 -0.107536384819057E+002 -0.737724717143978E+003
  0.100000000000000E+001  0.147543995158399E+004 -0.192123658343174E+002  0.740780673760080E+002 -0.403743138856233E+000  0.421180956946937E+000 -0.107536384819057E+002 -0.737719975791996E+003
  0.100000000000000E+001  0.147542395257475E+004 -0.192420424816738E+002  0.738692589033756E+002 -0.491905146095956E+000  0.518190788206693E+000 -0.107536384819057E+002 -0.737711976287376E+003
  0.100000000000000E+001  0.147540012578346E+004 -0.191984450539180E+002  0.744979696555669E+002 -0.366507113095731E+000  0.388085050857327E+000 -0.107536384819057E+002 -0.737700062891731E+003
  0.100000000000000E+001  0.147539530314702E+004 -0.192191158951955E+002  0.740021175326880E+002 -0.355186023356186E+000  0.322302090344349E+000 -0.107536384819057E+002 -0.737697651573510E+003
  0.100000000000000E+001  0.147538125666304E+004 -0.192305396729371E+002  0.737083584803826E+002 -0.445247853851911E+000  0.463523505676143E+000 -0.107536384819057E+002 -0.737690628331520E+003
  0.100000000000000E+001  0.147537214432953E+004 -0.192670507921478E+002  0.725750950465888E+002 -0.426589111709294E+000  0.530977226634793E+000 -0.107536384819057E+002 -0.737686072164766E+003
  0.100000000000000E+001  0.147536540855619E+004 -0.193158785870226E+002  0.710019901083879E+002 -0.426989949281755E+000  0.431474507064673E+000 -0.107536384819057E+002 -0.737682704278093E+003
  0.100000000000000E+001  0.147531143302886E+004 -0.192421558304849E+002  0.730794807825628E+002 -0.371485117486817E+000  0.298568504839160E+000 -0.107536384819057E+002 -0.737655716514429E+003
  0.100000000000000E+001  0.147530865430005E+004 -0.192135349283366E+002  0.743601598146363E+002 -0.430734623963352E+000  0.515415413664170E+000 -0.107536384819057E+002 -0.737654327150025E+003
  0.100000000000000E+001  0.147529386416153E+004 -0.191913025095606E+002  0.752668027546392E+002 -0.425444870148246E+000  0.460495388410845E+000 -0.107536384819057E+002 -0.737646932080765E+003
  0.100000000000000E+001  0.147526732343526E+004 -0.192370998618935E+002  0.739459484020075E+002 -0.463076392149523E+000  0.442502994085890E+000 -0.107536384819057E+002 -0.737633661717632E+003
  0.100000000000000E+001  0.147526105919975E+004 -0.192711626944382E+002  0.726081786875160E+002 -0.435692620322701E+000  0.528796064622405E+000 -0.107536384819057E+002 -0.737630529599873E+003
  0.100000000000000E+001  0.147525098164693E+004 -0.191919536944875E+002  0.750491338025458E+002 -0.409323881625016E+000  0.460524374801061E+000 -0.107536384819057E+002 -0.737625490823467E+003
  0.100000000000000E+001  0.147524342589671E+004 -0.192917244465623E+002  0.717881917722899E+002 -0.390855468721667E+000  0.360700644085259E+000 -0.107536384819057E+002 -0.737621712948355E+003
  0.100000000000000E+001  0.147523696387636E+004 -0.192921142854158E+002  0.714405369493604E+002 -0.387069571622230E+000  0.360126645925821E+000 -0.107536384819057E+002 -0.737618481938181E+003
  0.100000000000000E+001  0.147521953654893E+004 -0.193200910376691E+002  0.708750716479498E+002 -0.429171693740833E+000  0.452166719917586E+000 -0.107536384819057E+002 -0.737609768274466E+003
  0.100000000000000E+001  0.147521631434695E+004 -0.192148172324353E+002  0.747258032427590E+002 -0.463265704142189E+000  0.464475150408017E+000 -0.107536384819057E+002 -0.737608157173474E+003
  0.100000000000000E+001  0.147520141597554E+004 -0.192258063075684E+002  0.739560476074837E+002 -0.395183385005264E+000  0.320279719178997E+000 -0.107536384819057E+002 -0.737600707987768E+003
  0.100000000000000E+001  0.147519655732888E+004 -0.192192746702975E+002  0.741532257544135E+002 -0.429465583232989E+000  0.518300236591084E+000 -0.107536384819057E+002 -0.737598278664439E+003
  0.100000000000000E+001  0.147518301649266E+004 -0.192508077623063E+002  0.728536899684827E+002 -0.356433286036661E+000  0.411714899309231E+000 -0.107536384819057E+002 -0.737591508246328E+003
  0.100000000000000E+001  0.147518163254546E+004 -0.192179573295098E+002  0.738872299795468E+002 -0.345617330471553E+000  0.350994034604857E+000 -0.107536384819057E+002 -0.737590816272731E+003
  0.100000000000000E+001  0.147514803170516E+004 -0.192334293677241E+002  0.738715477303090E+002 -0.453044184714035E+000  0.542015756700138E+000 -0.107536384819057E+002 -0.737574015852582E+003
  0.100000000000000E+001  0.147513722522332E+004 -0.192092956714442E+002  0.743527113485778E+002 -0.429518424793945E+000  0.478231424805244E+000 -0.107536384819057E+002 -0.737568612611660E+003
  0.100000000000000E+001  0.147512847878167E+004 -0.192679859314859E+002  0.725994965569082E+002 -0.458142511185007E+000  0.463465339354946E+000 -0.107536384819057E+002 -0.737564239390835E+003
  0.100000000000000E+001  0.147511784481596E+004 -0.192441012238820E+002  0.736317279142476E+002 -0.439406013575936E+000  0.513856341758353E+000 -0.107536384819057E+002 -0.737558922407981E+003
  0.100000000000000E+001  0.147511240059970E+004 -0.192949269314155E+002  0.712939296033718E+002 -0.401837725382661E+000  0.469583289113345E+000 -0.107536384819057E+002 -0.737556200299849E+003
  0.100000000000000E+001  0.147510934539757E+004 -0.192962084003780E+002  0.715853529800521E+002 -0.389366146018621E+000  0.356557675667066E+000 -0.107536384819057E+002 -0.737554672698785E+003
  0.100000000000000E+001  0.147510882058441E+004 -0.192008044360676E+002  0.749010994736827E+002 -0.409804131550070E+000  0.450809848286417E+000 -0.107536384819057E+002 -0.737554410292205E+003
  0.100000000000000E+001  0.147507250624402E+004 -0.192387860620500E+002  0.731489228563366E+002 -0.337748460907261E+000  0.344257371985860E+000 -0.107536384819057E+002 -0.737536253122008E+003
  0.100000000000000E+001  0.147506703777077E+004 -0.192387068956748E+002  0.735964285724992E+002 -0.395091676791507E+000  0.326786091215377E+000 -0.107536384819057E+002 -0.737533518885387E+003
  0.100000000000000E+001  0.147506496142756E+004 -0.192855472024100E+002  0.717946349831925E+002 -0.415251203582128E+000  0.393540019441795E+000 -0.107536384819057E+002 -0.737532480713781E+003
  0.100000000000000E+001  0.147506172864305E+004 -0.191974202961688E+002  0.749761916472985E+002 -0.438136009283572E+000  0.443412931657880E+000 -0.107536384819057E+002 -0.737530864321523E+003
  0.100000000000000E+001  0.147505942598653E+004 -0.192915168955319E+002  0.717689239497504E+002 -0.451863834892628E+000  0.472525503642500E+000 -0.107536384819057E+002 -0.737529712993263E+003
  0.100000000000000E+001  0.147500399867386E+004 -0.192889288364483E+002  0.713873144465522E+002 -0.364020318478049E+000  0.360910861744194E+000 -0.107536384819057E+002 -0.737501999336928E+003
  0.100000000000000E+001  0.147500359967444E+004 -0.192775656604167E+002  0.722607526148635E+002 -0.389432741911708E+000  0.340509725756406E+000 -0.107536384819057E+002 -0.737501799837219E+003
  0.100000000000000E+001  0.147499423726901E+004 -0.193172872459917E+002  0.708995369062831E+002 -0.435056124331379E+000  0.496984619108859E+000 -0.107536384819057E+002 -0.737497118634504E+003
  0.100000000000000E+001  0.147498337217373E+004 -0.192586905821152E+002  0.730490299363895E+002 -0.416298792521707E+000  0.362485463560286E+000 -0.107536384819057E+002 -0.737491686086863E+003
  0.100000000000000E+001  0.147498316942699E+004 -0.192888189475482E+002  0.721334390578095E+002 -0.428745513696127E+000  0.467909068180582E+000 -0.107536384819057E+002 -0.737491584713495E+003
  0.100000000000000E+001  0.147495835103038E+004 -0.192450061923303E+002  0.728906415093888E+002 -0.363367276050837E+000  0.307943581216078E+000 -0.107536384819057E+002 -0.737479175515188E+003
  0.100000000000000E+001  0.147493619697083E+004 -0.192601256107127E+002  0.722323804319196E+002 -0.363210348273590E+000  0.396427255796747E+000 -0.107536384819057E+002 -0.737468098485415E+003
  0.100000000000000E+001  0.147493244618850E+004 -0.192314613168177E+002  0.733277172259476E+002 -0.334634711027275E+000  0.309616714576446E+000 -0.107536384819057E+002 -0.737466223094251E+003
  0.100000000000000E+001  0.147490853753339E+004 -0.192657340866410E+002  0.731223034112778E+002 -0.488466376275362E+000  0.523207637752781E+000 -0.107536384819057E+002 -0.737454268766694E+003
  0.100000000000000E+001  0.147490499315385E+004 -0.192807992551658E+002  0.720921254041158E+002 -0.392927991676624E+000  0.465212486135680E+000 -0.107536384819057E+002 -0.737452496576923E+003
  0.100000000000000E+001  0.147487773462825E+004 -0.192981391106779E+002  0.713744617521276E+002 -0.409640265138413E+000  0.396602154243397E+000 -0.107536384819057E+002 -0.737438867314125E+003
  0.100000000000000E+001  0.147485620682108E+004 -0.192466845256657E+002  0.726746219945945E+002 -0.358779699329576E+000  0.381541100226505E+000 -0.107536384819057E+002 -0.737428103410538E+003
  0.100000000000000E+001  0.147485504394903E+004 -0.192064165777233E+002  0.747124622464375E+002 -0.452301823848144E+000  0.470337451218001E+000 -0.107536384819057E+002 -0.737427521974513E+003
  0.100000000000000E+001  0.147485442319780E+004 -0.193086596888189E+002  0.711325818066136E+002 -0.396415729160808E+000  0.453217043668928E+000 -0.107536384819057E+002 -0.737427211598898E+003
  0.100000000000000E+001  0.147484073278209E+004 -0.192129120938656E+002  0.743548103893835E+002 -0.378332956252222E+000  0.341668084870992E+000 -0.107536384819057E+002 -0.737420366391044E+003
  0.100000000000000E+001  0.147484020866253E+004 -0.192036624719784E+002  0.743415934923847E+002 -0.382414361349595E+000  0.422632124122112E+000 -0.107536384819057E+002 -0.737420104331265E+003
  0.100000000000000E+001  0.147481379295141E+004 -0.192082804644253E+002  0.746916957295379E+002 -0.426567549678971E+000  0.490370629447527E+000 -0.107536384819057E+002 -0.737406896475704E+003
  0.100000000000000E+001  0.147479293275586E+004 -0.192484527481528E+002  0.730046634588071E+002 -0.429206844432769E+000  0.518292787646298E+000 -0.107536384819057E+002 -0.737396466377931E+003
  0.100000000000000E+001  0.147479056633996E+004 -0.192046515933494E+002  0.743646431945811E+002 -0.391576384491387E+000  0.388965796327598E+000 -0.107536384819057E+002 -0.737395283169979E+003
  0.100000000000000E+001  0.147476216644229E+004 -0.192716690505129E+002  0.719145557986988E+002 -0.377746909994379E+000  0.434223424937576E+000 -0.107536384819057E+002 -0.737381083221143E+003
  0.100000000000000E+001  0.147474794579278E+004 -0.192752935903854E+002  0.725698759876108E+002 -0.444249835725421E+000  0.414650139141388E+000 -0.107536384819057E+002 -0.737373972896388E+003
  0.100000000000000E+001  0.147474335520078E+004 -0.192821823028495E+002  0.720600126619406E+002 -0.386519340830505E+000  0.433938659091799E+000 -0.107536384819057E+002 -0.737371677600389E+003
  0.100000000000000E+001  0.147474180988418E+004 -0.192085221504659E+002  0.743936827766316E+002 -0.372992712301012E+000  0.326118252585156E+000 -0.107536384819057E+002 -0.737370904942090E+003
  0.100000000000000E+001  0.147473400072158E+004 -0.193031136949361E+002  0.713485572122605E+002 -0.389222937288189E+000  0.398946744480440E+000 -0.107536384819057E+002 -0.737367000360791E+003
  0.100000000000000E+001  0.147473355463403E+004 -0.192348077174237E+002  0.736793117292931E+002 -0.433446592230092E+000  0.527500663644767E+000 -0.107536384819057E+002 -0.737366777317015E+003
  0.100000000000000E+001  0.147471854917348E+004 -0.193125987068412E+002  0.710337164755857E+002 -0.415840228959293E+000  0.418898507734367E+000 -0.107536384819057E+002 -0.737359274586742E+003
  0.100000000000000E+001  0.147471518505205E+004 -0.192468767399841E+002  0.736367432399587E+002 -0.471479696787277E+000  0.465489937420903E+000 -0.107536384819057E+002 -0.737357592526023E+003
  0.100000000000000E+001  0.147471262915341E+004 -0.192581110566979E+002  0.726848140815549E+002 -0.354622969245774E+000  0.309489269388610E+000 -0.107536384819057E+002 -0.737356314576706E+003
  0.100000000000000E+001  0.147470946872257E+004 -0.192715862400875E+002  0.720739545052284E+002 -0.390256271282334E+000  0.367610005218405E+000 -0.107536384819057E+002 -0.737354734361285E+003
  0.100000000000000E+001  0.147469143833000E+004 -0.192328444101077E+002  0.733526555564041E+002 -0.373949322042171E+000  0.324580563926233E+000 -0.107536384819057E+002 -0.737345719164998E+003
  0.100000000000000E+001  0.147468238583041E+004 -0.192575123745348E+002  0.731781585743808E+002 -0.419481887256745E+000  0.438027714499666E+000 -0.107536384819057E+002 -0.737341192915204E+003
  0.100000000000000E+001  0.147468113985325E+004 -0.192356422020995E+002  0.737306000279073E+002 -0.391092163317370E+000  0.396701506401344E+000 -0.107536384819057E+002 -0.737340569926625E+003
  0.100000000000000E+001  0.147465531504530E+004 -0.192924483335308E+002  0.713680709259445E+002 -0.373752777535708E+000  0.358210310053835E+000 -0.107536384819057E+002 -0.737327657522649E+003
  0.100000000000000E+001  0.147464046868343E+004 -0.192857423625941E+002  0.722768667398890E+002 -0.466811274198493E+000  0.470428453635564E+000 -0.107536384819057E+002 -0.737320234341717E+003
  0.100000000000000E+001  0.147462849884616E+004 -0.192824426073066E+002  0.718283391840990E+002 -0.399805585815395E+000  0.496863987692917E+000 -0.107536384819057E+002 -0.737314249423078E+003
  0.100000000000000E+001  0.147462131337221E+004 -0.192934197264789E+002  0.713064512508424E+002 -0.389351021103757E+000  0.421119651993774E+000 -0.107536384819057E+002 -0.737310656686107E+003
  0.100000000000000E+001  0.147461720340041E+004 -0.192369249189918E+002  0.740246467170379E+002 -0.457670742959202E+000  0.501927285912089E+000 -0.107536384819057E+002 -0.737308601700206E+003
  0.100000000000000E+001  0.147459130600313E+004 -0.192003995026270E+002  0.745873738942976E+002 -0.371279583611194E+000  0.351953521152301E+000 -0.107536384819057E+002 -0.737295653001563E+003
  0.100000000000000E+001  0.147457257421379E+004 -0.192661765523773E+002  0.729940451942767E+002 -0.449330165962646E+000  0.503630226859533E+000 -0.107536384819057E+002 -0.737286287106893E+003
  0.100000000000000E+001  0.147456334342868E+004 -0.192267133115737E+002  0.736048206049825E+002 -0.361361422272346E+000  0.419051035703038E+000 -0.107536384819057E+002 -0.737281671714342E+003
  0.100000000000000E+001  0.147454565034934E+004 -0.192647384636377E+002  0.726684885383559E+002 -0.418319946784314E+000  0.363473411014960E+000 -0.107536384819057E+002 -0.737272825174671E+003
  0.100000000000000E+001  0.147454097694014E+004 -0.192767164177067E+002  0.724361643349524E+002 -0.472699800840376E+000  0.498180422900756E+000 -0.107536384819057E+002 -0.737270488470069E+003
  0.100000000000000E+001  0.147453994075072E+004 -0.192585237831046E+002  0.728518776058855E+002 -0.458671852085127E+000  0.493756110025724E+000 -0.107536384819057E+002 -0.737269970375358E+003
  0.100000000000000E+001  0.147452993810453E+004 -0.192232010868020E+002  0.743379857556397E+002 -0.425522568780883E+000  0.418815247529078E+000 -0.107536384819057E+002 -0.737264969052266E+003
  0.100000000000000E+001  0.147450528290731E+004 -0.192991722657280E+002  0.714839014454747E+002 -0.436446685842753E+000  0.523397944895535E+000 -0.107536384819057E+002 -0.737252641453655E+003
  0.100000000000000E+001  0.147448078690071E+004 -0.192114981239250E+002  0.742261747131694E+002 -0.419821630631549E+000  0.460539248285261E+000 -0.107536384819057E+002 -0.737240393450355E+003
  0.100000000000000E+001  0.147447739661250E+004 -0.192222653424860E+002  0.737503524159947E+002 -0.398025226655615E+000  0.393003518969877E+000 -0.107536384819057E+002 -0.737238698306252E+003
  0.100000000000000E+001  0.147447717942343E+004 -0.192476066297408E+002  0.735633779175009E+002 -0.437174606268744E+000  0.413384709843246E+000 -0.107536384819057E+002 -0.737238589711716E+003
  0.100000000000000E+001  0.147447700517165E+004 -0.192593890042686E+002  0.723817244328154E+002 -0.393471760118593E+000  0.440911763283829E+000 -0.107536384819057E+002 -0.737238502585824E+003
  0.100000000000000E+001  0.147447454644101E+004 -0.192606699272219E+002  0.726907021079040E+002 -0.395048349367222E+000  0.325724833254045E+000 -0.107536384819057E+002 -0.737237273220505E+003
  0.100000000000000E+001  0.147446716607293E+004 -0.191915509922947E+002  0.750197346441047E+002 -0.402447302111928E+000  0.425964772542958E+000 -0.107536384819057E+002 -0.737233583036466E+003
  0.100000000000000E+001  0.147444536313415E+004 -0.192252510347590E+002  0.741812599138956E+002 -0.416339728891439E+000  0.458826763377961E+000 -0.107536384819057E+002 -0.737222681567076E+003
  0.100000000000000E+001  0.147443947140165E+004 -0.193145749450156E+002  0.711194372965418E+002 -0.444790362363559E+000  0.486271582490041E+000 -0.107536384819057E+002 -0.737219735700823E+003
  0.100000000000000E+001  0.147438813476735E+004 -0.192285252665358E+002  0.741613837888810E+002 -0.427583632019364E+000  0.410176051358270E+000 -0.107536384819057E+002 -0.737194067383674E+003
  0.100000000000000E+001  0.147438257903354E+004 -0.192515698757123E+002  0.734336074425037E+002 -0.476651927946204E+000  0.550392834389305E+000 -0.107536384819057E+002 -0.737191289516768E+003
  0.100000000000000E+001  0.147437214281640E+004 -0.193066288242027E+002  0.709820322082954E+002 -0.392314695012112E+000  0.451660188479154E+000 -0.107536384819057E+002 -0.737186071408202E+003
  0.100000000000000E+001  0.147436307056003E+004 -0.191935651336917E+002  0.750266371058784E+002 -0.421999663161191E+000  0.456433650352014E+000 -0.107536384819057E+002 -0.737181535280016E+003
  0.100000000000000E+001  0.147435242438161E+004 -0.192072002662357E+002  0.742533465796496E+002 -0.387189098631854E+000  0.390131691867427E+000 -0.107536384819057E+002 -0.737176212190805E+003
  0.100000000000000E+001  0.147434818448147E+004 -0.192207957939849E+002  0.739705006428840E+002 -0.396320704939292E+000  0.476180771673354E+000 -0.107536384819057E+002 -0.737174092240735E+003
  0.100000000000000E+001  0.147433348527066E+004 -0.192357042186245E+002  0.736422333477578E+002 -0.441723744212791E+000  0.531254678867920E+000 -0.107536384819057E+002 -0.737166742635329E+003
  0.100000000000000E+001  0.147431656975601E+004 -0.192566394202445E+002  0.729470628465164E+002 -0.380507678958046E+000  0.364027478812421E+000 -0.107536384819057E+002 -0.737158284878007E+003
  0.100000000000000E+001  0.147430359056322E+004 -0.192192554555271E+002  0.742818005132839E+002 -0.399348347436512E+000  0.423409525934560E+000 -0.107536384819057E+002 -0.737151795281610E+003
  0.100000000000000E+001  0.147430015595016E+004 -0.192603166048056E+002  0.729404305847106E+002 -0.407316549809505E+000  0.358639399252098E+000 -0.107536384819057E+002 -0.737150077975079E+003
  0.100000000000000E+001  0.147429750851491E+004 -0.192996897985666E+002  0.714974325361264E+002 -0.404563484369008E+000  0.383022011722865E+000 -0.107536384819057E+002 -0.737148754257456E+003
  0.100000000000000E+001  0.147429352752355E+004 -0.192399673649334E+002  0.732232877219244E+002 -0.356871511500539E+000  0.395583840650358E+000 -0.107536384819057E+002 -0.737146763761776E+003
  0.100000000000000E+001  0.147429192572556E+004 -0.192813567001464E+002  0.722441805986718E+002 -0.421236591645240E+000  0.383597735564559E+000 -0.107536384819057E+002 -0.737145962862781E+003
  0.100000000000000E+001  0.147426536626647E+004 -0.192477209359879E+002  0.730901082353607E+002 -0.438299320146102E+000  0.520231965003124E+000 -0.107536384819057E+002 -0.737132683133234E+003
  0.100000000000000E+001  0.147426435654815E+004 -0.192689379930602E+002  0.720989151345471E+002 -0.341336294981661E+000  0.325072006914078E+000 -0.107536384819057E+002 -0.737132178274073E+003
  0.100000000000000E+001  0.147424995465624E+004 -0.191999154700118E+002  0.746298509581820E+002 -0.393644067711268E+000  0.440864776620127E+000 -0.107536384819057E+002 -0.737124977328122E+003
  0.100000000000000E+001  0.147423403823442E+004 -0.192414535972150E+002  0.733153326841071E+002 -0.393437903907814E+000  0.324711589890550E+000 -0.107536384819057E+002 -0.737117019117207E+003
  0.100000000000000E+001  0.147420649141453E+004 -0.192906976923023E+002  0.716675169350004E+002 -0.435576409334442E+000  0.466393362389164E+000 -0.107536384819057E+002 -0.737103245707266E+003
  0.100000000000000E+001  0.147418524462966E+004 -0.192564714807123E+002  0.732394429763750E+002 -0.467580040654669E+000  0.461809024514473E+000 -0.107536384819057E+002 -0.737092622314830E+003
  0.100000000000000E+001  0.147417786877746E+004 -0.192453118632532E+002  0.729468493522530E+002 -0.341703609390393E+000  0.313127004231263E+000 -0.107536384819057E+002 -0.737088934388732E+003
  0.100000000000000E+001  0.147415608617041E+004 -0.191988057682276E+002  0.748323019880335E+002 -0.399818923091013E+000  0.380670782449225E+000 -0.107536384819057E+002 -0.737078043085203E+003
  0.100000000000000E+001  0.147415565383263E+004 -0.192248060519456E+002  0.741977718723502E+002 -0.448129973335308E+000  0.427326220087897E+000 -0.107536384819057E+002 -0.737077826916316E+003
  0.100000000000000E+001  0.147414927083113E+004 -0.192130004163755E+002  0.742885785423841E+002 -0.432962530716353E+000  0.491124149066085E+000 -0.107536384819057E+002 -0.737074635415566E+003
  0.100000000000000E+001  0.147414764887025E+004 -0.192799560968623E+002  0.720286464554972E+002 -0.443261590301964E+000  0.507305859936062E+000 -0.107536384819057E+002 -0.737073824435123E+003
  0.100000000000000E+001  0.147414423288175E+004 -0.192034935246777E+002  0.746150526282780E+002 -0.402811510405438E+000  0.375737319856094E+000 -0.107536384819057E+002 -0.737072116440876E+003
  0.100000000000000E+001  0.147409925163898E+004 -0.192304207524497E+002  0.735308411576335E+002 -0.367831629072297E+000  0.304786507236897E+000 -0.107536384819057E+002 -0.737049625819492E+003
  0.100000000000000E+001  0.147409006209845E+004 -0.192697281934016E+002  0.728213960446307E+002 -0.437557241028571E+000  0.431958050977419E+000 -0.107536384819057E+002 -0.737045031049224E+003
  0.100000000000000E+001  0.147408483488253E+004 -0.192826326157374E+002  0.718845354429569E+002 -0.413746479455330E+000  0.508395685373070E+000 -0.107536384819057E+002 -0.737042417441265E+003
  0.100000000000000E+001  0.147407843291603E+004 -0.192887355474731E+002  0.718802147463683E+002 -0.440918770434967E+000  0.530867242316293E+000 -0.107536384819057E+002 -0.737039216458013E+003
  0.100000000000000E+001  0.147407751535423E+004 -0.192423739787802E+002  0.737886123246483E+002 -0.443383051973021E+000  0.470657401532054E+000 -0.107536384819057E+002 -0.737038757677115E+003
  0.100000000000000E+001  0.147406433754366E+004 -0.192371792164660E+002  0.731059182192524E+002 -0.346704555928211E+000  0.383053936440843E+000 -0.107536384819057E+002 -0.737032168771832E+003
  0.100000000000000E+001  0.147406224952399E+004 -0.192259832843397E+002  0.740290308201330E+002 -0.417122932841215E+000  0.491320678298285E+000 -0.107536384819057E+002 -0.737031124761997E+003
  0.100000000000000E+001  0.147405895063095E+004 -0.192762664630982E+002  0.718026616765249E+002 -0.360001993361142E+000  0.417603345166047E+000 -0.107536384819057E+002 -0.737029475315475E+003
  0.100000000000000E+001  0.147404131198836E+004 -0.192890345946711E+002  0.722153065015571E+002 -0.475934879395415E+000  0.517560489022605E+000 -0.107536384819057E+002 -0.737020655994182E+003
  0.100000000000000E+001  0.147403433619448E+004 -0.192265848498028E+002  0.735626315883162E+002 -0.393943594963788E+000  0.401692179615736E+000 -0.107536384819057E+002 -0.737017168097242E+003
  0.100000000000000E+001  0.147401919910486E+004 -0.192933341626767E+002  0.714177914172041E+002 -0.403851079954115E+000  0.423301325736599E+000 -0.107536384819057E+002 -0.737009599552428E+003
  0.100000000000000E+001  0.147401289046914E+004 -0.192739720668233E+002  0.722835417864844E+002 -0.396075302432008E+000  0.339703762248467E+000 -0.107536384819057E+002 -0.737006445234569E+003
  0.100000000000000E+001  0.147401091383154E+004 -0.192274455702708E+002  0.736929840366211E+002 -0.421950523414285E+000  0.436331668317292E+000 -0.107536384819057E+002 -0.737005456915769E+003
  0.100000000000000E+001  0.147400511636518E+004 -0.192356333092372E+002  0.731103869243332E+002 -0.355002929152790E+000  0.395472138617975E+000 -0.107536384819057E+002 -0.737002558182588E+003
  0.100000000000000E+001  0.147397257398525E+004 -0.192735990604210E+002  0.726623192480060E+002 -0.432898261535289E+000  0.471902932762869E+000 -0.107536384819057E+002 -0.736986286992623E+003
  0.100000000000000E+001  0.147396976085087E+004 -0.192831930210856E+002  0.718759932718682E+002 -0.396072279468277E+000  0.484048395136297E+000 -0.107536384819057E+002 -0.736984880425437E+003
  0.100000000000000E+001  0.147396698873910E+004 -0.192385015608024E+002  0.732487800136134E+002 -0.389978580058210E+000  0.477320861901667E+000 -0.107536384819057E+002 -0.736983494369548E+003
  0.100000000000000E+001  0.147396205416108E+004 -0.192686067779595E+002  0.725125327750753E+002 -0.424474807139425E+000  0.387658106069261E+000 -0.107536384819057E+002 -0.736981027080538E+003
  0.100000000000000E+001  0.147395935591062E+004 -0.192350289831206E+002  0.734897252405817E+002 -0.426876958299509E+000  0.428370366047174E+000 -0.107536384819057E+002 -0.736979677955312E+003
  0.100000000000000E+001  0.147395335020162E+004 -0.192400286799220E+002  0.732945255308875E+002 -0.364892272652490E+000  0.402319562274989E+000 -0.107536384819057E+002 -0.736976675100807E+003
  0.100000000000000E+001  0.147394561179461E+004 -0.192007291336807E+002  0.746355453701288E+002 -0.407282823084993E+000  0.451966292042320E+000 -0.107536384819057E+002 -0.736972805897305E+003
  0.100000000000000E+001  0.147393464433791E+004 -0.192683307116176E+002  0.725702684555828E+002 -0.387675681872285E+000  0.359495297641300E+000 -0.107536384819057E+002 -0.736967322168955E+003
  0.100000000000000E+001  0.147390279855015E+004 -0.192822180185496E+002  0.716663687578760E+002 -0.366303355197025E+000  0.429293454392905E+000 -0.107536384819057E+002 -0.736951399275075E+003
  0.100000000000000E+001  0.147389551844676E+004 -0.192343922405634E+002  0.734078748000440E+002 -0.400839969059153E+000  0.487197069490617E+000 -0.107536384819057E+002 -0.736947759223382E+003
  0.100000000000000E+001  0.147389512706781E+004 -0.193029311503762E+002  0.711457275409905E+002 -0.378033766306633E+000  0.412192433378920E+000 -0.107536384819057E+002 -0.736947563533906E+003
  0.100000000000000E+001  0.147389054535050E+004 -0.192257880187969E+002  0.741387841981828E+002 -0.411763137303791E+000  0.385338402024842E+000 -0.107536384819057E+002 -0.736945272675252E+003
  0.100000000000000E+001  0.147387281482744E+004 -0.192838538797164E+002  0.718093102943969E+002 -0.422971180522962E+000  0.503000136369257E+000 -0.107536384819057E+002 -0.736936407413719E+003
  0.100000000000000E+001  0.147386413574926E+004 -0.192078117372308E+002  0.745820910140317E+002 -0.403616226193758E+000  0.371266767010314E+000 -0.107536384819057E+002 -0.736932067874632E+003
  0.100000000000000E+001  0.147385602481849E+004 -0.192688773657774E+002  0.724594154970284E+002 -0.444255864104340E+000  0.529699005942465E+000 -0.107536384819057E+002 -0.736928012409246E+003
  0.100000000000000E+001  0.147385448478110E+004 -0.193049446254511E+002  0.711894835559431E+002 -0.389400248691455E+000  0.395569221224838E+000 -0.107536384819057E+002 -0.736927242390548E+003
  0.100000000000000E+001  0.147384751533074E+004 -0.192313159497763E+002  0.741390317161285E+002 -0.456164945203538E+000  0.510832176924414E+000 -0.107536384819057E+002 -0.736923757665369E+003
  0.100000000000000E+001  0.147384542486775E+004 -0.192627732745903E+002  0.725477328128992E+002 -0.369577449002062E+000  0.310534007697600E+000 -0.107536384819057E+002 -0.736922712433876E+003
  0.100000000000000E+001  0.147384003143985E+004 -0.192234525799513E+002  0.736477103063185E+002 -0.390382291786957E+000  0.441097782342754E+000 -0.107536384819057E+002 -0.736920015719924E+003
  0.100000000000000E+001  0.147383503281904E+004 -0.192871778388933E+002  0.719634751725666E+002 -0.401990360640392E+000  0.451420165063742E+000 -0.107536384819057E+002 -0.736917516409518E+003
  0.100000000000000E+001  0.147383377478535E+004 -0.192504349848609E+002  0.735240747975346E+002 -0.456479582411272E+000  0.451464247732392E+000 -0.107536384819057E+002 -0.736916887392675E+003
  0.100000000000000E+001  0.147382204966023E+004 -0.192351259121051E+002  0.735473721450114E+002 -0.439708651399807E+000  0.513593742380091E+000 -0.107536384819057E+002 -0.736911024830113E+003
  0.100000000000000E+001  0.147382031892737E+004 -0.192026010048738E+002  0.746108499824315E+002 -0.409110598671066E+000  0.406310882025399E+000 -0.107536384819057E+002 -0.736910159463687E+003
  0.100000000000000E+001  0.147380612587403E+004 -0.192341893732790E+002  0.735125258881972E+002 -0.368930133029123E+000  0.310073075195910E+000 -0.107536384819057E+002 -0.736903062937016E+003
  0.100000000000000E+001  0.147380076554562E+004 -0.192637134926499E+002  0.729289637883428E+002 -0.445235668008987E+000  0.525129036716554E+000 -0.107536384819057E+002 -0.736900382772812E+003
  0.100000000000000E+001  0.147379472924880E+004 -0.192455016384562E+002  0.737264223888828E+002 -0.480093251975185E+000  0.530116205741456E+000 -0.107536384819057E+002 -0.736897364624399E+003
  0.100000000000000E+001  0.147379387757180E+004 -0.192200413329867E+002  0.739496314373256E+002 -0.394231640972051E+000  0.355277558427858E+000 -0.107536384819057E+002 -0.736896938785899E+003
  0.100000000000000E+001  0.147378705999936E+004 -0.192631110783211E+002  0.723266389218542E+002 -0.344082276528236E+000  0.333449319466016E+000 -0.107536384819057E+002 -0.736893529999679E+003
  0.100000000000000E+001  0.147376172671022E+004 -0.192225368440132E+002  0.737958924460433E+002 -0.355513854485092E+000  0.340540964765292E+000 -0.107536384819057E+002 -0.736880863355108E+003
  0.100000000000000E+001  0.147375713283943E+004 -0.192258928943507E+002  0.734900217361751E+002 -0.355844971578240E+000  0.386416215357191E+000 -0.107536384819057E+002 -0.736878566419715E+003
  0.100000000000000E+001  0.147375399567783E+004 -0.192250107069199E+002  0.737510894049640E+002 -0.397524292127964E+000  0.477203433065641E+000 -0.107536384819057E+002 -0.736876997838916E+003
  0.100000000000000E+001  0.147375211683488E+004 -0.192529784795916E+002  0.733401279016544E+002 -0.453366659535268E+000  0.434181807521206E+000 -0.107536384819057E+002 -0.736876058417441E+003
  0.100000000000000E+001  0.147374374103382E+004 -0.192256706435124E+002  0.740197932602107E+002 -0.420582208668129E+000  0.377713279920959E+000 -0.107536384819057E+002 -0.736871870516910E+003
  0.100000000000000E+001  0.147373030184149E+004 -0.192384781761378E+002  0.731215645303605E+002 -0.356163825653059E+000  0.314730475140711E+000 -0.107536384819057E+002 -0.736865150920746E+003
  0.100000000000000E+001  0.147372890748079E+004 -0.192050264312321E+002  0.745737271112149E+002 -0.425548737131300E+000  0.472839953204952E+000 -0.107536384819057E+002 -0.736864453740394E+003
  0.100000000000000E+001  0.147371934964779E+004 -0.192045723661985E+002  0.744781987009358E+002 -0.379278587773054E+000  0.405132899032676E+000 -0.107536384819057E+002 -0.736859674823896E+003
  0.100000000000000E+001  0.147371052208524E+004 -0.192867460760478E+002  0.715900026026463E+002 -0.377069735941907E+000  0.447913444607122E+000 -0.107536384819057E+002 -0.736855261042622E+003
  0.100000000000000E+001  0.147369632093148E+004 -0.192417056327124E+002  0.732343447612220E+002 -0.407446847661338E+000  0.374839977075380E+000 -0.107536384819057E+002 -0.736848160465742E+003
  0.100000000000000E+001  0.147367927068066E+004 -0.192657969057235E+002  0.722595084232233E+002 -0.405746756472984E+000  0.465852430666550E+000 -0.107536384819057E+002 -0.736839635340331E+003
  0.100000000000000E+001  0.147366962453412E+004 -0.192134227085684E+002  0.742578117430997E+002 -0.404596887358754E+000  0.373640676395234E+000 -0.107536384819057E+002 -0.736834812267061E+003
  0.100000000000000E+001  0.147366859520528E+004 -0.192896704931919E+002  0.714197010225235E+002 -0.365275156367258E+000  0.397868636466667E+000 -0.107536384819057E+002 -0.736834297602639E+003
  0.100000000000000E+001  0.147366731777927E+004 -0.192100146241041E+002  0.743470139744816E+002 -0.404000169658174E+000  0.468824420191106E+000 -0.107536384819057E+002 -0.736833658889636E+003
  0.100000000000000E+001  0.147365146534229E+004 -0.192461431733031E+002  0.729940782167652E+002 -0.357090700626065E+000  0.302396813777646E+000 -0.107536384819057E+002 -0.736825732671145E+003
  0.100000000000000E+001  0.147364837189821E+004 -0.192605653161901E+002  0.724643853704243E+002 -0.405175007847905E+000  0.485167213738302E+000 -0.107536384819057E+002 -0.736824185949107E+003
  0.100000000000000E+001  0.147363272406018E+004 -0.192509514957477E+002  0.726844220881565E+002 -0.347166238094322E+000  0.314363189463656E+000 -0.107536384819057E+002 -0.736816362030091E+003
  0.100000000000000E+001  0.147363133656935E+004 -0.193046684264347E+002  0.712489149561839E+002 -0.417809618028814E+000  0.491206415848882E+000 -0.107536384819057E+002 -0.736815668284676E+003
  0.100000000000000E+001  0.147362298134510E+004 -0.192856676767627E+002  0.715485565802254E+002 -0.370052728971575E+000  0.376517981342377E+000 -0.107536384819057E+002 -0.736811490672552E+003
  0.100000000000000E+001  0.147362040071627E+004 -0.192041768319235E+002  0.747981740504470E+002 -0.425533230347839E+000  0.471804199638614E+000 -0.107536384819057E+002 -0.736810200358137E+003
  0.100000000000000E+001  0.147361402341603E+004 -0.192099953285037E+002  0.741513684848190E+002 -0.373031827207328E+000  0.403880533512346E+000 -0.107536384819057E+002 -0.736807011708014E+003
  0.100000000000000E+001  0.147361310897223E+004 -0.193032208919923E+002  0.712368110293745E+002 -0.404874025446392E+000  0.408159040510366E+000 -0.107536384819057E+002 -0.736806554486113E+003
  0.100000000000000E+001  0.147360311407149E+004 -0.192501173367119E+002  0.729130307236176E+002 -0.357005488584410E+000  0.371898448312754E+000 -0.107536384819057E+002 -0.736801557035744E+003
  0.100000000000000E+001  0.147359746542020E+004 -0.192624141502280E+002  0.728485547028756E+002 -0.460554488791580E+000  0.542070455585439E+000 -0.107536384819057E+002 -0.736798732710100E+003
  0.100000000000000E+001  0.147358640845095E+004 -0.192338656663264E+002  0.734236025862692E+002 -0.411122148547774E+000  0.487467722305666E+000 -0.107536384819057E+002 -0.736793204225476E+003
  0.100000000000000E+001  0.147358519791324E+004 -0.192939615437142E+002  0.714335416141813E+002 -0.402762252023219E+000  0.413124142531323E+000 -0.107536384819057E+002 -0.736792598956618E+003
  0.100000000000000E+001  0.147358416913706E+004 -0.192306770598572E+002  0.740906805657727E+002 -0.430200877850070E+000  0.451091455384399E+000 -0.107536384819057E+002 -0.736792084568528E+003
  0.100000000000000E+001  0.147357684423358E+004 -0.192636724337779E+002  0.730063925290701E+002 -0.482074492725580E+000  0.522821847838100E+000 -0.107536384819057E+002 -0.736788422116788E+003
  0.100000000000000E+001  0.147356983898137E+004 -0.192417833298362E+002  0.729476365112735E+002 -0.377425147826396E+000  0.425183835991861E+000 -0.107536384819057E+002 -0.736784919490683E+003
  0.100000000000000E+001  0.147356567303010E+004 -0.192163717565280E+002  0.739930964843873E+002 -0.392771401454942E+000  0.381720700742271E+000 -0.107536384819057E+002 -0.736782836515048E+003
  0.100000000000000E+001  0.147356426121142E+004 -0.192702381603055E+002  0.719800201705647E+002 -0.367092534519449E+000  0.390650638391920E+000 -0.107536384819057E+002 -0.736782130605712E+003
  0.100000000000000E+001  0.147356241858432E+004 -0.192793459548779E+002  0.723174699780606E+002 -0.408061475230076E+000  0.413940421214276E+000 -0.107536384819057E+002 -0.736781209292161E+003
  0.100000000000000E+001  0.147355553874499E+004 -0.192939057388622E+002  0.717522388687689E+002 -0.410742196025698E+000  0.396395835640378E+000 -0.107536384819057E+002 -0.736777769372495E+003
  0.100000000000000E+001  0.147355019039655E+004 -0.192212931090166E+002  0.743779609743455E+002 -0.448413270570863E+000  0.507422500204332E+000 -0.107536384819057E+002 -0.736775095198273E+003
  0.100000000000000E+001  0.147354407766251E+004 -0.192556602280774E+002  0.726559999435562E+002 -0.373331517989605E+000  0.321006764108422E+000 -0.107536384819057E+002 -0.736772038831256E+003
  0.100000000000000E+001  0.147354115160743E+004 -0.192363340313491E+002  0.731653624923215E+002 -0.344998545809621E+000  0.338822187697021E+000 -0.107536384819057E+002 -0.736770575803715E+003
  0.100000000000000E+001  0.147354110881954E+004 -0.192719573051417E+002  0.719479418883815E+002 -0.360903151461874E+000  0.359449628789704E+000 -0.107536384819057E+002 -0.736770554409770E+003
  0.100000000000000E+001  0.147351126223879E+004 -0.192553144080780E+002  0.731815535718525E+002 -0.472209510100450E+000  0.542386653182728E+000 -0.107536384819057E+002 -0.736755631119393E+003
  0.100000000000000E+001  0.147350918248666E+004 -0.192566798759656E+002  0.729988765429637E+002 -0.394044396297395E+000  0.364303831513789E+000 -0.107536384819057E+002 -0.736754591243330E+003
  0.100000000000000E+001  0.147350695360844E+004 -0.192732777588148E+002  0.719686930933961E+002 -0.356996783695359E+000  0.334811520414496E+000 -0.107536384819057E+002 -0.736753476804222E+003
  0.100000000000000E+001  0.147349205341318E+004 -0.192603804995259E+002  0.726988617399665E+002 -0.382248994383755E+000  0.441747193036609E+000 -0.107536384819057E+002 -0.736746026706589E+003
  0.100000000000000E+001  0.147348983306107E+004 -0.192128502391357E+002  0.740221332715460E+002 -0.375176708663079E+000  0.400412358969406E+000 -0.107536384819057E+002 -0.736744916530534E+003
  0.100000000000000E+001  0.147348955288254E+004 -0.193034643720853E+002  0.715571942590306E+002 -0.442813800022441E+000  0.465387426192775E+000 -0.107536384819057E+002 -0.736744776441269E+003
  0.100000000000000E+001  0.147348052796742E+004 -0.192663617327587E+002  0.728878779784015E+002 -0.438268272408128E+000  0.421849356542170E+000 -0.107536384819057E+002 -0.736740263983711E+003
  0.100000000000000E+001  0.147346455936512E+004 -0.192563986385421E+002  0.730348001721519E+002 -0.405864699236716E+000  0.460496963408289E+000 -0.107536384819057E+002 -0.736732279682562E+003
  0.100000000000000E+001  0.147346203382659E+004 -0.192113289401134E+002  0.744162668894431E+002 -0.414016406702636E+000  0.389000078837562E+000 -0.107536384819057E+002 -0.736731016913294E+003
  0.100000000000000E+001  0.147346039649213E+004 -0.192182916550387E+002  0.744176306570503E+002 -0.453117423464802E+000  0.456103701844345E+000 -0.107536384819057E+002 -0.736730198246064E+003
  0.100000000000000E+001  0.147344028563342E+004 -0.192368512515117E+002  0.731049998738128E+002 -0.369914113003565E+000  0.389390558501263E+000 -0.107536384819057E+002 -0.736720142816709E+003
  0.100000000000000E+001  0.147343383719185E+004 -0.192286782346717E+002  0.737526367520804E+002 -0.424487108840055E+000  0.505533803214920E+000 -0.107536384819057E+002 -0.736716918595927E+003
  0.100000000000000E+001  0.147342850464926E+004 -0.192282524755543E+002  0.740440489327697E+002 -0.458155408785714E+000  0.465915771329627E+000 -0.107536384819057E+002 -0.736714252324631E+003
  0.100000000000000E+001  0.147342843892668E+004 -0.192946844671896E+002  0.716293076911805E+002 -0.443791786974721E+000  0.486569120860941E+000 -0.107536384819057E+002 -0.736714219463342E+003
  0.100000000000000E+001  0.147342284032021E+004 -0.192611095630131E+002  0.729963426639360E+002 -0.475605984238356E+000  0.537222518144174E+000 -0.107536384819057E+002 -0.736711420160103E+003
  0.100000000000000E+001  0.147341662979341E+004 -0.192680817974761E+002  0.720733283071810E+002 -0.370792937538486E+000  0.384109569052967E+000 -0.107536384819057E+002 -0.736708314896706E+003
  0.100000000000000E+001  0.147340836492449E+004 -0.192611328637795E+002  0.729685673023867E+002 -0.410991073181427E+000  0.415544918689842E+000 -0.107536384819057E+002 -0.736704182462246E+003
  0.100000000000000E+001  0.147339995331626E+004 -0.192448357895708E+002  0.728919396444423E+002 -0.381800170540623E+000  0.385658849591042E+000 -0.107536384819057E+002 -0.736699976658130E+003
  0.100000000000000E+001  0.147338866101518E+004 -0.192327500085895E+002  0.733520279062170E+002 -0.348813891960352E+000  0.334917238975346E+000 -0.107536384819057E+002 -0.736694330507590E+003
  0.100000000000000E+001  0.147335639723518E+004 -0.192101436940148E+002  0.745550245823759E+002 -0.433070854784811E+000  0.427743396035405E+000 -0.107536384819057E+002 -0.736678198617589E+003
  0.100000000000000E+001  0.147335269742014E+004 -0.192627151312946E+002  0.726445894766008E+002 -0.382534101027449E+000  0.331061784707162E+000 -0.107536384819057E+002 -0.736676348710071E+003
  0.100000000000000E+001  0.147335227886726E+004 -0.192585273187545E+002  0.732998340491839E+002 -0.469527330688965E+000  0.507049160752153E+000 -0.107536384819057E+002 -0.736676139433632E+003
  0.100000000000000E+001  0.147334762787731E+004 -0.192773288135539E+002  0.719781485183727E+002 -0.419520567356305E+000  0.468889461347796E+000 -0.107536384819057E+002 -0.736673813938655E+003
  0.100000000000000E+001  0.147334551179789E+004 -0.192252928420196E+002  0.739424362261607E+002 -0.404062958832433E+000  0.356549147615977E+000 -0.107536384819057E+002 -0.736672755898947E+003
  0.100000000000000E+001  0.147333880770634E+004 -0.193012170739760E+002  0.714799407451219E+002 -0.407673573268756E+000  0.421521142270080E+000 -0.107536384819057E+002 -0.736669403853170E+003
  0.100000000000000E+001  0.147332126288346E+004 -0.193026694387696E+002  0.712844241602109E+002 -0.424307830345166E+000  0.487810398563925E+000 -0.107536384819057E+002 -0.736660631441728E+003
  0.100000000000000E+001  0.147331972662735E+004 -0.192693414083891E+002  0.728342353905598E+002 -0.441063868298729E+000  0.449258618931403E+000 -0.107536384819057E+002 -0.736659863313673E+003
  0.100000000000000E+001  0.147331165049087E+004 -0.192687793773483E+002  0.728657690960720E+002 -0.447997648302836E+000  0.449946873283801E+000 -0.107536384819057E+002 -0.736655825245433E+003
  0.100000000000000E+001  0.147331020221808E+004 -0.192796061586520E+002  0.719350075621289E+002 -0.364531925763709E+000  0.382111760757091E+000 -0.107536384819057E+002 -0.736655101109041E+003
  0.100000000000000E+001  0.147329817374793E+004 -0.192155656384855E+002  0.744991486673083E+002 -0.432439864337252E+000  0.418547081463214E+000 -0.107536384819057E+002 -0.736649086873964E+003
  0.100000000000000E+001  0.147329396623725E+004 -0.192727368564449E+002  0.726330858078647E+002 -0.431445276075415E+000  0.486101085178885E+000 -0.107536384819057E+002 -0.736646983118627E+003
  0.100000000000000E+001  0.147328757737447E+004 -0.192807177813769E+002  0.719339368265748E+002 -0.416353110956926E+000  0.419279935447112E+000 -0.107536384819057E+002 -0.736643788687236E+003
  0.100000000000000E+001  0.147327084081874E+004 -0.193069696493105E+002  0.711949587583879E+002 -0.414893809380108E+000  0.474669755510956E+000 -0.107536384819057E+002 -0.736635420409369E+003
  0.100000000000000E+001  0.147326422339806E+004 -0.192216060830147E+002  0.743862178560881E+002 -0.440189059789702E+000  0.479977430131920E+000 -0.107536384819057E+002 -0.736632111699031E+003
  0.100000000000000E+001  0.147323530581123E+004 -0.192912728739162E+002  0.716064596807815E+002 -0.415861193741978E+000  0.425144206400894E+000 -0.107536384819057E+002 -0.736617652905617E+003
  0.100000000000000E+001  0.147323142945909E+004 -0.192399527476705E+002  0.736143945399233E+002 -0.466517880408111E+000  0.512153447144367E+000 -0.107536384819057E+002 -0.736615714729546E+003
  0.100000000000000E+001  0.147323142744227E+004 -0.192946582600891E+002  0.715776867579909E+002 -0.387093430561394E+000  0.401217871278909E+000 -0.107536384819057E+002 -0.736615713721135E+003
  0.100000000000000E+001  0.147322637893678E+004 -0.192299362348837E+002  0.733886112525124E+002 -0.371110346339608E+000  0.370783087646712E+000 -0.107536384819057E+002 -0.736613189468388E+003
  0.100000000000000E+001  0.147322541815323E+004 -0.192867352712801E+002  0.720873256582594E+002 -0.416491774605589E+000  0.440231384734382E+000 -0.107536384819057E+002 -0.736612709076614E+003
  0.100000000000000E+001  0.147322087307670E+004 -0.192418896270532E+002  0.736961011100514E+002 -0.465530316857754E+000  0.534922168452958E+000 -0.107536384819057E+002 -0.736610436538349E+003
  0.100000000000000E+001  0.147321965809540E+004 -0.192133598652462E+002  0.742656898507624E+002 -0.408954746240925E+000  0.474556090682844E+000 -0.107536384819057E+002 -0.736609829047700E+003
  0.100000000000000E+001  0.147321900853188E+004 -0.192385587884707E+002  0.738356270479469E+002 -0.450744540509083E+000  0.513039032722933E+000 -0.107536384819057E+002 -0.736609504265938E+003
  0.100000000000000E+001  0.147320945888722E+004 -0.192500893091279E+002  0.728045895657559E+002 -0.403417828571511E+000  0.423115540840132E+000 -0.107536384819057E+002 -0.736604729443612E+003
  0.100000000000000E+001  0.147319641849119E+004 -0.192460430653756E+002  0.736450756520932E+002 -0.466317065778864E+000  0.473427223871209E+000 -0.107536384819057E+002 -0.736598209245597E+003
  0.100000000000000E+001  0.147319295187465E+004 -0.192704045108042E+002  0.727075425347130E+002 -0.430235682554700E+000  0.483247161617547E+000 -0.107536384819057E+002 -0.736596475937327E+003
  0.100000000000000E+001  0.147319287952125E+004 -0.192806069296338E+002  0.724337776693707E+002 -0.445439224247997E+000  0.452830295564914E+000 -0.107536384819057E+002 -0.736596439760626E+003
  0.100000000000000E+001  0.147318953633191E+004 -0.192789147424332E+002  0.718558110097854E+002 -0.386690876099586E+000  0.378217756215732E+000 -0.107536384819057E+002 -0.736594768165956E+003
  0.100000000000000E+001  0.147318348392744E+004 -0.192127257526904E+002  0.744550257958197E+002 -0.445772434468494E+000  0.485299594871837E+000 -0.107536384819057E+002 -0.736591741963721E+003
  0.100000000000000E+001  0.147317382409150E+004 -0.192817759160977E+002  0.720716472936159E+002 -0.392751495097301E+000  0.367194963037405E+000 -0.107536384819057E+002 -0.736586912045749E+003
  0.100000000000000E+001  0.147315989984744E+004 -0.192756419823890E+002  0.719362051136789E+002 -0.360859746648467E+000  0.340961797513907E+000 -0.107536384819057E+002 -0.736579949923719E+003
  0.100000000000000E+001  0.147315188641685E+004 -0.192386495021881E+002  0.739328436559757E+002 -0.461406951731023E+000  0.485805187888096E+000 -0.107536384819057E+002 -0.736575943208426E+003
  0.100000000000000E+001  0.147315130554772E+004 -0.192883954612235E+002  0.718414162945058E+002 -0.418769592717122E+000  0.501973906254017E+000 -0.107536384819057E+002 -0.736575652773858E+003
  0.100000000000000E+001  0.147315066406863E+004 -0.192283858265205E+002  0.736001308674119E+002 -0.402902845179873E+000  0.474280583955361E+000 -0.107536384819057E+002 -0.736575332034315E+003
  0.100000000000000E+001  0.147314682526988E+004 -0.192283815324645E+002  0.739425915895289E+002 -0.416260059746178E+000  0.483919957731378E+000 -0.107536384819057E+002 -0.736573412634941E+003
  0.100000000000000E+001  0.147312976172640E+004 -0.192335956066385E+002  0.738864382455926E+002 -0.413537403184784E+000  0.403109996945545E+000 -0.107536384819057E+002 -0.736564880863201E+003
  0.100000000000000E+001  0.147312897305253E+004 -0.192093485062571E+002  0.743442066644626E+002 -0.389866902798477E+000  0.369328619234056E+000 -0.107536384819057E+002 -0.736564486526266E+003
  0.100000000000000E+001  0.147312332505902E+004 -0.192278438923315E+002  0.741251839007563E+002 -0.433457315208074E+000  0.414598882942652E+000 -0.107536384819057E+002 -0.736561662529509E+003
  0.100000000000000E+001  0.147311622494341E+004 -0.192484781824905E+002  0.733419421845800E+002 -0.455827223977998E+000  0.455746261663700E+000 -0.107536384819057E+002 -0.736558112471706E+003
  0.100000000000000E+001  0.147311055868415E+004 -0.192708506497190E+002  0.722840728288625E+002 -0.373940092002611E+000  0.419836032574552E+000 -0.107536384819057E+002 -0.736555279342076E+003
  0.100000000000000E+001  0.147308987728439E+004 -0.192633081493959E+002  0.725500711635715E+002 -0.430895941964662E+000  0.510735434049719E+000 -0.107536384819057E+002 -0.736544938642197E+003
  0.100000000000000E+001  0.147308693604472E+004 -0.192453033802218E+002  0.735728454871831E+002 -0.449110562571450E+000  0.433162502175102E+000 -0.107536384819057E+002 -0.736543468022359E+003
  0.100000000000000E+001  0.147308452753978E+004 -0.192722795959584E+002  0.720894071117850E+002 -0.365757658196035E+000  0.420052817541937E+000 -0.107536384819057E+002 -0.736542263769891E+003
  0.100000000000000E+001  0.147306733686348E+004 -0.192613689010724E+002  0.725454525935702E+002 -0.360162490335889E+000  0.365138091509553E+000 -0.107536384819057E+002 -0.736533668431738E+003
  0.100000000000000E+001  0.147306366815287E+004 -0.192592647773457E+002  0.724058616258085E+002 -0.379433056402680E+000  0.443204614589741E+000 -0.107536384819057E+002 -0.736531834076437E+003
  0.100000000000000E+001  0.147304811626278E+004 -0.192872414136429E+002  0.720178354824555E+002 -0.454202186172688E+000  0.475748281748292E+000 -0.107536384819057E+002 -0.736524058131389E+003
  0.100000000000000E+001  0.147304710785792E+004 -0.192773026324396E+002  0.721803110628759E+002 -0.383656906178830E+000  0.363689678915115E+000 -0.107536384819057E+002 -0.736523553928962E+003
  0.100000000000000E+001  0.147303242314920E+004 -0.192753412671387E+002  0.724892561953398E+002 -0.416210656773097E+000  0.423178087969251E+000 -0.107536384819057E+002 -0.736516211574599E+003
  0.100000000000000E+001  0.147303021173633E+004 -0.192322474300372E+002  0.738502216598336E+002 -0.447628430880126E+000  0.523530180827233E+000 -0.107536384819057E+002 -0.736515105868163E+003
  0.100000000000000E+001  0.147302752094676E+004 -0.193057710858820E+002  0.712147289455957E+002 -0.404356130747342E+000  0.443278398922201E+000 -0.107536384819057E+002 -0.736513760473380E+003
  0.100000000000000E+001  0.147302294899628E+004 -0.192728964323107E+002  0.724991040592114E+002 -0.457774209552844E+000  0.473799307527432E+000 -0.107536384819057E+002 -0.736511474498139E+003
  0.100000000000000E+001  0.147302062579130E+004 -0.192869823348571E+002  0.715722255997619E+002 -0.384589442672544E+000  0.397584783754477E+000 -0.107536384819057E+002 -0.736510312895649E+003
  0.100000000000000E+001  0.147301918410101E+004 -0.192699044069718E+002  0.720730900016061E+002 -0.355344742347962E+000  0.347598487371362E+000 -0.107536384819057E+002 -0.736509592050506E+003
  0.100000000000000E+001  0.147301788023885E+004 -0.192572113089672E+002  0.728964770618734E+002 -0.383726399049924E+000  0.362302707750903E+000 -0.107536384819057E+002 -0.736508940119427E+003
  0.100000000000000E+001  0.147301592112852E+004 -0.192739285139592E+002  0.721588859082494E+002 -0.369236973425391E+000  0.399219856486493E+000 -0.107536384819057E+002 -0.736507960564260E+003
  0.100000000000000E+001  0.147301319536022E+004 -0.192801519670705E+002  0.718617251425526E+002 -0.409435021151928E+000  0.439383315248842E+000 -0.107536384819057E+002 -0.736506597680111E+003
  0.100000000000000E+001  0.147301068598402E+004 -0.192165899743434E+002  0.742704457687271E+002 -0.411516201446960E+000  0.381524497935296E+000 -0.107536384819057E+002 -0.736505342992008E+003
  0.100000000000000E+001  0.147300509415455E+004 -0.192870687231182E+002  0.719532088809720E+002 -0.399616487570749E+000  0.401984716099346E+000 -0.107536384819057E+002 -0.736502547077274E+003
  0.100000000000000E+001  0.147300108188771E+004 -0.192827795380789E+002  0.721512710113308E+002 -0.460863177975026E+000  0.508411595131754E+000 -0.107536384819057E+002 -0.736500540943854E+003
  0.100000000000000E+001  0.147300012033303E+004 -0.192094438481030E+002  0.747260694319976E+002 -0.441829811788335E+000  0.463601459021874E+000 -0.107536384819057E+002 -0.736500060166515E+003
  0.100000000000000E+001  0.147299581470992E+004 -0.192837745672113E+002  0.718998856225219E+002 -0.385556344833246E+000  0.439133672138666E+000 -0.107536384819057E+002 -0.736497907354958E+003
  0.100000000000000E+001  0.147298466265246E+004 -0.192155984759251E+002  0.740578719640409E+002 -0.396546637167953E+000  0.392201090739195E+000 -0.107536384819057E+002 -0.736492331326232E+003
  0.100000000000000E+001  0.147298429231511E+004 -0.192809281906882E+002  0.717924705916265E+002 -0.368262270206643E+000  0.353204332650964E+000 -0.107536384819057E+002 -0.736492146157556E+003
  0.100000000000000E+001  0.147298383782716E+004 -0.192706533591174E+002  0.723292017564142E+002 -0.412466746231964E+000  0.388098091668276E+000 -0.107536384819057E+002 -0.736491918913580E+003
  0.100000000000000E+001  0.147297928260023E+004 -0.192694828347055E+002  0.721426469060007E+002 -0.353616520471462E+000  0.353318717982281E+000 -0.107536384819057E+002 -0.736489641300113E+003
  0.100000000000000E+001  0.147297214128005E+004 -0.193004389115877E+002  0.713358565492645E+002 -0.411051943327675E+000  0.426316270069433E+000 -0.107536384819057E+002 -0.736486070640024E+003
  0.100000000000000E+001  0.147296922356286E+004 -0.192310444449232E+002  0.737842185078443E+002 -0.390580231252660E+000  0.354631412210740E+000 -0.107536384819057E+002 -0.736484611781430E+003
  0.100000000000000E+001  0.147296602137344E+004 -0.192161167224838E+002  0.740723613147376E+002 -0.399091459842524E+000  0.460249729526405E+000 -0.107536384819057E+002 -0.736483010686720E+003
  0.100000000000000E+001  0.147296397041909E+004 -0.192923587213853E+002  0.715406123564489E+002 -0.383396863949342E+000  0.374706549751991E+000 -0.107536384819057E+002 -0.736481985209547E+003
  0.100000000000000E+001  0.147294394959946E+004 -0.192788031341899E+002  0.718884539218685E+002 -0.386084076132684E+000  0.461671242792214E+000 -0.107536384819057E+002 -0.736471974799731E+003
  0.100000000000000E+001  0.147291810661176E+004 -0.192564361331591E+002  0.724834865605426E+002 -0.357676519239841E+000  0.347633702049216E+000 -0.107536384819057E+002 -0.736459053305881E+003
  0.100000000000000E+001  0.147289389711883E+004 -0.192366276304534E+002  0.738230700974080E+002 -0.420409707445976E+000  0.435890648898594E+000 -0.107536384819057E+002 -0.736446948559416E+003
  0.100000000000000E+001  0.147289143991971E+004 -0.192215418530069E+002  0.737254075066072E+002 -0.374336113671587E+000  0.378468987679384E+000 -0.107536384819057E+002 -0.736445719959855E+003
  0.100000000000000E+001  0.147288918102663E+004 -0.192854786603280E+002  0.716468224527615E+002 -0.383001869158017E+000  0.383250674864818E+000 -0.107536384819057E+002 -0.736444590513315E+003
  0.100000000000000E+001  0.147287875954699E+004 -0.192292446690977E+002  0.734658080343552E+002 -0.382804677914590E+000  0.386966026096575E+000 -0.107536384819057E+002 -0.736439379773496E+003
  0.100000000000000E+001  0.147287376556497E+004 -0.192574979112195E+002  0.730508910779260E+002 -0.407240422360060E+000  0.412136678614044E+000 -0.107536384819057E+002 -0.736436882782486E+003
  0.100000000000000E+001  0.147285826127477E+004 -0.192076226795339E+002  0.746361726700652E+002 -0.434894607945461E+000  0.452177368695513E+000 -0.107536384819057E+002 -0.736429130637385E+003
  0.100000000000000E+001  0.147283234190903E+004 -0.192742386735564E+002  0.723671230157245E+002 -0.396243689353862E+000  0.433089055905680E+000 -0.107536384819057E+002 -0.736416170954515E+003
  0.100000000000000E+001  0.147282888756884E+004 -0.192413410111804E+002  0.732162780937783E+002 -0.382371524129098E+000  0.452454467282987E+000 -0.107536384819057E+002 -0.736414443784422E+003
  0.100000000000000E+001  0.147282273538492E+004 -0.192367120353837E+002  0.737577147869567E+002 -0.464081647704485E+000  0.523793478139178E+000 -0.107536384819057E+002 -0.736411367692459E+003
  0.100000000000000E+001  0.147281171107482E+004 -0.192615015446193E+002  0.731422975701234E+002 -0.454574663143148E+000  0.484254653213587E+000 -0.107536384819057E+002 -0.736405855537409E+003
  0.100000000000000E+001  0.147279033623191E+004 -0.192492051668410E+002  0.730305169981423E+002 -0.403693282997405E+000  0.489217367600161E+000 -0.107536384819057E+002 -0.736395168115955E+003
  0.100000000000000E+001  0.147278876638981E+004 -0.192993936671937E+002  0.713030367072962E+002 -0.389620819364955E+000  0.410859969368707E+000 -0.107536384819057E+002 -0.736394383194906E+003
  0.100000000000000E+001  0.147277609128144E+004 -0.192245773066748E+002  0.742484430987867E+002 -0.438167096956499E+000  0.484392873034939E+000 -0.107536384819057E+002 -0.736388045640719E+003
  0.100000000000000E+001  0.147277242208585E+004 -0.192446672795264E+002  0.731717195034745E+002 -0.373434210439767E+000  0.411147281075902E+000 -0.107536384819057E+002 -0.736386211042924E+003
  0.100000000000000E+001  0.147277164401424E+004 -0.192610275103313E+002  0.729972447935743E+002 -0.462523813417643E+000  0.536620599802325E+000 -0.107536384819057E+002 -0.736385822007118E+003
  0.100000000000000E+001  0.147275935818056E+004 -0.192523845437899E+002  0.727607275119355E+002 -0.410383105420645E+000  0.467280131106628E+000 -0.107536384819057E+002 -0.736379679090282E+003
  0.100000000000000E+001  0.147274485619765E+004 -0.192512220236905E+002  0.729591744795055E+002 -0.388282651816850E+000  0.459940914209833E+000 -0.107536384819057E+002 -0.736372428098826E+003
  0.100000000000000E+001  0.147274466114664E+004 -0.192806035967457E+002  0.721423805847815E+002 -0.423519426884923E+000  0.404113593994557E+000 -0.107536384819057E+002 -0.736372330573320E+003
  0.100000000000000E+001  0.147274200460735E+004 -0.192676540399890E+002  0.721162383546700E+002 -0.360865010090529E+000  0.368966457993226E+000 -0.107536384819057E+002 -0.736371002303676E+003
  0.100000000000000E+001  0.147274140200139E+004 -0.192921456241061E+002  0.719122471614842E+002 -0.438047126995227E+000  0.444170206374896E+000 -0.107536384819057E+002 -0.736370701000693E+003
  0.100000000000000E+001  0.147273632977569E+004 -0.192968561298107E+002  0.717733232011891E+002 -0.453825765394506E+000  0.505008726756932E+000 -0.107536384819057E+002 -0.736368164887843E+003
  0.100000000000000E+001  0.147272165105540E+004 -0.192308104829781E+002  0.734823398479847E+002 -0.358060376482948E+000  0.348527507721945E+000 -0.107536384819057E+002 -0.736360825527698E+003
  0.100000000000000E+001  0.147270564687059E+004 -0.193010848046621E+002  0.714261730801281E+002 -0.410865435330222E+000  0.462531544203230E+000 -0.107536384819057E+002 -0.736352823435295E+003
  0.100000000000000E+001  0.147269078785571E+004 -0.192907995241381E+002  0.716457054358532E+002 -0.388313336496092E+000  0.438698806598284E+000 -0.107536384819057E+002 -0.736345393927855E+003
  0.100000000000000E+001  0.147268296405228E+004 -0.192405313598952E+002  0.734654651248489E+002 -0.387061460576639E+000  0.398686356672229E+000 -0.107536384819057E+002 -0.736341482026141E+003
  0.100000000000000E+001  0.147265137922418E+004 -0.192372855614735E+002  0.734573837087309E+002 -0.376648540423343E+000  0.404223256998829E+000 -0.107536384819057E+002 -0.736325689612089E+003
  0.100000000000000E+001  0.147263449986940E+004 -0.192820339612236E+002  0.722058021550284E+002 -0.461533848353284E+000  0.515247332481091E+000 -0.107536384819057E+002 -0.736317249934701E+003
  0.100000000000000E+001  0.147262284273181E+004 -0.192325298049325E+002  0.736200827164581E+002 -0.377213493367483E+000  0.345030340012968E+000 -0.107536384819057E+002 -0.736311421365905E+003
  0.100000000000000E+001  0.147260334605725E+004 -0.192128953992852E+002  0.742030532233288E+002 -0.379093272540144E+000  0.390280657582234E+000 -0.107536384819057E+002 -0.736301673028627E+003
  0.100000000000000E+001  0.147259410903107E+004 -0.192667767384255E+002  0.723153672230569E+002 -0.383150993217597E+000  0.457600931920848E+000 -0.107536384819057E+002 -0.736297054515537E+003
  0.100000000000000E+001  0.147258699347632E+004 -0.192290736213711E+002  0.735223449737615E+002 -0.364052770319633E+000  0.342695178909883E+000 -0.107536384819057E+002 -0.736293496738161E+003
  0.100000000000000E+001  0.147257917049610E+004 -0.192243430650462E+002  0.737854726929757E+002 -0.406178180398186E+000  0.408283643020991E+000 -0.107536384819057E+002 -0.736289585248050E+003
  0.100000000000000E+001  0.147257883742440E+004 -0.192930241690190E+002  0.717836520713324E+002 -0.412680453915999E+000  0.419883044353456E+000 -0.107536384819057E+002 -0.736289418712201E+003
  0.100000000000000E+001  0.147257708696282E+004 -0.192094443314500E+002  0.744091529048747E+002 -0.391053128529583E+000  0.390106581112752E+000 -0.107536384819057E+002 -0.736288543481412E+003
  0.100000000000000E+001  0.147257286119030E+004 -0.192166068759084E+002  0.744945742848063E+002 -0.451991127567618E+000  0.481962216392264E+000 -0.107536384819057E+002 -0.736286430595150E+003
  0.100000000000000E+001  0.147256550064234E+004 -0.192520922043477E+002  0.729742058585350E+002 -0.440605371820228E+000  0.491735161381264E+000 -0.107536384819057E+002 -0.736282750321168E+003
  0.100000000000000E+001  0.147256458771586E+004 -0.192394722880803E+002  0.734014945961109E+002 -0.438925400027006E+000  0.486713163590647E+000 -0.107536384819057E+002 -0.736282293857931E+003
  0.100000000000000E+001  0.147255913601724E+004 -0.192878868257985E+002  0.717508355571017E+002 -0.404554908906698E+000  0.479811056838183E+000 -0.107536384819057E+002 -0.736279568008619E+003
  0.100000000000000E+001  0.147255593430742E+004 -0.192351300546278E+002  0.735859780687110E+002 -0.380462274339587E+000  0.383265131084145E+000 -0.107536384819057E+002 -0.736277967153710E+003
  0.100000000000000E+001  0.147255147810826E+004 -0.192216485351068E+002  0.741794004582175E+002 -0.448545612602500E+000  0.474657837642831E+000 -0.107536384819057E+002 -0.736275739054132E+003
  0.100000000000000E+001  0.147255000004020E+004 -0.192296226444563E+002  0.738021659556447E+002 -0.443672684549387E+000  0.486238246082030E+000 -0.107536384819057E+002 -0.736275000020101E+003
  0.100000000000000E+001  0.147254416455040E+004 -0.192718551513549E+002  0.719922696267101E+002 -0.371141757695366E+000  0.409183055562988E+000 -0.107536384819057E+002 -0.736272082275202E+003
  0.100000000000000E+001  0.147254263290309E+004 -0.192237745809703E+002  0.740896901372143E+002 -0.417972299438175E+000  0.478681344542141E+000 -0.107536384819057E+002 -0.736271316451546E+003
  0.100000000000000E+001  0.147253465775737E+004 -0.192738063845716E+002  0.725084499966203E+002 -0.414103197690243E+000  0.439480926657907E+000 -0.107536384819057E+002 -0.736267328878686E+003
  0.100000000000000E+001  0.147253455539391E+004 -0.192438637637964E+002  0.731905655602696E+002 -0.368871754632008E+000  0.379556827243749E+000 -0.107536384819057E+002 -0.736267277696955E+003
  0.100000000000000E+001  0.147253438563895E+004 -0.192277773193328E+002  0.740381123696497E+002 -0.411472057318755E+000  0.425399354925119E+000 -0.107536384819057E+002 -0.736267192819473E+003
  0.100000000000000E+001  0.147252621599170E+004 -0.192525050248816E+002  0.732457903255583E+002 -0.441672554603160E+000  0.516877213669925E+000 -0.107536384819057E+002 -0.736263107995850E+003
  0.100000000000000E+001  0.147252343129633E+004 -0.192298483748126E+002  0.737392533022996E+002 -0.398075159031420E+000  0.462307143761627E+000 -0.107536384819057E+002 -0.736261715648164E+003
  0.100000000000000E+001  0.147251288063609E+004 -0.192468136347724E+002  0.731402391334748E+002 -0.375859153326946E+000  0.342252291137508E+000 -0.107536384819057E+002 -0.736256440318043E+003
  0.100000000000000E+001  0.147250242869927E+004 -0.192604377035125E+002  0.730222548602707E+002 -0.421917113467564E+000  0.430195985520195E+000 -0.107536384819057E+002 -0.736251214349633E+003
  0.100000000000000E+001  0.147250227246909E+004 -0.192464110993507E+002  0.734129721576993E+002 -0.413965697487251E+000  0.388326327817880E+000 -0.107536384819057E+002 -0.736251136234546E+003
  0.100000000000000E+001  0.147249725962258E+004 -0.192573467174050E+002  0.729928061229429E+002 -0.451028337649781E+000  0.456955586593141E+000 -0.107536384819057E+002 -0.736248629811291E+003
  0.100000000000000E+001  0.147248410336834E+004 -0.192440266509061E+002  0.730494431261823E+002 -0.375860755755286E+000  0.340705797716698E+000 -0.107536384819057E+002 -0.736242051684170E+003
  0.100000000000000E+001  0.147248257179768E+004 -0.192695263656049E+002  0.726723682285203E+002 -0.462905636753024E+000  0.486423983207023E+000 -0.107536384819057E+002 -0.736241285898842E+003
  0.100000000000000E+001  0.147247617764671E+004 -0.192647191717496E+002  0.724470802925065E+002 -0.386929184746553E+000  0.460989652207791E+000 -0.107536384819057E+002 -0.736238088823354E+003
  0.100000000000000E+001  0.147247302178573E+004 -0.192569767914986E+002  0.724997284508573E+002 -0.368505532701392E+000  0.362977228554747E+000 -0.107536384819057E+002 -0.736236510892865E+003
  0.100000000000000E+001  0.147247107664933E+004 -0.192547106230559E+002  0.727443133615761E+002 -0.396858836464723E+000  0.478534838661902E+000 -0.107536384819057E+002 -0.736235538324664E+003
  0.100000000000000E+001  0.147246428467829E+004 -0.192497572832843E+002  0.728604892448683E+002 -0.375376696715404E+000  0.339264106745172E+000 -0.107536384819057E+002 -0.736232142339143E+003
  0.100000000000000E+001  0.147245548016570E+004 -0.192388719165003E+002  0.731673759286455E+002 -0.375528024404267E+000  0.356657799046916E+000 -0.107536384819057E+002 -0.736227740082851E+003
  0.100000000000000E+001  0.147245304250592E+004 -0.192905384366763E+002  0.716755245463519E+002 -0.396946897567260E+000  0.388036240433146E+000 -0.107536384819057E+002 -0.736226521252960E+003
  0.100000000000000E+001  0.147243091920056E+004 -0.192476020880727E+002  0.732042775781610E+002 -0.431350155219632E+000  0.419592708113090E+000 -0.107536384819057E+002 -0.736215459600281E+003
  0.100000000000000E+001  0.147242741235234E+004 -0.192868395693222E+002  0.716410693068304E+002 -0.377390368228268E+000  0.421194012113092E+000 -0.107536384819057E+002 -0.736213706176168E+003
  0.100000000000000E+001  0.147241245854841E+004 -0.192794183835842E+002  0.721143155906592E+002 -0.442246913532045E+000  0.484196469238420E+000 -0.107536384819057E+002 -0.736206229274205E+003
  0.100000000000000E+001  0.147239827263329E+004 -0.192623057619392E+002  0.730510616378854E+002 -0.456738823591621E+000  0.515370335014870E+000 -0.107536384819057E+002 -0.736199136316646E+003
  0.100000000000000E+001  0.147239328682988E+004 -0.192722988574720E+002  0.723057467365569E+002 -0.426798592370347E+000  0.429960496229153E+000 -0.107536384819057E+002 -0.736196643414942E+003
  0.100000000000000E+001  0.147238638395839E+004 -0.192883595573652E+002  0.719633162760374E+002 -0.414113429846691E+000  0.420464016844165E+000 -0.107536384819057E+002 -0.736193191979193E+003
  0.100000000000000E+001  0.147238001085430E+004 -0.192586543726162E+002  0.724994316177548E+002 -0.359720137892897E+000  0.394064611487194E+000 -0.107536384819057E+002 -0.736190005427151E+003
  0.100000000000000E+001  0.147237885138641E+004 -0.192528872006091E+002  0.728300329274952E+002 -0.418510952070866E+000  0.490039185363361E+000 -0.107536384819057E+002 -0.736189425693204E+003
  0.100000000000000E+001  0.147236161757781E+004 -0.192510623164978E+002  0.732555188173925E+002 -0.427774216597634E+000  0.399792665806232E+000 -0.107536384819057E+002 -0.736180808788903E+003
  0.100000000000000E+001  0.147235978686163E+004 -0.192339835409383E+002  0.735208175748218E+002 -0.376776741756317E+000  0.413725204603522E+000 -0.107536384819057E+002 -0.736179893430815E+003
  0.100000000000000E+001  0.147235948191781E+004 -0.192918300638565E+002  0.719113640030685E+002 -0.439989491881712E+000  0.453402974949364E+000 -0.107536384819057E+002 -0.736179740958907E+003
  0.100000000000000E+001  0.147233764731285E+004 -0.192832836444377E+002  0.717000079123101E+002 -0.374006747227839E+000  0.391528640813629E+000 -0.107536384819057E+002 -0.736168823656426E+003
  0.100000000000000E+001  0.147231981501389E+004 -0.192392696424880E+002  0.735660247514282E+002 -0.455023007171722E+000  0.504659704736881E+000 -0.107536384819057E+002 -0.736159907506945E+003
  0.100000000000000E+001  0.147229392552677E+004 -0.192905401120385E+002  0.717234600092992E+002 -0.422876637938277E+000  0.434805558448790E+000 -0.107536384819057E+002 -0.736146962763383E+003
  0.100000000000000E+001  0.147228464588101E+004 -0.192658741506568E+002  0.727633043594094E+002 -0.452406189440132E+000  0.457503261556144E+000 -0.107536384819057E+002 -0.736142322940504E+003
  0.100000000000000E+001  0.147227376524353E+004 -0.192283509619986E+002  0.741001471090958E+002 -0.432490467348010E+000  0.470876616149800E+000 -0.107536384819057E+002 -0.736136882621765E+003
  0.100000000000000E+001  0.147227049298059E+004 -0.192622536893220E+002  0.729389170481917E+002 -0.468670010595501E+000  0.520519480362086E+000 -0.107536384819057E+002 -0.736135246490293E+003
  0.100000000000000E+001  0.147226512725542E+004 -0.192327380785421E+002  0.736695139190407E+002 -0.408057671795974E+000  0.374649883358936E+000 -0.107536384819057E+002 -0.736132563627708E+003
  0.100000000000000E+001  0.147226030194183E+004 -0.192190748348291E+002  0.742267125199199E+002 -0.401883930815909E+000  0.404826682753646E+000 -0.107536384819057E+002 -0.736130150970912E+003
  0.100000000000000E+001  0.147225883492834E+004 -0.192596024021367E+002  0.730382109270124E+002 -0.467795809638566E+000  0.526956191944970E+000 -0.107536384819057E+002 -0.736129417464171E+003
  0.100000000000000E+001  0.147225882933867E+004 -0.192641324575170E+002  0.727061916519592E+002 -0.393969925795826E+000  0.390205206235587E+000 -0.107536384819057E+002 -0.736129414669337E+003
  0.100000000000000E+001  0.147224957401941E+004 -0.192664664366127E+002  0.726990143887823E+002 -0.404514741519495E+000  0.413845192462238E+000 -0.107536384819057E+002 -0.736124787009703E+003
  0.100000000000000E+001  0.147224166316202E+004 -0.192484342460217E+002  0.727878785030082E+002 -0.381470846728620E+000  0.410952447444552E+000 -0.107536384819057E+002 -0.736120831581008E+003
  0.100000000000000E+001  0.147224135213547E+004 -0.192719133545424E+002  0.723832285288524E+002 -0.397864827584716E+000  0.455532399338251E+000 -0.107536384819057E+002 -0.736120676067736E+003
  0.100000000000000E+001  0.147223659275312E+004 -0.192370903529641E+002  0.736197964535829E+002 -0.427298420625452E+000  0.503165553389747E+000 -0.107536384819057E+002 -0.736118296376559E+003
  0.100000000000000E+001  0.147223567046871E+004 -0.192823731298078E+002  0.723169259109780E+002 -0.442620924164017E+000  0.458682524145554E+000 -0.107536384819057E+002 -0.736117835234355E+003
  0.100000000000000E+001  0.147223225637808E+004 -0.192577523955536E+002  0.724556966967651E+002 -0.361998621273554E+000  0.383440836542456E+000 -0.107536384819057E+002 -0.736116128189038E+003
  0.100000000000000E+001  0.147222347173977E+004 -0.192431594581216E+002  0.734240326764075E+002 -0.425677534913398E+000  0.502925232567480E+000 -0.107536384819057E+002 -0.736111735869884E+003
  0.100000000000000E+001  0.147221880753710E+004 -0.192562684474573E+002  0.729663254699376E+002 -0.395217080406329E+000  0.372737491713899E+000 -0.107536384819057E+002 -0.736109403768550E+003
  0.100000000000000E+001  0.147221660521512E+004 -0.192630808328372E+002  0.723550101467067E+002 -0.380535523467272E+000  0.375336663837757E+000 -0.107536384819057E+002 -0.736108302607560E+003
  0.100000000000000E+001  0.147221006173132E+004 -0.192858470770005E+002  0.718498285401446E+002 -0.426861867543577E+000  0.450322911648401E+000 -0.107536384819057E+002 -0.736105030865661E+003
  0.100000000000000E+001  0.147220526710563E+004 -0.192236007581042E+002  0.739767876504867E+002 -0.389624298369742E+000  0.370069717311749E+000 -0.107536384819057E+002 -0.736102633552814E+003
  0.100000000000000E+001  0.147220482550944E+004 -0.192682966145627E+002  0.722132282726630E+002 -0.363625890769692E+000  0.394037996890092E+000 -0.107536384819057E+002 -0.736102412754719E+003
  0.100000000000000E+001  0.147220088215474E+004 -0.192535247395993E+002  0.733534519069219E+002 -0.470498596753257E+000  0.517600731176922E+000 -0.107536384819057E+002 -0.736100441077368E+003
  0.100000000000000E+001  0.147219375030209E+004 -0.192689607266308E+002  0.722440759091182E+002 -0.364469441370029E+000  0.360827802454422E+000 -0.107536384819057E+002 -0.736096875151044E+003
  0.100000000000000E+001  0.147218738657267E+004 -0.192374012985235E+002  0.738814603462182E+002 -0.451362517262337E+000  0.494502700740852E+000 -0.107536384819057E+002 -0.736093693286333E+003
  0.100000000000000E+001  0.147218319426122E+004 -0.192771860362586E+002  0.724364740446465E+002 -0.460370811257085E+000  0.486328086626530E+000 -0.107536384819057E+002 -0.736091597130608E+003
  0.100000000000000E+001  0.147218310600511E+004 -0.192319113779505E+002  0.738065799539065E+002 -0.438162434702795E+000  0.435522493583733E+000 -0.107536384819057E+002 -0.736091553002557E+003
  0.100000000000000E+001  0.147218078006984E+004 -0.192626770199773E+002  0.725639171372494E+002 -0.394628661124096E+000  0.470166905441980E+000 -0.107536384819057E+002 -0.736090390034922E+003
  0.100000000000000E+001  0.147217253378463E+004 -0.192492987954471E+002  0.734829570028185E+002 -0.442433296068610E+000  0.469534253665857E+000 -0.107536384819057E+002 -0.736086266892316E+003
  0.100000000000000E+001  0.147215803957710E+004 -0.192656540695152E+002  0.722578920550680E+002 -0.377012381977743E+000  0.375280920266984E+000 -0.107536384819057E+002 -0.736079019788552E+003
  0.100000000000000E+001  0.147215744703339E+004 -0.192487599458180E+002  0.731489363333381E+002 -0.433930532154360E+000  0.434600708303567E+000 -0.107536384819057E+002 -0.736078723516694E+003
  0.100000000000000E+001  0.147213559921179E+004 -0.192707738780721E+002  0.725056786615591E+002 -0.425144275027859E+000  0.502966405272477E+000 -0.107536384819057E+002 -0.736067799605896E+003
  0.100000000000000E+001  0.147212788183958E+004 -0.192537626240562E+002  0.732673374418049E+002 -0.467163266433403E+000  0.494504499565315E+000 -0.107536384819057E+002 -0.736063940919791E+003
  0.100000000000000E+001  0.147212657325030E+004 -0.192574444678188E+002  0.731184254135729E+002 -0.457415769798262E+000  0.526920655129507E+000 -0.107536384819057E+002 -0.736063286625148E+003
  0.100000000000000E+001  0.147211991706589E+004 -0.192887722478513E+002  0.719187844075539E+002 -0.447041901130496E+000  0.508304935594507E+000 -0.107536384819057E+002 -0.736059958532946E+003
  0.100000000000000E+001  0.147211541532378E+004 -0.192676862423012E+002  0.727557616843922E+002 -0.433209226249193E+000  0.422666262832561E+000 -0.107536384819057E+002 -0.736057707661888E+003
  0.100000000000000E+001  0.147210803873373E+004 -0.192576732135314E+002  0.728607314359883E+002 -0.424011106678539E+000  0.507517109154563E+000 -0.107536384819057E+002 -0.736054019366864E+003
  0.100000000000000E+001  0.147209593954047E+004 -0.192435412117012E+002  0.735707565498720E+002 -0.423734038464535E+000  0.457012336520904E+000 -0.107536384819057E+002 -0.736047969770235E+003
  0.100000000000000E+001  0.147209176383965E+004 -0.192365914950231E+002  0.734696505696798E+002 -0.385687820009929E+000  0.435091538556433E+000 -0.107536384819057E+002 -0.736045881919825E+003
  0.100000000000000E+001  0.147209101532794E+004 -0.192714392569622E+002  0.721269314288609E+002 -0.398910785728737E+000  0.463657334766447E+000 -0.107536384819057E+002 -0.736045507663970E+003
  0.100000000000000E+001  0.147208752438325E+004 -0.192605438688741E+002  0.727748774046815E+002 -0.387735989877882E+000  0.380276867187231E+000 -0.107536384819057E+002 -0.736043762191627E+003
  0.100000000000000E+001  0.147206350919174E+004 -0.192600395923727E+002  0.724713930960113E+002 -0.363098377081440E+000  0.350339181744816E+000 -0.107536384819057E+002 -0.736031754595872E+003
  0.100000000000000E+001  0.147205385887942E+004 -0.192287744892723E+002  0.737871695188873E+002 -0.414857669888465E+000  0.397279537670604E+000 -0.107536384819057E+002 -0.736026929439710E+003
  0.100000000000000E+001  0.147205072752952E+004 -0.192644499863455E+002  0.726127872023494E+002 -0.409832402694838E+000  0.379631626650738E+000 -0.107536384819057E+002 -0.736025363764760E+003
  0.100000000000000E+001  0.147205034064928E+004 -0.192848952642719E+002  0.716949484885896E+002 -0.382118719134324E+000  0.427866109775461E+000 -0.107536384819057E+002 -0.736025170324640E+003
  0.100000000000000E+001  0.147204612532712E+004 -0.192672400208793E+002  0.727926382537399E+002 -0.442287612467385E+000  0.506154050300332E+000 -0.107536384819057E+002 -0.736023062663560E+003
  0.100000000000000E+001  0.147203484484151E+004 -0.192852964082224E+002  0.717276281284738E+002 -0.394360262160555E+000  0.456565758733979E+000 -0.107536384819057E+002 -0.736017422420757E+003
  0.100000000000000E+001  0.147203008635712E+004 -0.192348991196630E+002  0.733402522784754E+002 -0.396961921618518E+000  0.418656665363912E+000 -0.107536384819057E+002 -0.736015043178559E+003
  0.100000000000000E+001  0.147202749834883E+004 -0.192611977937187E+002  0.725102711510450E+002 -0.369948303677862E+000  0.344210044265142E+000 -0.107536384819057E+002 -0.736013749174413E+003
  0.100000000000000E+001  0.147202667630403E+004 -0.192766634931685E+002  0.722360756863326E+002 -0.396020609764570E+000  0.382021876058769E+000 -0.107536384819057E+002 -0.736013338152014E+003
  0.100000000000000E+001  0.147202307792763E+004 -0.192318566993364E+002  0.734885027513933E+002 -0.399836444070183E+000  0.406796812805955E+000 -0.107536384819057E+002 -0.736011538963814E+003
  0.100000000000000E+001  0.147202163791854E+004 -0.192849839610795E+002  0.718588023838533E+002 -0.392234708478674E+000  0.383252814807232E+000 -0.107536384819057E+002 -0.736010818959269E+003
  0.100000000000000E+001  0.147202128444784E+004 -0.192791943925317E+002  0.723231272990890E+002 -0.423338212208933E+000  0.470438879768808E+000 -0.107536384819057E+002 -0.736010642223922E+003
  0.100000000000000E+001  0.147202021000486E+004 -0.192911088238619E+002  0.718673199916143E+002 -0.421120821247955E+000  0.432548179376960E+000 -0.107536384819057E+002 -0.736010105002430E+003
  0.100000000000000E+001  0.147201183847511E+004 -0.192558136659535E+002  0.731259808232615E+002 -0.434606627880392E+000  0.501959257242428E+000 -0.107536384819057E+002 -0.736005919237557E+003
  0.100000000000000E+001  0.147199677896396E+004 -0.192474480651448E+002  0.734227157241275E+002 -0.462525065952161E+000  0.522497497609377E+000 -0.107536384819057E+002 -0.735998389481978E+003
  0.100000000000000E+001  0.147199160826677E+004 -0.192332239921108E+002  0.733730324200972E+002 -0.389265228907745E+000  0.436293264014227E+000 -0.107536384819057E+002 -0.735995804133384E+003
  0.100000000000000E+001  0.147198546867899E+004 -0.192412951232108E+002  0.735361651036681E+002 -0.448483949957113E+000  0.518607822723515E+000 -0.107536384819057E+002 -0.735992734339496E+003
  0.100000000000000E+001  0.147198365614453E+004 -0.192338979885154E+002  0.738713445063015E+002 -0.421123765751553E+000  0.445563199251340E+000 -0.107536384819057E+002 -0.735991828072264E+003
  0.100000000000000E+001  0.147197967092432E+004 -0.192648929666399E+002  0.726592318658491E+002 -0.447257085614226E+000  0.516390608623717E+000 -0.107536384819057E+002 -0.735989835462161E+003
  0.100000000000000E+001  0.147196757871195E+004 -0.192415228558888E+002  0.736386717369571E+002 -0.426659720200007E+000  0.419613495267600E+000 -0.107536384819057E+002 -0.735983789355975E+003
  0.100000000000000E+001  0.147196657980029E+004 -0.192671995980920E+002  0.724804110484879E+002 -0.397765681317831E+000  0.466045594056212E+000 -0.107536384819057E+002 -0.735983289900146E+003
  0.100000000000000E+001  0.147194340928490E+004 -0.192649408746421E+002  0.727252604843295E+002 -0.456858773389060E+000  0.512298494395765E+000 -0.107536384819057E+002 -0.735971704642452E+003
  0.100000000000000E+001  0.147193548350402E+004 -0.192549847708467E+002  0.732929139453399E+002 -0.462126534071362E+000  0.482077697941143E+000 -0.107536384819057E+002 -0.735967741752012E+003
  0.100000000000000E+001  0.147191108262304E+004 -0.192669924226185E+002  0.723210608964125E+002 -0.409708636329441E+000  0.437345231541512E+000 -0.107536384819057E+002 -0.735955541311521E+003
  0.100000000000000E+001  0.147189160954015E+004 -0.192447832671522E+002  0.733783418467879E+002 -0.442897746279586E+000  0.446665295012791E+000 -0.107536384819057E+002 -0.735945804770073E+003
  0.100000000000000E+001  0.147188326038751E+004 -0.192627808798010E+002  0.724137692836902E+002 -0.371482831180148E+000  0.420333682688529E+000 -0.107536384819057E+002 -0.735941630193755E+003
  0.100000000000000E+001  0.147187950892136E+004 -0.192673298449202E+002  0.722673576115022E+002 -0.395773772068951E+000  0.406631261729916E+000 -0.107536384819057E+002 -0.735939754460681E+003
  0.100000000000000E+001  0.147187911881071E+004 -0.192826141262647E+002  0.719182501135009E+002 -0.425652662170565E+000  0.477155056176670E+000 -0.107536384819057E+002 -0.735939559405355E+003
  0.100000000000000E+001  0.147186364232345E+004 -0.192215989154296E+002  0.743023737861790E+002 -0.446325784112670E+000  0.469538938519884E+000 -0.107536384819057E+002 -0.735931821161725E+003
  0.100000000000000E+001  0.147185474584341E+004 -0.192764938127742E+002  0.724634922449151E+002 -0.432655226460617E+000  0.438408109282901E+000 -0.107536384819057E+002 -0.735927372921703E+003
  0.100000000000000E+001  0.147184126837176E+004 -0.192484282675876E+002  0.729780689191198E+002 -0.390459157589224E+000  0.460622414272498E+000 -0.107536384819057E+002 -0.735920634185880E+003
  0.100000000000000E+001  0.147183785255894E+004 -0.192743048085051E+002  0.723300195001200E+002 -0.431177368857832E+000  0.431527140883178E+000 -0.107536384819057E+002 -0.735918926279470E+003
  0.100000000000000E+001  0.147183378764990E+004 -0.192396161971683E+002  0.738056815233202E+002 -0.457258984047434E+000  0.496190166145524E+000 -0.107536384819057E+002 -0.735916893824948E+003
  0.100000000000000E+001  0.147182351007618E+004 -0.192191023023987E+002  0.742066224096119E+002 -0.426706568329045E+000  0.481128686603962E+000 -0.107536384819057E+002 -0.735911755038092E+003
  0.100000000000000E+001  0.147181359591803E+004 -0.192494290386718E+002  0.729633798084396E+002 -0.410164994687138E+000  0.485014871636642E+000 -0.107536384819057E+002 -0.735906797959015E+003
  0.100000000000000E+001  0.147181274870355E+004 -0.192391605885344E+002  0.733613572696442E+002 -0.405645100172161E+000  0.385627440162086E+000 -0.107536384819057E+002 -0.735906374351773E+003
  0.100000000000000E+001  0.147179537825246E+004 -0.192357681869598E+002  0.734712864167543E+002 -0.418241575891754E+000  0.485729683685080E+000 -0.107536384819057E+002 -0.735897689126229E+003
  0.100000000000000E+001  0.147178866501148E+004 -0.192768899963254E+002  0.724676507211813E+002 -0.459372506503499E+000  0.490185444245297E+000 -0.107536384819057E+002 -0.735894332505741E+003
  0.100000000000000E+001  0.147178557237706E+004 -0.192531435115292E+002  0.733629495227152E+002 -0.457270339121046E+000  0.501392876576229E+000 -0.107536384819057E+002 -0.735892786188529E+003
  0.100000000000000E+001  0.147175631621850E+004 -0.192199298648613E+002  0.740998618069620E+002 -0.395520243189941E+000  0.388504036775384E+000 -0.107536384819057E+002 -0.735878158109250E+003
  0.100000000000000E+001  0.147174440838284E+004 -0.192173865544206E+002  0.740290047551813E+002 -0.388697329211907E+000  0.399473258441757E+000 -0.107536384819057E+002 -0.735872204191419E+003
  0.100000000000000E+001  0.147173778570898E+004 -0.192590921886408E+002  0.726145119440687E+002 -0.400562323404263E+000  0.391885387693427E+000 -0.107536384819057E+002 -0.735868892854489E+003
  0.100000000000000E+001  0.147172487096416E+004 -0.192480968150534E+002  0.729871888716679E+002 -0.417529889347100E+000  0.463099314456036E+000 -0.107536384819057E+002 -0.735862435482082E+003
  0.100000000000000E+001  0.147172373551682E+004 -0.192382829181123E+002  0.733804421712650E+002 -0.400688583745049E+000  0.470346534433848E+000 -0.107536384819057E+002 -0.735861867758411E+003
  0.100000000000000E+001  0.147172337787351E+004 -0.192469706304532E+002  0.732059246414341E+002 -0.389845292268794E+000  0.422476907040519E+000 -0.107536384819057E+002 -0.735861688936753E+003
  0.100000000000000E+001  0.147170553546434E+004 -0.192423263288294E+002  0.730481186510094E+002 -0.364757865099153E+000  0.382596700407393E+000 -0.107536384819057E+002 -0.735852767732170E+003
  0.100000000000000E+001  0.147170005982544E+004 -0.192684533745426E+002  0.723165181486851E+002 -0.416422252985820E+000  0.478253369196080E+000 -0.107536384819057E+002 -0.735850029912721E+003
  0.100000000000000E+001  0.147167818885028E+004 -0.192861465118622E+002  0.719485324483592E+002 -0.420527050296808E+000  0.421988896195042E+000 -0.107536384819057E+002 -0.735839094425139E+003
  0.100000000000000E+001  0.147167238064124E+004 -0.192682409362832E+002  0.727583399707527E+002 -0.450021893429428E+000  0.458123438596116E+000 -0.107536384819057E+002 -0.735836190320622E+003
  0.100000000000000E+001  0.147166868886303E+004 -0.192804673338453E+002  0.720596002030503E+002 -0.401303951221184E+000  0.460059343230879E+000 -0.107536384819057E+002 -0.735834344431515E+003
  0.100000000000000E+001  0.147166026028145E+004 -0.192314633126658E+002  0.737406939534619E+002 -0.403111767623795E+000  0.455389974515510E+000 -0.107536384819057E+002 -0.735830130140723E+003
  0.100000000000000E+001  0.147165790385274E+004 -0.192312106715416E+002  0.738798260223022E+002 -0.409967346898628E+000  0.419171087121955E+000 -0.107536384819057E+002 -0.735828951926371E+003
  0.100000000000000E+001  0.147164687585836E+004 -0.192455172115366E+002  0.729117695426966E+002 -0.375830830279124E+000  0.397249397953581E+000 -0.107536384819057E+002 -0.735823437929178E+003
  0.100000000000000E+001  0.147164033061463E+004 -0.192920821094913E+002  0.716320578762010E+002 -0.410864967941109E+000  0.432167095298405E+000 -0.107536384819057E+002 -0.735820165307317E+003
  0.100000000000000E+001  0.147163961868636E+004 -0.192649070641604E+002  0.727545641310600E+002 -0.442310190719946E+000  0.516610705425380E+000 -0.107536384819057E+002 -0.735819809343178E+003
  0.100000000000000E+001  0.147162709993328E+004 -0.192153021531635E+002  0.743067763529582E+002 -0.424675335298897E+000  0.462808484444532E+000 -0.107536384819057E+002 -0.735813549966640E+003
  0.100000000000000E+001  0.147161746394788E+004 -0.192707599133236E+002  0.724043786787395E+002 -0.427620535426103E+000  0.430661729534605E+000 -0.107536384819057E+002 -0.735808731973941E+003
  0.100000000000000E+001  0.147161522057747E+004 -0.192485641073852E+002  0.733501298006242E+002 -0.437970430258071E+000  0.505158738642695E+000 -0.107536384819057E+002 -0.735807610288734E+003
  0.100000000000000E+001  0.147161326112950E+004 -0.192548019850280E+002  0.726874298486243E+002 -0.381598886534787E+000  0.368116213724282E+000 -0.107536384819057E+002 -0.735806630564748E+003
  0.100000000000000E+001  0.147160940623885E+004 -0.192448376106700E+002  0.729699064463177E+002 -0.364886363566440E+000  0.378251893520413E+000 -0.107536384819057E+002 -0.735804703119423E+003
  0.100000000000000E+001  0.147160835469528E+004 -0.192650681770948E+002  0.727294057193961E+002 -0.451451061111683E+000  0.518490427315492E+000 -0.107536384819057E+002 -0.735804177347642E+003
  0.100000000000000E+001  0.147159259674147E+004 -0.192727056646766E+002  0.722611290511764E+002 -0.394724882939710E+000  0.374867869365767E+000 -0.107536384819057E+002 -0.735796298370737E+003
  0.100000000000000E+001  0.147158764775158E+004 -0.192699844589572E+002  0.726273388138759E+002 -0.439387330410245E+000  0.437532698330222E+000 -0.107536384819057E+002 -0.735793823875791E+003
  0.100000000000000E+001  0.147158450078576E+004 -0.192568711862721E+002  0.727317063729103E+002 -0.420600899024236E+000  0.485063006912638E+000 -0.107536384819057E+002 -0.735792250392881E+003
  0.100000000000000E+001  0.147158212940615E+004 -0.192695060670766E+002  0.726108556995225E+002 -0.444629184364513E+000  0.516565992519229E+000 -0.107536384819057E+002 -0.735791064703077E+003
  0.100000000000000E+001  0.147158191878695E+004 -0.192368694501181E+002  0.733485508043130E+002 -0.379231386702070E+000  0.357743508702067E+000 -0.107536384819057E+002 -0.735790959393477E+003
  0.100000000000000E+001  0.147157901824430E+004 -0.192371996313811E+002  0.732570519874672E+002 -0.392308749569372E+000  0.435685902489861E+000 -0.107536384819057E+002 -0.735789509122151E+003
  0.100000000000000E+001  0.147157520197001E+004 -0.192197246295215E+002  0.739393516740773E+002 -0.388446121025676E+000  0.412919884119950E+000 -0.107536384819057E+002 -0.735787600985004E+003
  0.100000000000000E+001  0.147157186346672E+004 -0.192637838361636E+002  0.726380365908320E+002 -0.437249961897017E+000  0.460452287231772E+000 -0.107536384819057E+002 -0.735785931733358E+003
  0.100000000000000E+001  0.147156913768566E+004 -0.192452560943504E+002  0.729572693195312E+002 -0.372857453813632E+000  0.414404293283150E+000 -0.107536384819057E+002 -0.735784568842830E+003
  0.100000000000000E+001  0.147156463003153E+004 -0.192652960741784E+002  0.723349847489938E+002 -0.370775104535723E+000  0.406445615947245E+000 -0.107536384819057E+002 -0.735782315015767E+003
  0.100000000000000E+001  0.147156082527311E+004 -0.192567028981005E+002  0.728321867917859E+002 -0.405313662864482E+000  0.378537792798007E+000 -0.107536384819057E+002 -0.735780412636555E+003
  0.100000000000000E+001  0.147155188726273E+004 -0.192445152922061E+002  0.729598594849686E+002 -0.372804194171851E+000  0.406468891211514E+000 -0.107536384819057E+002 -0.735775943631364E+003
  0.100000000000000E+001  0.147155157823688E+004 -0.192437808074426E+002  0.731795543474694E+002 -0.384590963222889E+000  0.436861161320525E+000 -0.107536384819057E+002 -0.735775789118438E+003
  0.100000000000000E+001  0.147153179556544E+004 -0.192718586119054E+002  0.725339822900422E+002 -0.454107188748766E+000  0.515186674477565E+000 -0.107536384819057E+002 -0.735765897782719E+003
  0.100000000000000E+001  0.147153168675866E+004 -0.192716446561082E+002  0.724064488063455E+002 -0.410285057109641E+000  0.391555281578142E+000 -0.107536384819057E+002 -0.735765843379329E+003
  0.100000000000000E+001  0.147152843001993E+004 -0.192662155167817E+002  0.723999018269928E+002 -0.392293280579294E+000  0.375042457647115E+000 -0.107536384819057E+002 -0.735764215009967E+003
  0.100000000000000E+001  0.147152414116184E+004 -0.192381080631485E+002  0.731945923162677E+002 -0.382046338714657E+000  0.405534165259505E+000 -0.107536384819057E+002 -0.735762070580918E+003
  0.100000000000000E+001  0.147150889343720E+004 -0.192513673068512E+002  0.731312017390786E+002 -0.410332704903098E+000  0.470260328990094E+000 -0.107536384819057E+002 -0.735754446718598E+003
  0.100000000000000E+001  0.147150691639071E+004 -0.192690713224398E+002  0.726831449949686E+002 -0.443332193626043E+000  0.446330411336212E+000 -0.107536384819057E+002 -0.735753458195354E+003
  0.100000000000000E+001  0.147150221701088E+004 -0.192316321686857E+002  0.737514879955593E+002 -0.425082254998269E+000  0.491261201342486E+000 -0.107536384819057E+002 -0.735751108505439E+003
  0.100000000000000E+001  0.147145278995015E+004 -0.192779902290911E+002  0.723479529647596E+002 -0.425915310426932E+000  0.430527329120338E+000 -0.107536384819057E+002 -0.735726394975076E+003
  0.100000000000000E+001  0.147144639060938E+004 -0.192454454592567E+002  0.732027178263746E+002 -0.391992275184313E+000  0.362362957719893E+000 -0.107536384819057E+002 -0.735723195304691E+003
  0.100000000000000E+001  0.147144373460531E+004 -0.192772486245804E+002  0.724311094613538E+002 -0.455490272489973E+000  0.508595142928371E+000 -0.107536384819057E+002 -0.735721867302654E+003
  0.100000000000000E+001  0.147143783687811E+004 -0.192471761598251E+002  0.731397647596400E+002 -0.383962306037295E+000  0.364820031528560E+000 -0.107536384819057E+002 -0.735718918439053E+003
  0.100000000000000E+001  0.147143388097865E+004 -0.192472407622359E+002  0.731563894186785E+002 -0.386627276793461E+000  0.366078959704396E+000 -0.107536384819057E+002 -0.735716940489326E+003
  0.100000000000000E+001  0.147142970921237E+004 -0.192782610443462E+002  0.720288626795871E+002 -0.406115704216420E+000  0.473898210358149E+000 -0.107536384819057E+002 -0.735714854606187E+003
  0.100000000000000E+001  0.147142957720539E+004 -0.192408958422844E+002  0.733480843583940E+002 -0.430786890625183E+000  0.465703773294593E+000 -0.107536384819057E+002 -0.735714788602697E+003
  0.100000000000000E+001  0.147141585603512E+004 -0.192616485902165E+002  0.725907633685997E+002 -0.424622737727787E+000  0.468947858990809E+000 -0.107536384819057E+002 -0.735707928017559E+003
  0.100000000000000E+001  0.147140320271959E+004 -0.192339961490536E+002  0.734793669806941E+002 -0.398646661674709E+000  0.459117175797582E+000 -0.107536384819057E+002 -0.735701601359794E+003
  0.100000000000000E+001  0.147139812091008E+004 -0.192738855247532E+002  0.725200742386748E+002 -0.425646747406944E+000  0.453373540591949E+000 -0.107536384819057E+002 -0.735699060455041E+003
  0.100000000000000E+001  0.147139622995733E+004 -0.192401186228647E+002  0.736569146519773E+002 -0.441432091675433E+000  0.441205398549005E+000 -0.107536384819057E+002 -0.735698114978664E+003
  0.100000000000000E+001  0.147139279051781E+004 -0.192717079659084E+002  0.725477010432305E+002 -0.442051321743997E+000  0.510562450567353E+000 -0.107536384819057E+002 -0.735696395258907E+003
  0.100000000000000E+001  0.147138499045295E+004 -0.192552670548423E+002  0.726832599702557E+002 -0.368783420890795E+000  0.393344685537929E+000 -0.107536384819057E+002 -0.735692495226474E+003
  0.100000000000000E+001  0.147138379968931E+004 -0.192412542884986E+002  0.732249623537901E+002 -0.413283146163395E+000  0.466587002903195E+000 -0.107536384819057E+002 -0.735691899844657E+003
  0.100000000000000E+001  0.147138267374563E+004 -0.192474081455370E+002  0.733863581619719E+002 -0.417963528795943E+000  0.419706888843053E+000 -0.107536384819057E+002 -0.735691336872814E+003
  0.100000000000000E+001  0.147137940048637E+004 -0.192367671654841E+002  0.735595101824945E+002 -0.422640670458732E+000  0.414781352107685E+000 -0.107536384819057E+002 -0.735689700243186E+003
  0.100000000000000E+001  0.147137073462349E+004 -0.192579344067118E+002  0.727160612549702E+002 -0.406491096428685E+000  0.480696559634715E+000 -0.107536384819057E+002 -0.735685367311743E+003
  0.100000000000000E+001  0.147136649967348E+004 -0.192302374541329E+002  0.736829007153002E+002 -0.422649744669118E+000  0.468129718590927E+000 -0.107536384819057E+002 -0.735683249836741E+003
  0.100000000000000E+001  0.147136353959564E+004 -0.192503584306653E+002  0.732349354706980E+002 -0.454989888390367E+000  0.498669490654078E+000 -0.107536384819057E+002 -0.735681769797822E+003
  0.100000000000000E+001  0.147136351151924E+004 -0.192329102850228E+002  0.737225154512157E+002 -0.433547339242174E+000  0.443832374890681E+000 -0.107536384819057E+002 -0.735681755759620E+003
  0.100000000000000E+001  0.147136324662725E+004 -0.192658700043764E+002  0.723057236193245E+002 -0.387054312248837E+000  0.441916469786976E+000 -0.107536384819057E+002 -0.735681623313626E+003
  0.100000000000000E+001  0.147136089765152E+004 -0.192560741102999E+002  0.729805525278179E+002 -0.409073021808954E+000  0.386957859583631E+000 -0.107536384819057E+002 -0.735680448825759E+003
  0.100000000000000E+001  0.147135482980624E+004 -0.192384491468197E+002  0.737714968196020E+002 -0.437727024328630E+000  0.453324303310646E+000 -0.107536384819057E+002 -0.735677414903120E+003
  0.100000000000000E+001  0.147135124632436E+004 -0.192790032335685E+002  0.721043323614561E+002 -0.400829400046775E+000  0.393584308824583E+000 -0.107536384819057E+002 -0.735675623162179E+003
  0.100000000000000E+001  0.147135033069995E+004 -0.192874261823798E+002  0.719560935997037E+002 -0.420006032348518E+000  0.465562940227907E+000 -0.107536384819057E+002 -0.735675165349974E+003
  0.100000000000000E+001  0.147134756365442E+004 -0.192911135797587E+002  0.716607665069108E+002 -0.403480137886014E+000  0.434370805083901E+000 -0.107536384819057E+002 -0.735673781827212E+003
  0.100000000000000E+001  0.147134694840932E+004 -0.192587730587568E+002  0.726906127810149E+002 -0.409872133634206E+000  0.484113916848337E+000 -0.107536384819057E+002 -0.735673474204658E+003
  0.100000000000000E+001  0.147134425168220E+004 -0.192450610567214E+002  0.730987412884040E+002 -0.398391605517045E+000  0.388139265230285E+000 -0.107536384819057E+002 -0.735672125841098E+003
  0.100000000000000E+001  0.147133931815323E+004 -0.192593884597185E+002  0.728474343174452E+002 -0.447387934725214E+000  0.497578439201735E+000 -0.107536384819057E+002 -0.735669659076616E+003
  0.100000000000000E+001  0.147133316356315E+004 -0.192302063451458E+002  0.739490424647177E+002 -0.438114274488895E+000  0.443088718166936E+000 -0.107536384819057E+002 -0.735666581781574E+003
  0.100000000000000E+001  0.147133178310532E+004 -0.192705917972618E+002  0.722631852470123E+002 -0.405235445107365E+000  0.474793443614953E+000 -0.107536384819057E+002 -0.735665891552658E+003
  0.100000000000000E+001  0.147131870171616E+004 -0.192606641460752E+002  0.727272840803773E+002 -0.388308140594651E+000  0.410050984347318E+000 -0.107536384819057E+002 -0.735659350858082E+003
  0.100000000000000E+001  0.147131778475172E+004 -0.192742502561397E+002  0.722606336502116E+002 -0.393632589644275E+000  0.433797623867069E+000 -0.107536384819057E+002 -0.735658892375861E+003
  0.100000000000000E+001  0.147130815365252E+004 -0.192879957145227E+002  0.717942235347476E+002 -0.400513466881293E+000  0.420612793981567E+000 -0.107536384819057E+002 -0.735654076826259E+003
  0.100000000000000E+001  0.147130330787826E+004 -0.192796294364644E+002  0.723305748999392E+002 -0.435249157308393E+000  0.481610958249327E+000 -0.107536384819057E+002 -0.735651653939131E+003
  0.100000000000000E+001  0.147130325593070E+004 -0.192413633521578E+002  0.732774757310991E+002 -0.419255503141377E+000  0.480353959036776E+000 -0.107536384819057E+002 -0.735651627965348E+003
  0.100000000000000E+001  0.147129551958008E+004 -0.192677717837556E+002  0.723000293887837E+002 -0.379785192500265E+000  0.373072371042529E+000 -0.107536384819057E+002 -0.735647759790040E+003
  0.100000000000000E+001  0.147126860285999E+004 -0.192752462499995E+002  0.720630555362348E+002 -0.383898175687964E+000  0.387319172828580E+000 -0.107536384819057E+002 -0.735634301429996E+003
  0.100000000000000E+001  0.147125381522921E+004 -0.192307389048537E+002  0.739749063374202E+002 -0.430728124541913E+000  0.444512175580273E+000 -0.107536384819057E+002 -0.735626907614603E+003
  0.100000000000000E+001  0.147125021530514E+004 -0.192309326851982E+002  0.739529339487610E+002 -0.426200329129130E+000  0.445440382664234E+000 -0.107536384819057E+002 -0.735625107652568E+003
  0.100000000000000E+001  0.147125002304800E+004 -0.192440202707475E+002  0.736068239429829E+002 -0.447444718495001E+000  0.464884462762106E+000 -0.107536384819057E+002 -0.735625011524002E+003
  0.100000000000000E+001  0.147124699782194E+004 -0.192181541455668E+002  0.741220417406134E+002 -0.412102343776762E+000  0.438400960250651E+000 -0.107536384819057E+002 -0.735623498910972E+003
  0.100000000000000E+001  0.147124690901281E+004 -0.192715074643816E+002  0.722268978620030E+002 -0.392106167497415E+000  0.384718540818141E+000 -0.107536384819057E+002 -0.735623454506404E+003
  0.100000000000000E+001  0.147124066534968E+004 -0.192455283677575E+002  0.730687640918236E+002 -0.397659200758751E+000  0.392125374967992E+000 -0.107536384819057E+002 -0.735620332674842E+003
  0.100000000000000E+001  0.147123087843665E+004 -0.192765540511160E+002  0.721656295425210E+002 -0.390653089284166E+000  0.397779627464794E+000 -0.107536384819057E+002 -0.735615439218326E+003
  0.100000000000000E+001  0.147122555499403E+004 -0.192660840720485E+002  0.723880753289464E+002 -0.413329381160388E+000  0.457602560381442E+000 -0.107536384819057E+002 -0.735612777497017E+003
  0.100000000000000E+001  0.147121301834328E+004 -0.192794067265874E+002  0.720968504119662E+002 -0.413123834876134E+000  0.479451323685486E+000 -0.107536384819057E+002 -0.735606509171642E+003
  0.100000000000000E+001  0.147120409723676E+004 -0.192666436427425E+002  0.722896383437913E+002 -0.381588575581564E+000  0.428901885711132E+000 -0.107536384819057E+002 -0.735602048618378E+003
  0.100000000000000E+001  0.147120343460359E+004 -0.192492781138768E+002  0.728520714823065E+002 -0.389448455305051E+000  0.407121769987178E+000 -0.107536384819057E+002 -0.735601717301794E+003
  0.100000000000000E+001  0.147119832442849E+004 -0.192180256735215E+002  0.741273877260179E+002 -0.409024323818050E+000  0.429897856939432E+000 -0.107536384819057E+002 -0.735599162214244E+003
  0.100000000000000E+001  0.147119634763293E+004 -0.192576857268630E+002  0.727954599132801E+002 -0.422032427554167E+000  0.425182995968786E+000 -0.107536384819057E+002 -0.735598173816467E+003
  0.100000000000000E+001  0.147119468372969E+004 -0.192710800294370E+002  0.724776804183012E+002 -0.422275200869853E+000  0.414265959384069E+000 -0.107536384819057E+002 -0.735597341864844E+003
  0.100000000000000E+001  0.147118996785715E+004 -0.192825099716005E+002  0.722325902916221E+002 -0.442133585927242E+000  0.487793283240450E+000 -0.107536384819057E+002 -0.735594983928575E+003
  0.100000000000000E+001  0.147116557545320E+004 -0.192793540856267E+002  0.722971849217614E+002 -0.450218362948750E+000  0.495351226635114E+000 -0.107536384819057E+002 -0.735582787726600E+003
  0.100000000000000E+001  0.147116457977663E+004 -0.192887623741509E+002  0.717682429358881E+002 -0.407454131739240E+000  0.428665368831215E+000 -0.107536384819057E+002 -0.735582289888315E+003
  0.100000000000000E+001  0.147115618849158E+004 -0.192371926536637E+002  0.736070085834235E+002 -0.402390666914298E+000  0.423734261659007E+000 -0.107536384819057E+002 -0.735578094245792E+003
  0.100000000000000E+001  0.147114688061171E+004 -0.192611359178573E+002  0.728415974822803E+002 -0.423933511957384E+000  0.489971052795756E+000 -0.107536384819057E+002 -0.735573440305853E+003
  0.100000000000000E+001  0.147113984959436E+004 -0.192577103718067E+002  0.727113684646380E+002 -0.414569549407634E+000  0.428624388861659E+000 -0.107536384819057E+002 -0.735569924797180E+003
  0.100000000000000E+001  0.147113684067612E+004 -0.192420790537513E+002  0.731273569760591E+002 -0.393618023344076E+000  0.407656854095415E+000 -0.107536384819057E+002 -0.735568420338061E+003
  0.100000000000000E+001  0.147113344236399E+004 -0.192632722077781E+002  0.728104525512587E+002 -0.413559497147012E+000  0.419358998058120E+000 -0.107536384819057E+002 -0.735566721181997E+003
  0.100000000000000E+001  0.147112825361505E+004 -0.192547204109569E+002  0.727116201422989E+002 -0.392961907534853E+000  0.452225031509538E+000 -0.107536384819057E+002 -0.735564126807526E+003
  0.100000000000000E+001  0.147112481036432E+004 -0.192446007260392E+002  0.735217368210093E+002 -0.441796272816503E+000  0.496233477780452E+000 -0.107536384819057E+002 -0.735562405182161E+003
  0.100000000000000E+001  0.147112211293930E+004 -0.192375969999583E+002  0.732961617127460E+002 -0.376747787686524E+000  0.375408268744254E+000 -0.107536384819057E+002 -0.735561056469650E+003
  0.100000000000000E+001  0.147110065224469E+004 -0.192907550978695E+002  0.717778126140968E+002 -0.420567661340185E+000  0.456938893812168E+000 -0.107536384819057E+002 -0.735550326122344E+003
  0.100000000000000E+001  0.147109913198165E+004 -0.192682245448812E+002  0.726168221684880E+002 -0.426647435987226E+000  0.491217908260186E+000 -0.107536384819057E+002 -0.735549565990827E+003
  0.100000000000000E+001  0.147109783138155E+004 -0.192306468747076E+002  0.737346552963020E+002 -0.428390622740811E+000  0.456226806707615E+000 -0.107536384819057E+002 -0.735548915690776E+003
  0.100000000000000E+001  0.147109680988875E+004 -0.192649055040822E+002  0.724286064063174E+002 -0.381147860224425E+000  0.424095527003586E+000 -0.107536384819057E+002 -0.735548404944375E+003
  0.100000000000000E+001  0.147109673345063E+004 -0.192646059650240E+002  0.727773908322010E+002 -0.452002974541840E+000  0.481515951090667E+000 -0.107536384819057E+002 -0.735548366725314E+003
  0.100000000000000E+001  0.147109485835891E+004 -0.192396984714764E+002  0.735896705567976E+002 -0.439354309520118E+000  0.501630170109092E+000 -0.107536384819057E+002 -0.735547429179453E+003
  0.100000000000000E+001  0.147109416355038E+004 -0.192581829019899E+002  0.727856692528169E+002 -0.414648423353256E+000  0.405339624068615E+000 -0.107536384819057E+002 -0.735547081775188E+003
  0.100000000000000E+001  0.147107998180069E+004 -0.192462444340399E+002  0.734505371056663E+002 -0.425862544220639E+000  0.433353875739058E+000 -0.107536384819057E+002 -0.735539990900345E+003
  0.100000000000000E+001  0.147107938323993E+004 -0.192718450499442E+002  0.722797170051052E+002 -0.400380600525475E+000  0.392421695474747E+000 -0.107536384819057E+002 -0.735539691619963E+003
  0.100000000000000E+001  0.147105973513772E+004 -0.192820038992880E+002  0.719624679901415E+002 -0.404817973302424E+000  0.412489100639553E+000 -0.107536384819057E+002 -0.735529867568860E+003
  0.100000000000000E+001  0.147105734568924E+004 -0.192698502372831E+002  0.725265979828831E+002 -0.418418934067951E+000  0.479188069650752E+000 -0.107536384819057E+002 -0.735528672844618E+003
  0.100000000000000E+001  0.147105461698682E+004 -0.192290540522086E+002  0.736146913648271E+002 -0.395677885741996E+000  0.432663495642231E+000 -0.107536384819057E+002 -0.735527308493410E+003
  0.100000000000000E+001  0.147104751193579E+004 -0.192462057956123E+002  0.731472221657169E+002 -0.398450797574671E+000  0.377859385753774E+000 -0.107536384819057E+002 -0.735523755967895E+003
  0.100000000000000E+001  0.147104689069541E+004 -0.192810365335555E+002  0.719357409876061E+002 -0.401877869337222E+000  0.417538228074960E+000 -0.107536384819057E+002 -0.735523445347703E+003
  0.100000000000000E+001  0.147103428006719E+004 -0.192533668973804E+002  0.727462913277092E+002 -0.392926481555538E+000  0.447203005342026E+000 -0.107536384819057E+002 -0.735517140033594E+003
  0.100000000000000E+001  0.147103368433054E+004 -0.192364834871413E+002  0.737303643729840E+002 -0.446011072555753E+000  0.499113891890745E+000 -0.107536384819057E+002 -0.735516842165272E+003
  0.100000000000000E+001  0.147102697469713E+004 -0.192463534157967E+002  0.731885061428359E+002 -0.390205813445847E+000  0.375306083275630E+000 -0.107536384819057E+002 -0.735513487348564E+003
  0.100000000000000E+001  0.147101951649113E+004 -0.192364633005138E+002  0.734588492781876E+002 -0.420999449887896E+000  0.459959262774481E+000 -0.107536384819057E+002 -0.735509758245563E+003
  0.100000000000000E+001  0.147100757644972E+004 -0.192872811217297E+002  0.718705738403481E+002 -0.423476601814115E+000  0.475770520984666E+000 -0.107536384819057E+002 -0.735503788224862E+003
  0.100000000000000E+001  0.147100503601305E+004 -0.192603069909731E+002  0.725228540529793E+002 -0.399574017306833E+000  0.446553586886182E+000 -0.107536384819057E+002 -0.735502518006527E+003
  0.100000000000000E+001  0.147100080013247E+004 -0.192665339926935E+002  0.727852923198140E+002 -0.440904797709467E+000  0.451442996117343E+000 -0.107536384819057E+002 -0.735500400066236E+003
  0.100000000000000E+001  0.147099490942191E+004 -0.192627828530352E+002  0.726732190054163E+002 -0.403343129964586E+000  0.460324759928248E+000 -0.107536384819057E+002 -0.735497454710952E+003
  0.100000000000000E+001  0.147099227580186E+004 -0.192527606030850E+002  0.729122791044241E+002 -0.392506308588871E+000  0.447887601148460E+000 -0.107536384819057E+002 -0.735496137900928E+003
  0.100000000000000E+001  0.147098897436351E+004 -0.192422163653318E+002  0.731064654852712E+002 -0.381345223407550E+000  0.389424574923084E+000 -0.107536384819057E+002 -0.735494487181754E+003
  0.100000000000000E+001  0.147098775310150E+004 -0.192692413299240E+002  0.725024522366202E+002 -0.421440780672738E+000  0.416662950206734E+000 -0.107536384819057E+002 -0.735493876550748E+003
  0.100000000000000E+001  0.147098768187967E+004 -0.192505946029456E+002  0.728308369034451E+002 -0.373954468540644E+000  0.379013257915027E+000 -0.107536384819057E+002 -0.735493840939833E+003
  0.100000000000000E+001  0.147097719951049E+004 -0.192674786037245E+002  0.722745515447374E+002 -0.380889138966992E+000  0.394551794624888E+000 -0.107536384819057E+002 -0.735488599755243E+003
  0.100000000000000E+001  0.147096923352433E+004 -0.192522877206854E+002  0.727774221861370E+002 -0.381396044946916E+000  0.427039894326112E+000 -0.107536384819057E+002 -0.735484616762164E+003
  0.100000000000000E+001  0.147096321584529E+004 -0.192582910417075E+002  0.729136831709831E+002 -0.445869533623913E+000  0.504521624464761E+000 -0.107536384819057E+002 -0.735481607922646E+003
  0.100000000000000E+001  0.147095749422636E+004 -0.192254535541169E+002  0.738763918523111E+002 -0.416611572915753E+000  0.461026809463903E+000 -0.107536384819057E+002 -0.735478747113178E+003
  0.100000000000000E+001  0.147095311343895E+004 -0.192584936076449E+002  0.727021166033759E+002 -0.382690411088665E+000  0.373403334507890E+000 -0.107536384819057E+002 -0.735476556719476E+003
  0.100000000000000E+001  0.147094510512530E+004 -0.192702954696614E+002  0.722110600251045E+002 -0.394228342855808E+000  0.446200694069185E+000 -0.107536384819057E+002 -0.735472552562649E+003
  0.100000000000000E+001  0.147094185377613E+004 -0.192735017742437E+002  0.721297801159157E+002 -0.389281571367792E+000  0.437001411185750E+000 -0.107536384819057E+002 -0.735470926888066E+003
  0.100000000000000E+001  0.147094058843226E+004 -0.192550884936869E+002  0.728471463686007E+002 -0.384918167969839E+000  0.374704810435848E+000 -0.107536384819057E+002 -0.735470294216130E+003
  0.100000000000000E+001  0.147093937372659E+004 -0.192340594919638E+002  0.737154446682362E+002 -0.432979634825208E+000  0.442901499032976E+000 -0.107536384819057E+002 -0.735469686863294E+003
  0.100000000000000E+001  0.147092370810773E+004 -0.192410566728106E+002  0.734483432721756E+002 -0.425717115093415E+000  0.422879512692961E+000 -0.107536384819057E+002 -0.735461854053864E+003
  0.100000000000000E+001  0.147092250406064E+004 -0.192803507238875E+002  0.719752595420127E+002 -0.395088750049690E+000  0.407857094479068E+000 -0.107536384819057E+002 -0.735461252030322E+003
  0.100000000000000E+001  0.147092066843288E+004 -0.192351770341391E+002  0.734166547400465E+002 -0.383781809138285E+000  0.382104820270875E+000 -0.107536384819057E+002 -0.735460334216440E+003
  0.100000000000000E+001  0.147091789032975E+004 -0.192353638753142E+002  0.734646007193676E+002 -0.400046625901179E+000  0.396317133265057E+000 -0.107536384819057E+002 -0.735458945164875E+003
  0.100000000000000E+001  0.147091665305336E+004 -0.192631228339993E+002  0.727343945241284E+002 -0.407760751957948E+000  0.398657163022770E+000 -0.107536384819057E+002 -0.735458326526680E+003
  0.100000000000000E+001  0.147091657922413E+004 -0.192607377105202E+002  0.725459720593755E+002 -0.400995188645512E+000  0.415577374169813E+000 -0.107536384819057E+002 -0.735458289612063E+003
  0.100000000000000E+001  0.147091259520136E+004 -0.192405594113013E+002  0.736351740306504E+002 -0.432430883543638E+000  0.437773660207172E+000 -0.107536384819057E+002 -0.735456297600681E+003
  0.100000000000000E+001  0.147090308198009E+004 -0.192441262658725E+002  0.731802427659447E+002 -0.415011999260027E+000  0.474805210034225E+000 -0.107536384819057E+002 -0.735451540990046E+003
  0.100000000000000E+001  0.147090203246654E+004 -0.192614496496427E+002  0.727792353461829E+002 -0.402556023747240E+000  0.399415934123945E+000 -0.107536384819057E+002 -0.735451016233271E+003
  0.100000000000000E+001  0.147088894041447E+004 -0.192503198007020E+002  0.729937168619444E+002 -0.381724349739757E+000  0.394107070387380E+000 -0.107536384819057E+002 -0.735444470207236E+003
  0.100000000000000E+001  0.147087925093738E+004 -0.192326522787005E+002  0.738224929502572E+002 -0.443131675578184E+000  0.485747124928182E+000 -0.107536384819057E+002 -0.735439625468690E+003
  0.100000000000000E+001  0.147086685046789E+004 -0.192315094451043E+002  0.735498067001404E+002 -0.387230195205923E+000  0.392286473539710E+000 -0.107536384819057E+002 -0.735433425233943E+003
  0.100000000000000E+001  0.147086535134898E+004 -0.192305543859669E+002  0.738117054591198E+002 -0.430524052625948E+000  0.445818202837405E+000 -0.107536384819057E+002 -0.735432675674490E+003
  0.100000000000000E+001  0.147086451925129E+004 -0.192685358398043E+002  0.725108086977808E+002 -0.430278354618808E+000  0.498491998848250E+000 -0.107536384819057E+002 -0.735432259625644E+003
  0.100000000000000E+001  0.147085936756336E+004 -0.192599639616555E+002  0.727527328105251E+002 -0.407061079348855E+000  0.470191408550913E+000 -0.107536384819057E+002 -0.735429683781678E+003
  0.100000000000000E+001  0.147085370984785E+004 -0.192464064395993E+002  0.732644784746820E+002 -0.432024577820996E+000  0.440561841739463E+000 -0.107536384819057E+002 -0.735426854923924E+003
  0.100000000000000E+001  0.147083128538258E+004 -0.192560625206108E+002  0.728856113758842E+002 -0.394855409401694E+000  0.383394216687138E+000 -0.107536384819057E+002 -0.735415642691291E+003
  0.100000000000000E+001  0.147082430794265E+004 -0.192475778389587E+002  0.729480163355541E+002 -0.392734926452784E+000  0.409534749510053E+000 -0.107536384819057E+002 -0.735412153971324E+003
  0.100000000000000E+001  0.147081767016544E+004 -0.192281337621447E+002  0.736840419548345E+002 -0.390491515279367E+000  0.414557756025044E+000 -0.107536384819057E+002 -0.735408835082721E+003
  0.100000000000000E+001  0.147081716149284E+004 -0.192701418975981E+002  0.724344104315056E+002 -0.423196227515454E+000  0.491352043601819E+000 -0.107536384819057E+002 -0.735408580746421E+003
  0.100000000000000E+001  0.147081356823353E+004 -0.192696926938959E+002  0.725098758519616E+002 -0.442019946064095E+000  0.481189436433381E+000 -0.107536384819057E+002 -0.735406784116767E+003
  0.100000000000000E+001  0.147081339679698E+004 -0.192235225674467E+002  0.739683760885575E+002 -0.408445522490164E+000  0.418277567479677E+000 -0.107536384819057E+002 -0.735406698398489E+003
  0.100000000000000E+001  0.147080873305881E+004 -0.192746426060739E+002  0.724603204383589E+002 -0.426946166203715E+000  0.459456458943511E+000 -0.107536384819057E+002 -0.735404366529407E+003
  0.100000000000000E+001  0.147080216527894E+004 -0.192317389078038E+002  0.736388428604850E+002 -0.402551662427350E+000  0.452101023326064E+000 -0.107536384819057E+002 -0.735401082639472E+003
  0.100000000000000E+001  0.147080170435625E+004 -0.192809669860045E+002  0.720413223584980E+002 -0.404089613260436E+000  0.447795179921870E+000 -0.107536384819057E+002 -0.735400852178123E+003
  0.100000000000000E+001  0.147079242200993E+004 -0.192503572811233E+002  0.732066571084967E+002 -0.446058393029539E+000  0.502410536767039E+000 -0.107536384819057E+002 -0.735396211004964E+003
  0.100000000000000E+001  0.147077971817811E+004 -0.192816939011268E+002  0.720278540684680E+002 -0.403283030656304E+000  0.435576797268099E+000 -0.107536384819057E+002 -0.735389859089055E+003
  0.100000000000000E+001  0.147077932170208E+004 -0.192770852061609E+002  0.721282015742603E+002 -0.420520096337501E+000  0.453882848016644E+000 -0.107536384819057E+002 -0.735389660851041E+003
  0.100000000000000E+001  0.147077183389240E+004 -0.192583205155491E+002  0.729312515426220E+002 -0.417768628883847E+000  0.408903569820923E+000 -0.107536384819057E+002 -0.735385916946202E+003
  0.100000000000000E+001  0.147076725875116E+004 -0.192682691946806E+002  0.725894541645563E+002 -0.442455397500518E+000  0.469903120789187E+000 -0.107536384819057E+002 -0.735383629375582E+003
  0.100000000000000E+001  0.147076370048681E+004 -0.192590196063204E+002  0.727215275030791E+002 -0.396174908665888E+000  0.451240652817175E+000 -0.107536384819057E+002 -0.735381850243403E+003
  0.100000000000000E+001  0.147076107227745E+004 -0.192442386589156E+002  0.734724385565528E+002 -0.433429175291109E+000  0.487719806566114E+000 -0.107536384819057E+002 -0.735380536138727E+003
  0.100000000000000E+001  0.147075590285517E+004 -0.192579552494315E+002  0.730475507574688E+002 -0.437799262284349E+000  0.491985349052719E+000 -0.107536384819057E+002 -0.735377951427583E+003
  0.100000000000000E+001  0.147075466912514E+004 -0.192555367499642E+002  0.728843003404285E+002 -0.417381220754935E+000  0.486263664186617E+000 -0.107536384819057E+002 -0.735377334562570E+003
  0.100000000000000E+001  0.147074819795218E+004 -0.192330115007512E+002  0.735619558975066E+002 -0.389488929822472E+000  0.419446590385472E+000 -0.107536384819057E+002 -0.735374098976091E+003
  0.100000000000000E+001  0.147074569616081E+004 -0.192756447106298E+002  0.721266041972401E+002 -0.407401431012779E+000  0.425969958476755E+000 -0.107536384819057E+002 -0.735372848080406E+003
  0.100000000000000E+001  0.147074021295486E+004 -0.192674259136956E+002  0.724709457368363E+002 -0.392289592875625E+000  0.393328679608059E+000 -0.107536384819057E+002 -0.735370106477429E+003
  0.100000000000000E+001  0.147073560004173E+004 -0.192468813976865E+002  0.733390850372576E+002 -0.447871394046323E+000  0.495870223590535E+000 -0.107536384819057E+002 -0.735367800020866E+003
  0.100000000000000E+001  0.147073095440853E+004 -0.192580301609931E+002  0.730693706185218E+002 -0.451897844182642E+000  0.502188173945372E+000 -0.107536384819057E+002 -0.735365477204264E+003
  0.100000000000000E+001  0.147072485631031E+004 -0.192734054063822E+002  0.725263082864880E+002 -0.435061098646491E+000  0.476363755895046E+000 -0.107536384819057E+002 -0.735362428155156E+003
  0.100000000000000E+001  0.147072348467727E+004 -0.192623383817462E+002  0.727346900850504E+002 -0.400716418356584E+000  0.422185183587338E+000 -0.107536384819057E+002 -0.735361742338635E+003
  0.100000000000000E+001  0.147071645450990E+004 -0.192650335354143E+002  0.725044656648895E+002 -0.405553663813959E+000  0.403834711305093E+000 -0.107536384819057E+002 -0.735358227254948E+003
  0.100000000000000E+001  0.147070828296328E+004 -0.192379871812820E+002  0.733194941210262E+002 -0.385794885304715E+000  0.388548577458648E+000 -0.107536384819057E+002 -0.735354141481639E+003
  0.100000000000000E+001  0.147070391902189E+004 -0.192718023840308E+002  0.724239911011559E+002 -0.405522963842409E+000  0.415266066348995E+000 -0.107536384819057E+002 -0.735351959510946E+003
  0.100000000000000E+001  0.147070178642695E+004 -0.192375146523728E+002  0.735462371373944E+002 -0.408358363926098E+000  0.398241146638675E+000 -0.107536384819057E+002 -0.735350893213473E+003
  0.100000000000000E+001  0.147069932670882E+004 -0.192331466922587E+002  0.737152609352481E+002 -0.424155961811472E+000  0.429279260536051E+000 -0.107536384819057E+002 -0.735349663354411E+003
  0.100000000000000E+001  0.147069359421628E+004 -0.192602165111145E+002  0.726518538851199E+002 -0.389179673707032E+000  0.380395259383692E+000 -0.107536384819057E+002 -0.735346797108140E+003
  0.100000000000000E+001  0.147068894304327E+004 -0.192307422217990E+002  0.739024896863144E+002 -0.427775842412983E+000  0.464138512977819E+000 -0.107536384819057E+002 -0.735344471521633E+003
  0.100000000000000E+001  0.147068711542887E+004 -0.192601865866024E+002  0.728260385255772E+002 -0.442524112842982E+000  0.494452394286845E+000 -0.107536384819057E+002 -0.735343557714434E+003
  0.100000000000000E+001  0.147067448785563E+004 -0.192694052302872E+002  0.725165669394408E+002 -0.407904365965847E+000  0.411769549955439E+000 -0.107536384819057E+002 -0.735337243927817E+003
  0.100000000000000E+001  0.147067071478154E+004 -0.192458689866577E+002  0.730918836689033E+002 -0.412596444126937E+000  0.455765583431003E+000 -0.107536384819057E+002 -0.735335357390771E+003
  0.100000000000000E+001  0.147066819936424E+004 -0.192364571087904E+002  0.735286217783328E+002 -0.426352114860388E+000  0.455732472667102E+000 -0.107536384819057E+002 -0.735334099682118E+003
  0.100000000000000E+001  0.147065832457372E+004 -0.192398057401507E+002  0.732376422903858E+002 -0.392785166636918E+000  0.408385041721743E+000 -0.107536384819057E+002 -0.735329162286861E+003
  0.100000000000000E+001  0.147065607065067E+004 -0.192765984917721E+002  0.723942664731660E+002 -0.432561935417615E+000  0.459172390670160E+000 -0.107536384819057E+002 -0.735328035325336E+003
  0.100000000000000E+001  0.147065595748500E+004 -0.192442805730377E+002  0.732497034261989E+002 -0.419564184664778E+000  0.427146943210346E+000 -0.107536384819057E+002 -0.735327978742498E+003
  0.100000000000000E+001  0.147064610416908E+004 -0.192530320068008E+002  0.732332233392204E+002 -0.432954872445071E+000  0.449815224975898E+000 -0.107536384819057E+002 -0.735323052084541E+003
  0.100000000000000E+001  0.147064208477633E+004 -0.192474202005182E+002  0.734460534685981E+002 -0.440692722904066E+000  0.472558383793808E+000 -0.107536384819057E+002 -0.735321042388166E+003
  0.100000000000000E+001  0.147063758407018E+004 -0.192496752442773E+002  0.728953251193022E+002 -0.398007838271174E+000  0.439648579867403E+000 -0.107536384819057E+002 -0.735318792035091E+003
  0.100000000000000E+001  0.147063023976260E+004 -0.192645343941597E+002  0.723901220538185E+002 -0.386756215831729E+000  0.424345843316020E+000 -0.107536384819057E+002 -0.735315119881301E+003
  0.100000000000000E+001  0.147061799751275E+004 -0.192600109008916E+002  0.728837953038687E+002 -0.420617530522161E+000  0.473950759770423E+000 -0.107536384819057E+002 -0.735308998756374E+003
  0.100000000000000E+001  0.147061728987557E+004 -0.192780307115199E+002  0.720625113668480E+002 -0.395025379675574E+000  0.420543951153713E+000 -0.107536384819057E+002 -0.735308644937787E+003
  0.100000000000000E+001  0.147061491265488E+004 -0.192735914247445E+002  0.724525279357173E+002 -0.443235971309224E+000  0.495257798708510E+000 -0.107536384819057E+002 -0.735307456327439E+003
  0.100000000000000E+001  0.147060790908957E+004 -0.192759596479247E+002  0.723766705977401E+002 -0.442529354254653E+000  0.478882982833562E+000 -0.107536384819057E+002 -0.735303954544786E+003
  0.100000000000000E+001  0.147060673198048E+004 -0.192348455342311E+002  0.735542285066398E+002 -0.399243353270631E+000  0.393700384050671E+000 -0.107536384819057E+002 -0.735303365990241E+003
  0.100000000000000E+001  0.147060452057948E+004 -0.192483660143652E+002  0.729137666070520E+002 -0.383776710236050E+000  0.413284727988199E+000 -0.107536384819057E+002 -0.735302260289739E+003
  0.100000000000000E+001  0.147060302734612E+004 -0.192509992314349E+002  0.728364243166104E+002 -0.383649353676066E+000  0.395516534822240E+000 -0.107536384819057E+002 -0.735301513673060E+003
  0.100000000000000E+001  0.147060049300891E+004 -0.192333082451995E+002  0.737499344046538E+002 -0.412458376667498E+000  0.418854455454492E+000 -0.107536384819057E+002 -0.735300246504453E+003
  0.100000000000000E+001  0.147059950319474E+004 -0.192479732164808E+002  0.731722541104341E+002 -0.404569812985963E+000  0.391538442951893E+000 -0.107536384819057E+002 -0.735299751597370E+003
  0.100000000000000E+001  0.147057259083721E+004 -0.192526991524985E+002  0.729508213635385E+002 -0.418832752673269E+000  0.482714864415438E+000 -0.107536384819057E+002 -0.735286295418605E+003
  0.100000000000000E+001  0.147057000201511E+004 -0.192568456781397E+002  0.730215878613868E+002 -0.446432581589974E+000  0.501830745685346E+000 -0.107536384819057E+002 -0.735285001007555E+003
  0.100000000000000E+001  0.147056824478891E+004 -0.192770173457086E+002  0.723134758553076E+002 -0.439524831033628E+000  0.476139882634971E+000 -0.107536384819057E+002 -0.735284122394456E+003
  0.100000000000000E+001  0.147056700764518E+004 -0.192497040057648E+002  0.729797385692098E+002 -0.390385107420398E+000  0.382239362089406E+000 -0.107536384819057E+002 -0.735283503822590E+003
  0.100000000000000E+001  0.147056627931655E+004 -0.192656056442384E+002  0.727284101995932E+002 -0.420083117898618E+000  0.455583482924226E+000 -0.107536384819057E+002 -0.735283139658276E+003
  0.100000000000000E+001  0.147056106523776E+004 -0.192340154165411E+002  0.735871153600409E+002 -0.395190924823419E+000  0.397462581405524E+000 -0.107536384819057E+002 -0.735280532618881E+003
  0.100000000000000E+001  0.147055845848283E+004 -0.192476358750993E+002  0.732912533659048E+002 -0.416819609148677E+000  0.412122513184342E+000 -0.107536384819057E+002 -0.735279229241413E+003
  0.100000000000000E+001  0.147054382230227E+004 -0.192568897545522E+002  0.727469677458004E+002 -0.388559942443224E+000  0.430732267007839E+000 -0.107536384819057E+002 -0.735271911151134E+003
  0.100000000000000E+001  0.147054366270496E+004 -0.192354495751244E+002  0.737910597733151E+002 -0.436784422682967E+000  0.463810903644802E+000 -0.107536384819057E+002 -0.735271831352478E+003
  0.100000000000000E+001  0.147053340245981E+004 -0.192657415094289E+002  0.725542041876780E+002 -0.397622292311828E+000  0.398100156453324E+000 -0.107536384819057E+002 -0.735266701229904E+003
  0.100000000000000E+001  0.147052337033060E+004 -0.192613148215911E+002  0.726764849656127E+002 -0.419797903386789E+000  0.431480763112816E+000 -0.107536384819057E+002 -0.735261685165300E+003
  0.100000000000000E+001  0.147051309455290E+004 -0.192549545710930E+002  0.727108895603933E+002 -0.389810627374247E+000  0.430710079400285E+000 -0.107536384819057E+002 -0.735256547276452E+003
  0.100000000000000E+001  0.147050601194712E+004 -0.192298949319735E+002  0.737205311268302E+002 -0.414472806215747E+000  0.453832566399325E+000 -0.107536384819057E+002 -0.735253005973561E+003
  0.100000000000000E+001  0.147050251729588E+004 -0.192533375097446E+002  0.729936778983645E+002 -0.402967549061931E+000  0.393024925878093E+000 -0.107536384819057E+002 -0.735251258647941E+003
  0.100000000000000E+001  0.147050123355586E+004 -0.192707037076310E+002  0.722262252251711E+002 -0.394241943492481E+000  0.432348986797086E+000 -0.107536384819057E+002 -0.735250616777930E+003
  0.100000000000000E+001  0.147049953685376E+004 -0.192615221532915E+002  0.727226451723729E+002 -0.415241370682632E+000  0.478199829129878E+000 -0.107536384819057E+002 -0.735249768426877E+003
  0.100000000000000E+001  0.147049475405296E+004 -0.192299535840892E+002  0.737283631503334E+002 -0.398776596452135E+000  0.419931028439948E+000 -0.107536384819057E+002 -0.735247377026482E+003
  0.100000000000000E+001  0.147049445838227E+004 -0.192509434508225E+002  0.733016773842603E+002 -0.449325279057404E+000  0.490690404132643E+000 -0.107536384819057E+002 -0.735247229191136E+003
  0.100000000000000E+001  0.147049425651945E+004 -0.192728208704220E+002  0.722418737703122E+002 -0.414089997356343E+000  0.466421871942768E+000 -0.107536384819057E+002 -0.735247128259724E+003
  0.100000000000000E+001  0.147048709485797E+004 -0.192756990870118E+002  0.722724232264633E+002 -0.432197183396327E+000  0.479383220319583E+000 -0.107536384819057E+002 -0.735243547428985E+003
  0.100000000000000E+001  0.147048142452710E+004 -0.192656054273445E+002  0.726799042070346E+002 -0.413689726942791E+000  0.450678620438953E+000 -0.107536384819057E+002 -0.735240712263550E+003
  0.100000000000000E+001  0.147048120618078E+004 -0.192561965658687E+002  0.728509537770462E+002 -0.392698418032819E+000  0.422224624395168E+000 -0.107536384819057E+002 -0.735240603090391E+003
  0.100000000000000E+001  0.147047679816227E+004 -0.192472600115177E+002  0.732413641784726E+002 -0.434175403664083E+000  0.454537955698504E+000 -0.107536384819057E+002 -0.735238399081136E+003
  0.100000000000000E+001  0.147046996092352E+004 -0.192481154103378E+002  0.733288073131117E+002 -0.433893600636783E+000  0.487536900901397E+000 -0.107536384819057E+002 -0.735234980461759E+003
  0.100000000000000E+001  0.147044187367929E+004 -0.192712393175507E+002  0.724577824170386E+002 -0.417715310638550E+000  0.469942592066467E+000 -0.107536384819057E+002 -0.735220936839644E+003
  0.100000000000000E+001  0.147043522693778E+004 -0.192700414864935E+002  0.725775687755632E+002 -0.444489021111919E+000  0.488152160466685E+000 -0.107536384819057E+002 -0.735217613468890E+003
  0.100000000000000E+001  0.147041918869052E+004 -0.192819507352120E+002  0.720414324812664E+002 -0.418598509415746E+000  0.458249933204660E+000 -0.107536384819057E+002 -0.735209594345258E+003
  0.100000000000000E+001  0.147041601712768E+004 -0.192359155624711E+002  0.737228164591208E+002 -0.434441058339813E+000  0.452314711933286E+000 -0.107536384819057E+002 -0.735208008563838E+003
  0.100000000000000E+001  0.147041544925885E+004 -0.192581323445542E+002  0.726196357380484E+002 -0.388812857077555E+000  0.428035480990952E+000 -0.107536384819057E+002 -0.735207724629423E+003
  0.100000000000000E+001  0.147037804453578E+004 -0.192636964170699E+002  0.726697115490837E+002 -0.411836180802250E+000  0.466189496524487E+000 -0.107536384819057E+002 -0.735189022267890E+003
  0.100000000000000E+001  0.147037586666449E+004 -0.192641958157959E+002  0.726762906439740E+002 -0.417760401501656E+000  0.475410148104062E+000 -0.107536384819057E+002 -0.735187933332245E+003
  0.100000000000000E+001  0.147037090887268E+004 -0.192489937089464E+002  0.731641822151113E+002 -0.400435722051897E+000  0.413548840971568E+000 -0.107536384819057E+002 -0.735185454436341E+003
  0.100000000000000E+001  0.147034385260019E+004 -0.192642391019975E+002  0.727127227607346E+002 -0.424972175368665E+000  0.429766042976950E+000 -0.107536384819057E+002 -0.735171926300096E+003
  0.100000000000000E+001  0.147033583495620E+004 -0.192321293914530E+002  0.736795062689860E+002 -0.414821221043485E+000  0.458579419180245E+000 -0.107536384819057E+002 -0.735167917478101E+003
  0.100000000000000E+001  0.147030045761782E+004 -0.192587346366900E+002  0.727517796136101E+002 -0.404145046233848E+000  0.459430493848724E+000 -0.107536384819057E+002 -0.735150228808912E+003
  0.100000000000000E+001  0.147029146381658E+004 -0.192530414672468E+002  0.730803971771863E+002 -0.428172335344769E+000  0.433986994238893E+000 -0.107536384819057E+002 -0.735145731908289E+003
  0.100000000000000E+001  0.147029037380658E+004 -0.192552844204706E+002  0.728320143615574E+002 -0.388869539901028E+000  0.397670430686413E+000 -0.107536384819057E+002 -0.735145186903291E+003
  0.100000000000000E+001  0.147029013381544E+004 -0.192354237769805E+002  0.735629506812625E+002 -0.410016726359461E+000  0.415303385830221E+000 -0.107536384819057E+002 -0.735145066907719E+003
  0.100000000000000E+001  0.147027799929638E+004 -0.192477262434266E+002  0.730562342177266E+002 -0.386851799327900E+000  0.405251620380021E+000 -0.107536384819057E+002 -0.735138999648191E+003
  0.100000000000000E+001  0.147027765947843E+004 -0.192480223630617E+002  0.730919650267288E+002 -0.405968552952516E+000  0.406119537344135E+000 -0.107536384819057E+002 -0.735138829739217E+003
  0.100000000000000E+001  0.147026692902530E+004 -0.192627135175796E+002  0.726327767674362E+002 -0.415635752880340E+000  0.425450169637756E+000 -0.107536384819057E+002 -0.735133464512652E+003
  0.100000000000000E+001  0.147026521821953E+004 -0.192372097167526E+002  0.735479234798424E+002 -0.412610031422159E+000  0.414984826885119E+000 -0.107536384819057E+002 -0.735132609109765E+003
  0.100000000000000E+001  0.147025999132503E+004 -0.192702490122888E+002  0.722921199429762E+002 -0.394939627026937E+000  0.430315031669562E+000 -0.107536384819057E+002 -0.735129995662517E+003
  0.100000000000000E+001  0.147025942214736E+004 -0.192440136628041E+002  0.734968576367955E+002 -0.441597299060615E+000  0.479599878475926E+000 -0.107536384819057E+002 -0.735129711073681E+003
  0.100000000000000E+001  0.147025719889011E+004 -0.192570384806169E+002  0.728304657459405E+002 -0.418015555346016E+000  0.478927402730514E+000 -0.107536384819057E+002 -0.735128599445057E+003
  0.100000000000000E+001  0.147025150720231E+004 -0.192406534491384E+002  0.732883155374830E+002 -0.407783729739734E+000  0.447378810874834E+000 -0.107536384819057E+002 -0.735125753601157E+003
  0.100000000000000E+001  0.147024769207001E+004 -0.192707881797343E+002  0.723015184977357E+002 -0.409643781417370E+000  0.437893411007781E+000 -0.107536384819057E+002 -0.735123846035006E+003
  0.100000000000000E+001  0.147022357541695E+004 -0.192651052355131E+002  0.725382051071936E+002 -0.417090685089397E+000  0.436552643404099E+000 -0.107536384819057E+002 -0.735111787708474E+003
  0.100000000000000E+001  0.147019661723186E+004 -0.192383400835816E+002  0.736522284349724E+002 -0.430315814528850E+000  0.459419536340315E+000 -0.107536384819057E+002 -0.735098308615929E+003
  0.100000000000000E+001  0.147019292457616E+004 -0.192562291353612E+002  0.729887744138337E+002 -0.427989343595776E+000  0.435130288560089E+000 -0.107536384819057E+002 -0.735096462288082E+003
  0.100000000000000E+001  0.147018774954036E+004 -0.192510471519140E+002  0.730944271230868E+002 -0.432273593764393E+000  0.484030998696177E+000 -0.107536384819057E+002 -0.735093874770181E+003
  0.100000000000000E+001  0.147018524270744E+004 -0.192591362234946E+002  0.726242889812989E+002 -0.395765753769293E+000  0.414629607973279E+000 -0.107536384819057E+002 -0.735092621353720E+003
  0.100000000000000E+001  0.147018409713755E+004 -0.192415494358295E+002  0.734003916985235E+002 -0.425869307761444E+000  0.476937195280582E+000 -0.107536384819057E+002 -0.735092048568773E+003
  0.100000000000000E+001  0.147015485995557E+004 -0.192370096868682E+002  0.734599147394389E+002 -0.399280742179337E+000  0.408997937127948E+000 -0.107536384819057E+002 -0.735077429977783E+003
  0.100000000000000E+001  0.147014868210796E+004 -0.192728096182489E+002  0.722952960980078E+002 -0.407261033763072E+000  0.423945002651419E+000 -0.107536384819057E+002 -0.735074341053981E+003
  0.100000000000000E+001  0.147013533989097E+004 -0.192522597836712E+002  0.728992799012916E+002 -0.388834081378648E+000  0.401173857773864E+000 -0.107536384819057E+002 -0.735067669945484E+003
  0.100000000000000E+001  0.147013121393483E+004 -0.192560335156003E+002  0.729846889471323E+002 -0.425987387942570E+000  0.481884305366890E+000 -0.107536384819057E+002 -0.735065606967415E+003
  0.100000000000000E+001  0.147012563546214E+004 -0.192708885542440E+002  0.723792836000062E+002 -0.416066076464390E+000  0.468952184051748E+000 -0.107536384819057E+002 -0.735062817731072E+003
  0.100000000000000E+001  0.147011188676489E+004 -0.192500993754991E+002  0.731453262719276E+002 -0.425059739630267E+000  0.481773061924276E+000 -0.107536384819057E+002 -0.735055943382443E+003
  0.100000000000000E+001  0.147009321897420E+004 -0.192400352370065E+002  0.735256156390674E+002 -0.415964643543719E+000  0.444058253494761E+000 -0.107536384819057E+002 -0.735046609487098E+003
  0.100000000000000E+001  0.147008560218020E+004 -0.192338995218967E+002  0.735893424332754E+002 -0.409138583807324E+000  0.431834489550811E+000 -0.107536384819057E+002 -0.735042801090102E+003
  0.100000000000000E+001  0.147008434050719E+004 -0.192654551465549E+002  0.725167081808009E+002 -0.407790983233314E+000  0.419329458130717E+000 -0.107536384819057E+002 -0.735042170253594E+003
  0.100000000000000E+001  0.147008077031104E+004 -0.192434107759423E+002  0.731814326931662E+002 -0.401761353533445E+000  0.426470328276598E+000 -0.107536384819057E+002 -0.735040385155519E+003
  0.100000000000000E+001  0.147007780818270E+004 -0.192466336332376E+002  0.732983426725392E+002 -0.416046383468603E+000  0.455482959896893E+000 -0.107536384819057E+002 -0.735038904091352E+003
  0.100000000000000E+001  0.147006493575445E+004 -0.192509658335468E+002  0.732117159221776E+002 -0.440354452359840E+000  0.485621030977464E+000 -0.107536384819057E+002 -0.735032467877227E+003
  0.100000000000000E+001  0.147005797040702E+004 -0.192710470806707E+002  0.723389147590281E+002 -0.413322076496169E+000  0.439946941247263E+000 -0.107536384819057E+002 -0.735028985203512E+003
  0.100000000000000E+001  0.147005654197033E+004 -0.192425352911090E+002  0.732949818033101E+002 -0.401327217787047E+000  0.440683754191587E+000 -0.107536384819057E+002 -0.735028270985167E+003
  0.100000000000000E+001  0.147004959057807E+004 -0.192366800935703E+002  0.734978031701601E+002 -0.409347291643564E+000  0.425120017478619E+000 -0.107536384819057E+002 -0.735024795289034E+003
  0.100000000000000E+001  0.147003503398684E+004 -0.192557702161187E+002  0.728260534268583E+002 -0.404667199821661E+000  0.456072544530648E+000 -0.107536384819057E+002 -0.735017516993419E+003
  0.100000000000000E+001  0.147003215635490E+004 -0.192625800429085E+002  0.728199955831314E+002 -0.429246779373484E+000  0.474137680197686E+000 -0.107536384819057E+002 -0.735016078177449E+003
  0.100000000000000E+001  0.147002696840127E+004 -0.192424334173951E+002  0.734055532489376E+002 -0.409284841104197E+000  0.432798412574243E+000 -0.107536384819057E+002 -0.735013484200635E+003
  0.100000000000000E+001  0.147001711142564E+004 -0.192678033248384E+002  0.723838963670965E+002 -0.401673546081168E+000  0.433503932465507E+000 -0.107536384819057E+002 -0.735008555712820E+003
  0.100000000000000E+001  0.147000944136290E+004 -0.192601847613635E+002  0.728940362444441E+002 -0.440084932133476E+000  0.483606460740411E+000 -0.107536384819057E+002 -0.735004720681452E+003
  0.100000000000000E+001  0.147000730936845E+004 -0.192658914586062E+002  0.724661377862600E+002 -0.404532763611513E+000  0.424960851260288E+000 -0.107536384819057E+002 -0.735003654684227E+003
  0.100000000000000E+001  0.146998790236855E+004 -0.192575165503575E+002  0.729428541848371E+002 -0.437981309531726E+000  0.479715200222477E+000 -0.107536384819057E+002 -0.734993951184276E+003
  0.100000000000000E+001  0.146994998293862E+004 -0.192659305073648E+002  0.725673181356677E+002 -0.425792040977691E+000  0.462204781823287E+000 -0.107536384819057E+002 -0.734974991469309E+003
  0.100000000000000E+001  0.146993409917310E+004 -0.192706192350353E+002  0.724308692387656E+002 -0.425117527516201E+000  0.466189428636663E+000 -0.107536384819057E+002 -0.734967049586552E+003
  0.100000000000000E+001  0.146992652011275E+004 -0.192463432726667E+002  0.730940408621019E+002 -0.402213119710727E+000  0.437110795466960E+000 -0.107536384819057E+002 -0.734963260056376E+003
  0.100000000000000E+001  0.146988234649835E+004 -0.192611747931103E+002  0.725977737476665E+002 -0.398957677713015E+000  0.426584731691130E+000 -0.107536384819057E+002 -0.734941173249176E+003
  0.100000000000000E+001  0.146988072685466E+004 -0.192645104112223E+002  0.726246676961815E+002 -0.406587908162093E+000  0.432261627472082E+000 -0.107536384819057E+002 -0.734940363427332E+003
  0.100000000000000E+001  0.146986763124083E+004 -0.192494783022610E+002  0.732165861861066E+002 -0.419891324630693E+000  0.456821988424577E+000 -0.107536384819057E+002 -0.734933815620417E+003
  0.100000000000000E+001  0.146986296280234E+004 -0.192716597248464E+002  0.724027028250223E+002 -0.416259583890789E+000  0.447810864151928E+000 -0.107536384819057E+002 -0.734931481401168E+003
  0.100000000000000E+001  0.146983758062625E+004 -0.192590843837179E+002  0.727709462449750E+002 -0.402067926701385E+000  0.431325119446635E+000 -0.107536384819057E+002 -0.734918790313125E+003
  0.100000000000000E+001  0.146983221811697E+004 -0.192569557331967E+002  0.729590680031267E+002 -0.424669143673672E+000  0.471488509196497E+000 -0.107536384819057E+002 -0.734916109058486E+003
  0.100000000000000E+001  0.146982629682737E+004 -0.192704511354900E+002  0.724701343486599E+002 -0.421119715444100E+000  0.457833840228719E+000 -0.107536384819057E+002 -0.734913148413684E+003
  0.100000000000000E+001  0.146981337965547E+004 -0.192501587787051E+002  0.729948678112192E+002 -0.404974620638403E+000  0.425093424601844E+000 -0.107536384819057E+002 -0.734906689827737E+003
  0.100000000000000E+001  0.146981158656889E+004 -0.192620951658851E+002  0.726032649395080E+002 -0.409273863092280E+000  0.442676079798114E+000 -0.107536384819057E+002 -0.734905793284445E+003
  0.100000000000000E+001  0.146981142659594E+004 -0.192609894885415E+002  0.728301280332568E+002 -0.421007621481312E+000  0.440629206623969E+000 -0.107536384819057E+002 -0.734905713297971E+003
  0.100000000000000E+001  0.146980913938600E+004 -0.192569615160111E+002  0.728846764679955E+002 -0.418030132747729E+000  0.430489424986601E+000 -0.107536384819057E+002 -0.734904569692998E+003
  0.100000000000000E+001  0.146978741077813E+004 -0.192509245959893E+002  0.731971467369089E+002 -0.426978918312810E+000  0.449094741828607E+000 -0.107536384819057E+002 -0.734893705389067E+003
  0.100000000000000E+001  0.146975396742017E+004 -0.192469411904876E+002  0.731879610752610E+002 -0.409325973948465E+000  0.449650284033906E+000 -0.107536384819057E+002 -0.734876983710085E+003
  0.100000000000000E+001  0.146974858005715E+004 -0.192543291128450E+002  0.729857621992267E+002 -0.428325244876193E+000  0.464944458875226E+000 -0.107536384819057E+002 -0.734874290028575E+003
  0.100000000000000E+001  0.146973793339353E+004 -0.192476318134729E+002  0.731080742597364E+002 -0.405755819949503E+000  0.444683111046922E+000 -0.107536384819057E+002 -0.734868966696764E+003
  0.100000000000000E+001  0.146971164622495E+004 -0.192651101292891E+002  0.725825469860190E+002 -0.415280375935461E+000  0.458403508438848E+000 -0.107536384819057E+002 -0.734855823112473E+003
  0.100000000000000E+001  0.146970922241294E+004 -0.192447435832437E+002  0.732914860708928E+002 -0.412066359583420E+000  0.428353117826227E+000 -0.107536384819057E+002 -0.734854611206469E+003
  0.100000000000000E+001  0.146970561623998E+004 -0.192457117828276E+002  0.731994380100084E+002 -0.407885294946414E+000  0.445302240867866E+000 -0.107536384819057E+002 -0.734852808119991E+003
  0.100000000000000E+001  0.146970097891810E+004 -0.192593376275661E+002  0.727183821327221E+002 -0.402003047068481E+000  0.424437567690550E+000 -0.107536384819057E+002 -0.734850489459048E+003
  0.100000000000000E+001  0.146966536118481E+004 -0.192483107874026E+002  0.731232488005088E+002 -0.404377174211275E+000  0.431140678764508E+000 -0.107536384819057E+002 -0.734832680592407E+003
  0.100000000000000E+001  0.146961411555307E+004 -0.192464603185074E+002  0.731779238613412E+002 -0.411899099678691E+000  0.442935239776212E+000 -0.107536384819057E+002 -0.734807057776533E+003
  0.100000000000000E+001  0.146959596660626E+004 -0.192559706850106E+002  0.728413129585065E+002 -0.409187526400100E+000  0.435048785626671E+000 -0.107536384819057E+002 -0.734797983303128E+003
  0.100000000000000E+001  0.146956145849307E+004 -0.192470665875585E+002  0.732191455363697E+002 -0.418310781629085E+000  0.452701439286447E+000 -0.107536384819057E+002 -0.734780729246534E+003
  0.100000000000000E+001  0.146953211837807E+004 -0.192579508977626E+002  0.728070593533922E+002 -0.412133274122790E+000  0.447605746396339E+000 -0.107536384819057E+002 -0.734766059189035E+003
  0.100000000000000E+001  0.146952843748129E+004 -0.192586317129749E+002  0.728672412961827E+002 -0.422179323090302E+000  0.455359149941206E+000 -0.107536384819057E+002 -0.734764218740646E+003
