  0.313007244297187E-109  0.527735832763251E+003  0.670271257508615E+001  0.978048655195338E+002 -0.187917101613742E+001  0.291449551582131E+001 -0.107536384819057E+002 -0.262044720138974E+003
  0.500774036669236E-108  0.522190805297786E+003  0.122041551382475E+002  0.997979833843370E+002 -0.175561524120247E+001  0.274053491766194E+001 -0.107536384819057E+002 -0.259272206406241E+003
  0.641156847960461E-108  0.521696567008058E+003 -0.122886766955067E+002  0.968954153804018E+002 -0.182328539641028E+001  0.294846781025424E+001 -0.107536384819057E+002 -0.259025087261377E+003
  0.117400208713891E-107  0.520486767690871E+003  0.688289753687670E-001  0.979967904493519E+002 -0.194767696016986E+001  0.369825766148368E+001 -0.107536384819057E+002 -0.258420187602784E+003
  0.152132932402061E-107  0.519968435673414E+003 -0.305983731431620E+001  0.953092003249171E+002 -0.189143736984516E+001  0.320686673602514E+001 -0.107536384819057E+002 -0.258161021594055E+003
  0.618805129156484E-107  0.517162364246177E+003 -0.345645152263074E+000  0.959409729803908E+002 -0.178733351715510E+001  0.277940941733626E+001 -0.107536384819057E+002 -0.256757985880437E+003
  0.196459066902915E-106  0.514851866677904E+003  0.164269630628972E+002  0.946878748105196E+002 -0.181842012416314E+001  0.288858277956353E+001 -0.107536384819057E+002 -0.255602737096301E+003
  0.255632641685903E-106  0.514325292034318E+003 -0.240431296001780E+001  0.954596505655385E+002 -0.193013588503183E+001  0.354772503360366E+001 -0.107536384819057E+002 -0.255339449774507E+003
  0.854952405653372E-106  0.511910683272301E+003  0.809737232196461E+001  0.962625984067324E+002 -0.169795139031981E+001  0.243820868680063E+001 -0.107536384819057E+002 -0.254132145393499E+003
  0.120296357383548E-104  0.506622517817127E+003  0.376017125168066E+001  0.999814876529842E+002 -0.187249356999562E+001  0.256127243342866E+001 -0.107536384819057E+002 -0.251488062665912E+003
  0.173696089919591E-104  0.505887820178382E+003 -0.563310612141130E+001  0.918593162065427E+002 -0.184685156676444E+001  0.281618383447503E+001 -0.107536384819057E+002 -0.251120713846540E+003
  0.531200397543715E-104  0.503652155810194E+003 -0.131736527466048E+002  0.964432829292794E+002 -0.148276862680626E+001  0.150215576357424E+001 -0.107536384819057E+002 -0.250002881662445E+003
  0.282419995594491E-103  0.500310473699222E+003 -0.190194484995008E+002  0.907230085579051E+002 -0.199697947309291E+001  0.387982536404149E+001 -0.107536384819057E+002 -0.248332040606959E+003
  0.171440923247649E-102  0.496703616658512E+003  0.485330405973702E+001  0.922723735581097E+002 -0.196622365032899E+001  0.383969783791261E+001 -0.107536384819057E+002 -0.246528612086604E+003
  0.167150663642159E-101  0.492149132778935E+003 -0.109622504097645E+002  0.878734505137864E+002 -0.188331652149292E+001  0.317772022177712E+001 -0.107536384819057E+002 -0.244251370146816E+003
  0.532328379668014E-101  0.489832402837463E+003 -0.991262973468111E+001  0.942022189353681E+002 -0.183528009862204E+001  0.245763107713490E+001 -0.107536384819057E+002 -0.243093005176080E+003
  0.756748356600689E-100  0.484523692206851E+003  0.266280363849296E+001  0.989672265353140E+002 -0.170838384670931E+001  0.272125980895178E+001 -0.107536384819057E+002 -0.240438649860774E+003
  0.861517806730041E-100  0.484264362308936E+003 -0.705353986875772E+001  0.926551302359556E+002 -0.174782508498166E+001  0.278112847457262E+001 -0.107536384819057E+002 -0.240308984911816E+003
  0.362653139746285E-099  0.481389689894237E+003 -0.795709226780967E+001  0.992757495880542E+002 -0.143900270500921E+001  0.127747204712678E+001 -0.107536384819057E+002 -0.238871648704467E+003
  0.271185584380476E-098  0.477365806587937E+003  0.178217447698942E+002  0.844872796580192E+002 -0.194808452929584E+001  0.318611487932527E+001 -0.107536384819057E+002 -0.236859707051317E+003
  0.572892514658171E-098  0.475870017156115E+003  0.473087303385394E+001  0.831634102749672E+002 -0.197134608022168E+001  0.372418697363403E+001 -0.107536384819057E+002 -0.236111812335406E+003
  0.278973428518165E-097  0.472704010123378E+003  0.958774849767260E+001  0.840229815818817E+002 -0.186270680045225E+001  0.275583055465272E+001 -0.107536384819057E+002 -0.234528808819037E+003
  0.721325254478328E-097  0.470804062898689E+003 -0.751260797726398E+001  0.860592041719850E+002 -0.155974864441966E+001  0.170742687666202E+001 -0.107536384819057E+002 -0.233578835206693E+003
  0.353985295135704E-096  0.467622562269177E+003  0.127628940911034E+002  0.894308061007155E+002 -0.179579339020516E+001  0.306622748092134E+001 -0.107536384819057E+002 -0.231988084891937E+003
  0.430677600070158E-096  0.467230353450365E+003 -0.668846199432484E+001  0.883693589780370E+002 -0.149225954032284E+001  0.173793844310570E+001 -0.107536384819057E+002 -0.231791980482531E+003
  0.459128281366156E-096  0.467102413713162E+003 -0.160203393034579E+002  0.866558303272087E+002 -0.162717393333066E+001  0.221256015063100E+001 -0.107536384819057E+002 -0.231728010613929E+003
  0.924412506716681E-096  0.465702756199670E+003 -0.634520164746704E+000  0.805276501801303E+002 -0.188464927304025E+001  0.290709861751562E+001 -0.107536384819057E+002 -0.231028181857184E+003
  0.126081496311469E-095  0.465082045841418E+003  0.906836628644294E+001  0.819765897649820E+002 -0.163336404711150E+001  0.198783633529633E+001 -0.107536384819057E+002 -0.230717826678057E+003
  0.363578570590270E-095  0.462963911981809E+003  0.297599762400527E+001  0.921774711192185E+002 -0.179319029078803E+001  0.314285823098968E+001 -0.107536384819057E+002 -0.229658759748253E+003
  0.435714837031406E-095  0.462601926857675E+003 -0.246823372463009E+001  0.836365253667271E+002 -0.196979875857668E+001  0.394759904869273E+001 -0.107536384819057E+002 -0.229477767186186E+003
  0.136759231083802E-094  0.460314288758655E+003 -0.166884658722943E+002  0.993127864975943E+002 -0.175110467553760E+001  0.180403599992719E+001 -0.107536384819057E+002 -0.228333948136676E+003
  0.540887394111367E-094  0.457564310416993E+003  0.111994890486604E+002  0.780796450675445E+002 -0.171482416983586E+001  0.229299353028002E+001 -0.107536384819057E+002 -0.226958958965845E+003
  0.644795471774659E-094  0.457212866306442E+003 -0.802821272523822E+001  0.874093114336015E+002 -0.151150707353320E+001  0.183857791347124E+001 -0.107536384819057E+002 -0.226783236910569E+003
  0.164867789161192E-093  0.455335274707635E+003 -0.635651295827839E+001  0.979957474803876E+002 -0.143164122601223E+001 -0.493821384979511E+001 -0.107536384819057E+002 -0.225844441111166E+003
  0.189713074106410E-093  0.455054536868478E+003  0.826215156606384E+001  0.972738894831336E+002 -0.171898810599818E+001  0.172984403108091E+001 -0.107536384819057E+002 -0.225704072191588E+003
  0.155023262128165E-092  0.450853241903627E+003  0.106036395130581E+002  0.762344539002503E+002 -0.190134373587131E+001  0.342961004532141E+001 -0.107536384819057E+002 -0.223603424709162E+003
  0.267861406180015E-092  0.449759452860181E+003 -0.289921390771530E+001  0.742559781850515E+002 -0.194795532075353E+001  0.363544196218783E+001 -0.107536384819057E+002 -0.223056530187439E+003
  0.570105776522539E-092  0.448248748438520E+003  0.113514361986321E+002  0.910004504593232E+002 -0.155937632112306E+001  0.145972813702347E+001 -0.107536384819057E+002 -0.222301177976608E+003
  0.796631010945198E-092  0.447579609073197E+003  0.443136013395339E+001  0.947144328613284E+002 -0.171930538345600E+001  0.174343194421100E+001 -0.107536384819057E+002 -0.221966608293947E+003
  0.881101401416994E-092  0.447378046836632E+003  0.104122891178827E+002  0.752564071600810E+002 -0.180913775652889E+001  0.293566153292171E+001 -0.107536384819057E+002 -0.221865827175664E+003
  0.358139938315393E-091  0.444573374487104E+003  0.124370074874100E+002  0.938241070721223E+002 -0.143970265739021E+001 -0.495165103383042E+001 -0.107536384819057E+002 -0.220463491000900E+003
  0.257297797536134E-090  0.440629583580771E+003  0.158150911328753E+002  0.945650517473325E+002 -0.177908701248858E+001  0.186868386364397E+001 -0.107536384819057E+002 -0.218491595547734E+003
  0.534499775627514E-090  0.439167389278091E+003 -0.887588058276569E+001  0.831742747205179E+002 -0.130576832756472E+001  0.124925538127752E+001 -0.107536384819057E+002 -0.217760498396394E+003
  0.813998044760767E-090  0.438326135971489E+003 -0.131070000499943E+002  0.979672156443293E+002 -0.133509820418552E+001 -0.326794303496643E+001 -0.107536384819057E+002 -0.217339871743093E+003
  0.944510777703165E-090  0.438028717703679E+003  0.449229228976258E+001  0.900513940660613E+002 -0.136626073917919E+001  0.116844426849221E+001 -0.107536384819057E+002 -0.217191162609188E+003
  0.134630929484235E-089  0.437319807355557E+003 -0.150754896969169E+002  0.699036314789866E+002 -0.174250013210462E+001  0.253766254404101E+001 -0.107536384819057E+002 -0.216836707435127E+003
  0.306013965955018E-089  0.435677620230899E+003 -0.113310744802142E-001  0.693801127925870E+002 -0.195878061415988E+001  0.377521786817944E+001 -0.107536384819057E+002 -0.216015613872798E+003
  0.594224849258122E-089  0.434350366149790E+003  0.135264139886366E+002  0.996589664114829E+002 -0.118565635318769E+001 -0.160109775204896E+001 -0.107536384819057E+002 -0.215351986832243E+003
  0.127797116183093E-088  0.432818823574262E+003  0.162511412339529E+002  0.643423650108411E+002 -0.193737452846898E+001  0.326811789331853E+001 -0.107536384819057E+002 -0.214586215544479E+003
  0.155415652044804E-088  0.432427505219743E+003  0.957890386064823E+001  0.703895261403858E+002 -0.158700050931734E+001  0.189388284527524E+001 -0.107536384819057E+002 -0.214390556367220E+003
  0.208487101377543E-088  0.431839957176627E+003 -0.135660905205833E+001  0.651978887961008E+002 -0.184360548462823E+001  0.297651356060319E+001 -0.107536384819057E+002 -0.214096782345662E+003
  0.213725873450852E-088  0.431790323070081E+003  0.140886643509446E+002  0.724050784491541E+002 -0.188483609206401E+001  0.270840483698475E+001 -0.107536384819057E+002 -0.214071965292389E+003
  0.360337496900666E-088  0.430745629360144E+003  0.776049892037261E+001  0.764217801243963E+002 -0.189400768450580E+001  0.363791956634260E+001 -0.107536384819057E+002 -0.213549618437420E+003
  0.483293325986878E-088  0.430158463988484E+003 -0.385559101287883E+001  0.677713854135343E+002 -0.169766267926347E+001  0.237670498079479E+001 -0.107536384819057E+002 -0.213256035751590E+003
  0.124996211833968E-087  0.428257974478467E+003 -0.162786568679051E+002  0.981051999328185E+002 -0.180113499581568E+001  0.170707828410786E+001 -0.107536384819057E+002 -0.212305790996582E+003
  0.155577370469054E-087  0.427820255007168E+003  0.174126263251558E+002  0.697334199447403E+002 -0.176396594547743E+001  0.280109876145176E+001 -0.107536384819057E+002 -0.212086931260932E+003
  0.308422098735347E-087  0.426451602751091E+003  0.497549586390102E+001  0.922843026669709E+002 -0.142343675321436E+001  0.114697763183832E+001 -0.107536384819057E+002 -0.211402605132894E+003
  0.528270268508121E-087  0.425375325291659E+003  0.831955324408737E+001  0.750672370985395E+002 -0.190096151148048E+001  0.370545703026765E+001 -0.107536384819057E+002 -0.210864466403178E+003
  0.575840038519254E-087  0.425202881519050E+003 -0.614500401241594E+001  0.849761279000647E+002 -0.195081100947470E+001  0.261749079616623E+001 -0.107536384819057E+002 -0.210778244516874E+003
  0.654624291440696E-087  0.424946418401078E+003  0.123459231801396E+001  0.885347721895559E+002 -0.142843649610265E+001 -0.470759825261479E+001 -0.107536384819057E+002 -0.210650012957887E+003
  0.120054670170984E-086  0.423733476707922E+003 -0.126246729074311E+002  0.959063765972604E+002 -0.125303120789245E+001 -0.239897465500533E+001 -0.107536384819057E+002 -0.210043542111310E+003
  0.143869270003850E-086  0.423371561075433E+003  0.872792116113448E+001  0.752539293932560E+002 -0.170773898182384E+001  0.266771426421357E+001 -0.107536384819057E+002 -0.209862584295065E+003
  0.158500665761638E-086  0.423177853568114E+003  0.355825009923998E+001  0.618940629776392E+002 -0.175687509538887E+001  0.258545409810864E+001 -0.107536384819057E+002 -0.209765730541405E+003
  0.299914935445407E-086  0.421902373383642E+003  0.176643555643808E+002  0.944928664650529E+002 -0.155617250629546E+001  0.120547125687598E+001 -0.107536384819057E+002 -0.209127990449169E+003
  0.628107718745051E-086  0.420423947798662E+003  0.988023729197583E+001  0.643454888880894E+002 -0.175165469804090E+001  0.227590760748953E+001 -0.107536384819057E+002 -0.208388777656679E+003
  0.871783354639644E-086  0.419768289262455E+003 -0.953431244532329E+001  0.968598748900004E+002 -0.196535475325272E+001  0.458648579445910E+001 -0.107536384819057E+002 -0.208060948388576E+003
  0.201121708400065E-085  0.418096380491046E+003 -0.119503857560837E+002  0.637547265192908E+002 -0.163421909018101E+001  0.216578105613218E+001 -0.107536384819057E+002 -0.207224994002871E+003
  0.432078638936646E-085  0.416566985757013E+003 -0.543970733098069E+001  0.712151454423773E+002 -0.189602476363545E+001  0.369168632060152E+001 -0.107536384819057E+002 -0.206460296635855E+003
  0.450426526060408E-085  0.416483811030437E+003 -0.172097501793528E+002  0.690022019409600E+002 -0.191343702096545E+001  0.272371306006763E+001 -0.107536384819057E+002 -0.206418709272567E+003
  0.473820661360298E-085  0.416382543172437E+003  0.124432205414729E+002  0.856184455188755E+002 -0.124313138742530E+001  0.107013298409098E+001 -0.107536384819057E+002 -0.206368075343567E+003
  0.560408295361643E-085  0.416046869735669E+003 -0.192738672633030E+001  0.764638732505693E+002 -0.177536769776171E+001  0.308786171191674E+001 -0.107536384819057E+002 -0.206200238625183E+003
  0.578323577761256E-085  0.415983933899228E+003 -0.650858401104002E+001  0.987992166738511E+002 -0.113917932293147E+001 -0.971757929241594E+000 -0.107536384819057E+002 -0.206168770706962E+003
  0.594244486851719E-085  0.415929619312105E+003  0.985416080029312E+001  0.901914008200374E+002 -0.171014207996134E+001  0.158377398224104E+001 -0.107536384819057E+002 -0.206141613413401E+003
  0.135025959665296E-084  0.414288096675993E+003 -0.106907797835284E+002  0.816013403844448E+002 -0.173025767379054E+001  0.182005552502524E+001 -0.107536384819057E+002 -0.205320852095345E+003
  0.184901480992881E-084  0.413659384487417E+003 -0.145997561153706E+002  0.808482006071337E+002 -0.199108639457419E+001  0.277829124126186E+001 -0.107536384819057E+002 -0.205006496001057E+003
  0.224109048851971E-084  0.413274765266280E+003 -0.597566910188050E+000  0.932794533055490E+002 -0.125928993070696E+001  0.102521308923006E+001 -0.107536384819057E+002 -0.204814186390488E+003
  0.343448042102770E-084  0.412420959103597E+003 -0.180315124047097E+002  0.850439502558334E+002 -0.137011355267550E+001  0.151116393647706E+001 -0.107536384819057E+002 -0.204387283309147E+003
  0.363482323255440E-084  0.412307569450517E+003 -0.715652153763859E+001  0.570145165419495E+002 -0.183613151437308E+001  0.260308108881426E+001 -0.107536384819057E+002 -0.204330588482607E+003
  0.369391005777158E-084  0.412275319344983E+003 -0.596185583040827E+001  0.854817232947771E+002 -0.142623722567208E+001 -0.452152552982458E+001 -0.107536384819057E+002 -0.204314463429840E+003
  0.840128450630729E-084  0.410631921188404E+003 -0.670758133344835E+001  0.612971233975738E+002 -0.161457076705427E+001  0.213159247548414E+001 -0.107536384819057E+002 -0.203492764351550E+003
  0.117297745998290E-083  0.409964429517996E+003  0.647007223805121E+001  0.658653160464621E+002 -0.162334539164351E+001  0.176529914400124E+001 -0.107536384819057E+002 -0.203159018516346E+003
  0.121691238677442E-083  0.409890886585034E+003  0.120961449558931E+002  0.784029218396612E+002 -0.138292905064444E+001  0.120360405209175E+001 -0.107536384819057E+002 -0.203122247049865E+003
  0.139387684646215E-083  0.409619342299569E+003  0.880891612247384E+001  0.937565017766396E+002 -0.196980725253860E+001  0.228773117198070E+001 -0.107536384819057E+002 -0.202986474907133E+003
  0.338851983279984E-083  0.407842733828468E+003  0.138273385670422E+002  0.985837218215963E+002 -0.153946788291440E+001  0.867889753850335E+000 -0.107536384819057E+002 -0.202098170671582E+003
  0.363226155530116E-083  0.407703809281026E+003 -0.179575162533669E+002  0.415904416253142E+002 -0.182659233348326E+001  0.293132843146795E+001 -0.107536384819057E+002 -0.202028708397861E+003
  0.494075159178310E-083  0.407088485298142E+003 -0.497327813887669E+001  0.545380571625312E+002 -0.178694218835777E+001  0.238404777892807E+001 -0.107536384819057E+002 -0.201721046406420E+003
  0.674586485001538E-083  0.406465660820874E+003  0.131459669303906E+002  0.590423412552214E+002 -0.150736543520501E+001  0.161898168212149E+001 -0.107536384819057E+002 -0.201409634167786E+003
  0.817005623489354E-083  0.406082568641680E+003  0.113247699909394E+002  0.602665059521557E+002 -0.167058161697689E+001  0.193076005146460E+001 -0.107536384819057E+002 -0.201218088078188E+003
  0.955213586470450E-083  0.405769990665086E+003  0.249130537294681E+001  0.637704185114353E+002 -0.161212398455667E+001  0.173111412831363E+001 -0.107536384819057E+002 -0.201061799089891E+003
  0.113849726052071E-082  0.405418931638978E+003  0.120495679285008E+002  0.835246372688102E+002 -0.189529255279092E+001  0.398774123142677E+001 -0.107536384819057E+002 -0.200886269576838E+003
  0.116407984866813E-082  0.405374488148643E+003 -0.184502087697706E+002  0.956406018084906E+002 -0.148481219851672E+001  0.909970958387095E+000 -0.107536384819057E+002 -0.200864047831670E+003
  0.127230655014358E-082  0.405196687170734E+003 -0.178351397561024E+002  0.733887184272029E+002 -0.196988486182638E+001  0.275514833952654E+001 -0.107536384819057E+002 -0.200775147342715E+003
  0.160123968977118E-082  0.404736793768889E+003 -0.152722673318402E+002  0.956912462059949E+002 -0.894837098569661E-001  0.629089383401833E+000 -0.107536384819057E+002 -0.200545200641793E+003
  0.308266333969688E-082  0.403426762151558E+003  0.144966537902230E+002  0.812074405200325E+002 -0.161673043311329E+001  0.242678311946990E+001 -0.107536384819057E+002 -0.199890184833128E+003
  0.575556886837939E-082  0.402178014269649E+003 -0.336579857433754E+001  0.476281218364747E+002 -0.160488967510509E+001  0.194463535980528E+001 -0.107536384819057E+002 -0.199265810892173E+003
  0.640243895750153E-082  0.401964992029820E+003  0.108263902273010E+001  0.843519244151510E+002 -0.145017640613224E+001 -0.462320644893764E+001 -0.107536384819057E+002 -0.199159299772258E+003
  0.648880077371976E-082  0.401938194573553E+003  0.882148922092352E+001  0.484953635116624E+002 -0.159963304656419E+001  0.188851981664410E+001 -0.107536384819057E+002 -0.199145901044125E+003
  0.118774392060426E-081  0.400729068568275E+003  0.185127533319037E+000  0.412495268654414E+002 -0.199987550733827E+001  0.320232817007464E+001 -0.107536384819057E+002 -0.198541338041486E+003
  0.158005071115136E-081  0.400158265969213E+003 -0.455493137167620E+001  0.541949622475671E+002 -0.163600500320972E+001  0.225735950069432E+001 -0.107536384819057E+002 -0.198255936741955E+003
  0.300074330134417E-081  0.398875459803405E+003  0.125955245554813E+002  0.588219689699149E+002 -0.195862177386094E+001  0.411325028555108E+001 -0.107536384819057E+002 -0.197614533659051E+003
  0.354088865487780E-081  0.398544424397404E+003 -0.194016934530282E+000  0.786917356871903E+002 -0.193920256827744E+001  0.245272358782599E+001 -0.107536384819057E+002 -0.197449015956051E+003
  0.366699519488391E-081  0.398474434696149E+003 -0.130694015606307E+002  0.611860602016662E+002 -0.137513845803465E+001  0.132245709756946E+001 -0.107536384819057E+002 -0.197414021105423E+003
  0.697475949718590E-081  0.397188584160746E+003  0.190163366558481E+002  0.505207584622642E+002 -0.153577783609214E+001  0.183634212079148E+001 -0.107536384819057E+002 -0.196771095837722E+003
  0.960820493603596E-081  0.396547945025033E+003 -0.304969202034718E+001  0.483829620525699E+002 -0.188340826155190E+001  0.262549495888361E+001 -0.107536384819057E+002 -0.196450776269865E+003
  0.103490069805208E-080  0.396399398711197E+003  0.117570127751059E+002  0.405436946360080E+002 -0.152215932293567E+001  0.167438351897168E+001 -0.107536384819057E+002 -0.196376503112947E+003
  0.115286083667530E-080  0.396183516593050E+003 -0.890839772380655E+001  0.735582888052189E+002 -0.169196853128400E+001  0.274985400021079E+001 -0.107536384819057E+002 -0.196268562053873E+003
  0.142646412993270E-080  0.395757612175909E+003  0.671571400983326E+001  0.422974930381941E+002 -0.188791680757728E+001  0.264034575322285E+001 -0.107536384819057E+002 -0.196055609845303E+003
  0.153991698970665E-080  0.395604552643234E+003  0.104673069837411E+002  0.433038863197881E+002 -0.194510780986154E+001  0.286693072934651E+001 -0.107536384819057E+002 -0.195979080078965E+003
  0.156299055692438E-080  0.395574807648032E+003  0.170090138014924E+002  0.621713004153492E+002 -0.167709690415360E+001  0.256859009798108E+001 -0.107536384819057E+002 -0.195964207581364E+003
  0.161437811355277E-080  0.395510110040586E+003  0.947377744945403E+001  0.821127673990510E+002 -0.140555852616417E+001  0.112902465799768E+001 -0.107536384819057E+002 -0.195931858777641E+003
  0.178792768612364E-080  0.395305895203742E+003  0.787571505680122E+001  0.520413617540927E+002 -0.151764906287925E+001  0.156542052021678E+001 -0.107536384819057E+002 -0.195829751359219E+003
  0.222800166939742E-080  0.394865799524913E+003  0.853105896645963E+001  0.732796848710759E+002 -0.168105207593603E+001  0.168158676693243E+001 -0.107536384819057E+002 -0.195609703519805E+003
  0.352944546518155E-080  0.393945728134427E+003  0.924276061030494E+001  0.937069252303625E+002 -0.194930208833025E+001  0.201605829344002E+001 -0.107536384819057E+002 -0.195149667824562E+003
  0.472045908683156E-080  0.393364197549550E+003 -0.119423305591410E+001  0.467646175495429E+002 -0.196031404164975E+001  0.413107473421103E+001 -0.107536384819057E+002 -0.194858902532123E+003
  0.557916726575713E-080  0.393029930608145E+003  0.141648760414010E+002  0.415963868097816E+002 -0.167719357874394E+001  0.249453272141469E+001 -0.107536384819057E+002 -0.194691769061421E+003
  0.927253586602415E-080  0.392013895870857E+003  0.946662117280155E+001  0.992001965954242E+002 -0.120453003771448E+001  0.120286699336605E+001 -0.107536384819057E+002 -0.194183751692777E+003
  0.107287097899627E-079  0.391722163055271E+003 -0.393881120576935E+000  0.836384774276483E+002 -0.157687146711975E+001  0.231972050078876E+001 -0.107536384819057E+002 -0.194037885284984E+003
  0.186799947938760E-079  0.390613103359403E+003 -0.105812648227568E+002  0.894962446736121E+002 -0.182581396936823E+001  0.373407701436626E+001 -0.107536384819057E+002 -0.193483355437050E+003
  0.201678050119497E-079  0.390459834624305E+003 -0.803228210031669E+001  0.696338804727962E+002 -0.173865333376321E+001  0.299280290628298E+001 -0.107536384819057E+002 -0.193406721069501E+003
  0.324400473077206E-079  0.389509222292482E+003 -0.100958002666766E+002  0.991546573985259E+002 -0.186391734704898E+001  0.413328926362248E+001 -0.107536384819057E+002 -0.192931414903590E+003
  0.963013623674298E-079  0.387333044735960E+003  0.979624175516226E+001  0.480603956768636E+002 -0.167101378379977E+001  0.253381659629590E+001 -0.107536384819057E+002 -0.191843326125329E+003
  0.102859041962884E-078  0.387201290614979E+003  0.130499748636192E+002  0.859593962913160E+002 -0.147789445153107E+001 -0.468585271470044E+001 -0.107536384819057E+002 -0.191777449064838E+003
  0.119415840252716E-078  0.386902785952419E+003 -0.410181246832858E+001  0.470814307720404E+002 -0.137367979142765E+001  0.132430550413225E+001 -0.107536384819057E+002 -0.191628196733558E+003
  0.126176129273773E-078  0.386792652103112E+003 -0.183241971112189E+002  0.427512747200755E+002 -0.176875048067514E+001  0.306013231363589E+001 -0.107536384819057E+002 -0.191573129808904E+003
  0.147455081740938E-078  0.386480962469941E+003  0.837105725180025E+001  0.871160234825923E+002 -0.184981808581942E+001  0.178381377368812E+001 -0.107536384819057E+002 -0.191417284992319E+003
  0.153258981280489E-078  0.386403751310567E+003  0.139428072108575E+002  0.803943837381447E+002 -0.185542873115949E+001  0.383228934930441E+001 -0.107536384819057E+002 -0.191378679412632E+003
  0.157505629116989E-078  0.386349087271499E+003 -0.840239057454024E+001  0.649338160391032E+002 -0.153571032331547E+001  0.141765415847982E+001 -0.107536384819057E+002 -0.191351347393098E+003
  0.303071530597772E-078  0.385040071963147E+003  0.505439732767780E+001  0.479823104473691E+002 -0.192165507735797E+001  0.260313182371331E+001 -0.107536384819057E+002 -0.190696839738922E+003
  0.316017319476719E-078  0.384956415626492E+003  0.185481723354015E+001  0.450493961699673E+002 -0.176846818633161E+001  0.207058417295539E+001 -0.107536384819057E+002 -0.190655011570595E+003
  0.472971038247781E-078  0.384149941354209E+003  0.520211801580188E+001  0.478548037433836E+002 -0.184882213108437E+001  0.232166012557711E+001 -0.107536384819057E+002 -0.190251774434453E+003
  0.596503992239392E-078  0.383685837799026E+003 -0.260370994014013E+001  0.950136113914586E+002 -0.170353653439637E+001  0.105579540159200E+001 -0.107536384819057E+002 -0.190019722656861E+003
  0.187356793991565E-077  0.381396809905186E+003  0.396420730006196E+001  0.553133835858538E+002 -0.139565354366020E+001  0.151952906382768E+001 -0.107536384819057E+002 -0.188875208709941E+003
  0.243535116048009E-077  0.380872317189867E+003 -0.316464283495295E+001  0.846046062822006E+002 -0.168019143003644E+001  0.132386559540398E+001 -0.107536384819057E+002 -0.188612962352282E+003
  0.297977545375630E-077  0.380468803216460E+003 -0.569811046303350E-001  0.939907050022054E+002 -0.157157097717243E+001  0.814993135544272E+000 -0.107536384819057E+002 -0.188411205365578E+003
  0.332870052374746E-077  0.380247335120194E+003 -0.142155053337614E+002  0.578315659605088E+002 -0.151914613595387E+001  0.140134179882274E+001 -0.107536384819057E+002 -0.188300471317445E+003
  0.389124776574974E-077  0.379935039372438E+003  0.145755542007358E+002  0.694571941455903E+002 -0.193676374179459E+001  0.430309410146865E+001 -0.107536384819057E+002 -0.188144323443567E+003
  0.629587995725066E-077  0.378972708220793E+003  0.481816597629999E+001  0.567459853328200E+002 -0.191891503662746E+001  0.247549743061835E+001 -0.107536384819057E+002 -0.187663157867745E+003
  0.920293502616853E-077  0.378213454194117E+003  0.219068198185025E+001  0.902466722683951E+002 -0.133292561456523E+001 -0.309827664027622E+001 -0.107536384819057E+002 -0.187283530854407E+003
  0.102870613103376E-076  0.377990725265413E+003  0.187540239150533E+002  0.815762238398909E+002 -0.133442448003287E+001 -0.331834765474135E+001 -0.107536384819057E+002 -0.187172166390055E+003
  0.105089812515953E-076  0.377948038611942E+003 -0.140292286557954E+002  0.686600391109310E+002 -0.198573058085914E+001  0.260197400640437E+001 -0.107536384819057E+002 -0.187150823063319E+003
  0.134347359687734E-076  0.377456811930874E+003 -0.277786575606328E+001  0.883947520496497E+002 -0.174576548665319E+001  0.331175308691360E+001 -0.107536384819057E+002 -0.186905209722785E+003
  0.151402143221782E-076  0.377217790301776E+003 -0.124105326781185E+002  0.711770133572878E+002 -0.182430274738521E+001  0.360694477913920E+001 -0.107536384819057E+002 -0.186785698908237E+003
  0.232478234841610E-076  0.376360076081506E+003 -0.186072695137264E+002  0.938188246214431E+002 -0.198645910423619E+001  0.193500133119618E+001 -0.107536384819057E+002 -0.186356841798101E+003
  0.406196161811867E-076  0.375243996895445E+003  0.129160593320695E+002  0.992431870277628E+002 -0.175255677799425E+001  0.936748718907125E+000 -0.107536384819057E+002 -0.185798802205071E+003
  0.458886546649615E-076  0.375000063286723E+003 -0.265625835787780E+000  0.805104634550004E+002 -0.151339683704558E+001  0.110302532283658E+001 -0.107536384819057E+002 -0.185676835400710E+003
  0.462720166707845E-076  0.374983424336011E+003 -0.111597562466545E+002  0.440230067995684E+002 -0.125506804222771E+001  0.113965965802198E+001 -0.107536384819057E+002 -0.185668515925354E+003
  0.586899515659175E-076  0.374507962051005E+003 -0.625250232579819E+001  0.412473567563612E+002 -0.157536378978189E+001  0.146695542154565E+001 -0.107536384819057E+002 -0.185430784782851E+003
  0.813799418393910E-076  0.373854241453852E+003 -0.395164151544062E+001  0.823977533230617E+002 -0.151469760809597E+001  0.104793932502223E+001 -0.107536384819057E+002 -0.185103924484274E+003
  0.823557987910065E-076  0.373830401368539E+003  0.134894047432798E+002  0.754777904217338E+002 -0.139403998618207E+001 -0.419738584217353E+001 -0.107536384819057E+002 -0.185092004441618E+003
  0.854648965138437E-076  0.373756287660545E+003  0.102243372243386E+002  0.764684857825173E+002 -0.136984973233782E+001 -0.398648532188277E+001 -0.107536384819057E+002 -0.185054947587621E+003
  0.106507898766454E-075  0.373316060811198E+003 -0.194632877030808E+001  0.957028258539374E+002 -0.180747274641009E+001  0.118926368475437E+001 -0.107536384819057E+002 -0.184834834162948E+003
  0.121234252874814E-075  0.373057049813268E+003 -0.482926649056412E+001  0.563135641995462E+002 -0.152977368974360E+001  0.137425451881390E+001 -0.107536384819057E+002 -0.184705328663982E+003
  0.126884872810865E-075  0.372965938785586E+003  0.184681317076642E+002  0.444193365334301E+002 -0.195609744931731E+001  0.254804556639554E+001 -0.107536384819057E+002 -0.184659773150141E+003
  0.149431028238173E-075  0.372638829236042E+003 -0.144567502855372E+002  0.931964567112891E+002 -0.151957328973929E+001 -0.481573588964951E+001 -0.107536384819057E+002 -0.184496218375369E+003
  0.211813556544367E-075  0.371941086234707E+003  0.169111114160325E+002  0.466892473632686E+002 -0.138168941979063E+001  0.119986564246041E+001 -0.107536384819057E+002 -0.184147346874702E+003
  0.240434858196912E-075  0.371687600723702E+003 -0.122187974194190E+002  0.844658284656826E+002 -0.179935261315594E+001  0.152979934940331E+001 -0.107536384819057E+002 -0.184020604119200E+003
  0.268488588787085E-075  0.371466882283272E+003 -0.160958306073951E+002  0.816408271330848E+002 -0.194405352963227E+001  0.209998913390936E+001 -0.107536384819057E+002 -0.183910244898984E+003
  0.281971725468831E-075  0.371368885506407E+003 -0.111854040200287E+002  0.931002742674521E+002 -0.168406355841252E+001  0.951990756868626E+000 -0.107536384819057E+002 -0.183861246510552E+003
  0.315457777523258E-075  0.371144449417957E+003  0.112883085016663E+002  0.454367171280770E+002 -0.186606222305950E+001  0.219803536153591E+001 -0.107536384819057E+002 -0.183749028466327E+003
  0.322066377479080E-075  0.371102983778560E+003  0.751745642887318E+001  0.962530017431386E+002 -0.198653420827692E+001  0.176636755402086E+001 -0.107536384819057E+002 -0.183728295646628E+003
  0.378732532665493E-075  0.370778838634869E+003 -0.106110702075903E+002  0.521182712682178E+002 -0.127480667833679E+001  0.124588643004989E+001 -0.107536384819057E+002 -0.183566223074783E+003
  0.530022638186951E-075  0.370106659671251E+003 -0.111180242512062E+002  0.832272824308175E+002 -0.188649989432598E+001  0.182765723700031E+001 -0.107536384819057E+002 -0.183230133592974E+003
  0.532261367103865E-075  0.370098229789147E+003 -0.197942127945561E+001  0.583541847116754E+002 -0.152387356326750E+001  0.203831237783405E+001 -0.107536384819057E+002 -0.183225918651922E+003
  0.599588978622647E-075  0.369860010339953E+003 -0.146853071012863E+002  0.432205663826192E+002 -0.164599047500502E+001  0.260553907462644E+001 -0.107536384819057E+002 -0.183106808927325E+003
  0.619038595146294E-075  0.369796163866554E+003  0.814840154862946E+001  0.535071417771297E+002 -0.169693189335299E+001  0.169106215686408E+001 -0.107536384819057E+002 -0.183074885690625E+003
  0.642802569004918E-075  0.369720823848758E+003  0.727802587817242E+001  0.586218129172002E+002 -0.197428691998238E+001  0.461127377366896E+001 -0.107536384819057E+002 -0.183037215681728E+003
  0.990959277042444E-075  0.368855152228253E+003 -0.788697009234971E+001  0.619342941333548E+002 -0.137709085237289E+001  0.153796529703433E+001 -0.107536384819057E+002 -0.182604379871475E+003
  0.106260780290662E-074  0.368715536395218E+003  0.320119201558323E+001  0.727019713804283E+002 -0.123703332522055E+001  0.103406612279416E+001 -0.107536384819057E+002 -0.182534571954957E+003
  0.151028506890887E-074  0.368012391710944E+003 -0.108064342787195E+002  0.863692416824786E+002 -0.156359996193016E+001  0.922538015063678E+000 -0.107536384819057E+002 -0.182182999612820E+003
  0.181129881199976E-074  0.367648900224407E+003 -0.145789500614664E+002  0.640713698914989E+002 -0.154008019564552E+001  0.130164602620391E+001 -0.107536384819057E+002 -0.182001253869552E+003
  0.266305732837441E-074  0.366878038882993E+003  0.102220647336606E+002  0.926928212045896E+002 -0.188036319840384E+001  0.430992412715466E+001 -0.107536384819057E+002 -0.181615823198845E+003
  0.270076239692280E-074  0.366849920346911E+003  0.172058663281712E+001  0.508826659605142E+002 -0.191402463647772E+001  0.232106514357056E+001 -0.107536384819057E+002 -0.181601763930804E+003
  0.314252802491732E-074  0.366546933392725E+003 -0.146858807835306E+002  0.809243497256495E+002 -0.183403263820641E+001  0.167143030225789E+001 -0.107536384819057E+002 -0.181450270453711E+003
  0.332450278368900E-074  0.366434348303304E+003 -0.114853058929031E+002  0.684106762778933E+002 -0.127365612503639E+001  0.129168848435865E+001 -0.107536384819057E+002 -0.181393977909000E+003
  0.732348704305565E-074  0.364854815378583E+003 -0.183240773022568E+002  0.888631557090530E+002 -0.139812425706903E+001  0.172572590836490E+001 -0.107536384819057E+002 -0.180604211446640E+003
  0.802911703804231E-074  0.364670839423655E+003 -0.148368238337713E+002  0.810255957690450E+002 -0.192749395988950E+001  0.196731013504157E+001 -0.107536384819057E+002 -0.180512223469176E+003
  0.877509755013108E-074  0.364493152779447E+003 -0.140498011714390E+002  0.611293078586535E+002 -0.185421601678913E+001  0.384703979569358E+001 -0.107536384819057E+002 -0.180423380147072E+003
  0.308877733429565E-073  0.361976267709863E+003 -0.914294134227329E+001  0.497878757442767E+002 -0.188052430231782E+001  0.406188263498914E+001 -0.107536384819057E+002 -0.179164937612280E+003
  0.380351808105221E-073  0.361559965467213E+003  0.576930273906062E+001  0.784160376159258E+002 -0.190646264501622E+001  0.191541430639862E+001 -0.107536384819057E+002 -0.178956786490955E+003
  0.420281459369639E-073  0.361360309481285E+003 -0.999568384191140E+001  0.928328005928580E+002 -0.124290339527213E+001  0.676156667775413E+000 -0.107536384819057E+002 -0.178856958497991E+003
  0.489137115818461E-073  0.361056873036430E+003 -0.187279091409686E+002  0.775431385813325E+002 -0.182242408307080E+001  0.378351367214899E+001 -0.107536384819057E+002 -0.178705240275563E+003
  0.642740543053282E-073  0.360510676472104E+003  0.109739980325070E+002  0.561617990717626E+002 -0.152245555844771E+001  0.208132494671412E+001 -0.107536384819057E+002 -0.178432141993400E+003
  0.719584285799827E-073  0.360284811408807E+003  0.893375265474016E+001  0.838630299121375E+002 -0.150685963510938E+001  0.213280725704735E+001 -0.107536384819057E+002 -0.178319209461752E+003
  0.110371289978652E-072  0.359429288460712E+003 -0.148018982233020E+002  0.679221003340369E+002 -0.158042996708548E+001  0.125391815175803E+001 -0.107536384819057E+002 -0.177891447987704E+003
  0.204450120174015E-072  0.358196340482471E+003  0.302488823677511E+001  0.874310297292449E+002 -0.174542502492267E+001  0.113159840381222E+001 -0.107536384819057E+002 -0.177274973998584E+003
  0.211800277360022E-072  0.358125701066267E+003  0.137628014606578E+002  0.704159703672828E+002 -0.194015881576175E+001  0.456396166637726E+001 -0.107536384819057E+002 -0.177239654290482E+003
  0.234576924829356E-072  0.357921421408184E+003  0.853261704769244E+001  0.521776747100479E+002 -0.159480147717360E+001  0.242231926726620E+001 -0.107536384819057E+002 -0.177137514461440E+003
  0.282470210332163E-072  0.357549842361926E+003 -0.124706671349457E+002  0.610196763913946E+002 -0.184672990237964E+001  0.193213462375245E+001 -0.107536384819057E+002 -0.176951724938311E+003
  0.437593822421150E-072  0.356674406283566E+003 -0.311306513952538E+001  0.602145602481391E+002 -0.146270998858887E+001  0.186928378615729E+001 -0.107536384819057E+002 -0.176514006899131E+003
  0.493569519619954E-072  0.356433661112656E+003 -0.111121907434578E+002  0.489975579796318E+002 -0.181224002896095E+001  0.184102890817633E+001 -0.107536384819057E+002 -0.176393634313677E+003
  0.544315873708456E-072  0.356237929094589E+003 -0.371153700664641E+001  0.532409605728672E+002 -0.191700920095014E+001  0.218510698736185E+001 -0.107536384819057E+002 -0.176295768304643E+003
  0.652727793309611E-072  0.355874668178089E+003  0.156335405430638E+002  0.902686332377167E+002 -0.198976154135473E+001  0.180456063732848E+001 -0.107536384819057E+002 -0.176114137846393E+003
  0.762359285755697E-072  0.355564152655315E+003 -0.612409798957375E+001  0.871942912813882E+002 -0.144851084443035E+001  0.682770842491100E+000 -0.107536384819057E+002 -0.175958880085006E+003
  0.115531002340089E-071  0.354732740540741E+003 -0.170478259247008E+002  0.411271485202861E+002 -0.140901708362432E+001  0.108231710066792E+001 -0.107536384819057E+002 -0.175543174027719E+003
  0.120124065094197E-071  0.354654768196716E+003  0.742254077074691E+000  0.815481782585761E+002 -0.162947625171353E+001  0.272437351587384E+001 -0.107536384819057E+002 -0.175504187855706E+003
  0.127781338787380E-071  0.354531177340880E+003  0.186752498524280E+002  0.466270799740507E+002 -0.137201351726987E+001  0.156846622898553E+001 -0.107536384819057E+002 -0.175442392427788E+003
  0.132917299122430E-071  0.354452364118272E+003  0.137129287697726E+002  0.492258033436440E+002 -0.140957141640778E+001  0.168651294359782E+001 -0.107536384819057E+002 -0.175402985816484E+003
  0.142910209343478E-071  0.354307385312977E+003 -0.101452533091410E+002  0.777874135649318E+002 -0.181219376863596E+001  0.153137387498277E+001 -0.107536384819057E+002 -0.175330496413837E+003
  0.179394418992868E-071  0.353852644685991E+003 -0.499513406884978E+001  0.825609903885561E+002 -0.171048510806920E+001  0.318620980958434E+001 -0.107536384819057E+002 -0.175103126100344E+003
  0.181009723341624E-071  0.353834716865802E+003 -0.130835107534328E+002  0.670367650223373E+002 -0.186553880438702E+001  0.405765596301253E+001 -0.107536384819057E+002 -0.175094162190249E+003
  0.332543720131349E-071  0.352618275684549E+003  0.189841377291587E+002  0.920362682353162E+002 -0.160928909950207E+001  0.685830318889341E+000 -0.107536384819057E+002 -0.174485941599623E+003
  0.548405070014110E-071  0.351617789980192E+003 -0.155441011304524E+002  0.602485497921980E+002 -0.180358745843220E+001  0.173430140993876E+001 -0.107536384819057E+002 -0.173985698747444E+003
  0.570053425398184E-071  0.351540358195277E+003 -0.306677636038896E+001  0.733594121551538E+002 -0.145161690706970E+001  0.188650725102866E+001 -0.107536384819057E+002 -0.173946982854987E+003
  0.588549157007831E-071  0.351476497460613E+003 -0.193292414224725E+002  0.756514114830659E+002 -0.147409572146384E+001  0.939097996027582E+000 -0.107536384819057E+002 -0.173915052487655E+003
  0.124576261139038E-070  0.349976812044402E+003 -0.524849530627915E+001  0.576456317835569E+002 -0.170668899324470E+001  0.148212664580734E+001 -0.107536384819057E+002 -0.173165209779549E+003
  0.135465373791469E-070  0.349809216052322E+003  0.108716981507445E+002  0.792009214986503E+002 -0.134503540653545E+001  0.843743832441958E+000 -0.107536384819057E+002 -0.173081411783509E+003
  0.166547549019523E-070  0.349396086483005E+003 -0.137218065329926E+001  0.711580313814585E+002 -0.140119558843058E+001 -0.398974935734115E+001 -0.107536384819057E+002 -0.172874846998851E+003
  0.188128794848504E-070  0.349152394565195E+003 -0.978717772138739E+001  0.970071704475239E+002 -0.156499096005770E+001  0.494971782221750E+000 -0.107536384819057E+002 -0.172753001039946E+003
  0.194087209627766E-070  0.349090032995265E+003 -0.624733262732429E+001  0.521953942697895E+002 -0.185876279690221E+001  0.406929692835972E+001 -0.107536384819057E+002 -0.172721820254981E+003
  0.304119698058599E-070  0.348191805444652E+003 -0.502108237129066E+001  0.912195860527452E+002 -0.190398378043010E+001  0.135474096581500E+001 -0.107536384819057E+002 -0.172272706479674E+003
  0.366663368941974E-070  0.347817759827132E+003  0.941066368956360E+000  0.734547294092505E+002 -0.163348124702030E+001  0.273058265584550E+001 -0.107536384819057E+002 -0.172085683670915E+003
  0.635366896056563E-070  0.346718242937494E+003  0.177575901337960E+002  0.916845869755422E+002 -0.149951683709004E+001  0.549964413467282E+000 -0.107536384819057E+002 -0.171535925226096E+003
  0.137809893682288E-069  0.345169727686898E+003 -0.661587574481652E+001  0.824800891670292E+002 -0.120350847370570E+001 -0.170409259977260E+001 -0.107536384819057E+002 -0.170761667600797E+003
  0.153579515672375E-069  0.344953041093087E+003  0.335586356513329E+001  0.728511873276530E+002 -0.176931862826820E+001  0.353414238758226E+001 -0.107536384819057E+002 -0.170653324303892E+003
  0.198562883724639E-069  0.344439266304629E+003  0.194863119893857E+002  0.947234511065176E+002 -0.174881582841455E+001  0.360264677696929E+001 -0.107536384819057E+002 -0.170396436909663E+003
  0.225119222754065E-069  0.344188217712161E+003  0.136615030690281E+002  0.955013025970729E+002 -0.163261697900403E+001  0.564683706749287E+000 -0.107536384819057E+002 -0.170270912613429E+003
  0.265355784847495E-069  0.343859334973999E+003 -0.145976095070076E+002  0.789659690983028E+002 -0.132551033639970E+001  0.791251614977471E+000 -0.107536384819057E+002 -0.170106471244348E+003
  0.325698847337147E-069  0.343449531647224E+003  0.132298424100073E+002  0.418064360681031E+002 -0.145544536902763E+001  0.100005069136584E+001 -0.107536384819057E+002 -0.169901569580960E+003
  0.475083257633996E-069  0.342694497857902E+003  0.153780472827547E+002  0.738253450458557E+002 -0.195804842183950E+001  0.195201387969235E+001 -0.107536384819057E+002 -0.169524052686299E+003
  0.914026152595536E-069  0.341385759624935E+003  0.630845552668720E+001  0.721423593456763E+002 -0.136347314711803E+001  0.891399218987381E+000 -0.107536384819057E+002 -0.168869683569816E+003
  0.983854127273498E-069  0.341238522710867E+003 -0.985274644791794E+000  0.799019028300371E+002 -0.181014400289528E+001  0.130896382706780E+001 -0.107536384819057E+002 -0.168796065112782E+003
  0.127488553010254E-068  0.340720254647210E+003 -0.135015856296837E+002  0.505282135699238E+002 -0.182641326648048E+001  0.397084714740631E+001 -0.107536384819057E+002 -0.168536931080953E+003
  0.168734837002997E-068  0.340159650865886E+003  0.163897339471394E+002  0.590026485043277E+002 -0.146973194818968E+001  0.196932210112203E+001 -0.107536384819057E+002 -0.168256629190291E+003
  0.183314584992914E-068  0.339993900366415E+003 -0.113866629268566E+002  0.508068917432747E+002 -0.151993930054517E+001  0.219998127824393E+001 -0.107536384819057E+002 -0.168173753940556E+003
  0.262741990460263E-068  0.339273962756139E+003 -0.202674729641751E+001  0.812283450116520E+002 -0.151464145017477E+001  0.222985762225085E+001 -0.107536384819057E+002 -0.167813785135418E+003
  0.290029694189048E-068  0.339076341184735E+003  0.170707572429930E+001  0.796277180461477E+002 -0.188154307389789E+001  0.150397166920509E+001 -0.107536384819057E+002 -0.167714974349716E+003
  0.357479836181017E-068  0.338658149891218E+003 -0.662372222958466E+001  0.794890660044891E+002 -0.123111742662924E+001  0.917022752167923E+000 -0.107536384819057E+002 -0.167505878702957E+003
  0.364520807974532E-068  0.338619140535384E+003 -0.353378356156746E+001  0.851274595734983E+002 -0.172434374586980E+001  0.933672444180803E+000 -0.107536384819057E+002 -0.167486374025041E+003
  0.452658143462076E-068  0.338186033426928E+003 -0.663749791929162E+001  0.672247205623437E+002 -0.133416318170020E+001 -0.326776343455855E+001 -0.107536384819057E+002 -0.167269820470813E+003
  0.559461251624756E-068  0.337762359267740E+003  0.403356770350278E+000  0.720340812735572E+002 -0.160357009743368E+001  0.990184673383957E+000 -0.107536384819057E+002 -0.167057983391218E+003
  0.567326440014448E-068  0.337734438067712E+003  0.937369402876944E+001  0.575907577684228E+002 -0.117564952277047E+001  0.998099888282812E+000 -0.107536384819057E+002 -0.167044022791204E+003
  0.632328638090507E-068  0.337517489295775E+003 -0.719242363759525E+001  0.999049697527262E+002 -0.158464509053930E+001  0.368992328781619E+000 -0.107536384819057E+002 -0.166935548405236E+003
  0.657006472980091E-068  0.337440920066193E+003  0.220773546565453E+001  0.719391562579296E+002 -0.171043818286872E+001  0.118164211247238E+001 -0.107536384819057E+002 -0.166897263790445E+003
  0.111232081474465E-067  0.336387899936383E+003  0.119375785385774E+002  0.505377897807834E+002 -0.141348092735675E+001  0.972174311630600E+000 -0.107536384819057E+002 -0.166370753725540E+003
  0.121301753991461E-067  0.336214575070152E+003  0.963755073482211E+001  0.450246579317367E+002 -0.140674637741222E+001  0.178149066326388E+001 -0.107536384819057E+002 -0.166284091292424E+003
  0.152756878438543E-067  0.335753442366271E+003  0.775436156689176E+001  0.798602696193853E+002 -0.183598390409637E+001  0.131444476063237E+001 -0.107536384819057E+002 -0.166053524940484E+003
  0.166008878765020E-067  0.335587055074810E+003  0.385675898485034E+001  0.572774682878478E+002 -0.142023044590285E+001 -0.431897634584388E+001 -0.107536384819057E+002 -0.165970331294753E+003
  0.188390573906132E-067  0.335334102964644E+003  0.120400858744511E+002  0.963345155348247E+002 -0.158250428827639E+001  0.268543015336135E+001 -0.107536384819057E+002 -0.165843855239670E+003
  0.298235527213589E-067  0.334415370553509E+003  0.193888706195602E+002  0.813475638198546E+002 -0.164691627174918E+001  0.292697659050229E+001 -0.107536384819057E+002 -0.165384489034103E+003
  0.339584802816663E-067  0.334155690215354E+003 -0.190376515409351E+001  0.478161013402041E+002 -0.151288510632350E+001  0.222404367789316E+001 -0.107536384819057E+002 -0.165254648865025E+003
  0.341707689258431E-067  0.334143226298096E+003  0.313362821367709E+001  0.411354074374706E+002 -0.132602652818426E+001 -0.336407454237605E+001 -0.107536384819057E+002 -0.165248416906396E+003
  0.390397439678759E-067  0.333876807029100E+003 -0.155061138595540E+002  0.405045682529419E+002 -0.141367551068680E+001 -0.417036897781610E+001 -0.107536384819057E+002 -0.165115207271898E+003
  0.467497177114088E-067  0.333516351000831E+003 -0.291780870946185E+001  0.509631229159415E+002 -0.194495037402005E+001  0.191974891828894E+001 -0.107536384819057E+002 -0.164934979257764E+003
  0.503226345270216E-067  0.333369057502772E+003 -0.599943745433987E+001  0.856994251687946E+002 -0.123959484443564E+001  0.661108553180828E+000 -0.107536384819057E+002 -0.164861332508735E+003
  0.571213449289140E-067  0.333115611708890E+003  0.144560562194115E+002  0.449457485625453E+002 -0.112706454271314E+001  0.107540654062938E+001 -0.107536384819057E+002 -0.164734609611793E+003
  0.587570914250475E-067  0.333059143734052E+003  0.173176035245341E+002  0.449546523767253E+002 -0.191699176852264E+001  0.490779598223238E+001 -0.107536384819057E+002 -0.164706375624374E+003
  0.849899535524042E-067  0.332320901323739E+003  0.854198558251145E+001  0.508868175393248E+002 -0.164143500591188E+001  0.113155291597718E+001 -0.107536384819057E+002 -0.164337254419218E+003
  0.965331373273512E-067  0.332066194752961E+003  0.162281645509525E+002  0.922152910479197E+002 -0.151622107407502E+001  0.456894971691631E+000 -0.107536384819057E+002 -0.164209901133829E+003
  0.124346770442897E-066  0.331559819038940E+003 -0.150571146246287E+002  0.698365704905440E+002 -0.142535660222186E+001  0.809697298845871E+000 -0.107536384819057E+002 -0.163956713276818E+003
  0.127304159644576E-066  0.331512809073848E+003  0.941503089536949E+001  0.943154973048607E+002 -0.131094119118208E+001 -0.266207254567434E+001 -0.107536384819057E+002 -0.163933208294272E+003
  0.220795455996034E-066  0.330411493966820E+003 -0.996908186163186E+000  0.421881296140972E+002 -0.189627131473345E+001  0.489860285047507E+001 -0.107536384819057E+002 -0.163382550740759E+003
  0.231954309849677E-066  0.330312886611811E+003 -0.522154178979391E+001  0.837762765672775E+002 -0.187000609671829E+001  0.124789120880559E+001 -0.107536384819057E+002 -0.163333247063254E+003
  0.310802817580955E-066  0.329727650067690E+003 -0.151885156402755E+002  0.524089952450634E+002 -0.157508613593253E+001  0.101033618485189E+001 -0.107536384819057E+002 -0.163040628791193E+003
  0.385446903085098E-066  0.329297160539088E+003  0.168488924947084E+002  0.849435008750068E+002 -0.117209538643441E+001  0.760660211814335E+000 -0.107536384819057E+002 -0.162825384026892E+003
  0.391426720980270E-066  0.329266370789961E+003 -0.190203495637261E+002  0.586052881840222E+002 -0.161833356924785E+001  0.105735031122530E+001 -0.107536384819057E+002 -0.162809989152329E+003
  0.466565364063383E-066  0.328915171183019E+003  0.719493731481732E+001  0.936411213096168E+002 -0.170355061194113E+001  0.340095597655987E+001 -0.107536384819057E+002 -0.162634389348858E+003
  0.541515095225740E-066  0.328617225550269E+003  0.185807236559363E+002  0.424743257117594E+002 -0.183867208963750E+001  0.136564075803801E+001 -0.107536384819057E+002 -0.162485416532483E+003
  0.551972374033474E-066  0.328578971439779E+003  0.106389333255995E+002  0.802507853969091E+002 -0.139417290096944E+001  0.176552271282084E+001 -0.107536384819057E+002 -0.162466289477238E+003
  0.593386278445921E-066  0.328434276267801E+003 -0.301708513165764E+001  0.805027156056961E+002 -0.191693141386264E+001  0.478003981888557E+001 -0.107536384819057E+002 -0.162393941891249E+003
  0.116108194151935E-065  0.327091752320537E+003  0.111372766865696E+002  0.911000465979668E+002 -0.174723675620036E+001  0.367034593869348E+001 -0.107536384819057E+002 -0.161722679917617E+003
  0.123606758117701E-065  0.326966586808045E+003 -0.103315502629909E+002  0.979658534631533E+002 -0.107466208101234E+001  0.849333433003732E+000 -0.107536384819057E+002 -0.161660097161371E+003
  0.152297937840591E-065  0.326549119810368E+003 -0.139856426998730E+002  0.558953280295959E+002 -0.126636537182349E+001 -0.259009706492854E+001 -0.107536384819057E+002 -0.161451363662532E+003
  0.152497428075429E-065  0.326546501788106E+003 -0.592658680630369E+001  0.591011598397591E+002 -0.191497091365172E+001  0.172628049577778E+001 -0.107536384819057E+002 -0.161450054651402E+003
  0.161232876610880E-065  0.326435097732805E+003  0.109114976642754E+002  0.449145855940601E+002 -0.162502221577985E+001  0.961649100008730E+000 -0.107536384819057E+002 -0.161394352623751E+003
  0.176809439291371E-065  0.326250652172888E+003  0.650833307558685E-001  0.571122699433411E+002 -0.181353724315665E+001  0.142279610732874E+001 -0.107536384819057E+002 -0.161302129843792E+003
  0.189233238749085E-065  0.326114836606399E+003  0.194812195049605E+002  0.812834004481079E+002 -0.162709471523162E+001  0.726249134346183E+000 -0.107536384819057E+002 -0.161234222060548E+003
  0.197382227426412E-065  0.326030513070468E+003 -0.167035912423120E+002  0.512718784176337E+002 -0.129250687531033E+001 -0.308024624585296E+001 -0.107536384819057E+002 -0.161192060292582E+003
  0.242543527223431E-065  0.325618434873808E+003  0.136879694448238E+002  0.731267825826652E+002 -0.123181358992673E+001 -0.200328111577702E+001 -0.107536384819057E+002 -0.160986021194252E+003
  0.284525680538698E-065  0.325299150219745E+003  0.158454805377115E+002  0.913268042354023E+002 -0.169363194333116E+001  0.598259673677481E+000 -0.107536384819057E+002 -0.160826378867221E+003
  0.362018862930840E-065  0.324817404613735E+003 -0.367191037690096E+001  0.403771511102244E+002 -0.176630643148560E+001  0.106309488597529E+001 -0.107536384819057E+002 -0.160585506064216E+003
  0.486631746105020E-065  0.324225781911996E+003  0.754582103929720E+001  0.678066035374868E+002 -0.193852958096231E+001  0.170659743912259E+001 -0.107536384819057E+002 -0.160289694713347E+003
  0.497786462086268E-065  0.324180454861606E+003  0.103624289763912E+002  0.918896991626197E+002 -0.110002962531595E+001  0.106414908947034E+001 -0.107536384819057E+002 -0.160267031188152E+003
  0.538783250507592E-065  0.324022170534972E+003 -0.132466648384760E+002  0.976761488106308E+002 -0.128543891073153E+001 -0.235827711201898E+001 -0.107536384819057E+002 -0.160187889024835E+003
  0.583619227151266E-065  0.323862299726007E+003  0.587489734187259E+001  0.468376192073628E+002 -0.145487013331237E+001 -0.445286294245910E+001 -0.107536384819057E+002 -0.160107953620352E+003
  0.642093642906931E-065  0.323671328941200E+003  0.161486508284655E+002  0.545635374838643E+002 -0.182184046054769E+001  0.140121902228853E+001 -0.107536384819057E+002 -0.160012468227949E+003
  0.764030427090205E-065  0.323323582020943E+003  0.162101696784845E+002  0.462098094317911E+002 -0.147706686982572E+001  0.805334694309044E+000 -0.107536384819057E+002 -0.159838594767820E+003
  0.789593545687308E-065  0.323257760621897E+003 -0.985231404456779E+001  0.448056874966128E+002 -0.179934250294542E+001  0.122334448761189E+001 -0.107536384819057E+002 -0.159805684068297E+003
  0.853541062550104E-065  0.323102009946045E+003  0.150862208193155E+002  0.707618829613242E+002 -0.158561253335793E+001  0.823096456742522E+000 -0.107536384819057E+002 -0.159727808730371E+003
  0.970453452835798E-065  0.322845270370930E+003  0.699512207890137E+001  0.602198694605846E+002 -0.126258889876727E+001  0.133964519075126E+001 -0.107536384819057E+002 -0.159599438942813E+003
  0.108075147596689E-064  0.322629973471290E+003 -0.183631100974623E+002  0.483344406844041E+002 -0.171862342690656E+001  0.110106222956995E+001 -0.107536384819057E+002 -0.159491790492993E+003
  0.130759981461205E-064  0.322248900183613E+003  0.181196652365852E+002  0.683994202254515E+002 -0.140274318571194E+001 -0.475562877972123E+001 -0.107536384819057E+002 -0.159301253849155E+003
  0.136489625548006E-064  0.322163129846920E+003  0.149674463345890E+002  0.803643292531253E+002 -0.137693754451632E+001 -0.341569962377167E+001 -0.107536384819057E+002 -0.159258368680808E+003
  0.171829740069534E-064  0.321702618857293E+003  0.327266359054662E+001  0.412221646653020E+002 -0.127338052130427E+001 -0.245391025631143E+001 -0.107536384819057E+002 -0.159028113185995E+003
  0.259449139392440E-064  0.320878505686246E+003  0.643600030431432E+001  0.436280495609267E+002 -0.184142154845273E+001  0.459461509016339E+001 -0.107536384819057E+002 -0.158616056600471E+003
  0.376671758478979E-064  0.320132878781705E+003  0.340284299688748E+001  0.509312081575127E+002 -0.133196851979098E+001 -0.316465201726168E+001 -0.107536384819057E+002 -0.158243243148201E+003
  0.492733410073117E-064  0.319595690508919E+003  0.187430592115030E+002  0.638934722413338E+002 -0.147727983178284E+001  0.209772037207372E+001 -0.107536384819057E+002 -0.157974649011808E+003
  0.509622832595961E-064  0.319528285247388E+003  0.164714536974553E+002  0.620668078314138E+002 -0.190443615752114E+001  0.157032846566915E+001 -0.107536384819057E+002 -0.157940946381042E+003
  0.536239287463685E-064  0.319426466077200E+003 -0.158053306594870E+002  0.648119287775718E+002 -0.159983052922044E+001  0.270283517389666E+001 -0.107536384819057E+002 -0.157890036795949E+003
  0.616532824029994E-064  0.319147403936303E+003 -0.114603793778436E+002  0.574525366799645E+002 -0.137000441387936E+001  0.789396711194216E+000 -0.107536384819057E+002 -0.157750505725500E+003
  0.734065453134165E-064  0.318798430668078E+003 -0.154435193174285E+002  0.704897257547799E+002 -0.135676918778902E+001  0.163567834627539E+001 -0.107536384819057E+002 -0.157576019091387E+003
  0.788725710543013E-064  0.318654789826756E+003 -0.965117749774419E+001  0.511459291725575E+002 -0.148390070827937E+001 -0.466851025066876E+001 -0.107536384819057E+002 -0.157504198670726E+003
  0.816536395124861E-064  0.318585484091824E+003  0.181202481849403E+002  0.446840188905905E+002 -0.149181156885033E+001 -0.468096174571004E+001 -0.107536384819057E+002 -0.157469545803261E+003
  0.838908745564285E-064  0.318531423194099E+003  0.909647905522544E+001  0.657292242975668E+002 -0.180474693254877E+001  0.124225539343358E+001 -0.107536384819057E+002 -0.157442515354398E+003
  0.849918901099393E-064  0.318505345194848E+003  0.184084436368818E+002  0.481231987702412E+002 -0.175940818733722E+001  0.385740347963462E+001 -0.107536384819057E+002 -0.157429476354772E+003
  0.916339226079903E-064  0.318354853803239E+003  0.264245787974416E+001  0.511706449118964E+002 -0.135985219273827E+001  0.166108364514050E+001 -0.107536384819057E+002 -0.157354230658968E+003
  0.970902322521637E-064  0.318239175326758E+003  0.124507544106399E+002  0.798359635576973E+002 -0.187205920332920E+001  0.453633413560349E+001 -0.107536384819057E+002 -0.157296391420728E+003
  0.120068595760871E-063  0.317814330456175E+003  0.185349091712386E+002  0.905539261186661E+002 -0.134137056415925E+001 -0.410932012096970E+001 -0.107536384819057E+002 -0.157083968985436E+003
  0.164258766541132E-063  0.317187570819586E+003  0.125258989519589E+002  0.634341069672064E+002 -0.162067142767951E+001  0.881999711127249E+000 -0.107536384819057E+002 -0.156770589167142E+003
  0.184370754205127E-063  0.316956559480204E+003 -0.108742929400968E+002  0.984340519870132E+002 -0.189947892932589E+001  0.497030563729174E+001 -0.107536384819057E+002 -0.156655083497451E+003
  0.185190421867833E-063  0.316947687671585E+003  0.448912729865268E+001  0.736797303593260E+002 -0.174917114581629E+001  0.985400535485170E+000 -0.107536384819057E+002 -0.156650647593141E+003
  0.274911891435190E-063  0.316157555574686E+003 -0.955042234425314E+001  0.681666502648858E+002 -0.150315703584641E+001 -0.470697124164632E+001 -0.107536384819057E+002 -0.156255581544691E+003
  0.306905817451792E-063  0.315937375043833E+003  0.570573496733999E+001  0.433619805777455E+002 -0.147609660066302E+001  0.669944474940367E+000 -0.107536384819057E+002 -0.156145491279265E+003
  0.318967771485221E-063  0.315860276742074E+003  0.883660300322651E+001  0.852751457005481E+002 -0.122361174953858E+001  0.128426577570726E+001 -0.107536384819057E+002 -0.156106942128385E+003
  0.320225185388083E-063  0.315852407972487E+003 -0.602746505792389E+001  0.633012602907396E+002 -0.114603441758574E+001 -0.113795988608089E+001 -0.107536384819057E+002 -0.156103007743592E+003
  0.322181783933049E-063  0.315840225012534E+003 -0.140153445918494E+002  0.427710044573048E+002 -0.179859928209338E+001  0.102658929892819E+001 -0.107536384819057E+002 -0.156096916263616E+003
  0.325352832040740E-063  0.315820636416781E+003 -0.941132791972550E+001  0.910680561733059E+002 -0.162187936137606E+001  0.437736430687222E+000 -0.107536384819057E+002 -0.156087121965739E+003
  0.332707721320185E-063  0.315775928096160E+003  0.330525081751294E+001  0.668469408279572E+002 -0.192139374613615E+001  0.153056482820914E+001 -0.107536384819057E+002 -0.156064767805429E+003
  0.399956083599255E-063  0.315407747377625E+003 -0.174542970699702E+002  0.408403529758958E+002 -0.152503871363150E+001 -0.483233252001926E+001 -0.107536384819057E+002 -0.155880677446161E+003
  0.400679330208860E-063  0.315404134013570E+003 -0.197399907673125E+001  0.715455258964598E+002 -0.182139930133177E+001  0.117164481401140E+001 -0.107536384819057E+002 -0.155878870764133E+003
  0.410902829667344E-063  0.315353743353029E+003  0.995937738614544E+001  0.459555474172286E+002 -0.123989488645153E+001 -0.248769877673801E+001 -0.107536384819057E+002 -0.155853675433863E+003
  0.417537309538722E-063  0.315321709068857E+003 -0.121994410290854E+002  0.876654806837593E+002 -0.176426008273221E+001  0.384217166478411E+001 -0.107536384819057E+002 -0.155837658291777E+003
  0.426547447553017E-063  0.315279009658976E+003 -0.278573323488148E+001  0.448769216654903E+002 -0.141105884002218E+001 -0.384997184657766E+001 -0.107536384819057E+002 -0.155816308586837E+003
  0.486790655182917E-063  0.315014788548763E+003  0.598593251271755E+000  0.472326293798865E+002 -0.177674609118582E+001  0.406804506703906E+001 -0.107536384819057E+002 -0.155684198031730E+003
  0.489843976590864E-063  0.315002283027224E+003  0.396324931903029E+001  0.609755231076935E+002 -0.136659634456856E+001 -0.425423146622879E+001 -0.107536384819057E+002 -0.155677945270960E+003
  0.525562557920174E-063  0.314861518422184E+003 -0.523310527196227E+001  0.494525324231204E+002 -0.135992812120823E+001  0.168397853554969E+001 -0.107536384819057E+002 -0.155607562968440E+003
  0.761887963375128E-063  0.314118857847412E+003 -0.104239388230668E+002  0.428635735791402E+002 -0.165281097004196E+001  0.332484263125933E+001 -0.107536384819057E+002 -0.155236232681054E+003
  0.110697789826507E-062  0.313371678943631E+003 -0.623861827767925E+001  0.567225412629189E+002 -0.113865817451098E+001 -0.102231811717844E+001 -0.107536384819057E+002 -0.154862643229164E+003
  0.116515367374636E-062  0.313269240345591E+003 -0.167475835958702E+002  0.615608433016789E+002 -0.163326324288459E+001  0.863726936454297E+000 -0.107536384819057E+002 -0.154811423930144E+003
  0.118055336546749E-062  0.313242979755140E+003 -0.163392075112430E+002  0.423895017731586E+002 -0.188419782707359E+001  0.115747236903417E+001 -0.107536384819057E+002 -0.154798293634918E+003
  0.135435430839201E-062  0.312968296688647E+003 -0.156275822478522E+002  0.628256439744872E+002 -0.150941137244373E+001 -0.478658934634947E+001 -0.107536384819057E+002 -0.154660952101672E+003
  0.148832783984700E-062  0.312779639850575E+003 -0.187894326375345E+001  0.632647215493968E+002 -0.169396008324433E+001  0.944410073511089E+000 -0.107536384819057E+002 -0.154566623682636E+003
  0.156752719284936E-062  0.312675947637248E+003 -0.724332048138863E+001  0.560230722322820E+002 -0.169619104452023E+001  0.963919750366619E+000 -0.107536384819057E+002 -0.154514777575973E+003
  0.158721781626269E-062  0.312650980954919E+003 -0.123257497771366E+002  0.483618218985866E+002 -0.169634087639159E+001  0.349300954828056E+001 -0.107536384819057E+002 -0.154502294234808E+003
  0.179560643607161E-062  0.312404260695265E+003 -0.582182175125388E+001  0.479327749662471E+002 -0.162773655685578E+001  0.797979754542695E+000 -0.107536384819057E+002 -0.154378934104981E+003
  0.228821582556233E-062  0.311919401522972E+003  0.415022335338429E+001  0.504556792739261E+002 -0.138660686620056E+001 -0.453547725212660E+001 -0.107536384819057E+002 -0.154136504518834E+003
  0.253872857521440E-062  0.311711619530280E+003  0.101990183196754E+002  0.600260864470261E+002 -0.170623365476616E+001  0.341833044156850E+001 -0.107536384819057E+002 -0.154032613522489E+003
  0.302117255761897E-062  0.311363656279530E+003 -0.103729733836740E+002  0.546898526518757E+002 -0.133989570670572E+001 -0.389470874477643E+001 -0.107536384819057E+002 -0.153858631897113E+003
  0.313328426702944E-062  0.311290782837765E+003 -0.449658289121750E+000  0.475965802436861E+002 -0.179633094796261E+001  0.105549113739023E+001 -0.107536384819057E+002 -0.153822195176231E+003
  0.318563645951542E-062  0.311257642121090E+003 -0.134424643703757E+002  0.910008140853764E+002 -0.169524352920792E+001  0.344042336678406E+001 -0.107536384819057E+002 -0.153805624817894E+003
  0.325073356076204E-062  0.311217184956065E+003 -0.803106274179322E+001  0.544881150900403E+002 -0.189223766933268E+001  0.138918118803165E+001 -0.107536384819057E+002 -0.153785396235381E+003
  0.332293573741914E-062  0.311173249018896E+003 -0.312087990115273E+000  0.400756967140404E+002 -0.144569697221732E+001 -0.401340942854594E+001 -0.107536384819057E+002 -0.153763428266796E+003
  0.373202108590806E-062  0.310941046453822E+003 -0.299415356190926E+001  0.590765940104352E+002 -0.193426621486275E+001  0.153247360945283E+001 -0.107536384819057E+002 -0.153647326984259E+003
  0.485610288175186E-062  0.310414473839708E+003 -0.184290937050775E+001  0.548622710492656E+002 -0.164461473565431E+001  0.849196404023534E+000 -0.107536384819057E+002 -0.153384040677202E+003
  0.487283654991376E-062  0.310407593877188E+003 -0.794129729250065E+001  0.827122644885572E+002 -0.115237115242519E+001  0.744592728271217E+000 -0.107536384819057E+002 -0.153380600695942E+003
  0.522671570882262E-062  0.310267380101267E+003 -0.104550331859254E+001  0.750239473979013E+002 -0.192196053801821E+001  0.133668601341141E+001 -0.107536384819057E+002 -0.153310493807982E+003
  0.525885575121338E-062  0.310255119389233E+003  0.112028571804968E+002  0.430068061429885E+002 -0.130419498118694E+001  0.155161358826425E+001 -0.107536384819057E+002 -0.153304363451965E+003
  0.549691724659060E-062  0.310166571450859E+003  0.159816177699536E+002  0.541502897608928E+002 -0.145115968194970E+001  0.692702422595410E+000 -0.107536384819057E+002 -0.153260089482778E+003
  0.656712449439808E-062  0.309810794190609E+003  0.484291219582967E+001  0.843465596696883E+002 -0.182482627938631E+001  0.866894018011239E+000 -0.107536384819057E+002 -0.153082200852653E+003
  0.752581164254758E-062  0.309538268991231E+003  0.105188809339729E+002  0.475441810352153E+002 -0.177024213443128E+001  0.410715702780188E+001 -0.107536384819057E+002 -0.152945938252964E+003
  0.823568831455638E-062  0.309357992431468E+003  0.966263606342995E+001  0.605624808128240E+002 -0.184096089251743E+001  0.123244858157925E+001 -0.107536384819057E+002 -0.152855799973082E+003
  0.124874446747751E-061  0.308525498892785E+003 -0.102220586333260E+002  0.596096932606490E+002 -0.162515592315386E+001  0.294431733358483E+001 -0.107536384819057E+002 -0.152439553203741E+003
  0.125645854853380E-061  0.308513181958169E+003 -0.534749516606023E+001  0.597022498688105E+002 -0.180638884007815E+001  0.113372811829053E+001 -0.107536384819057E+002 -0.152433394736433E+003
  0.131329997602641E-061  0.308424690063121E+003 -0.189345830606333E+002  0.895981337177093E+002 -0.132798593026410E+001 -0.393315956499307E+001 -0.107536384819057E+002 -0.152389148788909E+003
  0.145563040260894E-061  0.308218897987453E+003 -0.143042077517667E+002  0.910219655094879E+002 -0.162966111288071E+001  0.385761075023589E+000 -0.107536384819057E+002 -0.152286252751075E+003
  0.159901823227418E-061  0.308030996461661E+003 -0.151223930510029E+002  0.929462809315673E+002 -0.148015356208295E+001  0.301077782055359E+000 -0.107536384819057E+002 -0.152192301988179E+003
  0.204706392918980E-061  0.307536963060099E+003  0.919178366960380E+001  0.521974821474210E+002 -0.119305617637771E+001  0.877268665495814E+000 -0.107536384819057E+002 -0.151945285287398E+003
  0.229119651933481E-061  0.307311627776554E+003  0.139505230184332E+002  0.871564518279094E+002 -0.147213452233756E+001 -0.416254807723449E+001 -0.107536384819057E+002 -0.151832617645625E+003
  0.259196535483133E-061  0.307064943309412E+003  0.661231057860042E+001  0.543938932560007E+002 -0.142062774450082E+001  0.658992714297915E+000 -0.107536384819057E+002 -0.151709275412054E+003
  0.339446882367847E-061  0.306525481553122E+003 -0.290336548845975E+000  0.815174186016250E+002 -0.196622837991733E+001  0.129708109210667E+001 -0.107536384819057E+002 -0.151439544533909E+003
  0.435851391260601E-061  0.306025513826775E+003  0.179940599017310E+002  0.557584346444265E+002 -0.133265740003808E+001 -0.383360962047877E+001 -0.107536384819057E+002 -0.151189560670736E+003
  0.440220918370402E-061  0.306005563129578E+003  0.303277394188092E+001  0.801323162369793E+002 -0.162722811004468E+001  0.565388165798803E+000 -0.107536384819057E+002 -0.151179585322137E+003
  0.501153615471285E-061  0.305746291162217E+003  0.814033616666270E+001  0.925444941532271E+002 -0.172832486910764E+001  0.371682604821401E+001 -0.107536384819057E+002 -0.151049949338457E+003
  0.530414007651108E-061  0.305632800809563E+003  0.109339491549917E+002  0.964148822305317E+002 -0.107442176396649E+001  0.104342395227915E+001 -0.107536384819057E+002 -0.150993204162130E+003
  0.110876268735809E-060  0.304158116552812E+003  0.106692341610193E+002  0.748558709396990E+002 -0.153182903092015E+001 -0.479126981290645E+001 -0.107536384819057E+002 -0.150255862033755E+003
  0.121906450991503E-060  0.303968438408930E+003 -0.163555256725880E+002  0.465745492047710E+002 -0.168319690850928E+001  0.358337376446845E+001 -0.107536384819057E+002 -0.150161022961814E+003
  0.145843972078681E-060  0.303609871588087E+003 -0.560228662034993E+001  0.444485081693677E+002 -0.138582049181954E+001 -0.344610845484312E+001 -0.107536384819057E+002 -0.149981739551392E+003
  0.163029272834377E-060  0.303387086774570E+003 -0.128391240856526E+002  0.956056838730688E+002 -0.161569778640183E+001  0.236867731241293E+000 -0.107536384819057E+002 -0.149870347144634E+003
  0.168664220645727E-060  0.303319126562990E+003 -0.762753814469960E+000  0.403392604110242E+002 -0.190291431303591E+001  0.864990764264090E+000 -0.107536384819057E+002 -0.149836367038844E+003
  0.175351135006742E-060  0.303241365421073E+003  0.201047917687056E+001  0.432909696408709E+002 -0.135218208754572E+001  0.557268317119485E+000 -0.107536384819057E+002 -0.149797486467885E+003
  0.176902132429524E-060  0.303223753008762E+003  0.127373499704228E+002  0.676584176570757E+002 -0.149089127899734E+001  0.591382623972466E+000 -0.107536384819057E+002 -0.149788680261729E+003
  0.265497850401307E-060  0.302411732831353E+003 -0.181455544162924E+002  0.895802115020739E+002 -0.177329444151723E+001  0.555759944157521E+000 -0.107536384819057E+002 -0.149382670173025E+003
  0.289927504712735E-060  0.302235684503858E+003 -0.166686064011067E+002  0.548162379449807E+002 -0.151394544949585E+001 -0.473160171671013E+001 -0.107536384819057E+002 -0.149294646009277E+003
  0.331172605029887E-060  0.301969666910201E+003  0.104037278828329E+002  0.486462293195536E+002 -0.152461128204999E+001 -0.477239540642525E+001 -0.107536384819057E+002 -0.149161637212449E+003
  0.411275469830878E-060  0.301536419854055E+003 -0.177241966860708E+002  0.623706514005490E+002 -0.187716626896550E+001  0.120485865799388E+001 -0.107536384819057E+002 -0.148945013684376E+003
  0.452376569229541E-060  0.301345916418325E+003  0.654456203069666E+001  0.584812063240598E+002 -0.135895176304337E+001  0.170128923161074E+001 -0.107536384819057E+002 -0.148849761966511E+003
  0.481256856131571E-060  0.301222144055803E+003  0.109207699252692E+002  0.615753638417939E+002 -0.131419668538667E+001  0.641408636886403E+000 -0.107536384819057E+002 -0.148787875785250E+003
  0.512293775265169E-060  0.301097149839207E+003  0.213220620142230E+001  0.424237679185428E+002 -0.157365888308667E+001  0.474120493622708E+000 -0.107536384819057E+002 -0.148725378676952E+003
  0.620357615970173E-060  0.300714354096406E+003  0.137868926899776E+002  0.794672524243737E+002 -0.182784158115857E+001  0.868194386769363E+000 -0.107536384819057E+002 -0.148533980805552E+003
  0.632692062911428E-060  0.300674978657249E+003 -0.696693160048847E+001  0.659569937013328E+002 -0.179796449245027E+001  0.415509421069044E+001 -0.107536384819057E+002 -0.148514293085973E+003
  0.722004280779414E-060  0.300410884183953E+003  0.176368481721297E+002  0.478474632107586E+002 -0.161687604432515E+001  0.611267972399814E+000 -0.107536384819057E+002 -0.148382245849325E+003
  0.736368819592444E-060  0.300371484106238E+003 -0.137388263340597E+002  0.673233002760357E+002 -0.172550075291092E+001  0.815336502112924E+000 -0.107536384819057E+002 -0.148362545810467E+003
  0.147544918270664E-059  0.298981510813693E+003 -0.825191617187218E+001  0.538662820064387E+002 -0.127845429312686E+001  0.661629988040030E+000 -0.107536384819057E+002 -0.147667559164195E+003
  0.247656408456344E-059  0.297945691462291E+003  0.173670202409054E+002  0.450375253241913E+002 -0.173340888577145E+001  0.635994403419884E+000 -0.107536384819057E+002 -0.147149649488494E+003
  0.384898097754282E-059  0.297063818897638E+003  0.720415877757619E+001  0.451520645709556E+002 -0.178484387880912E+001  0.460800647882568E+001 -0.107536384819057E+002 -0.146708713206167E+003
  0.466032958049349E-059  0.296681263419725E+003  0.157491858484400E+002  0.855459143548385E+002 -0.132071044721581E+001  0.441517752036543E+000 -0.107536384819057E+002 -0.146517435467211E+003
  0.470071847045551E-059  0.296664005035679E+003 -0.167971946827145E+002  0.833459311520353E+002 -0.123445661366189E+001 -0.183773113272251E+001 -0.107536384819057E+002 -0.146508806275188E+003
  0.494219404842925E-059  0.296563817017939E+003 -0.162646982804907E+002  0.893120290819323E+002 -0.158830495053774E+001  0.299716095708760E+000 -0.107536384819057E+002 -0.146458712266318E+003
  0.535758184440686E-059  0.296402410312148E+003  0.136840538154821E+002  0.422633020486035E+002 -0.168154886260331E+001  0.451421328530605E+000 -0.107536384819057E+002 -0.146378008913422E+003
  0.570767484860992E-059  0.296275812294177E+003 -0.135495542356035E+002  0.415599312324598E+002 -0.149719312936499E+001  0.373017923263705E+000 -0.107536384819057E+002 -0.146314709904437E+003
  0.573725780853265E-059  0.296265473036903E+003 -0.353962453900849E+000  0.482473129817971E+002 -0.177223638226142E+001  0.751019485530680E+000 -0.107536384819057E+002 -0.146309540275800E+003
  0.596099103004216E-059  0.296188962266928E+003  0.180982935781013E+002  0.623220588867395E+002 -0.168613487023945E+001  0.726642510844581E+000 -0.107536384819057E+002 -0.146271284890813E+003
  0.598935691373941E-059  0.296179467669079E+003 -0.547411559032080E+001  0.614121408144401E+002 -0.153548318951683E+001 -0.485258219109546E+001 -0.107536384819057E+002 -0.146266537591888E+003
  0.628284654485259E-059  0.296083789463340E+003  0.711396233380341E+000  0.954223739307049E+002 -0.180806549825669E+001  0.441518459904906E+001 -0.107536384819057E+002 -0.146218698489018E+003
  0.828953156774803E-059  0.295529448838152E+003 -0.922150089317398E+001  0.574845122529958E+002 -0.121214154222981E+001 -0.216028935756355E+001 -0.107536384819057E+002 -0.145941528176424E+003
  0.964495284864491E-059  0.295226566246530E+003 -0.128006520114148E+002  0.463144461716211E+002 -0.163211339718043E+001  0.337258800550908E+001 -0.107536384819057E+002 -0.145790086880613E+003
  0.142717157939706E-058  0.294442876437653E+003  0.825224473095954E+000  0.571071921058158E+002 -0.141132721500814E+001 -0.371148396736009E+001 -0.107536384819057E+002 -0.145398241976175E+003
  0.157266338885400E-058  0.294248724359713E+003  0.321957990435505E+001  0.514327423800475E+002 -0.156871045775157E+001  0.542751288603105E+000 -0.107536384819057E+002 -0.145301165937205E+003
  0.158105624093540E-058  0.294238079314648E+003  0.108021990676275E+002  0.844974025359557E+002 -0.112123408026208E+001  0.110040692853335E+001 -0.107536384819057E+002 -0.145295843414672E+003
  0.166596633992286E-058  0.294133454897040E+003  0.983172589609299E+001  0.406463900119443E+002 -0.121920817009259E+001  0.136355992114266E+001 -0.107536384819057E+002 -0.145243531205869E+003
  0.220114162331926E-058  0.293576313284940E+003  0.139168226548731E+002  0.493867556874381E+002 -0.117731103212488E+001 -0.123674415065497E+001 -0.107536384819057E+002 -0.144964960399819E+003
  0.235260702696301E-058  0.293443217403001E+003  0.105235778650539E+002  0.785498997220919E+002 -0.126087500270117E+001 -0.213222382824260E+001 -0.107536384819057E+002 -0.144898412458849E+003
  0.237400423787186E-058  0.293425109413256E+003  0.157530253295180E+002  0.980807123697861E+002 -0.130929602655261E+001  0.160971217660408E+001 -0.107536384819057E+002 -0.144889358463977E+003
  0.253863289959843E-058  0.293291014160608E+003 -0.637423204616921E+001  0.796948539099579E+002 -0.181805711516929E+001  0.439098588550030E+001 -0.107536384819057E+002 -0.144822310837652E+003
  0.255652234020428E-058  0.293276969827687E+003 -0.136635620466134E+001  0.575607534248827E+002 -0.120870154171652E+001  0.714143854634029E+000 -0.107536384819057E+002 -0.144815288671192E+003
  0.288325980316179E-058  0.293036422515552E+003  0.194816442904005E+002  0.493674328988610E+002 -0.173087420358629E+001  0.404748414091488E+001 -0.107536384819057E+002 -0.144695015015124E+003
  0.318122275982600E-058  0.292839734298759E+003 -0.128320485065986E+002  0.411313119040470E+002 -0.177368646211011E+001  0.496434257259189E+001 -0.107536384819057E+002 -0.144596670906728E+003
  0.331179005155846E-058  0.292759287887298E+003 -0.192436323068791E+002  0.675883762245136E+002 -0.116218443474144E+001 -0.143832611407383E+001 -0.107536384819057E+002 -0.144556447700997E+003
  0.398810254901190E-058  0.292387634443535E+003  0.854868690743502E+001  0.631366071229803E+002 -0.134650398289060E+001 -0.411830527915928E+001 -0.107536384819057E+002 -0.144370620979116E+003
  0.403126577714455E-058  0.292366104745337E+003 -0.620633505162758E+001  0.625974520245561E+002 -0.133330681485112E+001 -0.293199238707066E+001 -0.107536384819057E+002 -0.144359856130017E+003
  0.446723715278200E-058  0.292160725314055E+003  0.103727632917658E+001  0.999136478011416E+002 -0.188014662264722E+001  0.321940678320912E+000 -0.107536384819057E+002 -0.144257166414376E+003
  0.484177939952321E-058  0.291999700980479E+003 -0.246142511946087E+001  0.443866578474170E+002 -0.178326109263074E+001  0.478852656941358E+001 -0.107536384819057E+002 -0.144176654247588E+003
  0.546912120263914E-058  0.291756029684117E+003  0.143159497938243E+002  0.724797844780826E+002 -0.153368728321880E+001 -0.473666763318047E+001 -0.107536384819057E+002 -0.144054818599407E+003
  0.844711478987195E-058  0.290886615699710E+003  0.162824278057957E+002  0.481372078924287E+002 -0.163206313799688E+001  0.338170880374040E+001 -0.107536384819057E+002 -0.143620111607203E+003
  0.933549203863911E-058  0.290686618606630E+003  0.645218165773577E+001  0.877581817702040E+002 -0.180305386656981E+001  0.524667568308934E+000 -0.107536384819057E+002 -0.143520113060663E+003
  0.124658830381018E-057  0.290108274464125E+003 -0.515670790922922E+001  0.421317251932669E+002 -0.147517946555817E+001  0.256384245523505E+001 -0.107536384819057E+002 -0.143230940989411E+003
  0.138911845718615E-057  0.289891756704903E+003 -0.936367110693747E+001  0.650777498992151E+002 -0.134985065073198E+001 -0.307902907514419E+001 -0.107536384819057E+002 -0.143122682109800E+003
  0.144922600992217E-057  0.289807036134563E+003  0.837975109446457E+001  0.415788993136576E+002 -0.191990798702383E+001  0.591092935028476E+000 -0.107536384819057E+002 -0.143080321824630E+003
  0.145924709929342E-057  0.289793254155291E+003  0.166755444676577E+002  0.834355021307391E+002 -0.198966710189153E+001  0.109202642677665E+001 -0.107536384819057E+002 -0.143073430834994E+003
  0.198210778786397E-057  0.289180773754255E+003 -0.186677538579725E+001  0.517179684731856E+002 -0.181288610482127E+001  0.769321704442455E+000 -0.107536384819057E+002 -0.142767190634476E+003
  0.220444672786612E-057  0.288968142269185E+003 -0.912407546672571E+001  0.982584881652100E+002 -0.157186121050272E+001 -0.742720012590733E+000 -0.107536384819057E+002 -0.142660874891941E+003
  0.221585572185913E-057  0.288957818071275E+003 -0.705366933648076E+001  0.614588930740908E+002 -0.121921379540391E+001 -0.171307785287284E+001 -0.107536384819057E+002 -0.142655712792986E+003
  0.331236460952784E-057  0.288153770754114E+003 -0.801594175279300E+001  0.986076723440812E+002 -0.144230660758261E+001 -0.266766103257899E+000 -0.107536384819057E+002 -0.142253689134405E+003
  0.404143954287442E-057  0.287755893487880E+003  0.117875221305387E+002  0.477025521582210E+002 -0.173842011627436E+001  0.528970176586069E+000 -0.107536384819057E+002 -0.142054750501288E+003
  0.470654620986378E-057  0.287451186689349E+003 -0.107294635590242E+002  0.515960958949344E+002 -0.173173719417114E+001  0.602708977508405E+000 -0.107536384819057E+002 -0.141902397102023E+003
  0.580467629409224E-057  0.287031767689271E+003 -0.143581158328610E+002  0.499397495712439E+002 -0.190545035107361E+001  0.885366907489656E+000 -0.107536384819057E+002 -0.141692687601984E+003
  0.750589098550407E-057  0.286517719035957E+003  0.144708273427267E+002  0.767615040817770E+002 -0.196970202791791E+001  0.111181903937363E+001 -0.107536384819057E+002 -0.141435663275327E+003
  0.886175856273529E-057  0.286185604933277E+003 -0.178302082657344E+002  0.654752551667940E+002 -0.132244241347063E+001  0.528577724758397E+000 -0.107536384819057E+002 -0.141269606223987E+003
  0.923533106703025E-057  0.286103022465532E+003  0.117772677657464E+001  0.691590250580459E+002 -0.168781274803060E+001  0.573724503276997E+000 -0.107536384819057E+002 -0.141228314990114E+003
  0.128585802401998E-056  0.285441072766905E+003 -0.350869446647930E+001  0.780345078379500E+002 -0.125868334854632E+001  0.141003660174337E+001 -0.107536384819057E+002 -0.140897340140801E+003
  0.161089470775249E-056  0.284990345716404E+003 -0.141457087308204E+001  0.436095313915802E+002 -0.175415089810264E+001  0.326605751816342E+000 -0.107536384819057E+002 -0.140671976615550E+003
  0.170577860838157E-056  0.284875881867280E+003  0.176360217940310E+002  0.499770336991209E+002 -0.178868161469144E+001  0.607479642151078E+000 -0.107536384819057E+002 -0.140614744690989E+003
  0.181252952373127E-056  0.284754478410751E+003  0.156356275244654E+002  0.933801891699186E+002 -0.135448644233648E+001  0.277771237153766E+000 -0.107536384819057E+002 -0.140554042962724E+003
  0.195657594491992E-056  0.284601533246612E+003 -0.286753803665170E+001  0.425211042474003E+002 -0.150360621151385E+001  0.223267719561617E+000 -0.107536384819057E+002 -0.140477570380654E+003
  0.204955869927986E-056  0.284508676201224E+003  0.282022672930002E+001  0.693489487044482E+002 -0.184993959667838E+001  0.476778212596044E+001 -0.107536384819057E+002 -0.140431141857960E+003
  0.233779630252412E-056  0.284245507734719E+003  0.600622068207887E+001  0.754325007538878E+002 -0.181080504027754E+001  0.690525526317264E+000 -0.107536384819057E+002 -0.140299557624708E+003
  0.302507289049194E-056  0.283730054829444E+003 -0.123361990676585E+002  0.443414214037372E+002 -0.162052275942636E+001  0.361038032557810E+001 -0.107536384819057E+002 -0.140041831172070E+003
  0.338189323332087E-056  0.283507053842123E+003  0.863495049044233E+001  0.419747751137409E+002 -0.158849144529543E+001  0.140552042234886E+000 -0.107536384819057E+002 -0.139930330678410E+003
  0.387475844449776E-056  0.283234958555972E+003  0.156668056673682E+002  0.614963823502951E+002 -0.121999867435368E+001 -0.231483547491112E+001 -0.107536384819057E+002 -0.139794283035335E+003
  0.418555438914759E-056  0.283080646872503E+003 -0.856904457679725E+001  0.961382700699234E+002 -0.156070726257767E+001 -0.678725892242298E+000 -0.107536384819057E+002 -0.139717127193600E+003
  0.492550378761473E-056  0.282755072081301E+003  0.660904949967113E+001  0.442674227265036E+002 -0.175307511568398E+001  0.481482640389934E+001 -0.107536384819057E+002 -0.139554339797999E+003
  0.562996171361342E-056  0.282487719920480E+003 -0.125904312222326E+002  0.599002559131006E+002 -0.188968413034484E+001  0.920897150325091E+000 -0.107536384819057E+002 -0.139420663717589E+003
  0.563124228290478E-056  0.282487265059953E+003 -0.103863199786389E+002  0.826072572595451E+002 -0.185032389714182E+001  0.479098667194278E+001 -0.107536384819057E+002 -0.139420436287325E+003
  0.704198129534079E-056  0.282040146074745E+003  0.432618358000360E+001  0.485811581795423E+002 -0.157770548982927E+001  0.339378167954556E+000 -0.107536384819057E+002 -0.139196876794721E+003
  0.964259979964019E-056  0.281411543681845E+003 -0.152237771587086E+002  0.415984554584790E+002 -0.173257248779063E+001  0.691783799751180E-001 -0.107536384819057E+002 -0.138882575598271E+003
  0.112079449823139E-055  0.281110679403418E+003  0.123904549701705E+002  0.687640634842957E+002 -0.160970226630603E+001  0.305089837748016E+001 -0.107536384819057E+002 -0.138732143459058E+003
  0.147559585151246E-055  0.280560631267209E+003  0.783603039945024E+001  0.988935218253042E+002 -0.144458394626261E+001 -0.101376044901472E+000 -0.107536384819057E+002 -0.138457119390953E+003
  0.199178743775379E-055  0.279960690126874E+003 -0.295728572121714E+001  0.400640552256962E+002 -0.165348799772138E+001 -0.167172405611202E+000 -0.107536384819057E+002 -0.138157148820785E+003
  0.260042388660678E-055  0.279427406087803E+003 -0.189767345009895E+002  0.433634106101237E+002 -0.127874778730128E+001 -0.330353967045014E+001 -0.107536384819057E+002 -0.137890506801250E+003
  0.388617310404758E-055  0.278623905226854E+003 -0.164517808030421E+002  0.932235652849302E+002 -0.170031202802883E+001  0.967844696702365E-001 -0.107536384819057E+002 -0.137488756370776E+003
  0.418154866861444E-055  0.278477391672293E+003  0.190066409165068E+002  0.907214767574660E+002 -0.191133964553491E+001  0.516798334228651E+000 -0.107536384819057E+002 -0.137415499593495E+003
  0.423348236071556E-055  0.278452705202910E+003 -0.141344467287132E+002  0.993243670050419E+002 -0.122262416648335E+001  0.250932275873743E+000 -0.107536384819057E+002 -0.137403156358804E+003
  0.538461453926190E-055  0.277971663562714E+003  0.176141670488654E+002  0.502380440201603E+002 -0.154725731313594E+001  0.292878417447047E+001 -0.107536384819057E+002 -0.137162635538705E+003
  0.555387718999317E-055  0.277909762464606E+003  0.197780735597821E+001  0.737964561308313E+002 -0.183390927245793E+001  0.470970144661746E+001 -0.107536384819057E+002 -0.137131684989652E+003
  0.611832280905873E-055  0.277716179001585E+003 -0.146074712454365E+002  0.986715951936766E+002 -0.192916046084931E+001  0.238912564038243E+000 -0.107536384819057E+002 -0.137034893258141E+003
  0.633722414114524E-055  0.277645873338010E+003 -0.152946840039513E+002  0.451232788278871E+002 -0.160494707245961E+001  0.159987236601911E+000 -0.107536384819057E+002 -0.136999740426354E+003
  0.794467017540176E-055  0.277193752446607E+003 -0.559735925957105E+001  0.856688982769211E+002 -0.179638747955926E+001  0.443599803734516E+001 -0.107536384819057E+002 -0.136773679980652E+003
  0.942208219871496E-055  0.276852642809170E+003 -0.430089825693745E+000  0.909757629261102E+002 -0.165493495944022E+001  0.107747239990641E+000 -0.107536384819057E+002 -0.136603125161933E+003
  0.108263014142154E-054  0.276574798038532E+003 -0.493503343212336E+001  0.440752742513602E+002 -0.158920168861878E+001  0.896842203087438E-001 -0.107536384819057E+002 -0.136464202776615E+003
  0.116487947394114E-054  0.276428349580271E+003 -0.167728995891409E+002  0.848022900748233E+002 -0.150181500395086E+001  0.213533719720208E+000 -0.107536384819057E+002 -0.136390978547484E+003
  0.126042331257198E-054  0.276270689578115E+003 -0.216615475487456E+001  0.995304252244505E+002 -0.194358467372419E+001  0.197162300745508E+000 -0.107536384819057E+002 -0.136312148546406E+003
  0.126763593087015E-054  0.276259277443867E+003 -0.177145687585278E+002  0.847526558166003E+002 -0.174773639024072E+001  0.330289890603219E+000 -0.107536384819057E+002 -0.136306442479282E+003
  0.134456489393484E-054  0.276141443908346E+003 -0.162931058996676E+002  0.994178788480864E+002 -0.133722798744185E+001  0.977340465351793E-001 -0.107536384819057E+002 -0.136247525711521E+003
  0.137791663254634E-054  0.276092439488146E+003 -0.100542094815626E+002  0.742280213823162E+002 -0.128143913177208E+001 -0.230495581679066E+001 -0.107536384819057E+002 -0.136223023501422E+003
  0.155726460682651E-054  0.275847723181926E+003  0.137718806020053E+002  0.862515442645588E+002 -0.115168557552045E+001  0.323213664304704E+000 -0.107536384819057E+002 -0.136100665348312E+003
  0.211842466699992E-054  0.275232239370197E+003 -0.147976673310736E+002  0.740470499583131E+002 -0.148865942275261E+001 -0.423340351923281E+001 -0.107536384819057E+002 -0.135792923442447E+003
  0.213119043724650E-054  0.275220223403261E+003 -0.128228244365074E+002  0.417401445125814E+002 -0.128719256478760E+001 -0.217445455848523E+001 -0.107536384819057E+002 -0.135786915458979E+003
  0.214646385795970E-054  0.275205941290155E+003  0.735386709063354E+001  0.936699792903852E+002 -0.116836783786013E+001  0.595425962260792E+000 -0.107536384819057E+002 -0.135779774402426E+003
  0.229977752229636E-054  0.275067960054273E+003 -0.133043283028524E+000  0.439034776686091E+002 -0.128589394607379E+001  0.411670994448445E+000 -0.107536384819057E+002 -0.135710783784485E+003
  0.326810361346671E-054  0.274365165067989E+003 -0.175473698623337E+002  0.402283153213546E+002 -0.164232953423553E+001 -0.104199315289989E+001 -0.107536384819057E+002 -0.135359386291343E+003
  0.332123173575399E-054  0.274332913394177E+003  0.368880854719393E+001  0.973909240692100E+002 -0.163488291917257E+001 -0.366695154731388E+000 -0.107536384819057E+002 -0.135343260454437E+003
  0.405365428423015E-054  0.273934347298514E+003 -0.501290745103551E+001  0.448964177688927E+002 -0.145867587754290E+001  0.169071329340324E+000 -0.107536384819057E+002 -0.135143977406605E+003
  0.444398010078936E-054  0.273750484043919E+003 -0.257136405233158E+001  0.631935633346201E+002 -0.144633643775377E+001  0.373737851634197E+000 -0.107536384819057E+002 -0.135052045779308E+003
  0.704663712955278E-054  0.272828483831670E+003 -0.538480443242666E+001  0.902274156094948E+002 -0.172354613991133E+001  0.127552073248896E+000 -0.107536384819057E+002 -0.134591045673183E+003
  0.705846363106347E-054  0.272825130008260E+003 -0.620719307592294E+001  0.411738194350942E+002 -0.143499988468889E+001 -0.547115830239200E-001 -0.107536384819057E+002 -0.134589368761478E+003
  0.742158401940733E-054  0.272724799803713E+003 -0.707126133852092E+001  0.435596736775008E+002 -0.140852935344050E+001  0.235482476923642E+001 -0.107536384819057E+002 -0.134539203659205E+003
  0.900967514568285E-054  0.272336986799699E+003  0.323580136094638E+000  0.554919493731212E+002 -0.160299526553985E+001  0.319765882293841E+000 -0.107536384819057E+002 -0.134345297157198E+003
  0.123550961477896E-053  0.271705447588902E+003 -0.701051934814858E+001  0.995275686762219E+002 -0.179582918532779E+001 -0.553417468274188E+000 -0.107536384819057E+002 -0.134029527551799E+003
  0.124147518307248E-053  0.271695813973333E+003  0.818969931076758E+001  0.980380814725501E+002 -0.175107816046063E+001 -0.770179695021898E+000 -0.107536384819057E+002 -0.134024710744015E+003
  0.139713151704941E-053  0.271459572209271E+003  0.408641750754279E+001  0.699004459539213E+002 -0.184755077072634E+001  0.642622577692762E+000 -0.107536384819057E+002 -0.133906589861984E+003
  0.140616481804197E-053  0.271446682623327E+003  0.921948509327802E+001  0.716015259882013E+002 -0.148202441981172E+001  0.314040890149469E+000 -0.107536384819057E+002 -0.133900145069012E+003
  0.152611112335886E-053  0.271282969145452E+003 -0.333285399027923E+001  0.633709942591687E+002 -0.125110825898644E+001 -0.198296954612786E+001 -0.107536384819057E+002 -0.133818288330074E+003
  0.168856058612156E-053  0.271080661762278E+003 -0.144295840130371E+002  0.440257666276468E+002 -0.116074699617158E+001 -0.151263348383693E+001 -0.107536384819057E+002 -0.133717134638488E+003
  0.200586956633996E-053  0.270736259314603E+003 -0.150535733133571E+002  0.962930803157454E+002 -0.134901468102615E+001  0.191952331260907E-001 -0.107536384819057E+002 -0.133544933414650E+003
  0.206309725839656E-053  0.270679997891655E+003 -0.930475203702366E+001  0.862805903638683E+002 -0.192210217844043E+001  0.545987965150296E+000 -0.107536384819057E+002 -0.133516802703176E+003
  0.220634717226304E-053  0.270545738076296E+003 -0.981046591908074E+001  0.419611904712671E+002 -0.190783065458901E+001 -0.377592379767966E+000 -0.107536384819057E+002 -0.133449672795496E+003
  0.286115183005745E-053  0.270025966082851E+003  0.368723637331453E+001  0.483381205867829E+002 -0.163759270116790E+001  0.127011488336190E+000 -0.107536384819057E+002 -0.133189786798774E+003
  0.327797143560903E-053  0.269753965113296E+003  0.944353105405211E+001  0.511543399863568E+002 -0.191331485329632E+001  0.533831865848624E+000 -0.107536384819057E+002 -0.133053786313996E+003
  0.343428331735927E-053  0.269660798120583E+003  0.313457074945660E-001  0.702486952731787E+002 -0.137858176194556E+001  0.370602659847506E+000 -0.107536384819057E+002 -0.133007202817640E+003
  0.361388661444428E-053  0.269558847010525E+003  0.109736766874179E+002  0.938895291556554E+002 -0.163804667767220E+001 -0.685582310890783E+000 -0.107536384819057E+002 -0.132956227262611E+003
  0.397404624156109E-053  0.269368845085752E+003  0.113748191079528E+002  0.709542210864630E+002 -0.107010239414540E+001  0.894945724663472E+000 -0.107536384819057E+002 -0.132861226300225E+003
  0.435637309994741E-053  0.269185134939195E+003  0.907830829429894E+001  0.804942241367092E+002 -0.181656716499188E+001  0.468256375559250E+001 -0.107536384819057E+002 -0.132769371226946E+003
  0.477811191737935E-053  0.269000323701710E+003 -0.171920465261187E+002  0.424753248352747E+002 -0.163918938254050E+001 -0.955396404467645E+000 -0.107536384819057E+002 -0.132676965608203E+003
  0.524679996438946E-053  0.268813177925582E+003  0.155700691909090E+002  0.894735739810264E+002 -0.135794685767797E+001  0.239874059508235E+000 -0.107536384819057E+002 -0.132583392720139E+003
  0.539653110761057E-053  0.268756901926582E+003  0.627111727267245E+000  0.598913467647191E+002 -0.161345675683323E+001  0.329024331278946E+001 -0.107536384819057E+002 -0.132555254720640E+003
  0.598059799859625E-053  0.268551373520469E+003  0.969383436728110E+001  0.541680724353540E+002 -0.185795607434052E+001  0.496305744681173E+000 -0.107536384819057E+002 -0.132452490517583E+003
  0.628233372522564E-053  0.268452931598432E+003  0.183261492179380E+002  0.908371316855431E+002 -0.149263458951189E+001 -0.411468127527027E+001 -0.107536384819057E+002 -0.132403269556565E+003
  0.735262047120261E-053  0.268138301093168E+003 -0.183315007331653E+002  0.998969303573987E+002 -0.186078179649468E+001 -0.644580023990433E+000 -0.107536384819057E+002 -0.132245954303933E+003
  0.823360580692102E-053  0.267911966549173E+003  0.120513798008932E+002  0.501518860403186E+002 -0.165244023879015E+001  0.149606181554343E+000 -0.107536384819057E+002 -0.132132787031935E+003
  0.840939858666998E-053  0.267869714726454E+003  0.713375790348744E+001  0.529759935180634E+002 -0.157089976742269E+001  0.215151395387226E+000 -0.107536384819057E+002 -0.132111661120575E+003
  0.843989897452128E-053  0.267862473968540E+003 -0.259736397697788E+001  0.537288399749728E+002 -0.136059656922134E+001  0.190429458198441E+001 -0.107536384819057E+002 -0.132108040741618E+003
  0.115622828525289E-052  0.267232918001244E+003  0.612161145396047E+001  0.931235160328053E+002 -0.148431466553949E+001 -0.232061024117755E+000 -0.107536384819057E+002 -0.131793262757971E+003
  0.144687798310511E-052  0.266784428219842E+003  0.117328333708344E+001  0.439392121920233E+002 -0.174260374339366E+001 -0.430239900452182E+000 -0.107536384819057E+002 -0.131569017867269E+003
  0.146200087278293E-052  0.266763632543325E+003  0.193799349076287E+001  0.456910943505667E+002 -0.141876778070318E+001  0.242017444521439E+001 -0.107536384819057E+002 -0.131558620029011E+003
  0.157076197745189E-052  0.266620122784778E+003  0.125898283680103E+002  0.519205239530878E+002 -0.180480355692530E+001  0.298312073342316E+000 -0.107536384819057E+002 -0.131486865149737E+003
  0.166094980199525E-052  0.266508465242700E+003  0.951853081260092E+001  0.649234558622790E+002 -0.142341227668713E+001 -0.362794527118328E+001 -0.107536384819057E+002 -0.131431036378699E+003
  0.172654945645750E-052  0.266430994694060E+003  0.323014507197077E+001  0.603460530002654E+002 -0.175331758622570E+001  0.396891602928627E+000 -0.107536384819057E+002 -0.131392301104378E+003
  0.205818142277993E-052  0.266079598883088E+003 -0.140874365923888E+002  0.425395100011603E+002 -0.150841595119338E+001  0.331787484474977E+001 -0.107536384819057E+002 -0.131216603198893E+003
  0.208144579860268E-052  0.266057118964480E+003 -0.104517190976752E+001  0.406592843290123E+002 -0.131582225152034E+001 -0.554140512913587E+000 -0.107536384819057E+002 -0.131205363239589E+003
  0.252306503678985E-052  0.265672295566159E+003 -0.421627752480259E+001  0.870088885190604E+002 -0.195748365271360E+001  0.531921474787528E+000 -0.107536384819057E+002 -0.131012951540428E+003
  0.265296535324857E-052  0.265571888428719E+003 -0.165471246233713E+002  0.940214382240759E+002 -0.127106364385670E+001 -0.320159120923692E+001 -0.107536384819057E+002 -0.130962747971708E+003
  0.266089569080474E-052  0.265565918875976E+003 -0.104909014769537E+002  0.929561987132954E+002 -0.175236259369059E+001 -0.740279187304393E-001 -0.107536384819057E+002 -0.130959763195336E+003
  0.298901581161499E-052  0.265333356113492E+003 -0.591443950006873E+001  0.828446881661231E+002 -0.166735771282551E+001  0.358268020328948E+001 -0.107536384819057E+002 -0.130843481814094E+003
  0.324852833824268E-052  0.265166840310365E+003 -0.176714082627322E+002  0.413128792758186E+002 -0.180253383754306E+001 -0.163481442517811E+001 -0.107536384819057E+002 -0.130760223912531E+003
  0.362043731074009E-052  0.264950054814710E+003  0.711468207767901E+001  0.968110071647668E+002 -0.179569299975123E+001 -0.720366191659142E+000 -0.107536384819057E+002 -0.130651831164704E+003
  0.373516864747631E-052  0.264887658518259E+003 -0.724757932789384E+000  0.400382106411469E+002 -0.143625840723548E+001 -0.315870211343774E+001 -0.107536384819057E+002 -0.130620633016478E+003
  0.414979541364857E-052  0.264677126389714E+003 -0.150275316444122E+002  0.541020102869861E+002 -0.198782966896912E+001  0.684110694653527E+000 -0.107536384819057E+002 -0.130515366952206E+003
  0.423697802052957E-052  0.264635543891691E+003 -0.879877237395772E+001  0.541678388190596E+002 -0.173468905977884E+001  0.244599540387038E+000 -0.107536384819057E+002 -0.130494575703194E+003
  0.449663822207710E-052  0.264516584348285E+003 -0.668512571611053E+000  0.902383635470815E+002 -0.152185868520206E+001 -0.929306198124352E+000 -0.107536384819057E+002 -0.130435095931491E+003
  0.561581583212704E-052  0.264072070714415E+003  0.127209253776456E+002  0.732079105513256E+002 -0.176279105726748E+001  0.363157792438864E+000 -0.107536384819057E+002 -0.130212839114556E+003
  0.590459955885254E-052  0.263971781193060E+003  0.140055728213182E+002  0.666608694305318E+002 -0.192316642310719E+001  0.695814328382940E+000 -0.107536384819057E+002 -0.130162694353879E+003
  0.626912338514255E-052  0.263851971392160E+003  0.625043645441444E+000  0.451902720855906E+002 -0.168393683419753E+001 -0.444456383936771E+000 -0.107536384819057E+002 -0.130102789453429E+003
  0.702964565046222E-052  0.263622971861512E+003  0.138771315493332E+002  0.971401087023181E+002 -0.182500630947374E+001 -0.686607545586581E+000 -0.107536384819057E+002 -0.129988289688104E+003
  0.727846659564858E-052  0.263553404044824E+003 -0.188384729962436E+002  0.900048040293564E+002 -0.168667005528925E+001 -0.474682573543248E-001 -0.107536384819057E+002 -0.129953505779760E+003
  0.775310186405030E-052  0.263427058452311E+003 -0.407970560212140E+001  0.830892407137000E+002 -0.136950660513174E+001 -0.464162591137720E+001 -0.107536384819057E+002 -0.129890332983504E+003
  0.100437298157212E-051  0.262909347378205E+003 -0.174959601200330E+002  0.427142718009199E+002 -0.145381348634546E+001 -0.988539565129950E+000 -0.107536384819057E+002 -0.129631477446451E+003
  0.109315893066479E-051  0.262739931061212E+003  0.101537187277535E+002  0.462126051127005E+002 -0.147002343247651E+001 -0.624859880395537E+000 -0.107536384819057E+002 -0.129546769287955E+003
  0.120736758635539E-051  0.262541189391552E+003 -0.486414912303707E+001  0.899099173315005E+002 -0.148887321111303E+001 -0.150096294195894E-001 -0.107536384819057E+002 -0.129447398453124E+003
  0.123140193404027E-051  0.262501767665756E+003 -0.460550322565626E+001  0.957102544217613E+002 -0.155462209646542E+001  0.293278197553147E+001 -0.107536384819057E+002 -0.129427687590226E+003
  0.133351727376298E-051  0.262342434237431E+003  0.102744746012264E+002  0.820447023040213E+002 -0.146024181205027E+001 -0.387941279019780E+001 -0.107536384819057E+002 -0.129348020876064E+003
  0.140386241261229E-051  0.262239619665776E+003  0.756081542466362E+001  0.997873007410839E+002 -0.136201861211687E+001  0.192183164928716E+001 -0.107536384819057E+002 -0.129296613590236E+003
  0.165467195203478E-051  0.261910868728172E+003  0.149817595658775E+002  0.910704796620585E+002 -0.154066964914356E+001 -0.303522195446003E+000 -0.107536384819057E+002 -0.129132238121434E+003
  0.166723500732040E-051  0.261895741133890E+003 -0.589441431366951E+001  0.405706511929044E+002 -0.129465438284742E+001 -0.206794546156034E+001 -0.107536384819057E+002 -0.129124674324293E+003
  0.178277972886696E-051  0.261761726690680E+003  0.127088433871966E+001  0.663196713988797E+002 -0.108016499055875E+001  0.933722505756966E+000 -0.107536384819057E+002 -0.129057667102688E+003
  0.190819831223426E-051  0.261625755264240E+003 -0.152366416515287E+002  0.900561139958370E+002 -0.154545974565876E+001 -0.951055311282190E-001 -0.107536384819057E+002 -0.128989681389468E+003
  0.196155716817241E-051  0.261570597011204E+003  0.117384007359569E+002  0.415481736993436E+002 -0.176203904290599E+001 -0.181016921028798E+001 -0.107536384819057E+002 -0.128962102262950E+003
  0.229605513771474E-051  0.261255689288243E+003 -0.140540271656090E+002  0.635158791698400E+002 -0.106206349999506E+001  0.903029400094728E+000 -0.107536384819057E+002 -0.128804648401470E+003
  0.236648607769546E-051  0.261195261899412E+003  0.130171526474257E+002  0.644950616968875E+002 -0.159244927911679E+001  0.317403535412711E+001 -0.107536384819057E+002 -0.128774434707054E+003
  0.283418849659496E-051  0.260834562970716E+003  0.956497600835560E+001  0.773250879672488E+002 -0.123245509825506E+001  0.503323502038971E+000 -0.107536384819057E+002 -0.128594085242706E+003
  0.295405513759309E-051  0.260751716575278E+003 -0.132680215385854E+002  0.950653704585685E+002 -0.179533027333815E+001 -0.703444288793468E+000 -0.107536384819057E+002 -0.128552662044987E+003
  0.298145279123348E-051  0.260733252882833E+003 -0.104823791992388E+002  0.436168904323073E+002 -0.139957257611196E+001 -0.813788561827580E+000 -0.107536384819057E+002 -0.128543430198765E+003
  0.303003968521293E-051  0.260700922840218E+003 -0.506778700623785E+001  0.679765455135193E+002 -0.180489076584102E+001  0.479600874147013E+001 -0.107536384819057E+002 -0.128527265177457E+003
  0.406763965156215E-051  0.260111948487881E+003  0.148329706209267E+002  0.923738633497093E+002 -0.191514050372398E+001  0.120009459642475E+000 -0.107536384819057E+002 -0.128232778001289E+003
  0.463901485927538E-051  0.259849070216179E+003 -0.138756941238342E+002  0.405353966429146E+002 -0.187526160876926E+001 -0.226112423959974E+001 -0.107536384819057E+002 -0.128101338865438E+003
  0.624359899766599E-051  0.259254960716820E+003  0.129420784680468E+002  0.985316606307022E+002 -0.123423115691844E+001  0.333490155856595E+000 -0.107536384819057E+002 -0.127804284115759E+003
  0.668898530385638E-051  0.259117149895804E+003 -0.634445241640684E+001  0.409591017579033E+002 -0.160048985502093E+001  0.490927519178298E+001 -0.107536384819057E+002 -0.127735378705250E+003
  0.770786228076073E-051  0.258833592507269E+003 -0.192745720828167E+002  0.479257388272409E+002 -0.198002680695273E+001  0.136871156003568E-001 -0.107536384819057E+002 -0.127593600010983E+003
  0.812937827826240E-051  0.258727105377755E+003  0.250373518414982E+001  0.895362725121789E+002 -0.151202815580799E+001 -0.253419630446336E+000 -0.107536384819057E+002 -0.127540356446226E+003
  0.823502658084710E-051  0.258701281091121E+003  0.142979928650275E+001  0.579082919905030E+002 -0.169233566810699E+001  0.411532719673214E+001 -0.107536384819057E+002 -0.127527444302909E+003
  0.859877964491965E-051  0.258614833691075E+003 -0.820558852932395E+001  0.566551120477338E+002 -0.178030226095156E+001  0.219624967133443E+000 -0.107536384819057E+002 -0.127484220602886E+003
  0.106254782521165E-050  0.258191564822426E+003  0.263964531164487E+001  0.479329296632417E+002 -0.149812097708169E+001 -0.435218572076637E+000 -0.107536384819057E+002 -0.127272586168562E+003
  0.112669756328354E-050  0.258074322400994E+003  0.171600683875072E+002  0.412266689569704E+002 -0.157432164236243E+001 -0.390730300420758E+001 -0.107536384819057E+002 -0.127213964957845E+003
  0.169735420137404E-050  0.257254762714851E+003 -0.713207418507468E+001  0.723444232383391E+002 -0.173071164012064E+001  0.417751832128757E+001 -0.107536384819057E+002 -0.126804185114774E+003
  0.192746656461717E-050  0.257000491128355E+003  0.117798971291273E+002  0.554182171554429E+002 -0.138811639633721E+001 -0.318859700849999E+001 -0.107536384819057E+002 -0.126677049321526E+003
  0.215594324696729E-050  0.256776447429158E+003  0.145272034699325E+002  0.488777806746919E+002 -0.154856311312321E+001 -0.751058247605771E+000 -0.107536384819057E+002 -0.126565027471928E+003
  0.216149408356919E-050  0.256771304712092E+003  0.726206868049485E+001  0.902906987506920E+002 -0.146012172588212E+001 -0.380228510500866E+001 -0.107536384819057E+002 -0.126562456113395E+003
  0.232807928125501E-050  0.256622816918338E+003 -0.408291862250696E+001  0.947952793722167E+002 -0.188519709631245E+001 -0.283946898892440E+000 -0.107536384819057E+002 -0.126488212216518E+003
  0.241942847292935E-050  0.256545841399830E+003 -0.865022177159313E+001  0.968994800685277E+002 -0.190641461682806E+001 -0.840018710325547E+000 -0.107536384819057E+002 -0.126449724457263E+003
  0.253632117946752E-050  0.256451474734739E+003  0.894058774751067E+001  0.409839471360578E+002 -0.183625855528166E+001 -0.234563203244654E+001 -0.107536384819057E+002 -0.126402541124718E+003
  0.273645102607576E-050  0.256299580418189E+003 -0.179968282364259E+002  0.759057163327602E+002 -0.104842624658808E+001  0.916416498184876E+000 -0.107536384819057E+002 -0.126326593966443E+003
  0.284598699437007E-050  0.256221084228232E+003  0.112656758887530E+002  0.460783316647173E+002 -0.110694242809517E+001  0.483001096329102E+000 -0.107536384819057E+002 -0.126287345871464E+003
  0.313169613614720E-050  0.256029754579337E+003 -0.170515291040541E+002  0.788057131480248E+002 -0.154106486151709E+001  0.282219111942440E+001 -0.107536384819057E+002 -0.126191681047017E+003
  0.313205479287100E-050  0.256029525542948E+003 -0.839266684271572E+001  0.883592159555921E+002 -0.154713456568976E+001 -0.292607175829174E+000 -0.107536384819057E+002 -0.126191566528822E+003
  0.371962014581239E-050  0.255685660984500E+003  0.151913725245966E+002  0.518012534406295E+002 -0.167160322763915E+001  0.430979963351338E+001 -0.107536384819057E+002 -0.126019634249598E+003
  0.376573837799905E-050  0.255661016171245E+003 -0.171560503429035E+002  0.411150431767916E+002 -0.139318160593925E+001  0.286627199241423E+001 -0.107536384819057E+002 -0.126007311842971E+003
  0.396695899224281E-050  0.255556904479446E+003  0.130908096790596E+002  0.467157706098316E+002 -0.187003952150163E+001 -0.103101317169341E+001 -0.107536384819057E+002 -0.125955255997071E+003
  0.399665759430539E-050  0.255541987267187E+003  0.786033029563496E+001  0.858115445980240E+002 -0.141862678525077E+001  0.945743609854635E-001 -0.107536384819057E+002 -0.125947797390942E+003
  0.410523709177039E-050  0.255488377091836E+003 -0.185386304285678E+001  0.417337010044029E+002 -0.124849464885526E+001 -0.164599331435597E+001 -0.107536384819057E+002 -0.125920992303266E+003
  0.439586646080993E-050  0.255351574770665E+003  0.849859744254070E+001  0.778778353228645E+002 -0.128189672577108E+001  0.395099929547350E+000 -0.107536384819057E+002 -0.125852591142681E+003
  0.493933966890101E-050  0.255118440783956E+003 -0.145736676781266E+002  0.774853392112907E+002 -0.167119032628195E+001  0.100161542344246E+000 -0.107536384819057E+002 -0.125736024149327E+003
  0.605368675979717E-050  0.254711569151501E+003  0.118432775058562E+002  0.448687141754283E+002 -0.155058790486534E+001 -0.132404389798046E+001 -0.107536384819057E+002 -0.125532588333099E+003
  0.622676288782529E-050  0.254655190893781E+003 -0.188007451409989E+002  0.426268084144081E+002 -0.150618638901399E+001 -0.357594137280510E+001 -0.107536384819057E+002 -0.125504399204239E+003
  0.662247730971260E-050  0.254531965056128E+003  0.848537281827242E+001  0.471804810422030E+002 -0.142110482374255E+001 -0.832671984889918E+000 -0.107536384819057E+002 -0.125442786285413E+003
  0.694791001918051E-050  0.254436022292586E+003  0.175825369861260E+002  0.780702780820753E+002 -0.134852648075187E+001 -0.221928132990935E+000 -0.107536384819057E+002 -0.125394814903641E+003
  0.747354459585624E-050  0.254290165293113E+003  0.500559469572281E+000  0.910677975752699E+002 -0.126721787318806E+001  0.328380387423751E+000 -0.107536384819057E+002 -0.125321886403905E+003
  0.748798527701545E-050  0.254286304542035E+003  0.107733328448059E+002  0.990702784107448E+002 -0.117293218327821E+001 -0.171368984973286E+001 -0.107536384819057E+002 -0.125319956028366E+003
  0.836544075617765E-050  0.254064686040825E+003  0.172470845321810E+001  0.971423288554294E+002 -0.197260741248125E+001 -0.507288313378609E+000 -0.107536384819057E+002 -0.125209146777761E+003
  0.102345438796724E-049  0.253661366781242E+003  0.987516949573285E+001  0.831715950219492E+002 -0.185922336474869E+001  0.184699371572846E+000 -0.107536384819057E+002 -0.125007487147969E+003
  0.121420414451914E-049  0.253319556227807E+003  0.167483692467624E+002  0.493854950527824E+002 -0.173132651676668E+001 -0.790223885728941E+000 -0.107536384819057E+002 -0.124836581871252E+003
  0.129196140903062E-049  0.253195410830487E+003  0.370789937019054E+001  0.487362722544543E+002 -0.197044550593720E+001 -0.332237240923879E+000 -0.107536384819057E+002 -0.124774509172592E+003
  0.129922394128454E-049  0.253184199666036E+003 -0.136100057689316E+002  0.924938511432424E+002 -0.187456476820735E+001 -0.247110244034835E+000 -0.107536384819057E+002 -0.124768903590366E+003
  0.143226118832081E-049  0.252989225010002E+003 -0.742863028685677E+001  0.477073451875078E+002 -0.136581233951097E+001  0.221585177891307E+001 -0.107536384819057E+002 -0.124671416262349E+003
  0.152853927831926E-049  0.252859108783341E+003 -0.125405973956719E+002  0.786357626729752E+002 -0.139985749374157E+001 -0.325630740079806E+000 -0.107536384819057E+002 -0.124606358149019E+003
  0.170310546067418E-049  0.252642827249629E+003 -0.190953664671026E+002  0.416167410028496E+002 -0.142486281593780E+001  0.322015522796422E+001 -0.107536384819057E+002 -0.124498217382163E+003
  0.172734450478065E-049  0.252614563380165E+003  0.179233539373140E+000  0.414505920245173E+002 -0.121069803538914E+001 -0.127162672449420E+001 -0.107536384819057E+002 -0.124484085447431E+003
  0.205339254673601E-049  0.252268747249658E+003  0.745997531436394E+001  0.439252149322339E+002 -0.148738877793142E+001 -0.351279065794681E+001 -0.107536384819057E+002 -0.124311177382177E+003
  0.216914680333591E-049  0.252159066077870E+003 -0.138909365079444E+002  0.561457426272581E+002 -0.157747951599878E+001 -0.326881055495498E-002 -0.107536384819057E+002 -0.124256336796283E+003
  0.217006140646027E-049  0.252158222971853E+003 -0.103905795899507E+002  0.690108339599693E+002 -0.155262411509411E+001  0.114806784307810E+000 -0.107536384819057E+002 -0.124255915243275E+003
  0.222740523945659E-049  0.252106059225475E+003  0.522411541259121E+001  0.510141509169189E+002 -0.151371937060670E+001 -0.354079779292718E+000 -0.107536384819057E+002 -0.124229833370086E+003
  0.224985219233994E-049  0.252086004858443E+003  0.157812139406518E+002  0.605338455637750E+002 -0.159978919793818E+001 -0.486392845161490E+001 -0.107536384819057E+002 -0.124219806186570E+003
  0.235201090950932E-049  0.251997192565128E+003  0.789085308736152E+001  0.402397936209390E+002 -0.192558341325849E+001 -0.318841562029939E+001 -0.107536384819057E+002 -0.124175400039912E+003
  0.235390243797053E-049  0.251995584776439E+003 -0.144814541228064E+002  0.473172463304554E+002 -0.188721202938303E+001 -0.130600589987016E+001 -0.107536384819057E+002 -0.124174596145568E+003
  0.238014601965201E-049  0.251973410224780E+003 -0.189130164788230E+002  0.625548186019828E+002 -0.134240542998934E+001  0.314172458774831E+000 -0.107536384819057E+002 -0.124163508869738E+003
  0.241202088795290E-049  0.251946804024291E+003 -0.909561829548439E+001  0.976300701881342E+002 -0.171223701694022E+001  0.417534265172460E+001 -0.107536384819057E+002 -0.124150205769494E+003
  0.270393279899703E-049  0.251718319291113E+003  0.153443272100358E+001  0.401940173634692E+002 -0.155021355579561E+001 -0.331074868808709E+001 -0.107536384819057E+002 -0.124035963402905E+003
  0.313067550345183E-049  0.251425236307840E+003  0.177282638464168E+002  0.452840712819812E+002 -0.125521101814270E+001 -0.308171526617696E+001 -0.107536384819057E+002 -0.123889421911268E+003
  0.315300355686789E-049  0.251411022884668E+003 -0.141773867870453E+002  0.992120103828750E+002 -0.195444975249724E+001 -0.128827524528142E+001 -0.107536384819057E+002 -0.123882315199682E+003
  0.331790836424239E-049  0.251309064754737E+003 -0.505572749460436E+001  0.500597011132007E+002 -0.181801708446569E+001 -0.639133085107143E+000 -0.107536384819057E+002 -0.123831336134717E+003
  0.341001693094828E-049  0.251254299389232E+003  0.894497908239610E+001  0.885301462397892E+002 -0.172816573241016E+001 -0.611466067194737E+000 -0.107536384819057E+002 -0.123803953451964E+003
  0.373571093054920E-049  0.251071857615327E+003  0.117605734235352E+002  0.897045843396022E+002 -0.159206768559785E+001 -0.117421371636710E+001 -0.107536384819057E+002 -0.123712732565012E+003
  0.406420167546697E-049  0.250903299234145E+003 -0.115728586783535E+002  0.454453853195964E+002 -0.135742929873884E+001 -0.469985090916705E+001 -0.107536384819057E+002 -0.123628453374421E+003
  0.419900682674170E-049  0.250838037846968E+003  0.140003055706765E+002  0.613493463618082E+002 -0.159537292662698E+001  0.565552851554187E-001 -0.107536384819057E+002 -0.123595822680832E+003
  0.421831805266575E-049  0.250828860936212E+003 -0.136089217376288E+002  0.537836551932992E+002 -0.146223200912522E+001 -0.579195263409841E+000 -0.107536384819057E+002 -0.123591234225454E+003
  0.428658611997419E-049  0.250796752622149E+003  0.870896171258829E+001  0.506814674886571E+002 -0.187986395076987E+001 -0.390477295790472E+000 -0.107536384819057E+002 -0.123575180068423E+003
  0.455856846261630E-049  0.250673716620769E+003 -0.879710558714114E+001  0.934172620793630E+002 -0.145846866585438E+001 -0.374105629765993E+001 -0.107536384819057E+002 -0.123513662067733E+003
  0.477666598326926E-049  0.250580248281769E+003  0.168872607501387E+001  0.755487192542918E+002 -0.149403037183102E+001  0.258480909701839E+001 -0.107536384819057E+002 -0.123466927898233E+003
  0.478298796929844E-049  0.250577603003192E+003  0.106713727343049E+001  0.555173675581127E+002 -0.171245933155022E+001  0.460530077329050E+001 -0.107536384819057E+002 -0.123465605258944E+003
  0.478896846297737E-049  0.250575103829904E+003  0.179282702581368E+002  0.933218416778641E+002 -0.153388398912341E+001 -0.431599831103394E+001 -0.107536384819057E+002 -0.123464355672300E+003
  0.486425353765701E-049  0.250543907364681E+003 -0.107315043390619E+002  0.402072264312279E+002 -0.149607673387034E+001  0.461087198959430E+001 -0.107536384819057E+002 -0.123448757439689E+003
  0.490503885424846E-049  0.250527207873290E+003 -0.155297672501995E+002  0.449492044970076E+002 -0.156162341515903E+001 -0.147300415946717E+001 -0.107536384819057E+002 -0.123440407693993E+003
  0.493396406039602E-049  0.250515448433953E+003  0.211100528224936E+001  0.478509392300028E+002 -0.192975683898120E+001 -0.123222639688340E+001 -0.107536384819057E+002 -0.123434527974325E+003
  0.527940712928211E-049  0.250380106291387E+003  0.152091493592662E+002  0.738626040275546E+002 -0.172959548659554E+001  0.426185637398504E+001 -0.107536384819057E+002 -0.123366856903042E+003
  0.528605357494531E-049  0.250377589999206E+003 -0.848557678091143E+001  0.787316272447021E+002 -0.176543808608272E+001  0.727617948547490E-001 -0.107536384819057E+002 -0.123365598756951E+003
  0.559269335012735E-049  0.250264811928180E+003  0.500222889939762E+001  0.493273894992669E+002 -0.133413066839556E+001  0.112004055130646E+000 -0.107536384819057E+002 -0.123309209721439E+003
  0.586447254914717E-049  0.250169908809739E+003  0.725597804770988E+000  0.898934237228592E+002 -0.194269646991658E+001  0.258164425839249E-001 -0.107536384819057E+002 -0.123261758162218E+003
  0.608956001627021E-049  0.250094582237585E+003 -0.103446025679022E+002  0.478389784934371E+002 -0.132011131799792E+001 -0.541104415588546E+000 -0.107536384819057E+002 -0.123224094876141E+003
  0.619084142486921E-049  0.250061591881185E+003 -0.133635928466366E+002  0.879906032085294E+002 -0.162790486327291E+001  0.347894836909679E+001 -0.107536384819057E+002 -0.123207599697941E+003
  0.650205846978841E-049  0.249963496273120E+003  0.178646441250811E+002  0.546080235598042E+002 -0.166827417187659E+001 -0.169707154385907E+000 -0.107536384819057E+002 -0.123158551893908E+003
  0.700311335418159E-049  0.249815024271853E+003 -0.100332139925128E+002  0.443383267949262E+002 -0.166669204137504E+001 -0.181383276224911E+001 -0.107536384819057E+002 -0.123084315893275E+003
  0.803019308413299E-049  0.249541316755940E+003 -0.131690200229522E+002  0.606071282514296E+002 -0.153728374299730E+001  0.300622210707415E+001 -0.107536384819057E+002 -0.122947462135319E+003
  0.103790593413789E-048  0.249028153399146E+003 -0.133233616574466E+002  0.723517641058549E+002 -0.123754058039217E+001  0.817361345590539E-001 -0.107536384819057E+002 -0.122690880456921E+003
  0.109946990833200E-048  0.248912907391713E+003  0.170735226531039E+002  0.500628570887405E+002 -0.195754320902329E+001 -0.577118507123435E+000 -0.107536384819057E+002 -0.122633257453205E+003
  0.116563101877356E-048  0.248796038541193E+003  0.136599257786732E+002  0.665816587911208E+002 -0.197707676609080E+001  0.502288461948694E+000 -0.107536384819057E+002 -0.122574823027945E+003
  0.117985571943537E-048  0.248771779397311E+003  0.418900736302994E+001  0.514217555700050E+002 -0.170402839277062E+001 -0.105479761638245E+001 -0.107536384819057E+002 -0.122562693456004E+003
  0.118541701898724E-048  0.248762374461111E+003  0.320724674713416E+001  0.421963923644000E+002 -0.111478438501351E+001 -0.325474682341741E+000 -0.107536384819057E+002 -0.122557990987904E+003
  0.120478679722870E-048  0.248729958476929E+003 -0.179700006642199E+002  0.409492040661435E+002 -0.177073995917195E+001 -0.406970815964926E+001 -0.107536384819057E+002 -0.122541782995813E+003
  0.133141506358909E-048  0.248530079047549E+003  0.237141258615045E+001  0.716795049649042E+002 -0.127657601528025E+001 -0.225020598180759E+000 -0.107536384819057E+002 -0.122441843281123E+003
  0.134139408279557E-048  0.248515144849068E+003 -0.955368663689655E+001  0.487555210371034E+002 -0.190565580128704E+001 -0.129337289105884E+001 -0.107536384819057E+002 -0.122434376181882E+003
  0.139933175528825E-048  0.248430574105949E+003  0.140857843682320E+002  0.465138061674465E+002 -0.193340927131268E+001 -0.177220899516739E+001 -0.107536384819057E+002 -0.122392090810323E+003
  0.141769775619452E-048  0.248404495201121E+003  0.170790852791982E+002  0.942289282087494E+002 -0.142993679397299E+001  0.228883144866243E+001 -0.107536384819057E+002 -0.122379051357909E+003
  0.142981656819000E-048  0.248387471391883E+003 -0.366571962713258E+001  0.523036600723606E+002 -0.176962505588402E+001 -0.560367095474751E+000 -0.107536384819057E+002 -0.122370539453290E+003
  0.154395900756061E-048  0.248233863912499E+003 -0.143382932384610E+002  0.756863861513887E+002 -0.198003985375156E+001  0.474573321463575E+000 -0.107536384819057E+002 -0.122293735713598E+003
  0.155199055768094E-048  0.248223487040437E+003  0.101608288239709E+002  0.761218682550054E+002 -0.158978247547785E+001 -0.406260524244306E-002 -0.107536384819057E+002 -0.122288547277567E+003
  0.194950836068985E-048  0.247767409279856E+003 -0.301137232733140E+000  0.541850623019198E+002 -0.144005739630063E+001  0.253770728981479E+001 -0.107536384819057E+002 -0.122060508397277E+003
  0.200246692925773E-048  0.247713803945792E+003 -0.448456252731182E+001  0.511905976809601E+002 -0.172679962589297E+001 -0.117660806802110E+001 -0.107536384819057E+002 -0.122033705730244E+003
  0.209495417886802E-048  0.247623500353039E+003 -0.796554666491915E+001  0.513065932599665E+002 -0.121329044643801E+001 -0.236144315322638E+001 -0.107536384819057E+002 -0.121988553933868E+003
  0.221888835398660E-048  0.247508551057937E+003 -0.114490107594317E+002  0.806557216632070E+002 -0.155044261668554E+001 -0.497183248742497E+000 -0.107536384819057E+002 -0.121931079286317E+003
  0.234689476316562E-048  0.247396377562003E+003 -0.677842667349854E+001  0.692907682185217E+002 -0.131375755393115E+001 -0.153792660817047E+000 -0.107536384819057E+002 -0.121874992538350E+003
  0.240630573326856E-048  0.247346378354658E+003 -0.942481248453413E+001  0.998951772478907E+002 -0.153697144810589E+001  0.297815477775374E+001 -0.107536384819057E+002 -0.121849992934677E+003
  0.264311912133362E-048  0.247158644305770E+003 -0.244437525111251E+001  0.552308228783390E+002 -0.176981137167168E+001 -0.235338375116044E+000 -0.107536384819057E+002 -0.121756125910233E+003
  0.288380998405734E-048  0.246984339053979E+003  0.380498414080366E+001  0.605925358903163E+002 -0.136228273911464E+001 -0.325237273958433E+000 -0.107536384819057E+002 -0.121668973284338E+003
  0.299162129212144E-048  0.246910932758760E+003 -0.548913008190241E+001  0.993411620382877E+002 -0.143819210465529E+001 -0.104437421846482E+001 -0.107536384819057E+002 -0.121632270136728E+003
  0.353381711589874E-048  0.246577806470642E+003 -0.909565706311061E+001  0.678386763750544E+002 -0.133231180899290E+001 -0.382331195436784E+000 -0.107536384819057E+002 -0.121465706992669E+003
  0.365967390966034E-048  0.246507815620539E+003 -0.191571813866953E+002  0.763366819349652E+002 -0.144518342862984E+001 -0.743416780708435E+000 -0.107536384819057E+002 -0.121430711567618E+003
  0.398206036674513E-048  0.246338964985119E+003 -0.123642226583381E+002  0.518284430990745E+002 -0.167902756987774E+001  0.469768755857381E+001 -0.107536384819057E+002 -0.121346286249908E+003
  0.476528768148556E-048  0.245979847897679E+003  0.699190019202673E+001  0.618412906991406E+002 -0.140468239340683E+001 -0.448275720959068E+000 -0.107536384819057E+002 -0.121166727706188E+003
  0.502677252557706E-048  0.245873007449675E+003 -0.139483759003088E+002  0.553776546966736E+002 -0.158107635527765E+001 -0.477019118861457E+000 -0.107536384819057E+002 -0.121113307482186E+003
  0.581432684151989E-048  0.245581913682288E+003  0.167371239103326E+002  0.459960694713545E+002 -0.146750549539830E+001  0.329698912518039E+001 -0.107536384819057E+002 -0.120967760598492E+003
  0.654495197074742E-048  0.245345175593939E+003 -0.147012297175515E+002  0.555049321852686E+002 -0.163279911037725E+001 -0.623485201272058E+000 -0.107536384819057E+002 -0.120849391554318E+003
  0.700429249099073E-048  0.245209517367753E+003  0.165700977320970E+002  0.971598823700340E+002 -0.175787258979503E+001 -0.156264208526810E+001 -0.107536384819057E+002 -0.120781562441225E+003
  0.762767782648518E-048  0.245038996813586E+003  0.127327437534177E+002  0.466267578227313E+002 -0.194351921190430E+001 -0.200407774502421E+001 -0.107536384819057E+002 -0.120696302164141E+003
  0.805013082129999E-048  0.244931187031202E+003  0.194232087613672E+002  0.522877888181694E+002 -0.189163393234214E+001 -0.804214695112063E+000 -0.107536384819057E+002 -0.120642397272949E+003
  0.865565578811470E-048  0.244786137804755E+003 -0.980233891022829E+001  0.480145437516505E+002 -0.189627165581349E+001 -0.178385270110739E+001 -0.107536384819057E+002 -0.120569872659726E+003
  0.932898382674716E-048  0.244636311527337E+003  0.180465719334207E+002  0.813266041332717E+002 -0.165653620995215E+001 -0.672303614798847E+000 -0.107536384819057E+002 -0.120494959521017E+003
  0.105385007066317E-047  0.244392493145890E+003  0.152049514173240E+002  0.504469428344069E+002 -0.187353945092549E+001 -0.141218114082970E+001 -0.107536384819057E+002 -0.120373050330293E+003
  0.112519751665593E-047  0.244261476348784E+003  0.168329345648090E+002  0.420378012323373E+002 -0.181768265542824E+001 -0.414748166619147E+001 -0.107536384819057E+002 -0.120307541931740E+003
  0.131199444680423E-047  0.243954296614208E+003 -0.109120441237774E+001  0.965099792945891E+002 -0.168792811804380E+001 -0.152369066497785E+001 -0.107536384819057E+002 -0.120153952064452E+003
  0.142638446504945E-047  0.243787107737021E+003  0.121417241721663E+002  0.509948320712094E+002 -0.192940104126106E+001 -0.123635951723097E+001 -0.107536384819057E+002 -0.120070357625859E+003
  0.160754191302280E-047  0.243547981029577E+003  0.152044085167497E+002  0.565172182676446E+002 -0.140212405838891E+001 -0.699164613804064E+000 -0.107536384819057E+002 -0.119950794272137E+003
  0.164801412143227E-047  0.243498251529435E+003  0.163191683246718E+002  0.838009401308061E+002 -0.175920941255330E+001 -0.339008498954746E+000 -0.107536384819057E+002 -0.119925929522066E+003
  0.182505148102414E-047  0.243294177139163E+003  0.111558160202865E+002  0.820315274946235E+002 -0.129906877397292E+001  0.166012428251320E+001 -0.107536384819057E+002 -0.119823892326930E+003
  0.222291768287440E-047  0.242899752320896E+003  0.167871092835019E+002  0.815913103800001E+002 -0.111861479053063E+001  0.372498816911817E+000 -0.107536384819057E+002 -0.119626679917796E+003
  0.225824355870414E-047  0.242868218880588E+003 -0.139456714303790E+002  0.727904893505453E+002 -0.144690451922862E+001 -0.368303375276195E+001 -0.107536384819057E+002 -0.119610913197643E+003
  0.229072879023381E-047  0.242839653498104E+003 -0.139128190220452E+002  0.590239891002105E+002 -0.158083793831021E+001 -0.650565344265996E+000 -0.107536384819057E+002 -0.119596630506401E+003
  0.245363270897700E-047  0.242702254200510E+003 -0.460114381418447E+001  0.602118276732714E+002 -0.187836037360178E+001 -0.253816549564565E-001 -0.107536384819057E+002 -0.119527930857603E+003
  0.246254573463646E-047  0.242695002197331E+003  0.132871949751443E+002  0.838774078495549E+002 -0.168799495963730E+001 -0.114072839603423E+001 -0.107536384819057E+002 -0.119524304856014E+003
  0.246398856792080E-047  0.242693830717961E+003 -0.143406752671086E+002  0.426042483318792E+002 -0.163731881200238E+001 -0.225832865247449E+001 -0.107536384819057E+002 -0.119523719116329E+003
  0.250951397431719E-047  0.242657215332669E+003  0.121688671565745E+002  0.581209576748269E+002 -0.128613859611942E+001 -0.320580540011788E+000 -0.107536384819057E+002 -0.119505411423683E+003
  0.259019028384847E-047  0.242593930846636E+003 -0.512983500600439E+001  0.801080701617571E+002 -0.199705635572566E+001  0.304189274535106E+000 -0.107536384819057E+002 -0.119473769180667E+003
  0.279273382193802E-047  0.242443351568850E+003 -0.172492537229410E+002  0.410999637043561E+002 -0.109750291548284E+001  0.394019680383840E+000 -0.107536384819057E+002 -0.119398479541773E+003
  0.284102343294407E-047  0.242409064828056E+003  0.346777124009357E+001  0.595206484870733E+002 -0.158863110356310E+001 -0.710630478198113E+000 -0.107536384819057E+002 -0.119381336171376E+003
  0.285353576209016E-047  0.242400275842743E+003  0.103809529603619E+002  0.429181148047456E+002 -0.105712312610339E+001  0.801977948627712E-001 -0.107536384819057E+002 -0.119376941678720E+003
  0.297388069908672E-047  0.242317658064792E+003  0.306214811176506E+001  0.572758602892017E+002 -0.168893745589668E+001 -0.619975276408608E+000 -0.107536384819057E+002 -0.119335632789745E+003
  0.342343563241012E-047  0.242036104294575E+003  0.189158337513578E+002  0.758786744877276E+002 -0.169336285013622E+001  0.408060937013587E+001 -0.107536384819057E+002 -0.119194855904636E+003
  0.373029808958842E-047  0.241864417235512E+003 -0.166448581250755E+002  0.549419711071928E+002 -0.173218196652494E+001 -0.115272906106702E+001 -0.107536384819057E+002 -0.119109012375104E+003
  0.384738571053612E-047  0.241802605767145E+003  0.127918547494461E+002  0.415810376075021E+002 -0.168753074719718E+001 -0.285457454500782E+001 -0.107536384819057E+002 -0.119078106640921E+003
  0.391761703796384E-047  0.241766426389040E+003  0.178923147589841E+002  0.426322890711958E+002 -0.199726862054397E+001 -0.416655806148320E+001 -0.107536384819057E+002 -0.119060016951868E+003
  0.401696724526310E-047  0.241716339127368E+003 -0.184364443721512E+002  0.590686538516833E+002 -0.190925529307978E+001 -0.715984195817407E-001 -0.107536384819057E+002 -0.119034973321032E+003
  0.401979195892400E-047  0.241714933230436E+003  0.500639691335509E+001  0.892544536308456E+002 -0.187256183750096E+001 -0.105995526981911E+001 -0.107536384819057E+002 -0.119034270372566E+003
  0.449652270898380E-047  0.241490784796539E+003  0.168764925693914E+002  0.409965914525888E+002 -0.154970129603119E+001 -0.232898986469375E+001 -0.107536384819057E+002 -0.118922196155618E+003
  0.455056077352464E-047  0.241466892585402E+003  0.109073453034620E+002  0.636235386289308E+002 -0.140391672409787E+001  0.117977463229191E+000 -0.107536384819057E+002 -0.118910250050050E+003
  0.471774728015143E-047  0.241394730700971E+003 -0.175237217332459E+002  0.526868987219883E+002 -0.187123563753434E+001 -0.129220668489966E+001 -0.107536384819057E+002 -0.118874169107834E+003
  0.491189824390615E-047  0.241314072580370E+003  0.127366773106340E+002  0.811629094025970E+002 -0.172059340342400E+001 -0.749649654019770E+000 -0.107536384819057E+002 -0.118833840047534E+003
  0.506311848029153E-047  0.241253428342162E+003  0.438560256481722E+000  0.780091677664181E+002 -0.196274598101432E+001  0.216652550744335E+000 -0.107536384819057E+002 -0.118803517928430E+003
  0.577400724141083E-047  0.240990660859234E+003  0.245220808749784E+001  0.714460896889920E+002 -0.177058239420965E+001  0.481947419792010E+001 -0.107536384819057E+002 -0.118672134186966E+003
  0.586949501163704E-047  0.240957856327082E+003  0.394696620359333E+000  0.727512072587711E+002 -0.157667397396829E+001 -0.644117084363099E+000 -0.107536384819057E+002 -0.118655731920889E+003
  0.589752116070448E-047  0.240948329289249E+003  0.572913016328950E+001  0.422933308690162E+002 -0.153901864298878E+001 -0.197536690168992E+001 -0.107536384819057E+002 -0.118650968401973E+003
  0.602700749843923E-047  0.240904892292714E+003 -0.107661056925824E+002  0.739612938859646E+002 -0.120650274342762E+001  0.509829194222162E+000 -0.107536384819057E+002 -0.118629249903705E+003
  0.612021582148431E-047  0.240874198808295E+003 -0.243113954289237E+001  0.444379643969424E+002 -0.171930105076714E+001 -0.427954300058298E+001 -0.107536384819057E+002 -0.118613903161496E+003
  0.622528380669760E-047  0.240840155464499E+003 -0.581160824731116E+001  0.625639440240137E+002 -0.141491586725002E+001 -0.264392243498888E+000 -0.107536384819057E+002 -0.118596881489598E+003
  0.637066981857714E-047  0.240793984297779E+003  0.683450699238215E+001  0.621490109779050E+002 -0.141051891662691E+001  0.227715366578128E+001 -0.107536384819057E+002 -0.118573795906238E+003
  0.640276807517000E-047  0.240783932712787E+003  0.122244767462348E+002  0.759455238305581E+002 -0.159359803809883E+001 -0.515524864528073E+000 -0.107536384819057E+002 -0.118568770113742E+003
  0.687667980905248E-047  0.240641121630857E+003 -0.697515003582734E+001  0.923232624546211E+002 -0.197479955889915E+001 -0.988215784865567E+000 -0.107536384819057E+002 -0.118497364572777E+003
  0.723164915325169E-047  0.240540459312373E+003 -0.790398252503839E+001  0.780550513655984E+002 -0.164365104301670E+001  0.369759434701377E+001 -0.107536384819057E+002 -0.118447033413535E+003
  0.906210099607619E-047  0.240089191547612E+003  0.232584656240261E+001  0.680500073031412E+002 -0.153493560732070E+001 -0.529077840958937E+000 -0.107536384819057E+002 -0.118221399531154E+003
  0.927823084028323E-047  0.240042051757171E+003 -0.638563957480574E+001  0.750500792594624E+002 -0.166658901765995E+001 -0.208852094477744E+000 -0.107536384819057E+002 -0.118197829635934E+003
  0.952033458161985E-047  0.239990533543369E+003  0.185248367239630E+002  0.490007293162041E+002 -0.170013206311837E+001 -0.477103145906639E+001 -0.107536384819057E+002 -0.118172070529033E+003
  0.955848113951377E-047  0.239982535854354E+003  0.160762253569109E+002  0.628523662831759E+002 -0.181890232842168E+001 -0.137007131832440E+000 -0.107536384819057E+002 -0.118168071684526E+003
  0.101648596814342E-046  0.239859520244205E+003  0.171396936310767E+002  0.964626472693089E+002 -0.135946004366717E+001 -0.462793256180420E+001 -0.107536384819057E+002 -0.118106563879451E+003
  0.104136751975433E-046  0.239811153799528E+003 -0.506689062915759E+001  0.976509047888498E+002 -0.141099386670487E+001 -0.970808126742626E+000 -0.107536384819057E+002 -0.118082380657113E+003
  0.105612666530359E-046  0.239783007091419E+003  0.133448006214538E+002  0.821110905906308E+002 -0.134133130252197E+001  0.904320660027107E-001 -0.107536384819057E+002 -0.118068307303058E+003
  0.106260456168633E-046  0.239770777288062E+003 -0.787195800956140E+001  0.798850598279056E+002 -0.138169494832494E+001  0.389299388860387E-002 -0.107536384819057E+002 -0.118062192401379E+003
  0.109985477524640E-046  0.239701867046838E+003  0.146709919699677E+002  0.624289261601253E+002 -0.196338684965660E+001  0.103578831261188E+000 -0.107536384819057E+002 -0.118027737280767E+003
  0.112562392467967E-046  0.239655548380732E+003 -0.688697709308637E+001  0.631368016404378E+002 -0.187084930054225E+001 -0.632309692342181E-001 -0.107536384819057E+002 -0.118004577947715E+003
  0.113795125435398E-046  0.239633764343409E+003 -0.106829406089027E+002  0.477047381177111E+002 -0.130887953514808E+001  0.207500323593463E+001 -0.107536384819057E+002 -0.117993685929053E+003
  0.125100991195127E-046  0.239444321034657E+003  0.982827990685648E+001  0.422656508492347E+002 -0.161382762460233E+001 -0.326718043157195E+001 -0.107536384819057E+002 -0.117898964274677E+003
  0.125943505651752E-046  0.239430896838862E+003 -0.125991968012452E+002  0.622780921764384E+002 -0.159257434410345E+001 -0.488533624907080E+000 -0.107536384819057E+002 -0.117892252176779E+003
  0.126268652258445E-046  0.239425740120177E+003 -0.184667649440920E+002  0.633866164220459E+002 -0.189502790030799E+001 -0.219426564355487E-001 -0.107536384819057E+002 -0.117889673817437E+003
  0.130783717399949E-046  0.239355473822856E+003  0.499834117848866E+001  0.664630739387313E+002 -0.133728006987297E+001 -0.972932161939557E-001 -0.107536384819057E+002 -0.117854540668776E+003
  0.134603285618385E-046  0.239297900061678E+003 -0.126603175075644E+002  0.894272182016473E+002 -0.189528732702057E+001 -0.113930270626668E+001 -0.107536384819057E+002 -0.117825753788187E+003
  0.135401226393043E-046  0.239286078879999E+003  0.988523023428853E+001  0.554743913190138E+002 -0.180695833271947E+001 -0.118877150724751E+001 -0.107536384819057E+002 -0.117819843197348E+003
  0.136289256125873E-046  0.239273004695184E+003 -0.477145798362048E+001  0.448363550297049E+002 -0.199718396565407E+001 -0.289101679009978E+001 -0.107536384819057E+002 -0.117813306104940E+003
  0.143267410185382E-046  0.239173137945424E+003  0.357422158101514E+001  0.803941139981155E+002 -0.157380389087727E+001  0.319791456370430E+001 -0.107536384819057E+002 -0.117763372730060E+003
  0.149749770981751E-046  0.239084632300670E+003 -0.939199481505629E+001  0.440107639404957E+002 -0.130149448164564E+001  0.232501536687985E+001 -0.107536384819057E+002 -0.117719119907684E+003
  0.167157787776951E-046  0.238864687309331E+003  0.177484570465653E+002  0.439031961929039E+002 -0.155321976379623E+001 -0.189241207702266E+001 -0.107536384819057E+002 -0.117609147412014E+003
  0.181714030075587E-046  0.238697695339931E+003  0.126085720243211E+002  0.443647556930834E+002 -0.171788364676964E+001 -0.242327913473807E+001 -0.107536384819057E+002 -0.117525651427314E+003
  0.193381840667914E-046  0.238573230349167E+003  0.787708165658898E+001  0.432112401517812E+002 -0.191416012094744E+001 -0.353544059759426E+001 -0.107536384819057E+002 -0.117463418931932E+003
  0.199259690212055E-046  0.238513345816138E+003  0.103722194476996E+002  0.606563373698702E+002 -0.175194417530746E+001 -0.458522272107611E+000 -0.107536384819057E+002 -0.117433476665417E+003
  0.200975785476242E-046  0.238496194854916E+003  0.140849172962239E+002  0.710580624495198E+002 -0.134493797153628E+001 -0.547226278971110E+000 -0.107536384819057E+002 -0.117424901184806E+003
  0.209157478435036E-046  0.238416388808840E+003 -0.349721079712572E+001  0.440926285730342E+002 -0.161396564283383E+001 -0.212198800109756E+001 -0.107536384819057E+002 -0.117384998161768E+003
  0.210513904059399E-046  0.238403460309025E+003 -0.188769590745371E+002  0.665153599125132E+002 -0.144927465165506E+001 -0.268334139736099E+000 -0.107536384819057E+002 -0.117378533911861E+003
  0.220893010140739E-046  0.238307206781415E+003  0.271199809327059E+001  0.571996373202892E+002 -0.162092476678738E+001  0.400818539596490E+001 -0.107536384819057E+002 -0.117330407148056E+003
  0.227675190375422E-046  0.238246723696734E+003  0.178367719171146E+002  0.605777709873425E+002 -0.134017002366882E+001  0.193809656365259E+001 -0.107536384819057E+002 -0.117300165605715E+003
  0.228818482035505E-046  0.238236705647244E+003 -0.824345437407250E+001  0.428219922980276E+002 -0.142995616134796E+001  0.399009901022108E+001 -0.107536384819057E+002 -0.117295156580970E+003
  0.233092006219373E-046  0.238199697211784E+003  0.411303560099428E+001  0.436416523533561E+002 -0.179565928708270E+001 -0.288019231882875E+001 -0.107536384819057E+002 -0.117276652363240E+003
  0.242537510187997E-046  0.238120250956778E+003  0.152565095193373E+002  0.707726817372070E+002 -0.124585047947618E+001 -0.190161158276764E+000 -0.107536384819057E+002 -0.117236929235738E+003
  0.248285013040942E-046  0.238073409051145E+003 -0.123757156873975E+002  0.748469359012371E+002 -0.147363987747706E+001  0.256969260292416E+001 -0.107536384819057E+002 -0.117213508282921E+003
  0.250741587606415E-046  0.238053717961281E+003  0.116147157079704E+001  0.640853364819914E+002 -0.144625351147163E+001 -0.408136001993844E-001 -0.107536384819057E+002 -0.117203662737989E+003
  0.278561220186073E-046  0.237843288003295E+003 -0.707619311435239E+001  0.719976920837188E+002 -0.154460315787220E+001 -0.276552182879487E+000 -0.107536384819057E+002 -0.117098447758996E+003
  0.283838711296606E-046  0.237805751398255E+003  0.391370664200299E+001  0.523998865523535E+002 -0.161340656624470E+001 -0.145193020951239E+001 -0.107536384819057E+002 -0.117079679456476E+003
  0.287489594581332E-046  0.237780190382341E+003  0.146060784520443E+002  0.499375547316180E+002 -0.180171830371378E+001 -0.189505592135290E+001 -0.107536384819057E+002 -0.117066898948519E+003
  0.292929729775233E-046  0.237742698215716E+003 -0.192374717482799E+002  0.809931046584466E+002 -0.180832939109017E+001 -0.430945376563140E+000 -0.107536384819057E+002 -0.117048152865206E+003
  0.313296167432898E-046  0.237608265786015E+003  0.116260350336412E+001  0.948499866674730E+002 -0.175392618884113E+001 -0.160277780209740E+001 -0.107536384819057E+002 -0.116980936650356E+003
  0.316946603684969E-046  0.237585097081875E+003 -0.128531571715132E+002  0.662714964945568E+002 -0.173311889009985E+001 -0.258568683978720E+000 -0.107536384819057E+002 -0.116969352298286E+003
  0.317952727836747E-046  0.237578758281728E+003 -0.166628256781682E+002  0.780717355525473E+002 -0.120018852966798E+001  0.286822094781376E+000 -0.107536384819057E+002 -0.116966182898212E+003
  0.344882753419173E-046  0.237416154687767E+003 -0.314140893460383E+001  0.684021212581096E+002 -0.175701570912342E+001  0.483969173511893E+001 -0.107536384819057E+002 -0.116884881101232E+003
  0.359000786690046E-046  0.237335914556339E+003 -0.106773343644058E+002  0.517419293155741E+002 -0.161695968161495E+001 -0.446923180593601E+001 -0.107536384819057E+002 -0.116844761035518E+003
  0.377063536883111E-046  0.237237736303796E+003  0.148852250883683E+002  0.593772513504928E+002 -0.177498458119132E+001 -0.938590168833821E+000 -0.107536384819057E+002 -0.116795671909246E+003
  0.396790551703226E-046  0.237135746588194E+003 -0.984595435903265E+001  0.565462924083724E+002 -0.133297816403342E+001  0.197024473341104E+001 -0.107536384819057E+002 -0.116744677051445E+003
  0.404262603827139E-046  0.237098434363446E+003 -0.517912375850271E+001  0.706292706505259E+002 -0.108316736048487E+001  0.602201920754327E+000 -0.107536384819057E+002 -0.116726020939071E+003
  0.429768971874320E-046  0.236976068136799E+003  0.162913775576785E+002  0.518647815243778E+002 -0.143013569154036E+001 -0.101286070709365E+001 -0.107536384819057E+002 -0.116664837825748E+003
  0.452211757900872E-046  0.236874262593873E+003  0.336311045740169E+001  0.986370593455972E+002 -0.192412886626438E+001 -0.169640795955259E+001 -0.107536384819057E+002 -0.116613935054285E+003
  0.509225044377309E-046  0.236636783617491E+003  0.342831973624493E+001  0.700026233395088E+002 -0.152010624262332E+001  0.291384333010720E+001 -0.107536384819057E+002 -0.116495195566094E+003
  0.615675175588089E-046  0.236257124691788E+003  0.324691036571718E+001  0.572502465315143E+002 -0.147901362245556E+001  0.289146645493644E+001 -0.107536384819057E+002 -0.116305366103242E+003
  0.703062178880051E-046  0.235991673044368E+003  0.366281534362127E+001  0.420288894523076E+002 -0.128662093188495E+001  0.270066575553734E+001 -0.107536384819057E+002 -0.116172640279532E+003
  0.735627984866915E-046  0.235901114644786E+003  0.913964346783411E+001  0.771118617909978E+002 -0.168281260422490E+001 -0.112769625194865E+001 -0.107536384819057E+002 -0.116127361079741E+003
  0.869290534434687E-046  0.235567208913376E+003 -0.126909022880985E+002  0.977401203504915E+002 -0.188133489522321E+001 -0.171661316443399E+001 -0.107536384819057E+002 -0.115960408214036E+003
  0.903260110628949E-046  0.235490542588833E+003 -0.179716123055894E+002  0.738918570087711E+002 -0.129829310924017E+001 -0.421301194258667E+000 -0.107536384819057E+002 -0.115922075051765E+003
  0.942350683156022E-046  0.235405808755161E+003 -0.211846393114102E+001  0.486246795397970E+002 -0.148004301226977E+001  0.350602110754037E+001 -0.107536384819057E+002 -0.115879708134929E+003
  0.956520396033435E-046  0.235375959491458E+003  0.231905343053355E+001  0.789465591615756E+002 -0.189957606378205E+001 -0.188482034458925E+000 -0.107536384819057E+002 -0.115864783503077E+003
  0.105797948984845E-045  0.235174331263077E+003 -0.938104241793884E+001  0.971541081434655E+002 -0.181891288809281E+001 -0.171751648942541E+001 -0.107536384819057E+002 -0.115763969388887E+003
  0.109906544994235E-045  0.235098132702549E+003 -0.175486079883901E+002  0.623977608010472E+002 -0.114360343487696E+001  0.646052773857456E+000 -0.107536384819057E+002 -0.115725870108623E+003
  0.114093820194585E-045  0.235023351341813E+003 -0.175386511123208E+002  0.651954992127159E+002 -0.193640542167047E+001 -0.889742554503474E-001 -0.107536384819057E+002 -0.115688479428255E+003
  0.121780566156615E-045  0.234892951955635E+003  0.392407248743431E+001  0.623703620987177E+002 -0.185349411847518E+001 -0.457939046369333E+000 -0.107536384819057E+002 -0.115623279735166E+003
  0.137580861624820E-045  0.234648969872403E+003  0.397340586176652E+001  0.559310206380439E+002 -0.122691288444719E+001  0.399708309438750E+000 -0.107536384819057E+002 -0.115501288693550E+003
  0.138634491922756E-045  0.234633711699463E+003 -0.109887410275682E+001  0.865585129014575E+002 -0.118722736080354E+001  0.370907105489907E+000 -0.107536384819057E+002 -0.115493659607080E+003
  0.141306821283106E-045  0.234595526402584E+003 -0.329019338672796E+001  0.617745954792482E+002 -0.138712997980275E+001 -0.729222437220194E+000 -0.107536384819057E+002 -0.115474566958640E+003
  0.149590273191169E-045  0.234481593440695E+003 -0.189520459376064E+002  0.794172700819816E+002 -0.159774380352670E+001 -0.473416714257887E+001 -0.107536384819057E+002 -0.115417600477696E+003
  0.152108558211028E-045  0.234448204600628E+003  0.611088485953636E+001  0.855698700131901E+002 -0.193855404344049E+001 -0.780152511410698E+000 -0.107536384819057E+002 -0.115400906057662E+003
  0.157485214228192E-045  0.234378730378111E+003  0.736405928891047E+001  0.800010029176593E+002 -0.124191414312186E+001  0.147194526467270E+001 -0.107536384819057E+002 -0.115366168946404E+003
  0.174114448331123E-045  0.234177967865953E+003  0.301003029063453E+001  0.557826274708979E+002 -0.163472908850069E+001 -0.469650620024580E+001 -0.107536384819057E+002 -0.115265787690325E+003
  0.178140239290920E-045  0.234132251327442E+003  0.937577707777611E+001  0.773942683452791E+002 -0.181508620094313E+001 -0.518924842978744E+000 -0.107536384819057E+002 -0.115242929421069E+003
  0.204008596496120E-045  0.233861069264710E+003  0.154221003784338E+002  0.438895912597892E+002 -0.179170424478908E+001 -0.359645831450443E+001 -0.107536384819057E+002 -0.115107338389703E+003
  0.216228484376280E-045  0.233744722236700E+003 -0.177178206195393E+002  0.684053085571569E+002 -0.186353208809398E+001 -0.249344790744161E+000 -0.107536384819057E+002 -0.115049164875698E+003
  0.221424156564152E-045  0.233697233284873E+003 -0.551002688357719E+001  0.757959983609222E+002 -0.185586929685493E+001 -0.309586371610803E+000 -0.107536384819057E+002 -0.115025420399785E+003
  0.236747314710393E-045  0.233563406750594E+003 -0.978284762009565E+001  0.655067352902500E+002 -0.185425021920480E+001 -0.373730974800094E+000 -0.107536384819057E+002 -0.114958507132645E+003
  0.247044158725504E-045  0.233478259328169E+003 -0.161880234905206E+002  0.839010031523451E+002 -0.169191834596789E+001  0.417311826001477E+001 -0.107536384819057E+002 -0.114915933421433E+003
  0.259164479887125E-045  0.233382467694766E+003  0.548808650797425E+001  0.565396650823254E+002 -0.199967320437619E+001 -0.107561913687667E+001 -0.107536384819057E+002 -0.114868037604732E+003
  0.263021252820569E-045  0.233352923853764E+003 -0.188910627979986E+002  0.602392043834683E+002 -0.192383593976349E+001 -0.693882769522693E+000 -0.107536384819057E+002 -0.114853265684230E+003
  0.264368284301743E-045  0.233342707235378E+003  0.110516176750601E+002  0.521734213760031E+002 -0.179496855998967E+001 -0.186110786775395E+001 -0.107536384819057E+002 -0.114848157375037E+003
  0.308243228383418E-045  0.233035615182264E+003 -0.942013383981651E+001  0.640696314940238E+002 -0.181427160311628E+001 -0.778003331278867E+000 -0.107536384819057E+002 -0.114694611348481E+003
  0.476045125410208E-045  0.232166368227957E+003 -0.406383940080707E+001  0.577840076095655E+002 -0.162031071101829E+001  0.414508304156924E+001 -0.107536384819057E+002 -0.114259987871327E+003
  0.513042051547431E-045  0.232016677902719E+003 -0.127863929395101E+002  0.752817314619515E+002 -0.153323199881958E+001 -0.427158223780392E+001 -0.107536384819057E+002 -0.114185142708708E+003
  0.701322905660054E-045  0.231391456696550E+003  0.169730445288716E+002  0.441417246565294E+002 -0.142764488017165E+001  0.418011627104823E+001 -0.107536384819057E+002 -0.113872532105623E+003
  0.837510310395727E-045  0.231036526380909E+003  0.181347480745020E+002  0.867137788858823E+002 -0.145760580850083E+001 -0.105596005562702E+001 -0.107536384819057E+002 -0.113695066947803E+003
  0.903912115935377E-045  0.230883929252435E+003 -0.643463493998382E+000  0.443347513439706E+002 -0.158368123861410E+001 -0.231533943081580E+001 -0.107536384819057E+002 -0.113618768383566E+003
  0.925978668455548E-045  0.230835691133685E+003  0.703780727520220E+001  0.634449760325795E+002 -0.183232620854143E+001 -0.110289235109089E+001 -0.107536384819057E+002 -0.113594649324191E+003
  0.935011975737968E-045  0.230816274855032E+003 -0.122752263745167E+002  0.892968708730135E+002 -0.163132634320457E+001 -0.145934479744602E+001 -0.107536384819057E+002 -0.113584941184864E+003
  0.956081143441656E-045  0.230771707954944E+003 -0.189950598018581E+002  0.536826249845894E+002 -0.135031205233653E+001  0.222631573625583E+001 -0.107536384819057E+002 -0.113562657734820E+003
  0.979337810705819E-045  0.230723640250171E+003 -0.724247876009918E+001  0.742996844591246E+002 -0.187832647038270E+001 -0.464968434930983E+000 -0.107536384819057E+002 -0.113538623882434E+003
  0.109850833668057E-044  0.230493976568106E+003 -0.317005345430300E+001  0.511381577690123E+002 -0.142690329552239E+001  0.294389105818000E+001 -0.107536384819057E+002 -0.113423792041401E+003
  0.113577396234656E-044  0.230427254324647E+003  0.159109115731298E+002  0.454657732306050E+002 -0.185660296256336E+001 -0.322875593971832E+001 -0.107536384819057E+002 -0.113390430919672E+003
  0.117068772752982E-044  0.230366700217173E+003  0.130293958391373E+001  0.408390388490097E+002 -0.130700582642750E+001  0.494825990768347E+001 -0.107536384819057E+002 -0.113360153865935E+003
  0.144811585864059E-044  0.229941356364760E+003  0.148345219668567E+002  0.870575284386135E+002 -0.192976191854038E+001 -0.132630807874314E+001 -0.107536384819057E+002 -0.113147481939729E+003
  0.162413844182649E-044  0.229711928000960E+003  0.708743757069261E+001  0.589440834673803E+002 -0.191956838476829E+001 -0.136673911365575E+001 -0.107536384819057E+002 -0.113032767757828E+003
  0.167081229455754E-044  0.229655263147834E+003  0.137952058809699E+002  0.616375135765041E+002 -0.176820738717277E+001 -0.139103736318393E+001 -0.107536384819057E+002 -0.113004435331265E+003
  0.224712341303198E-044  0.229062581141707E+003  0.618472291400653E+001  0.888145710405832E+002 -0.176803494723594E+001  0.492193470165275E+001 -0.107536384819057E+002 -0.112708094328202E+003
  0.249375493581718E-044  0.228854303810174E+003 -0.186703701096566E+001  0.635921061017466E+002 -0.135982917531052E+001 -0.689715300238555E+000 -0.107536384819057E+002 -0.112603955662435E+003
  0.256612594457912E-044  0.228797088277924E+003  0.165332699119888E+002  0.819613535250081E+002 -0.197598863811168E+001 -0.731574447922770E+000 -0.107536384819057E+002 -0.112575347896310E+003
  0.259955542417786E-044  0.228771202092620E+003  0.573129199177420E+001  0.653896562671165E+002 -0.179747572296586E+001 -0.125890476606261E+001 -0.107536384819057E+002 -0.112562404803659E+003
  0.311815390174243E-044  0.228407400714953E+003 -0.439784576188231E+001  0.401153673830034E+002 -0.116662190204663E+001  0.418554228295415E+001 -0.107536384819057E+002 -0.112380504114825E+003
  0.320337590483629E-044  0.228353472524078E+003 -0.632534077292332E+001  0.423986233678133E+002 -0.121139449361251E+001  0.235358485832663E+001 -0.107536384819057E+002 -0.112353540019388E+003
  0.327846778386200E-044  0.228307130623660E+003  0.178484677017535E+002  0.558229145949426E+002 -0.154619172958554E+001 -0.138033576124851E+001 -0.107536384819057E+002 -0.112330369069178E+003
  0.330707757657173E-044  0.228289753187999E+003 -0.817449057166315E+001  0.464692208360203E+002 -0.198334986346262E+001 -0.434193001640429E+001 -0.107536384819057E+002 -0.112321680351348E+003
  0.368374812579441E-044  0.228074021479446E+003 -0.713455348842275E+001  0.692294906549027E+002 -0.186119999914833E+001 -0.100218982347697E+001 -0.107536384819057E+002 -0.112213814497071E+003
  0.385476258806045E-044  0.227983264132710E+003  0.174443754538427E+002  0.412845235674733E+002 -0.129226950319062E+001  0.485881431222578E+001 -0.107536384819057E+002 -0.112168435823703E+003
  0.526351500332812E-044  0.227360284861728E+003 -0.159366641417938E+002  0.952299158619830E+002 -0.171669169709190E+001  0.454002965857618E+001 -0.107536384819057E+002 -0.111856946188212E+003
  0.571004331919278E-044  0.227197429751657E+003 -0.918566578283490E+001  0.518386037777332E+002 -0.178937464928352E+001 -0.212978866627573E+001 -0.107536384819057E+002 -0.111775518633177E+003
  0.587852031010864E-044  0.227139272807430E+003 -0.134992073632966E+002  0.490588327660601E+002 -0.138052166221328E+001 -0.263149394888643E+001 -0.107536384819057E+002 -0.111746440161063E+003
  0.600350077230013E-044  0.227097197449772E+003 -0.137603710870011E+002  0.486645413454260E+002 -0.162308583277771E+001 -0.202742890295665E+001 -0.107536384819057E+002 -0.111725402482234E+003
  0.880742094424546E-044  0.226330693661563E+003  0.663383481045463E+001  0.518082838067079E+002 -0.154821494071363E+001  0.421103404261293E+001 -0.107536384819057E+002 -0.111342150588130E+003
  0.897556694799321E-044  0.226292870767888E+003 -0.831734032761519E+001  0.562692616798611E+002 -0.143537199766788E+001 -0.329260868391169E+001 -0.107536384819057E+002 -0.111323239141293E+003
  0.111381088255912E-043  0.225861138060476E+003  0.135189543819321E+002  0.584412868212451E+002 -0.190809259594848E+001 -0.167712151103462E+001 -0.107536384819057E+002 -0.111107372787587E+003
  0.116110254343704E-043  0.225777972741666E+003 -0.151059867107872E+002  0.567451785259849E+002 -0.152698231126600E+001 -0.392887386966297E+001 -0.107536384819057E+002 -0.111065790128181E+003
  0.117133279474310E-043  0.225760428303470E+003 -0.851072647623087E+001  0.643373703203924E+002 -0.140187259954984E+001 -0.857440656114622E+000 -0.107536384819057E+002 -0.111057017909083E+003
  0.120144156552339E-043  0.225709668505229E+003 -0.177842277954701E+002  0.493427807591782E+002 -0.111895927528754E+001 -0.371840515225133E+000 -0.107536384819057E+002 -0.111031638009963E+003
  0.123565858141926E-043  0.225653504601540E+003  0.144646154770774E+002  0.472852330515156E+002 -0.196582037573137E+001 -0.438435835658804E+001 -0.107536384819057E+002 -0.111003556058118E+003
  0.123908944753427E-043  0.225647959199304E+003  0.608241680444665E+001  0.962767660043156E+002 -0.172462027708582E+001  0.465134497847860E+001 -0.107536384819057E+002 -0.111000783357001E+003
  0.136264799809579E-043  0.225457853057821E+003 -0.733230298265581E+001  0.497277792886521E+002 -0.173948000201779E+001 -0.446277963756661E+001 -0.107536384819057E+002 -0.110905730286259E+003
  0.141966877609854E-043  0.225375865609772E+003 -0.167964402809998E+002  0.490780583559629E+002 -0.150041093700074E+001  0.419739738570613E+001 -0.107536384819057E+002 -0.110864736562234E+003
  0.151125234992109E-043  0.225250835430249E+003 -0.151071289137402E+002  0.405341364646945E+002 -0.107969018516032E+001  0.263984615960595E+001 -0.107536384819057E+002 -0.110802221472473E+003
  0.152033735220690E-043  0.225238848281096E+003  0.665880052486802E+000  0.449257822825014E+002 -0.132075413313813E+001  0.311416791578287E+001 -0.107536384819057E+002 -0.110796227897897E+003
  0.164624614351887E-043  0.225079717523070E+003 -0.817078626284331E+000  0.597313864377509E+002 -0.198242211661089E+001 -0.150418237194646E+001 -0.107536384819057E+002 -0.110716662518883E+003
  0.175926400544824E-043  0.224946921700312E+003 -0.156601145581381E+002  0.786184186489628E+002 -0.229690987239709E+000  0.658628788663552E+000 -0.107536384819057E+002 -0.110650264607504E+003
  0.178255128298468E-043  0.224920621499744E+003  0.693177745797955E+001  0.404756685914211E+002 -0.105317539614985E+001  0.247020241381667E+001 -0.107536384819057E+002 -0.110637114507220E+003
  0.190108555401715E-043  0.224791862651570E+003  0.112493781384128E+002  0.905565204743040E+002 -0.199316054939670E+001 -0.154995323124433E+001 -0.107536384819057E+002 -0.110572735083134E+003
  0.191152284124812E-043  0.224780912339110E+003  0.172603718333010E+002  0.760219059851470E+002 -0.135175941930885E+001 -0.450096074424354E+001 -0.107536384819057E+002 -0.110567259926903E+003
  0.193620112724741E-043  0.224755257043045E+003 -0.146649316309434E+002  0.881156745305813E+002 -0.144256233577322E+001 -0.106290674960493E+001 -0.107536384819057E+002 -0.110554432278871E+003
  0.200076502038886E-043  0.224689653550812E+003  0.145548109756136E+002  0.643628083841658E+002 -0.189462563056793E+001 -0.137842468852066E+001 -0.107536384819057E+002 -0.110521630532755E+003
  0.210213591528722E-043  0.224590804925347E+003 -0.109482984870573E+002  0.702592001786448E+002 -0.187417357731279E+001 -0.125178260120309E+001 -0.107536384819057E+002 -0.110472206220022E+003
  0.222821202557556E-043  0.224474313822805E+003  0.633228582122882E+001  0.478802050573804E+002 -0.169299468821118E+001 -0.245683572416886E+001 -0.107536384819057E+002 -0.110413960668751E+003
  0.228916644324726E-043  0.224420337280603E+003  0.124680243242565E+002  0.404730140701773E+002 -0.101011292334181E+001  0.221708885508615E+001 -0.107536384819057E+002 -0.110386972397650E+003
  0.238487359227695E-043  0.224338420542456E+003  0.162655503291088E+002  0.567583890655514E+002 -0.180551377605656E+001 -0.186845667003278E+001 -0.107536384819057E+002 -0.110346014028577E+003
  0.249493369186280E-043  0.224248188481159E+003  0.127110422295197E+001  0.405085362586042E+002 -0.100867662817819E+001 -0.433872689448356E+001 -0.107536384819057E+002 -0.110300897997928E+003
  0.292741861138421E-043  0.223928470756650E+003 -0.102496779460942E+002  0.667070365167464E+002 -0.198213402549859E+001 -0.102046204887136E+001 -0.107536384819057E+002 -0.110141039135673E+003
  0.332628471025145E-043  0.223673000829033E+003 -0.316794341769774E+001  0.637081254238813E+002 -0.175608420735156E+001 -0.155317426432340E+001 -0.107536384819057E+002 -0.110013304171865E+003
  0.354294371606869E-043  0.223546796906436E+003  0.713608562770323E+001  0.468268470326585E+002 -0.158993585612188E+001 -0.329487599321873E+001 -0.107536384819057E+002 -0.109950202210566E+003
  0.379028859322687E-043  0.223411828461713E+003  0.192153487165738E+002  0.464066191554840E+002 -0.133603652615106E+001  0.303126806755824E+001 -0.107536384819057E+002 -0.109882717988205E+003
  0.387392244419962E-043  0.223368177695608E+003  0.162452319888506E+002  0.500680498011794E+002 -0.169339615272829E+001 -0.424388825508505E+001 -0.107536384819057E+002 -0.109860892605153E+003
  0.438879849840323E-043  0.223118601787928E+003  0.852639781417769E+001  0.736538360583943E+002 -0.194380887552213E+001 -0.112002719394023E+001 -0.107536384819057E+002 -0.109736104651312E+003
  0.475435689324628E-043  0.222958589909401E+003  0.164848940938367E+002  0.450736937521954E+002 -0.140201149851085E+001  0.449407351410144E+001 -0.107536384819057E+002 -0.109656098712049E+003
  0.529164315329824E-043  0.222744455160785E+003  0.158584910398222E+002  0.469658210248060E+002 -0.181674788719124E+001 -0.346541904114248E+001 -0.107536384819057E+002 -0.109549031337741E+003
  0.683305117387335E-043  0.222233170176053E+003  0.165873219893884E+002  0.506895985685295E+002 -0.191373780389279E+001 -0.496426004102637E+001 -0.107536384819057E+002 -0.109293388845375E+003
  0.708480024981924E-043  0.222160809427337E+003  0.149631781884293E+002  0.776677990408247E+002 -0.162207327513676E+001 -0.141100763791640E+001 -0.107536384819057E+002 -0.109257208471017E+003
  0.718791873673673E-043  0.222131909459143E+003  0.180345381300778E+002  0.472910322787688E+002 -0.172169352060372E+001 -0.370468092966596E+001 -0.107536384819057E+002 -0.109242758486920E+003
  0.900268121783604E-043  0.221681667893921E+003  0.159626104359438E+001  0.411284524283832E+002 -0.978104799988675E+000 -0.447733954261699E+001 -0.107536384819057E+002 -0.109017637704309E+003
  0.979501361410433E-043  0.221512965903446E+003  0.110379184782417E+002  0.510634123080157E+002 -0.161831014169408E+001 -0.197259051939685E+001 -0.107536384819057E+002 -0.108933286709072E+003
  0.145975855501707E-042  0.220715000502519E+003 -0.176191984266713E+002  0.483713706929593E+002 -0.197885146331705E+001 -0.371953432867813E+001 -0.107536384819057E+002 -0.108534304008608E+003
  0.171109683428580E-042  0.220397273423158E+003  0.167479010548876E+002  0.543426339897972E+002 -0.142330347654204E+001  0.296580591896610E+001 -0.107536384819057E+002 -0.108375440468927E+003
  0.175121272852058E-042  0.220350925528744E+003 -0.174382300772668E+002  0.414617851223564E+002 -0.100628927937478E+001  0.448480000751744E+001 -0.107536384819057E+002 -0.108352266521720E+003
  0.185521070560513E-042  0.220235546044984E+003 -0.699434066105306E+001  0.552607610447424E+002 -0.197592478106528E+001 -0.223620107288422E+001 -0.107536384819057E+002 -0.108294576779840E+003
  0.252527714122529E-042  0.219618840968845E+003 -0.139142019452982E+002  0.944809589686992E+002 -0.193400577618963E+001 -0.188111507237306E+001 -0.107536384819057E+002 -0.107986224241771E+003
  0.259627442906107E-042  0.219563387589001E+003 -0.703915313700100E+001  0.420882510687245E+002 -0.110306172254713E+001  0.279934397218983E+001 -0.107536384819057E+002 -0.107958497551849E+003
  0.262810883104910E-042  0.219539013576288E+003 -0.112661524243415E+002  0.410241081568551E+002 -0.119200739746614E+001 -0.306467885594167E+001 -0.107536384819057E+002 -0.107946310545492E+003
  0.276647354480126E-042  0.219436395758828E+003  0.139203495059669E+002  0.608801764316339E+002 -0.124115135393925E+001  0.159483177339736E+001 -0.107536384819057E+002 -0.107895001636762E+003
  0.280637500573787E-042  0.219407755366075E+003  0.127317234606640E+001  0.854873530515513E+002 -0.106342035589995E+001  0.749701236587832E+000 -0.107536384819057E+002 -0.107880681440386E+003
  0.282027942690133E-042  0.219397870664867E+003  0.102025761238554E+002  0.988420101350805E+002 -0.183246139789000E+001 -0.198020910820379E+001 -0.107536384819057E+002 -0.107875739089782E+003
  0.382005822513280E-042  0.218791011270689E+003 -0.138617386090592E+002  0.678690493940891E+002 -0.186069161651547E+001 -0.159895130708903E+001 -0.107536384819057E+002 -0.107572309392693E+003
  0.390218112279958E-042  0.218748471281930E+003  0.999649806739331E+001  0.414799693389176E+002 -0.876477560101994E+000 -0.178867049442153E+001 -0.107536384819057E+002 -0.107551039398313E+003
  0.397843951098578E-042  0.218709763280566E+003  0.135594084419011E+002  0.411716724931804E+002 -0.123257473918951E+001 -0.379002750809364E+001 -0.107536384819057E+002 -0.107531685397632E+003
  0.402253880190110E-042  0.218687716107950E+003 -0.834884947140906E+001  0.418729854835875E+002 -0.995104599862377E+000 -0.357656425054493E+001 -0.107536384819057E+002 -0.107520661811323E+003
  0.413736289462126E-042  0.218631425394251E+003  0.509612334622351E+001  0.414007667721622E+002 -0.812826384392042E+000 -0.389146218675808E+001 -0.107536384819057E+002 -0.107492516454474E+003
  0.481669975314664E-042  0.218327364609992E+003 -0.791952098964757E+001  0.511087956082360E+002 -0.130008518406338E+001  0.226698864469506E+001 -0.107536384819057E+002 -0.107340486062344E+003
  0.519440856865099E-042  0.218176377056447E+003  0.173339735770169E+002  0.786218121482424E+002 -0.152062728736676E+001  0.308127712143945E+001 -0.107536384819057E+002 -0.107264992285572E+003
  0.532847545813956E-042  0.218125412266265E+003  0.152961864200498E+002  0.482924822101341E+002 -0.175330046923927E+001 -0.371250439572323E+001 -0.107536384819057E+002 -0.107239509890481E+003
  0.535697717798208E-042  0.218114742886724E+003 -0.183259193499860E+002  0.482626848085183E+002 -0.129903396997053E+001  0.259079502541675E+001 -0.107536384819057E+002 -0.107234175200710E+003
  0.539179390866359E-042  0.218101786297671E+003  0.192719086481197E+002  0.417370504257996E+002 -0.111635478889513E+001 -0.474839543230822E+001 -0.107536384819057E+002 -0.107227696906184E+003
  0.539280397805912E-042  0.218101411663620E+003  0.170704552457496E+002  0.528216442215557E+002 -0.166763583528241E+001 -0.425448894257849E+001 -0.107536384819057E+002 -0.107227509589159E+003
  0.590775414464052E-042  0.217919011100398E+003  0.622985281587680E+001  0.536371631007179E+002 -0.184272487853626E+001 -0.240417291397414E+001 -0.107536384819057E+002 -0.107136309307547E+003
  0.594396246037762E-042  0.217906790616363E+003 -0.101410221138626E+002  0.647787927974926E+002 -0.152372458429289E+001 -0.399366233262448E+001 -0.107536384819057E+002 -0.107130199065530E+003
  0.603809408359159E-042  0.217875365773903E+003  0.937103813733640E+001  0.643213225591964E+002 -0.156453184384244E+001  0.370134986628694E+001 -0.107536384819057E+002 -0.107114486644300E+003
  0.752841866293264E-042  0.217434172570386E+003  0.840561055056736E+001  0.653835814054266E+002 -0.163643414418751E+001 -0.154870730039890E+001 -0.107536384819057E+002 -0.106893890042541E+003
  0.979208083361236E-042  0.216908394638451E+003 -0.637822889767947E+001  0.418547503641016E+002 -0.816847662300254E+000 -0.396185287666218E+001 -0.107536384819057E+002 -0.106631001076574E+003
  0.979558349120539E-042  0.216907679360188E+003  0.795153262020989E+001  0.802107864502337E+002 -0.117863313507351E+001  0.429282584510502E+000 -0.107536384819057E+002 -0.106630643437442E+003
  0.111317869787230E-041  0.216651933184974E+003 -0.156575271175324E+001  0.729809799011830E+002 -0.173996088075659E+001 -0.161509485589681E+001 -0.107536384819057E+002 -0.106502770349835E+003
  0.120289887596201E-041  0.216496903666913E+003  0.111084404854987E+002  0.438316434904848E+002 -0.125514315209756E+001  0.468901143992505E+001 -0.107536384819057E+002 -0.106425255590805E+003
  0.124952755022330E-041  0.216420841373972E+003 -0.144798767192675E+002  0.507031990360507E+002 -0.199131905553285E+001 -0.465903187629833E+001 -0.107536384819057E+002 -0.106387224444334E+003
  0.137046032516169E-041  0.216236079039726E+003 -0.135862709265468E+002  0.983613386496900E+002 -0.180630117558997E+001 -0.198810130994373E+001 -0.107536384819057E+002 -0.106294843277211E+003
  0.139029774465448E-041  0.216207336556085E+003  0.133522962191264E+002  0.592290389171696E+002 -0.130102511631214E+001  0.195828438042538E+001 -0.107536384819057E+002 -0.106280472035391E+003
  0.151534205239046E-041  0.216035090032802E+003 -0.163418718875473E+002  0.562253531044132E+002 -0.149816815947748E+001  0.364579082091929E+001 -0.107536384819057E+002 -0.106194348773750E+003
  0.156598407250855E-041  0.215969343560658E+003  0.125138225300771E+002  0.466700042603983E+002 -0.136519801550616E+001  0.412039708493535E+001 -0.107536384819057E+002 -0.106161475537677E+003
  0.157343393974402E-041  0.215959851506793E+003  0.322082713980321E+001  0.453812328680622E+002 -0.108202485507860E+001  0.904057930515298E-001 -0.107536384819057E+002 -0.106156729510745E+003
  0.173748823526020E-041  0.215761491359347E+003  0.353612583456434E+001  0.419714223396343E+002 -0.840992677312842E+000 -0.183531604168436E+001 -0.107536384819057E+002 -0.106057549437022E+003
  0.179470894461295E-041  0.215696686692178E+003  0.477476895593192E-001  0.489382302866920E+002 -0.137125522546458E+001  0.339664036591022E+001 -0.107536384819057E+002 -0.106025147103438E+003
  0.183737090646016E-041  0.215649701024770E+003 -0.353014037694753E+001  0.570231183039414E+002 -0.199222270586591E+001 -0.228391235761414E+001 -0.107536384819057E+002 -0.106001654269733E+003
  0.195378978310970E-041  0.215526830484103E+003  0.137899207375770E+002  0.774533181283201E+002 -0.153586897491758E+001  0.323951378007063E+001 -0.107536384819057E+002 -0.105940218999400E+003
  0.212339623842896E-041  0.215360338801846E+003  0.799096308704680E+001  0.773847186651755E+002 -0.199736153847575E+001 -0.148430202133025E+001 -0.107536384819057E+002 -0.105856973158272E+003
  0.221644906515714E-041  0.215274559623895E+003 -0.380677093950766E+001  0.420092179491794E+002 -0.109529407767989E+001 -0.308065398955016E+001 -0.107536384819057E+002 -0.105814083569296E+003
  0.271879747105719E-041  0.214865993061426E+003  0.191358413789932E+002  0.542401884917001E+002 -0.151607241208856E+001 -0.158808632509602E+001 -0.107536384819057E+002 -0.105609800288061E+003
  0.272342824748091E-041  0.214862589470483E+003 -0.156303358983312E+002  0.830262600356809E+002 -0.165198601113053E+001 -0.159576447826594E+001 -0.107536384819057E+002 -0.105608098492590E+003
  0.279162390809494E-041  0.214813125469223E+003  0.192302410056915E+002  0.405932467976978E+002 -0.570495136995737E+000 -0.461813206673564E+001 -0.107536384819057E+002 -0.105583366491960E+003
  0.281816770148775E-041  0.214794198569019E+003  0.153031609229119E+002  0.410582456154779E+002 -0.760718454710541E+000 -0.133047760326446E+001 -0.107536384819057E+002 -0.105573903041858E+003
  0.306029612478607E-041  0.214629349045892E+003 -0.123193992076084E+002  0.531354187135430E+002 -0.153947320242344E+001 -0.173222988215030E+001 -0.107536384819057E+002 -0.105491478280294E+003
  0.306152606473961E-041  0.214628545402838E+003 -0.962640324808963E+001  0.427010745758917E+002 -0.106267367447409E+001 -0.212245632114626E+000 -0.107536384819057E+002 -0.105491076458767E+003
  0.348546707516497E-041  0.214369168294729E+003  0.678890709874259E+001  0.560076213565401E+002 -0.135753182769325E+001  0.248516400169420E+001 -0.107536384819057E+002 -0.105361387904713E+003
  0.393813561965975E-041  0.214124957577390E+003 -0.113860318052374E+002  0.410485885200765E+002 -0.770966387584407E+000 -0.967937695207830E+000 -0.107536384819057E+002 -0.105239282546043E+003
  0.394599692070181E-041  0.214120969159587E+003 -0.122686070007265E+002  0.736206003000500E+002 -0.166343047417529E+001  0.439658145458079E+001 -0.107536384819057E+002 -0.105237288337142E+003
  0.405080244636516E-041  0.214068542421274E+003 -0.722764229908384E+001  0.711940471353130E+002 -0.117521959945697E+001  0.500215952819398E+000 -0.107536384819057E+002 -0.105211074967985E+003
  0.410028375214412E-041  0.214044260055757E+003 -0.962989875522415E+001  0.421055407666247E+002 -0.765271691772398E+000 -0.317949172487854E+001 -0.107536384819057E+002 -0.105198933785227E+003
  0.463198207458919E-041  0.213800402673356E+003  0.849051611475193E+001  0.421967058618274E+002 -0.802328221381829E+000 -0.211005799439111E+001 -0.107536384819057E+002 -0.105077005094027E+003
  0.492005070799551E-041  0.213679734740160E+003  0.184877971664224E+002  0.498768415316169E+002 -0.139947630585475E+001 -0.132427827389229E+001 -0.107536384819057E+002 -0.105016671127428E+003
  0.526833079980362E-041  0.213542945261865E+003  0.148061680583772E+002  0.720073546965478E+002 -0.195823558927615E+001 -0.163944542919332E+001 -0.107536384819057E+002 -0.104948276388281E+003
  0.540352058396066E-041  0.213492271011809E+003  0.177631832341693E+002  0.565965310124935E+002 -0.155241535047123E+001 -0.384598928536696E+001 -0.107536384819057E+002 -0.104922939263253E+003
  0.554660465809377E-041  0.213440000479604E+003 -0.135751773730927E+002  0.452910399901519E+002 -0.124812850882016E+001  0.358091028620711E+001 -0.107536384819057E+002 -0.104896803997150E+003
  0.639780815913433E-041  0.213154461500923E+003  0.165609878161786E+002  0.583289017013908E+002 -0.158743766328045E+001  0.448618914483678E+001 -0.107536384819057E+002 -0.104754034507810E+003
  0.669533455927587E-041  0.213063550515254E+003 -0.149444297053825E+002  0.568681013843051E+002 -0.111914348313405E+001  0.120059675904020E+001 -0.107536384819057E+002 -0.104708579014975E+003
  0.685872764285407E-041  0.213015328514603E+003 -0.144597095968652E+002  0.512604936633871E+002 -0.149674337715354E+001  0.461577757184083E+001 -0.107536384819057E+002 -0.104684468014650E+003
  0.695755711121441E-041  0.212986715568134E+003 -0.116110102963128E+002  0.548799092697018E+002 -0.130272789469838E+001  0.217281600964718E+001 -0.107536384819057E+002 -0.104670161541415E+003
  0.744813058037373E-041  0.212850446269879E+003 -0.708347884455231E+001  0.612165998175397E+002 -0.175418006902687E+001 -0.194317032223312E+001 -0.107536384819057E+002 -0.104602026892288E+003
  0.746481802933926E-041  0.212845970305704E+003  0.102328471095681E+002  0.414091742971648E+002 -0.654119098698262E+000 -0.338395718444407E+001 -0.107536384819057E+002 -0.104599788910200E+003
  0.771669994850912E-041  0.212779598804395E+003  0.680283716179148E+001  0.696716837876215E+002 -0.199417061493431E+001 -0.166263235498259E+001 -0.107536384819057E+002 -0.104566603159546E+003
  0.776352701584136E-041  0.212767498927495E+003  0.601613914155728E+000  0.447022229219131E+002 -0.113421848638972E+001  0.218251315861023E+001 -0.107536384819057E+002 -0.104560553221096E+003
  0.865815729030363E-041  0.212549368582262E+003 -0.192144402827239E+002  0.962505946877987E+002 -0.170093753853235E+001 -0.185519522418511E+001 -0.107536384819057E+002 -0.104451488048479E+003
  0.884385140569768E-041  0.212506927491775E+003  0.650710264346735E+001  0.566811839777655E+002 -0.163815063190553E+001 -0.426681699865381E+001 -0.107536384819057E+002 -0.104430267503236E+003
  0.896008289378937E-041  0.212480813457102E+003  0.173726916113532E+002  0.978946648574498E+002 -0.149500704604236E+001  0.302374923423477E+001 -0.107536384819057E+002 -0.104417210485899E+003
  0.934858486896568E-041  0.212395922452202E+003  0.255055466570330E+000  0.648428815604132E+002 -0.162971212143469E+001  0.444947330206615E+001 -0.107536384819057E+002 -0.104374764983449E+003
  0.969547037027459E-041  0.212323054805454E+003  0.485996412137800E+001  0.444352295697512E+002 -0.118003112057424E+001  0.373824323388904E+001 -0.107536384819057E+002 -0.104338331160075E+003
  0.103926666945166E-040  0.212184171550264E+003 -0.315790735748348E+001  0.519355308238448E+002 -0.162061632577708E+001 -0.372369390647187E+001 -0.107536384819057E+002 -0.104268889532480E+003
  0.107270843789736E-040  0.212120828826826E+003  0.928497209822510E-002  0.435389513252751E+002 -0.100125521162938E+001 -0.901674340023373E-001 -0.107536384819057E+002 -0.104237218170762E+003
  0.111604902063537E-040  0.212041612651490E+003  0.371361908496751E+001  0.430529285478372E+002 -0.871340006853133E+000 -0.139928779905292E+001 -0.107536384819057E+002 -0.104197610083093E+003
  0.117652194448887E-040  0.211936077065359E+003  0.151248324104365E+001  0.929280546250762E+002 -0.165232127384319E+001  0.423212374603349E+001 -0.107536384819057E+002 -0.104144842290028E+003
  0.128700154105471E-040  0.211756571976052E+003  0.696427776968596E+001  0.540941929635422E+002 -0.172357660402421E+001 -0.437508700999948E+001 -0.107536384819057E+002 -0.104055089745374E+003
  0.129464522832553E-040  0.211744728822764E+003  0.263781114249943E+001  0.545799000227252E+002 -0.156385168280293E+001  0.482732081650896E+001 -0.107536384819057E+002 -0.104049168168730E+003
  0.138725584371081E-040  0.211606547062765E+003  0.925516788940279E+001  0.436720318492100E+002 -0.997730285678892E+000 -0.110206837882564E+001 -0.107536384819057E+002 -0.103980077288731E+003
  0.153421327545516E-040  0.211405166777039E+003  0.129130445201687E+002  0.428079265028083E+002 -0.775502003472437E+000 -0.299878211939552E+001 -0.107536384819057E+002 -0.103879387145868E+003
  0.181847607191642E-040  0.211065204573650E+003  0.561696704220184E+001  0.418418085844825E+002 -0.619650229785655E+000 -0.423909748796360E+001 -0.107536384819057E+002 -0.103709406044173E+003
  0.185408031206590E-040  0.211026424659136E+003  0.134021467324883E+002  0.556024006135808E+002 -0.157713767398592E+001  0.485724454987819E+001 -0.107536384819057E+002 -0.103690016086917E+003
  0.192170397718075E-040  0.210954777666940E+003 -0.180880810927236E+002  0.709550438922560E+002 -0.156657385462284E+001 -0.427367106638625E+001 -0.107536384819057E+002 -0.103654192590818E+003
  0.192495478974565E-040  0.210951397264845E+003  0.107581375192460E+002  0.610758934997833E+002 -0.136159136453086E+001  0.236770436409662E+001 -0.107536384819057E+002 -0.103652502389771E+003
  0.198032822348802E-040  0.210894677027267E+003 -0.109196230686379E+002  0.576767764609707E+002 -0.159660018295224E+001 -0.408201243146758E+001 -0.107536384819057E+002 -0.103624142270982E+003
  0.201722670591815E-040  0.210857754927609E+003  0.934114633227215E+001  0.918286717145861E+002 -0.198996372009201E+001 -0.195867898394054E+001 -0.107536384819057E+002 -0.103605681221153E+003
  0.210588490338009E-040  0.210771730707176E+003  0.108047736644805E+001  0.588644977952985E+002 -0.106584213921540E+001 -0.491174468256634E-001 -0.107536384819057E+002 -0.103562669110936E+003
  0.217622189850177E-040  0.210706021629662E+003 -0.765808876169050E+001  0.969252806996853E+002 -0.163351541409428E+001  0.413079328690483E+001 -0.107536384819057E+002 -0.103529814572179E+003
  0.233498557000061E-040  0.210565190805619E+003  0.127822469786427E+002  0.589615928588169E+002 -0.177810540856488E+001 -0.496531870658648E+001 -0.107536384819057E+002 -0.103459399160158E+003
  0.254754508062935E-040  0.210390941864109E+003  0.727667969591464E+001  0.425434012790826E+002 -0.117843519535863E+001 -0.475461164560335E+001 -0.107536384819057E+002 -0.103372274689403E+003
  0.294163201108676E-040  0.210103273161784E+003 -0.190785781166981E+002  0.439927103936405E+002 -0.922044290854648E+000 -0.485664099013496E+001 -0.107536384819057E+002 -0.103228440338240E+003
  0.317197699675849E-040  0.209952492124523E+003  0.666128535803775E+000  0.597872872727464E+002 -0.178002555776597E+001 -0.212530961262059E+001 -0.107536384819057E+002 -0.103153049819610E+003
  0.340840764613452E-040  0.209808711795500E+003  0.122848653948114E+001  0.486956775522719E+002 -0.147322754971716E+001 -0.200464795937406E+001 -0.107536384819057E+002 -0.103081159655098E+003
  0.341372497275765E-040  0.209805594103132E+003 -0.611514954856409E+001  0.450497984787293E+002 -0.110636361313460E+001  0.207158755385071E+001 -0.107536384819057E+002 -0.103079600808914E+003
  0.360045043822912E-040  0.209699084309349E+003 -0.493945146875920E+000  0.440787198982848E+002 -0.106424749955015E+001 -0.280846552454071E+001 -0.107536384819057E+002 -0.103026345912023E+003
  0.371875321527220E-040  0.209634425318235E+003  0.285325370861028E+001  0.636832254760287E+002 -0.145422397936715E+001 -0.120546978418767E+001 -0.107536384819057E+002 -0.102994016416466E+003
  0.384642010740165E-040  0.209566916481090E+003 -0.256348595852415E+001  0.499611436984331E+002 -0.169426768395402E+001 -0.320733764963349E+001 -0.107536384819057E+002 -0.102960261997893E+003
  0.388852243003954E-040  0.209545143733205E+003 -0.140367795750285E+002  0.856653653663426E+002 -0.150350864079226E+001  0.305414831833851E+001 -0.107536384819057E+002 -0.102949375623951E+003
  0.427689324025926E-040  0.209354748492935E+003  0.149932348182804E+001  0.437724504730150E+002 -0.109757884844039E+001 -0.104335913740539E+001 -0.107536384819057E+002 -0.102854178003816E+003
  0.458506010041352E-040  0.209215595800733E+003  0.849194902905866E+001  0.600733149075540E+002 -0.135442746999769E+001 -0.470713654287752E+001 -0.107536384819057E+002 -0.102784601657715E+003
  0.465792730446520E-040  0.209184061098596E+003 -0.188224184602479E+002  0.441535696633479E+002 -0.919279265144727E+000 -0.207041056510574E+001 -0.107536384819057E+002 -0.102768834306646E+003
  0.466090444919094E-040  0.209182783193852E+003  0.160175163569764E+002  0.571912373216015E+002 -0.173409796522270E+001 -0.220669147318539E+001 -0.107536384819057E+002 -0.102768195354274E+003
  0.482010476425405E-040  0.209115610901783E+003 -0.102418179719362E+002  0.432145355037484E+002 -0.126221913195404E+001 -0.493148813682206E+001 -0.107536384819057E+002 -0.102734609208240E+003
  0.483837066576133E-040  0.209108046178585E+003 -0.180825916337446E+002  0.443367308747344E+002 -0.101791623897605E+001  0.286178191393714E+001 -0.107536384819057E+002 -0.102730826846641E+003
  0.520630434177808E-040  0.208961461698730E+003 -0.175317072325949E+002  0.869626064074266E+002 -0.177421237005506E+001 -0.186890532038229E+001 -0.107536384819057E+002 -0.102657534606713E+003
  0.590181044504848E-040  0.208710683910212E+003 -0.108459410320143E+002  0.806438702111031E+002 -0.128429506369823E+001 -0.351139653852041E+001 -0.107536384819057E+002 -0.102532145712454E+003
  0.594999334613382E-040  0.208694422025560E+003 -0.256330076558489E+001  0.444275004763826E+002 -0.101704245000477E+001 -0.197977500641176E+001 -0.107536384819057E+002 -0.102524014770128E+003
  0.612383618534577E-040  0.208636824772439E+003 -0.123031169519241E+002  0.524563673177954E+002 -0.102518669766883E+001  0.101884383073038E+001 -0.107536384819057E+002 -0.102495216143568E+003
  0.662108723650241E-040  0.208480683044910E+003  0.101247585785146E+002  0.412967952350091E+002 -0.676833151623678E+000 -0.144217918739995E+001 -0.107536384819057E+002 -0.102417145279803E+003
  0.750424059524922E-040  0.208230265681167E+003  0.927156207739648E+001  0.437533128895381E+002 -0.830542765132619E+000 -0.170993414007972E+001 -0.107536384819057E+002 -0.102291936597932E+003
  0.763601997769966E-040  0.208195449183856E+003  0.145819732933715E+002  0.444746367600891E+002 -0.105093939462228E+001 -0.178263742525081E+001 -0.107536384819057E+002 -0.102274528349276E+003
  0.901513552206927E-040  0.207863392449090E+003 -0.154975219314814E+002  0.972546071700127E+002 -0.186792349590682E+001 -0.212217566090545E+001 -0.107536384819057E+002 -0.102108499981893E+003
  0.915476190318499E-040  0.207832653887100E+003 -0.109832113892440E+002  0.590297945546126E+002 -0.128504544975750E+001 -0.361748108331946E+001 -0.107536384819057E+002 -0.102093130700898E+003
  0.973360877683596E-040  0.207710032789689E+003  0.451978255153846E+001  0.640343392476627E+002 -0.196320814536472E+001 -0.211705108154759E+001 -0.107536384819057E+002 -0.102031820152193E+003
  0.996603015977053E-040  0.207662837575838E+003 -0.675476178907609E+001  0.576840390721926E+002 -0.194789835622392E+001 -0.257315481669856E+001 -0.107536384819057E+002 -0.102008222545267E+003
  0.104118554318504E-039  0.207575312023534E+003  0.916612132704962E+001  0.502841343175765E+002 -0.140843236198405E+001 -0.147804541725857E+001 -0.107536384819057E+002 -0.101964459769115E+003
  0.116056520685068E-039  0.207358217774618E+003  0.791170770257345E+000  0.440779197873404E+002 -0.106830103021904E+001 -0.189215444497082E+001 -0.107536384819057E+002 -0.101855912644657E+003
  0.136894745534405E-039  0.207027947714511E+003 -0.314109640907122E+001  0.628532497460582E+002 -0.189902879918795E+001 -0.218700184198743E+001 -0.107536384819057E+002 -0.101690777614604E+003
  0.147916016536773E-039  0.206873083100333E+003 -0.412931138816467E+001  0.829903827726264E+002 -0.154265970032280E+001  0.339469708386447E+001 -0.107536384819057E+002 -0.101613345307515E+003
  0.155782660372217E-039  0.206769448747872E+003 -0.190831940962267E+002  0.767966173868666E+002 -0.185747947974495E+001 -0.188208590590911E+001 -0.107536384819057E+002 -0.101561528131284E+003
  0.156953732028977E-039  0.206754470291142E+003  0.155215879491429E+000  0.432992830144159E+002 -0.119049795215098E+001 -0.428628372001113E+001 -0.107536384819057E+002 -0.101554038902919E+003
  0.157073619931540E-039  0.206752943189663E+003 -0.833618274540241E+001  0.469014786345181E+002 -0.123356401906169E+001  0.354447285787649E+001 -0.107536384819057E+002 -0.101553275352180E+003
  0.175734012785252E-039  0.206528429292282E+003  0.328665307740020E+001  0.572343890497145E+002 -0.141697223213959E+001 -0.292610595201213E+001 -0.107536384819057E+002 -0.101441018403489E+003
  0.202362026343941E-039  0.206246255808202E+003  0.693088051523267E+001  0.726316200863409E+002 -0.145837309562729E+001  0.286353578606286E+001 -0.107536384819057E+002 -0.101299931661449E+003
  0.224403596235714E-039  0.206039480015016E+003 -0.176704536980573E+002  0.692675983392595E+002 -0.158084091614744E+001  0.396880745642975E+001 -0.107536384819057E+002 -0.101196543764856E+003
  0.232917701798595E-039  0.205965002054054E+003 -0.339099400522202E+001  0.446293683150887E+002 -0.885310278878638E+000 -0.922956007018961E+000 -0.107536384819057E+002 -0.101159304784375E+003
  0.246917727763340E-039  0.205848262023740E+003  0.123806448539510E+002  0.913420280070143E+002 -0.145139274871167E+001 -0.121816922428598E+001 -0.107536384819057E+002 -0.101100934769218E+003
  0.247811320138353E-039  0.205841037112645E+003  0.183360292069018E+002  0.498635507858231E+002 -0.150637069130228E+001 -0.246674884720629E+001 -0.107536384819057E+002 -0.101097322313671E+003
  0.249038341214547E-039  0.205831158683284E+003 -0.784222830591208E+001  0.539808451779922E+002 -0.138574784630167E+001 -0.254236931744596E+001 -0.107536384819057E+002 -0.101092383098990E+003
  0.262216411125400E-039  0.205728032095117E+003 -0.553596506928458E+001  0.524995281046205E+002 -0.182454408451265E+001 -0.319636541815455E+001 -0.107536384819057E+002 -0.101040819804907E+003
  0.287882969941770E-039  0.205541264327703E+003  0.344421549382933E+001  0.500563701375321E+002 -0.125719794979313E+001 -0.649483887119051E+000 -0.107536384819057E+002 -0.100947435921200E+003
  0.296520979828709E-039  0.205482136465648E+003 -0.170430148620188E+002  0.495921977972172E+002 -0.135253369157355E+001  0.402606807124149E+001 -0.107536384819057E+002 -0.100917871990172E+003
  0.328146442861129E-039  0.205279452452303E+003 -0.599055443028638E+001  0.438464931157795E+002 -0.119854561072717E+001 -0.407768650957010E+001 -0.107536384819057E+002 -0.100816529983500E+003
  0.329164722513282E-039  0.205273255810466E+003 -0.252179325935723E+001  0.892373458889024E+002 -0.152069801024683E+001 -0.142930082129102E+001 -0.107536384819057E+002 -0.100813431662581E+003
  0.346683117286428E-039  0.205169550101964E+003 -0.803152265265531E+001  0.777002472012880E+002 -0.138208403840025E+001  0.231326440347581E+001 -0.107536384819057E+002 -0.100761578808330E+003
  0.373286245552269E-039  0.205021681334706E+003  0.775998881036395E+001  0.820055077056980E+002 -0.177494269703613E+001 -0.188446453683124E+001 -0.107536384819057E+002 -0.100687644424701E+003
  0.380404287301801E-039  0.204983903211834E+003 -0.178037682596718E+002  0.761332198199397E+002 -0.171085014745508E+001 -0.179440150400360E+001 -0.107536384819057E+002 -0.100668755363265E+003
  0.401429919030655E-039  0.204876306473503E+003  0.190081540821394E+002  0.843762145319043E+002 -0.180580663907292E+001 -0.193204209460243E+001 -0.107536384819057E+002 -0.100614956994100E+003
  0.408607536616228E-039  0.204840862159694E+003 -0.920689273648795E+001  0.454623175513061E+002 -0.991644060733812E+000 -0.327765240455682E+001 -0.107536384819057E+002 -0.100597234837195E+003
  0.413233833297152E-039  0.204818345183952E+003  0.656928019587617E+000  0.684025355327648E+002 -0.166176049883960E+001  0.485197573700910E+001 -0.107536384819057E+002 -0.100585976349325E+003
  0.417355367087909E-039  0.204798496297799E+003 -0.191309991228688E+002  0.435236299796333E+002 -0.674448042224764E+000 -0.312971842409874E+001 -0.107536384819057E+002 -0.100576051906248E+003
  0.421384690197842E-039  0.204779280074262E+003 -0.123477707602906E+002  0.664984001072710E+002 -0.153629694401407E+001  0.370610487436808E+001 -0.107536384819057E+002 -0.100566443794480E+003
  0.426845694273378E-039  0.204753527261682E+003 -0.176736212784426E+002  0.454063957613708E+002 -0.940796125251235E+000 -0.212943283748675E+001 -0.107536384819057E+002 -0.100553567388189E+003
  0.444923123953262E-039  0.204670569389906E+003  0.812622151235615E+000  0.596346837163576E+002 -0.150191613964572E+001  0.382926935090225E+001 -0.107536384819057E+002 -0.100512088452301E+003
  0.475582376618962E-039  0.204537292195905E+003  0.654399070942497E+001  0.591957969453585E+002 -0.124400453907886E+001 -0.389811407374326E+000 -0.107536384819057E+002 -0.100445449855301E+003
  0.495919931932523E-039  0.204453543441791E+003 -0.116566783736556E+002  0.722533838163895E+002 -0.151698102142010E+001 -0.138750931944744E+001 -0.107536384819057E+002 -0.100403575478244E+003
  0.497136365800108E-039  0.204448643681409E+003  0.193369975817904E+002  0.964620953703402E+002 -0.163693252381525E+001  0.427752594480460E+001 -0.107536384819057E+002 -0.100401125598053E+003
  0.527102373362482E-039  0.204331582841007E+003  0.750885718627649E+001  0.797315963342883E+002 -0.133732476261908E+001 -0.435943792085482E+001 -0.107536384819057E+002 -0.100342595177852E+003
  0.529862760651399E-039  0.204321136352373E+003 -0.161022902751566E+002  0.423517295294656E+002 -0.495538078631173E+000 -0.469398100153125E+001 -0.107536384819057E+002 -0.100337371933535E+003
  0.533242047192803E-039  0.204308421527275E+003 -0.110533408206387E+002  0.437542227197505E+002 -0.751478395239302E+000 -0.162403866135641E+001 -0.107536384819057E+002 -0.100331014520986E+003
  0.553501633187382E-039  0.204233843008470E+003  0.104456196572478E+002  0.774141437154064E+002 -0.132583729109418E+001 -0.699017723160971E+000 -0.107536384819057E+002 -0.100293725261583E+003
  0.574175565911974E-039  0.204160501987046E+003  0.944580369185560E+001  0.733745488772269E+002 -0.178534273648049E+001 -0.191207837508061E+001 -0.107536384819057E+002 -0.100257054750872E+003
  0.617668808945430E-039  0.204014467602163E+003  0.812363447360194E+001  0.456875750390579E+002 -0.999560595130388E+000  0.132274252716953E+001 -0.107536384819057E+002 -0.100184037558430E+003
  0.661669033690483E-039  0.203876841450443E+003 -0.116473162326408E+002  0.449541679698414E+002 -0.843966183133783E+000 -0.148124879341874E+001 -0.107536384819057E+002 -0.100115224482570E+003
  0.737434657606455E-039  0.203660017445202E+003  0.249251783196552E+000  0.446388182085870E+002 -0.831737939740194E+000 -0.990436210899932E+000 -0.107536384819057E+002 -0.100006812479949E+003
  0.763483442280792E-039  0.203590589538421E+003  0.116052647586456E+002  0.498444135308437E+002 -0.127223253888084E+001 -0.788766098074881E+000 -0.107536384819057E+002 -0.999720985265591E+002
  0.789573214556880E-039  0.203523387284581E+003  0.821257547118376E+001  0.451944977948827E+002 -0.790149670973795E+000 -0.428428040253531E+001 -0.107536384819057E+002 -0.999384973996389E+002
  0.814028020651096E-039  0.203462382836439E+003  0.174092065308702E+002  0.438452637197986E+002 -0.652196002637205E+000 -0.362768844277996E+001 -0.107536384819057E+002 -0.999079951755681E+002
  0.876172106350005E-039  0.203315247333918E+003 -0.170938092640853E+002  0.480259454010994E+002 -0.123432182059920E+001  0.342731199935732E+001 -0.107536384819057E+002 -0.998344274243074E+002
  0.894593504900669E-039  0.203273633552801E+003 -0.145335340632260E+002  0.591081835703664E+002 -0.138454408411105E+001 -0.272445771420163E+001 -0.107536384819057E+002 -0.998136205337491E+002
  0.898246070303582E-039  0.203265484311772E+003  0.133176300641563E+001  0.451536173814793E+002 -0.883078899446893E+000 -0.505915962465648E+000 -0.107536384819057E+002 -0.998095459132344E+002
  0.943958881573318E-039  0.203166207198985E+003  0.144737288304910E+002  0.459186355239374E+002 -0.100402785515980E+001 -0.473903076912584E+001 -0.107536384819057E+002 -0.997599073568410E+002
  0.981983760050396E-039  0.203087222872886E+003 -0.101023239451125E+002  0.582922411874709E+002 -0.135882148460227E+001  0.265158528441957E+001 -0.107536384819057E+002 -0.997204151937916E+002
  0.106739455350580E-038  0.202920420491455E+003  0.136012895894616E+002  0.747826990482624E+002 -0.113717440721023E+001  0.552724291482432E+000 -0.107536384819057E+002 -0.996370140030759E+002
  0.117556943490266E-038  0.202727356544799E+003  0.146789202487621E+000  0.624769055074745E+002 -0.117165164182134E+001  0.864606627136588E-002 -0.107536384819057E+002 -0.995404820297481E+002
  0.120297832332321E-038  0.202681261020144E+003 -0.148217828487475E+001  0.605957623063822E+002 -0.198232438653095E+001 -0.255581586828605E+001 -0.107536384819057E+002 -0.995174342674203E+002
  0.126618060837530E-038  0.202578851907722E+003 -0.163326459130977E+002  0.532868400958013E+002 -0.153928695575995E+001 -0.314566295239765E+001 -0.107536384819057E+002 -0.994662297112094E+002
  0.129628800124067E-038  0.202531852263260E+003  0.189229404928354E+002  0.726726028271309E+002 -0.190994941301250E+001 -0.202633538962459E+001 -0.107536384819057E+002 -0.994427298889786E+002
  0.136682299743275E-038  0.202425883722372E+003 -0.493338282820639E+001  0.457694480691907E+002 -0.115472454875598E+001 -0.193972199060342E+001 -0.107536384819057E+002 -0.993897456185346E+002
  0.148278390888197E-038  0.202263019175326E+003 -0.463000330984787E+000  0.410880058166705E+002 -0.787177134503128E+000  0.253490646910622E+000 -0.107536384819057E+002 -0.993083133450113E+002
  0.151160092493644E-038  0.202224523247333E+003 -0.142411805309301E+002  0.806300479349475E+002 -0.178128987145762E+001 -0.193029518233330E+001 -0.107536384819057E+002 -0.992890653810150E+002
  0.155266742631054E-038  0.202170913112014E+003 -0.473029743467427E+001  0.738984588612209E+002 -0.162326056803788E+001 -0.168085266401204E+001 -0.107536384819057E+002 -0.992622603133553E+002
  0.193968309682949E-038  0.201725812640940E+003 -0.936341387640198E+001  0.408510102653203E+002 -0.525656425128086E+000 -0.200293166045221E+001 -0.107536384819057E+002 -0.990397100778182E+002
  0.217920270727442E-038  0.201492943697509E+003 -0.143645293223690E+002  0.461524892157314E+002 -0.873408921720501E+000 -0.425642604866442E+001 -0.107536384819057E+002 -0.989232756061031E+002
  0.224570220936746E-038  0.201432825335258E+003  0.157062282057538E+002  0.836245624873706E+002 -0.198072784980175E+001 -0.203103019577668E+001 -0.107536384819057E+002 -0.988932164249771E+002
  0.292808991900454E-038  0.200902161244764E+003  0.135975563077213E+002  0.444791562279419E+002 -0.638942098885957E+000 -0.389157112371782E+001 -0.107536384819057E+002 -0.986278843797302E+002
  0.332919778514661E-038  0.200645399116887E+003  0.949418933310795E+001  0.706836505230754E+002 -0.154822146009732E+001  0.376627030380720E+001 -0.107536384819057E+002 -0.984995033157917E+002
  0.342424136001820E-038  0.200589101963195E+003  0.136892739738770E+002  0.730366039803002E+002 -0.155401913806066E+001  0.374897946046393E+001 -0.107536384819057E+002 -0.984713547389456E+002
  0.354474593969082E-038  0.200519928875720E+003  0.465979179279002E+001  0.465995722667026E+002 -0.971154590027322E+000 -0.265790346614891E+000 -0.107536384819057E+002 -0.984367681952085E+002
  0.379407037735164E-038  0.200383983014133E+003  0.128307090148152E+002  0.565335168527809E+002 -0.133706659092514E+001  0.269234956102487E+001 -0.107536384819057E+002 -0.983687952644149E+002
  0.419726647562093E-038  0.200181994907576E+003  0.244751802575782E+001  0.626969932749966E+002 -0.175717672045467E+001 -0.481177074805162E+001 -0.107536384819057E+002 -0.982678012111366E+002
  0.439019719264954E-038  0.200092113566749E+003 -0.191870428070959E+002  0.464340142065631E+002 -0.842079753660599E+000 -0.463678192526542E+001 -0.107536384819057E+002 -0.982228605407230E+002
  0.451885386224891E-038  0.200034345073322E+003  0.440683101386321E+001  0.452041889549473E+002 -0.117801114853662E+001 -0.369960633739805E+001 -0.107536384819057E+002 -0.981939762940095E+002
  0.469659475719315E-038  0.199957186403347E+003 -0.925002790933937E+001  0.456363903714528E+002 -0.118588561098978E+001 -0.343794376735521E+001 -0.107536384819057E+002 -0.981553969590217E+002
  0.479990462113151E-038  0.199913669761866E+003  0.530388163799216E+001  0.497884768968117E+002 -0.128222214563741E+001  0.373143738404423E+001 -0.107536384819057E+002 -0.981336386382815E+002
  0.537942153316982E-038  0.199685700162749E+003  0.466252837197252E+001  0.454883954299874E+002 -0.762765058411079E+000 -0.225339067349244E+001 -0.107536384819057E+002 -0.980196538387231E+002
  0.540359576996937E-038  0.199676732625512E+003 -0.177365525122884E+002  0.571188147282259E+002 -0.148649460823430E+001 -0.161354163913165E+001 -0.107536384819057E+002 -0.980151700701043E+002
  0.550403070688014E-038  0.199639900496850E+003 -0.162598431931430E+002  0.550074033324163E+002 -0.159870226852428E+001 -0.220562454244107E+001 -0.107536384819057E+002 -0.979967540057732E+002
  0.610823334652815E-038  0.199431586675998E+003  0.150949228738186E+002  0.565450306816771E+002 -0.197167808385067E+001 -0.321802218006858E+001 -0.107536384819057E+002 -0.978925970953473E+002
  0.624573644877115E-038  0.199387063730566E+003  0.110045713587433E+002  0.550200687397941E+002 -0.135664204035355E+001  0.312368324366298E+001 -0.107536384819057E+002 -0.978703356226312E+002
  0.661618502162168E-038  0.199271824009877E+003  0.116966294152627E+002  0.943222567968278E+002 -0.125554259161937E+001 -0.438551979423448E+000 -0.107536384819057E+002 -0.978127157622867E+002
  0.667717401110032E-038  0.199253472164491E+003 -0.396514318154863E+001  0.469598681257812E+002 -0.959290286917110E+000 -0.182855656335688E+001 -0.107536384819057E+002 -0.978035398395941E+002
  0.786343224541532E-038  0.198926415488960E+003  0.183814696167578E+002  0.464752832807784E+002 -0.842078477780983E+000 -0.220676961985571E+001 -0.107536384819057E+002 -0.976400115018282E+002
  0.804867965003412E-038  0.198879845737407E+003 -0.189971615137867E+002  0.470788816983617E+002 -0.961945934568114E+000 -0.261665075033388E+001 -0.107536384819057E+002 -0.976167266260517E+002
  0.837116655084823E-038  0.198801275360802E+003  0.118335201386443E+002  0.810904877670232E+002 -0.185990497724330E+001 -0.205839100802551E+001 -0.107536384819057E+002 -0.975774414377492E+002
  0.840423570022595E-038  0.198793390198534E+003 -0.163972950679313E+001  0.568538896772911E+002 -0.179076493124302E+001 -0.436280572606385E+001 -0.107536384819057E+002 -0.975734988566155E+002
  0.101415222746022E-037  0.198417585630912E+003  0.130714406173066E+001  0.720869893538155E+002 -0.141843844996549E+001 -0.111024414995147E+001 -0.107536384819057E+002 -0.973855965728046E+002
  0.102684852189807E-037  0.198392702821415E+003 -0.150392106275200E+002  0.467317082419700E+002 -0.862469939970673E+000 -0.194075441768150E+001 -0.107536384819057E+002 -0.973731551680560E+002
  0.129687669520829E-037  0.197925774006946E+003 -0.182677487244215E+002  0.825653261665379E+002 -0.159117669180858E+001 -0.164788502427637E+001 -0.107536384819057E+002 -0.971396907608216E+002
  0.149778238678337E-037  0.197637720459371E+003 -0.169965888177462E+001  0.478352902539823E+002 -0.113525603842205E+001  0.492576753009954E+001 -0.107536384819057E+002 -0.969956639870338E+002
  0.158591237657870E-037  0.197523371922861E+003 -0.940893790016629E+001  0.570299145227843E+002 -0.151827774722135E+001  0.486527817498049E+001 -0.107536384819057E+002 -0.969384897187787E+002
  0.159803084010471E-037  0.197508147377421E+003 -0.162190475005225E+002  0.474671233188304E+002 -0.103432903225711E+001 -0.201255699476343E+001 -0.107536384819057E+002 -0.969308774460590E+002
  0.166007091978738E-037  0.197431971021677E+003 -0.999380412309376E+001  0.475137501691230E+002 -0.991389348015403E+000 -0.325976963629754E+000 -0.107536384819057E+002 -0.968927892681869E+002
  0.166368679777083E-037  0.197427619465737E+003  0.169265631116440E+002  0.464946274454199E+002 -0.837354951615004E+000 -0.116409887849380E+001 -0.107536384819057E+002 -0.968906134902168E+002
  0.166938244528055E-037  0.197420784140530E+003 -0.294379668439575E-001  0.997811063681261E+002 -0.133011197498857E+001  0.212992796127830E+001 -0.107536384819057E+002 -0.968871958276132E+002
  0.189476220552919E-037  0.197167504979213E+003 -0.949108512355042E+001  0.459882339292321E+002 -0.113572793452821E+001 -0.360243456519428E+001 -0.107536384819057E+002 -0.967605562469547E+002
  0.286787305425296E-037  0.196338550352226E+003  0.889727595808353E+000  0.421200657924464E+002 -0.346313820821336E+000 -0.443268058695642E+001 -0.107536384819057E+002 -0.963460789334613E+002
  0.289707588998751E-037  0.196318287841106E+003  0.140860010926225E+002  0.456448109549630E+002 -0.605471195256843E+000 -0.464095003804481E+001 -0.107536384819057E+002 -0.963359476779016E+002
  0.291576222133998E-037  0.196305429133973E+003 -0.558710638305777E+001  0.517432777161784E+002 -0.137422012635791E+001  0.485587188736687E+001 -0.107536384819057E+002 -0.963295183243350E+002
  0.355421729971576E-037  0.195909421929799E+003  0.453371775301374E+001  0.452709039485859E+002 -0.721560873875489E+000 -0.143424977742963E+001 -0.107536384819057E+002 -0.961315147222481E+002
  0.370710668199373E-037  0.195825188265556E+003  0.382722908419093E+001  0.545427119791295E+002 -0.142417441723396E+001  0.440234461593892E+001 -0.107536384819057E+002 -0.960893978901263E+002
  0.393705956319303E-037  0.195704823388259E+003 -0.234035968668761E+001  0.476801130819298E+002 -0.107933288481829E+001 -0.273319797644412E+001 -0.107536384819057E+002 -0.960292154514778E+002
  0.510059895360885E-037  0.195186975720679E+003 -0.335285374191515E+001  0.422248594544143E+002 -0.298866319136622E+000 -0.498340316919734E+001 -0.107536384819057E+002 -0.957702916176876E+002
  0.516402031778158E-037  0.195162260855153E+003 -0.725581493912628E-001  0.764726107276280E+002 -0.163683004468354E+001 -0.453773245978296E+001 -0.107536384819057E+002 -0.957579341849250E+002
  0.549990758763157E-037  0.195036229090419E+003 -0.378336540160185E+001  0.803625106744140E+002 -0.163313990712424E+001  0.447658566778435E+001 -0.107536384819057E+002 -0.956949183025578E+002
  0.563561715158020E-037  0.194987478344862E+003  0.867201918421489E+001  0.449799282582412E+002 -0.541315245656929E+000 -0.415351933898133E+001 -0.107536384819057E+002 -0.956705429297793E+002
  0.566945687701574E-037  0.194975505021585E+003 -0.134803791845733E+002  0.497960163088342E+002 -0.109533987063627E+001  0.162329375409336E+001 -0.107536384819057E+002 -0.956645562681408E+002
  0.567333017478973E-037  0.194974139114632E+003  0.140596391622747E+002  0.880871749474578E+002 -0.178204750741176E+001 -0.208238782652574E+001 -0.107536384819057E+002 -0.956638733146644E+002
  0.612663601427368E-037  0.194820400019844E+003 -0.881565985760808E+000  0.482398227962652E+002 -0.955506698234654E+000 -0.423860542395687E+001 -0.107536384819057E+002 -0.955870037672703E+002
  0.632202197604012E-037  0.194757613490298E+003  0.184069683402336E+002  0.525673815446973E+002 -0.121422953084795E+001 -0.413684158669847E+000 -0.107536384819057E+002 -0.955556105024974E+002
  0.633841869351964E-037  0.194752433030289E+003  0.137029426159001E+002  0.442436979740351E+002 -0.447448206935653E+000 -0.483215081378865E+001 -0.107536384819057E+002 -0.955530202724927E+002
  0.636963246525360E-037  0.194742608129802E+003  0.117491948955626E+002  0.474695877758503E+002 -0.102338771499836E+001  0.282343873717635E+000 -0.107536384819057E+002 -0.955481078222492E+002
  0.678480406385309E-037  0.194616320840057E+003  0.578870970022518E+000  0.594957113378690E+002 -0.172864151908463E+001 -0.429210873828234E+001 -0.107536384819057E+002 -0.954849641773768E+002
  0.718070091351169E-037  0.194502897672992E+003 -0.428066324115949E+001  0.819238849365796E+002 -0.193416537281566E+001 -0.218367642798963E+001 -0.107536384819057E+002 -0.954282525938444E+002
  0.733532126254752E-037  0.194460289251694E+003 -0.925092020316003E+001  0.459072929614351E+002 -0.576308306389047E+000 -0.483459466347195E+001 -0.107536384819057E+002 -0.954069483831955E+002
  0.735154160444917E-037  0.194455871603448E+003  0.448306576670593E+001  0.525681173526273E+002 -0.136500749788326E+001 -0.138810783411651E+001 -0.107536384819057E+002 -0.954047395590724E+002
  0.778256313526889E-037  0.194341920198582E+003  0.120847637191347E+002  0.484013265914947E+002 -0.982124136390157E+000 -0.325634096293916E+001 -0.107536384819057E+002 -0.953477638566392E+002
  0.806753605982400E-037  0.194269995440719E+003  0.111400518566557E+002  0.999786036628581E+002 -0.151584751960012E+001 -0.380984202517837E+001 -0.107536384819057E+002 -0.953118014777079E+002
  0.819841542409006E-037  0.194237809880851E+003 -0.550908434586406E+001  0.803819959141580E+002 -0.146272065308646E+001  0.300276606960945E+001 -0.107536384819057E+002 -0.952957086977741E+002
  0.844095744526251E-037  0.194179500183004E+003  0.922610581424838E+001  0.552027270612897E+002 -0.177963413061786E+001 -0.351068720204043E+001 -0.107536384819057E+002 -0.952665538488506E+002
  0.858071688228850E-037  0.194146656744668E+003 -0.172156607746334E+002  0.879362430533468E+002 -0.159089331419538E+001  0.403944287076551E+001 -0.107536384819057E+002 -0.952501321296824E+002
  0.898988202642970E-037  0.194053492218832E+003  0.161808738416785E+002  0.485018324190937E+002 -0.101416718143007E+001  0.237409184866636E+001 -0.107536384819057E+002 -0.952035498667641E+002
  0.899069819514448E-037  0.194053310652118E+003 -0.912751450281234E+001  0.554733229457133E+002 -0.170869517734615E+001 -0.287100176775025E+001 -0.107536384819057E+002 -0.952034590834073E+002
  0.947999357496938E-037  0.193947324393074E+003  0.698916256942427E+001  0.440035192735817E+002 -0.543139145692063E+000 -0.268054322002735E+001 -0.107536384819057E+002 -0.951504659538854E+002
  0.986012727034923E-037  0.193868693517567E+003  0.188324303766523E+002  0.475359721220005E+002 -0.858503200488959E+000 -0.736616060035401E+000 -0.107536384819057E+002 -0.951111505161317E+002
  0.107025949528646E-036  0.193704719208067E+003 -0.102648294038048E+002  0.520434252816596E+002 -0.124003120097564E+001  0.289132060477565E+001 -0.107536384819057E+002 -0.950291633613821E+002
  0.157385451874171E-036  0.192933466048155E+003 -0.266579641249353E+001  0.482056133546198E+002 -0.110924292262707E+001 -0.342524368632438E+001 -0.107536384819057E+002 -0.946435367814259E+002
  0.157510719222789E-036  0.192931874827089E+003  0.134616599623078E+002  0.496167480937786E+002 -0.111444600526593E+001  0.254009245565275E+001 -0.107536384819057E+002 -0.946427411708931E+002
  0.172327249552574E-036  0.192752071290475E+003  0.101616653650891E+001  0.504331550533609E+002 -0.115461764007391E+001  0.255563615454975E+001 -0.107536384819057E+002 -0.945528394025860E+002
  0.183490063044038E-036  0.192626540828744E+003 -0.911051356492782E+001  0.477214581009510E+002 -0.769894928110321E+000 -0.274758775379539E+001 -0.107536384819057E+002 -0.944900741717205E+002
  0.187876566386306E-036  0.192579291485256E+003 -0.180426610510888E+001  0.634140171146701E+002 -0.164411295507637E+001 -0.206376709056937E+001 -0.107536384819057E+002 -0.944664494999764E+002
  0.219666715631456E-036  0.192266638918625E+003  0.822107375981805E+000  0.503893351872605E+002 -0.116015655408384E+001  0.284667569438625E+001 -0.107536384819057E+002 -0.943101232166610E+002
  0.222594688436327E-036  0.192240156701934E+003  0.786226174111246E+001  0.482943121333615E+002 -0.819219929472147E+000 -0.273271082375538E+001 -0.107536384819057E+002 -0.942968821083156E+002
  0.230196523677149E-036  0.192172995066388E+003  0.402057941411130E+000  0.733553730244915E+002 -0.113489445262209E+001 -0.116614101041728E+001 -0.107536384819057E+002 -0.942633012905421E+002
  0.270144293057890E-036  0.191852949386143E+003  0.679653654841970E+001  0.404130823151208E+002 -0.278261224468901E+000 -0.312702239057136E+001 -0.107536384819057E+002 -0.941032784504198E+002
  0.318992873617910E-036  0.191520524330545E+003 -0.307980206950941E+001  0.508555264047004E+002 -0.124837247010318E+001  0.467829155350839E+001 -0.107536384819057E+002 -0.939370659226208E+002
  0.319364704862903E-036  0.191518194405753E+003 -0.715031164677413E+001  0.713097990532686E+002 -0.161601691970418E+001  0.472640998830611E+001 -0.107536384819057E+002 -0.939359009602248E+002
  0.322350872265148E-036  0.191499580620684E+003  0.127678223236698E+002  0.492403608949640E+002 -0.996444273347658E+000  0.637935516811417E+000 -0.107536384819057E+002 -0.939265940676906E+002
  0.344981811453679E-036  0.191363878465669E+003 -0.508107125900159E+001  0.580132383286670E+002 -0.169562443868390E+001 -0.258563261096667E+001 -0.107536384819057E+002 -0.938587429901828E+002
  0.360061557969610E-036  0.191278311833719E+003  0.140901820557561E+002  0.664167772129898E+002 -0.189423065417585E+001 -0.251326044825382E+001 -0.107536384819057E+002 -0.938159596742080E+002
  0.368064405565481E-036  0.191234345980146E+003  0.797315344397190E+001  0.499597776658421E+002 -0.105088948677093E+001  0.141792119056546E+001 -0.107536384819057E+002 -0.937939767474211E+002
  0.402003175298611E-036  0.191057941881423E+003  0.746104407380865E+001  0.471195154543367E+002 -0.718951843899950E+000 -0.203767100265831E+001 -0.107536384819057E+002 -0.937057746980597E+002
  0.431750485289557E-036  0.190915166174040E+003 -0.123356636649697E+002  0.905993440634045E+002 -0.782842760166071E-001  0.479982243957002E+000 -0.107536384819057E+002 -0.936343868443682E+002
  0.435754389681793E-036  0.190896704339697E+003 -0.118115625521023E+002  0.559426701084092E+002 -0.169566894276713E+001 -0.294917861309045E+001 -0.107536384819057E+002 -0.936251559271971E+002
  0.481395964671104E-036  0.190697481570449E+003  0.192094583875263E+002  0.505122121534313E+002 -0.113505105980304E+001  0.272181862972584E+001 -0.107536384819057E+002 -0.935255445425727E+002
  0.522974021851885E-036  0.190531798273264E+003 -0.139556040571108E+002  0.452677509268540E+002 -0.728265900736381E+000 -0.550565018890699E+000 -0.107536384819057E+002 -0.934427028939804E+002
  0.554680482348947E-036  0.190414077375136E+003  0.513085620436874E+001  0.613099845497750E+002 -0.172896328736443E+001 -0.430402513136023E+001 -0.107536384819057E+002 -0.933838424449164E+002
  0.574476538911377E-036  0.190343943338002E+003 -0.480881590054506E+001  0.700247975307448E+002 -0.158544020530228E+001 -0.177140133699076E+001 -0.107536384819057E+002 -0.933487754263494E+002
  0.608348374779129E-036  0.190229366450690E+003  0.890990604009306E+001  0.682131133446183E+002 -0.184213848150681E+001 -0.239544168726122E+001 -0.107536384819057E+002 -0.932914869826932E+002
  0.618704075481666E-036  0.190195607676735E+003  0.116013071398186E+002  0.537343786130596E+002 -0.133992593804618E+001  0.424901621918487E+001 -0.107536384819057E+002 -0.932746075957157E+002
  0.623954103797525E-036  0.190178708227988E+003  0.988288938173640E+001  0.495344216752042E+002 -0.920431657263108E+000 -0.379262015920896E+001 -0.107536384819057E+002 -0.932661578713425E+002
  0.684393879446997E-036  0.189993794658042E+003  0.217057685421890E+001  0.598136790012223E+002 -0.107153617615227E+001  0.553255785898524E+000 -0.107536384819057E+002 -0.931737010863694E+002
  0.696620733810461E-036  0.189958379612529E+003  0.294155275704848E+001  0.486234485978732E+002 -0.119226407869739E+001 -0.300423799216229E+001 -0.107536384819057E+002 -0.931559935636127E+002
  0.767490457812844E-036  0.189764609762970E+003  0.824880500935021E+001  0.520111378517240E+002 -0.129539286784974E+001  0.495394683747439E+001 -0.107536384819057E+002 -0.930591086388334E+002
  0.828776571376006E-036  0.189610960650147E+003  0.899434287644012E+001  0.954942607486110E+002 -0.199737444474497E+001 -0.244698362954822E+001 -0.107536384819057E+002 -0.929822840824220E+002
  0.837874712857771E-036  0.189589124692154E+003 -0.623327903632046E+001  0.478876457554279E+002 -0.120476003284880E+001 -0.451733136589574E+001 -0.107536384819057E+002 -0.929713661034252E+002
  0.838753771841121E-036  0.189587027485594E+003  0.363717061045676E+001  0.542206093819211E+002 -0.123402525154951E+001  0.256412117095673E+001 -0.107536384819057E+002 -0.929703175001455E+002
  0.841048248381029E-036  0.189581563798947E+003 -0.491972906292594E+001  0.527104504643249E+002 -0.117916576563752E+001  0.229827836613186E+001 -0.107536384819057E+002 -0.929675856568220E+002
  0.883589320100067E-036  0.189482877086766E+003 -0.126269955196775E+002  0.497551663576790E+002 -0.105843440637308E+001 -0.253231157734314E+001 -0.107536384819057E+002 -0.929182423007313E+002
  0.908205311309488E-036  0.189427920922467E+003 -0.510798891732652E+000  0.697659733625919E+002 -0.177953947365401E+001 -0.226199445875601E+001 -0.107536384819057E+002 -0.928907642185819E+002
  0.103539259152180E-035  0.189165789957589E+003  0.318165328530588E+001  0.509170975970134E+002 -0.109110973429752E+001  0.187972068050389E+001 -0.107536384819057E+002 -0.927596987361428E+002
  0.106464252688357E-035  0.189110073123523E+003 -0.494249266761341E+001  0.496338797591071E+002 -0.866947570135705E+000 -0.344416384940117E+001 -0.107536384819057E+002 -0.927318403191101E+002
  0.112093080879064E-035  0.189007032459281E+003 -0.165418831378802E+002  0.867435510550545E+002 -0.143338328765829E+001  0.284058604661180E+001 -0.107536384819057E+002 -0.926803199869890E+002
  0.122457964683945E-035  0.188830156018796E+003  0.842899411406275E+001  0.560501554661575E+002 -0.160643104694957E+001 -0.309944497422245E+001 -0.107536384819057E+002 -0.925918817667465E+002
  0.137850810962390E-035  0.188593347629344E+003 -0.180413289688064E+002  0.820485185697764E+002 -0.154346867367347E+001  0.378183862846139E+001 -0.107536384819057E+002 -0.924734775720202E+002
  0.149684217512143E-035  0.188428635953262E+003 -0.797488908747427E+001  0.403239138073995E+002 -0.525310107220093E+000 -0.722793683863979E+000 -0.107536384819057E+002 -0.923911217339791E+002
  0.188052837884628E-035  0.187972245718276E+003  0.122191091750737E+002  0.605161098109395E+002 -0.150519317617564E+001 -0.175395474006648E+001 -0.107536384819057E+002 -0.921629266164864E+002
  0.200908946746326E-035  0.187839988061794E+003 -0.770344877166721E+001  0.499577025829265E+002 -0.907646795988640E+000 -0.911349569378834E+000 -0.107536384819057E+002 -0.920967977882453E+002
  0.217018215367678E-035  0.187685729086508E+003 -0.191361768259125E+002  0.495783829876882E+002 -0.807166381720459E+000 -0.292387187821037E+001 -0.107536384819057E+002 -0.920196683006022E+002
  0.228707939543866E-035  0.187580800037310E+003 -0.166680403137841E+002  0.558948648910392E+002 -0.156138471303821E+001 -0.243250786115398E+001 -0.107536384819057E+002 -0.919672037760034E+002
  0.232275837803416E-035  0.187549840427182E+003 -0.177269234879055E+002  0.818508819496556E+002 -0.142130173909408E+001 -0.117820284871615E+001 -0.107536384819057E+002 -0.919517239709392E+002
  0.242846423935568E-035  0.187460833183558E+003 -0.156649941449185E+002  0.561092742063238E+002 -0.126723882714516E+001  0.271192161983590E+001 -0.107536384819057E+002 -0.919072203491272E+002
  0.250097619657252E-035  0.187401989029567E+003  0.260965774319330E+001  0.440147152943217E+002 -0.704307717208430E+000 -0.211786760654694E+000 -0.107536384819057E+002 -0.918777982721319E+002
  0.251127122938174E-035  0.187393773116495E+003  0.385865199600417E+001  0.659119610589722E+002 -0.199859932518077E+001 -0.280742830106248E+001 -0.107536384819057E+002 -0.918736903155959E+002
  0.267772798767251E-035  0.187265413959795E+003  0.158534005900634E+002  0.660866354857609E+002 -0.164994095075792E+001 -0.209347364614354E+001 -0.107536384819057E+002 -0.918095107372459E+002
  0.273510981170607E-035  0.187223008126939E+003  0.727165885277040E+001  0.410875784781709E+002 -0.614916241797177E+000 -0.264743985090115E+000 -0.107536384819057E+002 -0.917883078208178E+002
  0.278806789558758E-035  0.187184653607350E+003  0.469521613122051E+000  0.435121642731022E+002 -0.337089688340324E+000 -0.380187679800104E+001 -0.107536384819057E+002 -0.917691305610232E+002
  0.279622322421031E-035  0.187178811981800E+003  0.167884581746392E+002  0.487297449820500E+002 -0.818004259531968E+000 -0.711032489277064E+000 -0.107536384819057E+002 -0.917662097482483E+002
  0.296789163160432E-035  0.187059647673388E+003  0.443404150622325E+001  0.740128715848409E+002 -0.139890626161794E+001 -0.110591549917384E+001 -0.107536384819057E+002 -0.917066275940423E+002
  0.302296746201675E-035  0.187022873393610E+003 -0.175306159920383E+002  0.519971843107021E+002 -0.110860292935156E+001  0.192431685119095E+001 -0.107536384819057E+002 -0.916882404541532E+002
  0.312103546000118E-035  0.186959021648205E+003 -0.630710481900272E+001  0.406840058731933E+002 -0.141773962878351E+000 -0.404796929512921E+001 -0.107536384819057E+002 -0.916563145814507E+002
  0.334292765210986E-035  0.186821657366945E+003  0.741869777356603E+001  0.498351943444151E+002 -0.118874591125296E+001 -0.260868696898502E+001 -0.107536384819057E+002 -0.915876324408208E+002
  0.334419825530263E-035  0.186820897337464E+003  0.186138799670218E+002  0.508203564388615E+002 -0.108766014078563E+001  0.498797430208075E+001 -0.107536384819057E+002 -0.915872524260803E+002
  0.339026405694095E-035  0.186793535675616E+003 -0.184889370902647E+002  0.826829428163982E+002 -0.156382478573385E+001 -0.407413281108223E+001 -0.107536384819057E+002 -0.915735715951564E+002
  0.344686621227585E-035  0.186760420350178E+003  0.185755874193436E+002  0.501358932288228E+002 -0.106293991613433E+001 -0.233245351921994E+000 -0.107536384819057E+002 -0.915570139324374E+002
  0.384702419266159E-035  0.186540751473222E+003  0.148957429664471E+002  0.471039834636117E+002 -0.657038173743706E+000 -0.187790187582381E+001 -0.107536384819057E+002 -0.914471794939593E+002
  0.387443482613044E-035  0.186526551696446E+003  0.152073989126820E+002  0.536661938610459E+002 -0.113140432190812E+001  0.175127912811102E+001 -0.107536384819057E+002 -0.914400796055714E+002
  0.409156361555181E-035  0.186417496899966E+003 -0.246233027189273E+000  0.511691310967761E+002 -0.109305657857068E+001  0.304353741170329E+001 -0.107536384819057E+002 -0.913855522073314E+002
  0.434753270701691E-035  0.186296134317347E+003 -0.145257363309381E+002  0.451126639880416E+002 -0.509083092549015E+000 -0.252103807404741E+001 -0.107536384819057E+002 -0.913248709160220E+002
  0.458589092675443E-035  0.186189382497756E+003  0.116117535773431E+002  0.504785091693751E+002 -0.847038852667353E+000 -0.416223762652355E+001 -0.107536384819057E+002 -0.912714950062264E+002
  0.460798744421344E-035  0.186179768900920E+003 -0.135706596853408E+002  0.472560486653221E+002 -0.627976697875872E+000 -0.238950658163004E+001 -0.107536384819057E+002 -0.912666882078084E+002
  0.488600948037406E-035  0.186062599471844E+003  0.111536026794480E+002  0.507491134813017E+002 -0.928762025699375E+000 -0.185995431367662E+001 -0.107536384819057E+002 -0.912081034932705E+002
  0.518553286932256E-035  0.185943606082687E+003 -0.138824838648309E+001  0.579519762630688E+002 -0.135005352081399E+001  0.346156709387789E+001 -0.107536384819057E+002 -0.911486067986918E+002
  0.566364554878368E-035  0.185767215748601E+003 -0.593124780907654E+001  0.450219241100481E+002 -0.825531651321662E+000  0.479277913968811E+000 -0.107536384819057E+002 -0.910604116316488E+002
  0.620307150155116E-035  0.185585262152429E+003  0.717593556171462E+001  0.682680604283424E+002 -0.158077961173324E+001  0.483447140845556E+001 -0.107536384819057E+002 -0.909694348335629E+002
  0.683598044320240E-035  0.185390951489349E+003 -0.143006659947538E+002  0.505200704106654E+002 -0.898976144500591E+000 -0.602897577759177E+000 -0.107536384819057E+002 -0.908722795020229E+002
  0.746486272054675E-035  0.185214937215987E+003  0.168959970201792E+002  0.558446910827255E+002 -0.139057921145416E+001  0.495767863043567E+001 -0.107536384819057E+002 -0.907842723653420E+002
  0.752417578881728E-035  0.185199108748318E+003 -0.980685475271108E+001  0.733548629759701E+002 -0.132462708637959E+001  0.223898560194177E+001 -0.107536384819057E+002 -0.907763581315073E+002
  0.797132877220260E-035  0.185083648896865E+003  0.142142812184565E+002  0.606708956150121E+002 -0.138883232510471E+001  0.350685476359017E+001 -0.107536384819057E+002 -0.907186282057807E+002
  0.807980191999288E-035  0.185056616583379E+003 -0.468362564576335E+001  0.600641760149249E+002 -0.198852386844153E+001 -0.399750529707226E+001 -0.107536384819057E+002 -0.907051120490380E+002
  0.880743730881040E-035  0.184884158271589E+003 -0.184317363039327E+002  0.510805271213554E+002 -0.948271839080379E+000 -0.279742034287666E+000 -0.107536384819057E+002 -0.906188828931426E+002
  0.881641144645009E-035  0.184882121454650E+003 -0.132550053323451E+002  0.574799727579824E+002 -0.128523058330103E+001 -0.796818335739880E+000 -0.107536384819057E+002 -0.906178644846735E+002
  0.940761428904536E-035  0.184752312513884E+003  0.926795464322404E+001  0.643605077133804E+002 -0.174449814236789E+001 -0.248864445929928E+001 -0.107536384819057E+002 -0.905529600142905E+002
  0.941547169961622E-035  0.184750642774707E+003 -0.141602081168136E+002  0.499379817031452E+002 -0.736662142049790E+000 -0.348714084473534E+001 -0.107536384819057E+002 -0.905521251447020E+002
  0.987911944750375E-035  0.184654504532057E+003  0.190816233726452E+002  0.630279498947215E+002 -0.156983266753119E+001 -0.197478524831721E+001 -0.107536384819057E+002 -0.905040560233768E+002
  0.113845914817854E-034  0.184370829664685E+003  0.102991468286451E+001  0.808478858311581E+002 -0.150201347735426E+001 -0.366540101789135E+001 -0.107536384819057E+002 -0.903622185896907E+002
  0.122132646229268E-034  0.184230306047600E+003  0.111623964321353E+002  0.508117248963185E+002 -0.836732521687539E+000 -0.257096625675687E+001 -0.107536384819057E+002 -0.902919567811482E+002
  0.122390198075727E-034  0.184226092912546E+003 -0.752165612266596E+001  0.657973681893952E+002 -0.182584382889339E+001 -0.263197787448249E+001 -0.107536384819057E+002 -0.902898502136213E+002
  0.128349320288463E-034  0.184131010261053E+003  0.124273377767160E+002  0.759973934080344E+002 -0.164151025010583E+001 -0.439091930334783E+001 -0.107536384819057E+002 -0.902423088878749E+002
  0.154131063794560E-034  0.183764914875997E+003  0.186688114276549E+002  0.548849039905785E+002 -0.127639381635163E+001  0.374751625125842E+001 -0.107536384819057E+002 -0.900592611953468E+002
  0.182014868422164E-034  0.183432344727393E+003 -0.106585869407121E+002  0.804820737168693E+002 -0.151639828495276E+001  0.369476188742312E+001 -0.107536384819057E+002 -0.898929761210450E+002
  0.189820321906229E-034  0.183348365583026E+003  0.403081293536686E+001  0.514057243489503E+002 -0.865846144228426E+000 -0.346147728191152E+001 -0.107536384819057E+002 -0.898509865488614E+002
  0.191313308363877E-034  0.183332696600017E+003 -0.588731067952239E+001  0.513090263494718E+002 -0.857995813927907E+000 -0.292761232689612E+001 -0.107536384819057E+002 -0.898431520573571E+002
  0.203384235532546E-034  0.183210327532419E+003  0.449309836777736E+001  0.605068933414648E+002 -0.177563266372869E+001 -0.402233391506853E+001 -0.107536384819057E+002 -0.897819675235578E+002
  0.211056318360341E-034  0.183136271465084E+003  0.144878741506150E+002  0.538100948702352E+002 -0.126010363017851E+001  0.460060423015790E+001 -0.107536384819057E+002 -0.897449394898903E+002
  0.229961892111139E-034  0.182964694266683E+003 -0.862198835072181E+000  0.499099755731392E+002 -0.769862948360206E+000 -0.155025640075041E+001 -0.107536384819057E+002 -0.896591508906898E+002
  0.231833949884731E-034  0.182948478719825E+003 -0.115628413496055E+002  0.507281543257948E+002 -0.119632133280769E+001 -0.323528946531635E+001 -0.107536384819057E+002 -0.896510431172607E+002
  0.243725494094859E-034  0.182848436348574E+003  0.140385610941985E+002  0.649952456501463E+002 -0.155721529540406E+001 -0.361056221867431E+001 -0.107536384819057E+002 -0.896010219316352E+002
  0.258240363688099E-034  0.182732739897299E+003 -0.144583844334318E+002  0.411521124802055E+002 -0.594801922911009E+000 -0.235645086646494E+000 -0.107536384819057E+002 -0.895431737059979E+002
  0.262727872497534E-034  0.182698283901791E+003 -0.125722704520024E+002  0.516571861696501E+002 -0.105426253732260E+001 -0.152358566256153E+001 -0.107536384819057E+002 -0.895259457082441E+002
  0.267459417090619E-034  0.182662585798096E+003  0.826223258742592E+001  0.888758256029544E+002 -0.129696233891745E+001 -0.671763943755583E+000 -0.107536384819057E+002 -0.895080966563963E+002
  0.267550723272352E-034  0.182661903147987E+003  0.183972400941717E+002  0.998306140875527E+002 -0.129449573942138E+001  0.206603637681715E+001 -0.107536384819057E+002 -0.895077553313420E+002
  0.277176637075584E-034  0.182591211520268E+003 -0.581582351531818E+001  0.711055722886951E+002 -0.182418562284102E+001 -0.496901623781604E+001 -0.107536384819057E+002 -0.894724095174825E+002
  0.298929270921425E-034  0.182440107497517E+003  0.534263331964735E+001  0.689800810160341E+002 -0.199863351315210E+001 -0.281037748431568E+001 -0.107536384819057E+002 -0.893968575061066E+002
  0.311057657840601E-034  0.182360564904165E+003 -0.449248024054360E+001  0.886177656609722E+002 -0.166984056622299E+001 -0.459311601444508E+001 -0.107536384819057E+002 -0.893570862094306E+002
  0.370195052824702E-034  0.182012461411069E+003 -0.191766840615196E+001  0.549314079105748E+002 -0.129168380943095E+001  0.449309460290552E+001 -0.107536384819057E+002 -0.891830344628826E+002
  0.380175308365546E-034  0.181959256515846E+003 -0.628741730711150E+001  0.699782429878158E+002 -0.112494144204254E+001 -0.102684289380020E+001 -0.107536384819057E+002 -0.891564320152713E+002
  0.392932556202474E-034  0.181893245515276E+003 -0.122113793048316E+002  0.573114359781417E+002 -0.153995294501101E+001 -0.264278012112317E+001 -0.107536384819057E+002 -0.891234265149864E+002
  0.404220298231583E-034  0.181836601440137E+003  0.191271630138315E+002  0.619247626945508E+002 -0.131273738398980E+001  0.271245887011590E+001 -0.107536384819057E+002 -0.890951044774166E+002
  0.416031552495829E-034  0.181778999274666E+003 -0.139544440466279E+002  0.817128679151472E+002 -0.146325390704154E+001 -0.339435759500605E+001 -0.107536384819057E+002 -0.890663033946815E+002
  0.451485983928449E-034  0.181615432826073E+003 -0.653761764248438E+001  0.817703146320593E+002 -0.145853098053175E+001 -0.336159842890427E+001 -0.107536384819057E+002 -0.889845201703849E+002
  0.469707171670552E-034  0.181536302561056E+003  0.283735222899539E+001  0.401808692429758E+002 -0.520163871319027E+000 -0.446125012281375E+000 -0.107536384819057E+002 -0.889449550378764E+002
  0.528465351766692E-034  0.181300566996947E+003 -0.189560274331120E+002  0.439340145795528E+002 -0.222315170083294E+000 -0.449173883917801E+001 -0.107536384819057E+002 -0.888270872558221E+002
  0.562446196708567E-034  0.181175930525712E+003  0.155534444312247E+002  0.508630325336979E+002 -0.755432957190252E+000 -0.251441256356270E+001 -0.107536384819057E+002 -0.887647690202043E+002
  0.572803645249853E-034  0.181139435525048E+003 -0.456083767396295E+001  0.565218499788483E+002 -0.131441591996901E+001  0.403270332915710E+001 -0.107536384819057E+002 -0.887465215198722E+002
  0.609050176051905E-034  0.181016720173716E+003 -0.646726522676671E+001  0.718519646004544E+002 -0.152105364641861E+001  0.412150586771991E+001 -0.107536384819057E+002 -0.886851638442064E+002
  0.669526822292993E-034  0.180827379029128E+003  0.703625373180813E+000  0.431509750590316E+002 -0.164697414892015E+000 -0.452458140785115E+001 -0.107536384819057E+002 -0.885904932719125E+002
  0.697460828572496E-034  0.180745628779396E+003 -0.682763168453372E+001  0.440183602549250E+002 -0.192904307957073E+000 -0.483151306076076E+001 -0.107536384819057E+002 -0.885496181470464E+002
  0.707164905340622E-034  0.180717993713546E+003  0.703333999897142E+001  0.648623946538449E+002 -0.128159746706947E+001 -0.365451795856315E+001 -0.107536384819057E+002 -0.885358006141213E+002
  0.714281399221857E-034  0.180697967481621E+003 -0.176366250452168E+002  0.522295574899007E+002 -0.104854682930550E+001  0.114726504730854E+000 -0.107536384819057E+002 -0.885257874981589E+002
  0.731399695265548E-034  0.180650601305988E+003 -0.935245141982096E+001  0.993208363236609E+002 -0.177161934181344E+001 -0.495580808152175E+001 -0.107536384819057E+002 -0.885021044103424E+002
  0.750041566665358E-034  0.180600264229698E+003 -0.181396186488287E+002  0.893166260171079E+002 -0.133856670664204E+001 -0.874322153270150E+000 -0.107536384819057E+002 -0.884769358721971E+002
  0.873928259610922E-034  0.180294524905205E+003  0.989511036889156E+001  0.880355784850516E+002 -0.172197323610244E+001 -0.479917975316194E+001 -0.107536384819057E+002 -0.883240662099507E+002
  0.101764083004126E-033  0.179990036852843E+003  0.161539969565632E+002  0.610073153830421E+002 -0.127516788762255E+001  0.252209187906362E+001 -0.107536384819057E+002 -0.881718221837700E+002
  0.110468104212438E-033  0.179825897638881E+003 -0.180147280278447E+002  0.590653161805078E+002 -0.131792709366930E+001  0.335253379336298E+001 -0.107536384819057E+002 -0.880897525767889E+002
  0.116802908229888E-033  0.179714375359514E+003 -0.131790860512438E+002  0.564378580603572E+002 -0.129005975588766E+001  0.393811129484661E+001 -0.107536384819057E+002 -0.880339914371055E+002
  0.131274346361602E-033  0.179480772537424E+003  0.118749033966545E+002  0.434720407768338E+002 -0.592777190282826E+000 -0.512480316637090E+000 -0.107536384819057E+002 -0.879171900260603E+002
  0.133293922974792E-033  0.179450238024021E+003  0.407849372045392E+001  0.503057739297436E+002 -0.697756810887588E+000 -0.222353907200787E+001 -0.107536384819057E+002 -0.879019227693590E+002
  0.138939084973796E-033  0.179367280099184E+003 -0.101088267653866E+002  0.663440138411877E+002 -0.136157567852635E+001 -0.106482796472364E+001 -0.107536384819057E+002 -0.878604438069402E+002
  0.144135975613737E-033  0.179293837039891E+003  0.513239786019807E+001  0.518224974243941E+002 -0.108867516381575E+001 -0.132653570870151E+001 -0.107536384819057E+002 -0.878237222772940E+002
  0.161303052537290E-033  0.179068781479044E+003 -0.158636630065945E+002  0.530410704047945E+002 -0.932558116759219E+000 -0.285647629798972E+001 -0.107536384819057E+002 -0.877111944968703E+002
  0.162788828872038E-033  0.179050443633156E+003 -0.123952834670255E+002  0.531102277320367E+002 -0.956909038811224E+000 -0.315754351474492E+001 -0.107536384819057E+002 -0.877020255739262E+002
  0.163695794586699E-033  0.179039331709560E+003 -0.131502316655903E+002  0.427275443281148E+002 -0.601079041052530E+000 -0.313929452765613E+000 -0.107536384819057E+002 -0.876964696121286E+002
  0.170670766171847E-033  0.178955878584897E+003  0.768793869438027E+001  0.546880633807849E+002 -0.121781249412019E+001  0.433396011440001E+001 -0.107536384819057E+002 -0.876547430497971E+002
  0.175906666847631E-033  0.178895444193387E+003  0.906957579407440E+001  0.732981075686106E+002 -0.174532427292925E+001 -0.231940934567473E+001 -0.107536384819057E+002 -0.876245258540419E+002
  0.181871195979311E-033  0.178828753853881E+003  0.176765832049479E+001  0.524460429322148E+002 -0.794624568304242E+000 -0.393438862296582E+001 -0.107536384819057E+002 -0.875911806842888E+002
  0.188099234502369E-033  0.178761411964805E+003  0.695371783502749E+001  0.545708211164543E+002 -0.112537595351515E+001  0.233858788036776E+001 -0.107536384819057E+002 -0.875575097397507E+002
  0.205882793458535E-033  0.178580737211990E+003 -0.163137737063169E+002  0.605439220028019E+002 -0.155093502000597E+001 -0.216885808004579E+001 -0.107536384819057E+002 -0.874671723633434E+002
  0.219626708661867E-033  0.178451492645373E+003 -0.550270598997076E+001  0.528108272935270E+002 -0.861885922420141E+000 -0.227504678276144E+001 -0.107536384819057E+002 -0.874025500800351E+002
  0.222139431273368E-033  0.178428740791102E+003  0.503251821088165E+001  0.419438799999214E+002 -0.215540987806162E+000 -0.294188312433343E+001 -0.107536384819057E+002 -0.873911741528996E+002
  0.231138783479257E-033  0.178349314649340E+003  0.168122829276465E+002  0.524100880830904E+002 -0.118411529546131E+001 -0.488743428631670E+001 -0.107536384819057E+002 -0.873514610820185E+002
  0.249493128679697E-033  0.178196488549239E+003  0.112442773404117E+002  0.534312546637949E+002 -0.100348877100861E+001 -0.465659869947008E+001 -0.107536384819057E+002 -0.872750480319678E+002
  0.249899875860827E-033  0.178193230615969E+003 -0.832295873012967E-002  0.738262914962240E+002 -0.191203506710612E+001 -0.263806585340105E+001 -0.107536384819057E+002 -0.872734190653328E+002
  0.260140670021597E-033  0.178112906251636E+003 -0.607221379084981E+001  0.744149298234073E+002 -0.145269017284753E+001 -0.322140723307518E+001 -0.107536384819057E+002 -0.872332568831666E+002
  0.275505216378299E-033  0.177998138172867E+003  0.705659140121270E+001  0.533215218784251E+002 -0.945323151987494E+000 -0.548411907797270E+000 -0.107536384819057E+002 -0.871758728437819E+002
  0.291379292450310E-033  0.177886099640236E+003  0.160628641770226E+002  0.512789193292308E+002 -0.745537778975705E+000 -0.182070532003365E+001 -0.107536384819057E+002 -0.871198535774666E+002
  0.299638599103073E-033  0.177830197140536E+003 -0.256250413027585E+001  0.518153820640065E+002 -0.789008031903579E+000 -0.153266775383672E+001 -0.107536384819057E+002 -0.870919023276162E+002
  0.327157976574164E-033  0.177654464972085E+003  0.267106212089478E+001  0.515920471172014E+002 -0.117431811571971E+001 -0.369242999395826E+001 -0.107536384819057E+002 -0.870040362433909E+002
  0.331843745824018E-033  0.177626022872100E+003  0.546229071461028E+001  0.601698545150972E+002 -0.132736947210884E+001  0.343304102293731E+001 -0.107536384819057E+002 -0.869898151933982E+002
  0.441455370135139E-033  0.177055197442064E+003 -0.189168310624378E+002  0.528360362943004E+002 -0.765437804031819E+000 -0.418893797308369E+001 -0.107536384819057E+002 -0.867044024783804E+002
  0.447258082711232E-033  0.177029079709647E+003  0.119991767738753E+002  0.718868514506217E+002 -0.173763644774990E+001 -0.236767276866956E+001 -0.107536384819057E+002 -0.866913436121720E+002
  0.453408279961554E-033  0.177001765298455E+003  0.172457139681764E+002  0.575696008174762E+002 -0.139837411615617E+001 -0.174095188947341E+001 -0.107536384819057E+002 -0.866776864065760E+002
  0.492263721582304E-033  0.176837322113417E+003  0.194186434659583E+002  0.453052262601321E+002 -0.213112571117731E+000 -0.480328865881482E+001 -0.107536384819057E+002 -0.865954648140568E+002
  0.499917968897915E-033  0.176806463252623E+003  0.147476563282722E+001  0.494641586263705E+002 -0.593847183477200E+000 -0.253803643025437E+001 -0.107536384819057E+002 -0.865800353836598E+002
  0.504328584196944E-033  0.176788895281311E+003 -0.122392992660932E+002  0.550367755248242E+002 -0.114930361555061E+001  0.312955456166572E+001 -0.107536384819057E+002 -0.865712513980040E+002
  0.508902486012665E-033  0.176770838460832E+003  0.190292290646865E+002  0.562188257192070E+002 -0.111942938583523E+001  0.181594193997908E+001 -0.107536384819057E+002 -0.865622229877642E+002
  0.516201410078303E-033  0.176742357260276E+003 -0.163860274994852E+002  0.458468510511885E+002 -0.544601470343200E+000 -0.131863353346498E+001 -0.107536384819057E+002 -0.865479823874863E+002
  0.559714514020205E-033  0.176580497583447E+003  0.250350491450258E+001  0.607655876904649E+002 -0.141875440026464E+001  0.474568424897277E+001 -0.107536384819057E+002 -0.864670525490718E+002
  0.636659194767266E-033  0.176322882305467E+003 -0.713049919201928E+001  0.708250413255799E+002 -0.174583847093594E+001 -0.243219261306713E+001 -0.107536384819057E+002 -0.863382449100821E+002
  0.643469645214320E-033  0.176301601589061E+003  0.135819213404997E+002  0.739232468796797E+002 -0.156720306821330E+001  0.473992532154890E+001 -0.107536384819057E+002 -0.863276045518787E+002
  0.679326197566192E-033  0.176193148456167E+003  0.177261735273836E+002  0.561330090529132E+002 -0.123856894533065E+001  0.419402980432656E+001 -0.107536384819057E+002 -0.862733779854321E+002
  0.702143594486120E-033  0.176127075430823E+003 -0.172779667009049E+002  0.544585419774535E+002 -0.132732388647933E+001 -0.489840753440652E+001 -0.107536384819057E+002 -0.862403414727599E+002
  0.726059278932288E-033  0.176060087972313E+003 -0.569839186592414E+001  0.642904000034494E+002 -0.195891998890717E+001 -0.439439323613547E+001 -0.107536384819057E+002 -0.862068477435048E+002
  0.782093548257854E-033  0.175911402577502E+003  0.167273028997223E+002  0.518206835367715E+002 -0.666514202422420E+000 -0.348385030467950E+001 -0.107536384819057E+002 -0.861325050460994E+002
  0.803019017179038E-033  0.175858594505479E+003  0.117102716668665E+001  0.519844841765971E+002 -0.623141179908384E+000 -0.495690880805915E+001 -0.107536384819057E+002 -0.861061010100880E+002
  0.845658675296603E-033  0.175755119655941E+003 -0.165442917578546E+002  0.857905295827912E+002 -0.173869262016564E+001 -0.479209416206313E+001 -0.107536384819057E+002 -0.860543635853189E+002
  0.868407369942498E-033  0.175702029448591E+003  0.431145986807136E+001  0.514076867197036E+002 -0.582356974503321E+000 -0.471948983946357E+001 -0.107536384819057E+002 -0.860278184816438E+002
  0.869088561899800E-033  0.175700461233139E+003 -0.165646578958244E+002  0.553077436604299E+002 -0.113653374818559E+001  0.296365503804078E+001 -0.107536384819057E+002 -0.860270343739176E+002
  0.897383278045509E-033  0.175636385178964E+003 -0.162690250991894E+002  0.802501970084787E+002 -0.143550160231158E+001  0.318470871590465E+001 -0.107536384819057E+002 -0.859949963468302E+002
  0.951439691636089E-033  0.175519398693506E+003 -0.139372919459256E+002  0.604226845283949E+002 -0.145539194689423E+001 -0.251248068574460E+001 -0.107536384819057E+002 -0.859365031041015E+002
  0.969735164137099E-033  0.175481305283027E+003 -0.759597396455140E+001  0.663252138547811E+002 -0.194439929498220E+001 -0.466817622469486E+001 -0.107536384819057E+002 -0.859174563988621E+002
  0.104616498196858E-032  0.175329578580670E+003 -0.155870922229002E+002  0.521748481227202E+002 -0.855737066202399E+000 -0.373306906088091E-001 -0.107536384819057E+002 -0.858415930476834E+002
  0.116809719521486E-032  0.175109088548125E+003 -0.158545490806070E+001  0.641330446420249E+002 -0.148681894926670E+001 -0.175274090794296E+001 -0.107536384819057E+002 -0.857313480314110E+002
  0.118548458133289E-032  0.175079537499389E+003 -0.100039434576273E+002  0.489248698732919E+002 -0.764017930010416E+000 -0.755891121650309E-001 -0.107536384819057E+002 -0.857165725070429E+002
  0.118726837891701E-032  0.175076530363037E+003  0.411447680291739E+001  0.574403111403605E+002 -0.129109010084412E+001  0.448695340562510E+001 -0.107536384819057E+002 -0.857150689388670E+002
  0.130052015570222E-032  0.174894312131752E+003 -0.124463233671672E+002  0.909014185423510E+002 -0.134388808241675E+001  0.242471369270977E+001 -0.107536384819057E+002 -0.856239598232242E+002
  0.134707823603562E-032  0.174823964785313E+003  0.114745651735933E+002  0.545771937942406E+002 -0.100970982480644E+001 -0.378765480586146E+001 -0.107536384819057E+002 -0.855887861500051E+002
  0.134886084416235E-032  0.174821319905984E+003  0.194205983602108E+001  0.986721141714008E+002 -0.161051658533800E+001  0.490960822837447E+001 -0.107536384819057E+002 -0.855874637103405E+002
  0.140438960221568E-032  0.174740635217046E+003  0.119550492909224E+002  0.657190179414206E+002 -0.170248542813090E+001 -0.255316675086665E+001 -0.107536384819057E+002 -0.855471213658713E+002
  0.142513701961864E-032  0.174711304813742E+003 -0.549257599778252E+001  0.548303066830830E+002 -0.102631539270610E+001  0.135160573189131E+001 -0.107536384819057E+002 -0.855324561642196E+002
  0.142620990387322E-032  0.174709799722522E+003  0.127769145971144E+002  0.543112922511418E+002 -0.954297767683056E+000  0.299226599989037E+000 -0.107536384819057E+002 -0.855317036186094E+002
  0.156324203940714E-032  0.174526316949941E+003  0.480632937142714E+001  0.818005117635269E+002 -0.158416882941146E+001  0.466230404015540E+001 -0.107536384819057E+002 -0.854399622323188E+002
  0.158356306093025E-032  0.174500485920240E+003 -0.122558490559349E+002  0.536987709294114E+002 -0.756978816538781E+000 -0.458472631087466E+001 -0.107536384819057E+002 -0.854270467174684E+002
  0.160789848520709E-032  0.174469984664828E+003 -0.925848099072086E+001  0.405821083667395E+002 -0.390584320765361E+000 -0.957527253339165E+000 -0.107536384819057E+002 -0.854117960897622E+002
  0.162260855098571E-032  0.174451770598389E+003  0.362362326141209E+001  0.519433103760282E+002 -0.590369747876129E+000 -0.477609170565064E+001 -0.107536384819057E+002 -0.854026890565428E+002
  0.167863812586871E-032  0.174383875089564E+003 -0.161412602836645E+002  0.500656783146392E+002 -0.457271242504794E+000 -0.484644781417059E+001 -0.107536384819057E+002 -0.853687413021305E+002
  0.169170692866193E-032  0.174368364667834E+003  0.485993290440435E+001  0.731177534211457E+002 -0.113250049659537E+001  0.129870535979022E+001 -0.107536384819057E+002 -0.853609860912653E+002
  0.172590687334129E-032  0.174328335468145E+003  0.169413801683258E+002  0.666671643890622E+002 -0.172025973568566E+001 -0.413724404906871E+001 -0.107536384819057E+002 -0.853409714914209E+002
  0.178064920625715E-032  0.174265884699325E+003 -0.428643318569350E+001  0.779032022271837E+002 -0.113650995303069E+001  0.129648922349466E+001 -0.107536384819057E+002 -0.853097461070108E+002
  0.197921972627874E-032  0.174054435361374E+003 -0.255285557657437E+001  0.547134604686797E+002 -0.924290886939004E+000 -0.281873461434535E+001 -0.107536384819057E+002 -0.852040214380356E+002
  0.201862243330897E-032  0.174015010110052E+003  0.526953902923678E+001  0.656055474775928E+002 -0.140564153373782E+001  0.376185562249063E+001 -0.107536384819057E+002 -0.851843088123744E+002
  0.210393952737141E-032  0.173932217634738E+003 -0.112866525635570E+002  0.536288489992485E+002 -0.836644676913917E+000 -0.117681978403777E+001 -0.107536384819057E+002 -0.851429125747172E+002
  0.212901467869923E-032  0.173908522179110E+003 -0.101985820805380E+002  0.465869032726567E+002 -0.681685018049215E+000 -0.221108320241377E+000 -0.107536384819057E+002 -0.851310648469034E+002
  0.224941870844588E-032  0.173798497078103E+003  0.672041703763187E+001  0.919966614035099E+002 -0.139123838983937E+001  0.280556248197396E+001 -0.107536384819057E+002 -0.850760522964001E+002
  0.230651620121342E-032  0.173748364243883E+003  0.379441821548308E+001  0.929803385621586E+002 -0.176293895969650E+001 -0.486422089742723E+001 -0.107536384819057E+002 -0.850509858792900E+002
  0.238314644683997E-032  0.173682997438075E+003 -0.188639419726806E+002  0.555974329732529E+002 -0.110878982579468E+001 -0.234164684252484E+001 -0.107536384819057E+002 -0.850183024763861E+002
  0.246313761798371E-032  0.173616968756759E+003  0.103178348739220E+002  0.633189474923776E+002 -0.172046295307239E+001 -0.285969932419454E+001 -0.107536384819057E+002 -0.849852881357279E+002
  0.273100781780122E-032  0.173410499329971E+003  0.204125816292033E+001  0.556901125681938E+002 -0.108453014614665E+001  0.225571555390014E+001 -0.107536384819057E+002 -0.848820534223337E+002
  0.281167098359516E-032  0.173352282814792E+003  0.524560805357693E+001  0.550564449585447E+002 -0.955105717005455E+000 -0.378345211974763E+001 -0.107536384819057E+002 -0.848529451647446E+002
  0.282206029001178E-032  0.173344906305201E+003 -0.137899968343721E+002  0.550270842076556E+002 -0.967597777793160E+000 -0.399789980322410E+000 -0.107536384819057E+002 -0.848492569099488E+002
  0.283589337548428E-032  0.173335126717843E+003  0.452005143512514E+001  0.880728029033697E+002 -0.151105239214664E+001  0.386311276430311E+001 -0.107536384819057E+002 -0.848443671162697E+002
  0.297617165433027E-032  0.173238565150467E+003  0.598990923851434E+001  0.586880404272321E+002 -0.105553899130641E+001  0.115757922531951E+001 -0.107536384819057E+002 -0.847960863325821E+002
  0.312090208629367E-032  0.173143596559668E+003 -0.122543242531047E+002  0.555090387981714E+002 -0.110867215631455E+001  0.429932254336113E+001 -0.107536384819057E+002 -0.847486020371824E+002
  0.324687853179017E-032  0.173064452574064E+003  0.703494726596209E+001  0.622816755850701E+002 -0.120968439414115E+001 -0.115330186691109E+001 -0.107536384819057E+002 -0.847090300443806E+002
  0.384406294462980E-032  0.172726781008680E+003 -0.232936656995150E+001  0.539797514860175E+002 -0.112983819546700E+001 -0.213738173931043E+001 -0.107536384819057E+002 -0.845401942616884E+002
  0.388428108249108E-032  0.172705964905887E+003 -0.689856672483044E+001  0.524532650094409E+002 -0.584338874349887E+000 -0.482315056730958E+001 -0.107536384819057E+002 -0.845297862102920E+002
  0.393172066538284E-032  0.172681686423367E+003 -0.164258040066234E+002  0.457366581562209E+002 -0.349992844846347E+000 -0.277127584657531E+001 -0.107536384819057E+002 -0.845176469690320E+002
  0.417116542588398E-032  0.172563449789389E+003 -0.645024013868574E+001  0.543337122985782E+002 -0.113635911441525E+001 -0.487913420129215E+001 -0.107536384819057E+002 -0.844585286520429E+002
  0.433338904209992E-032  0.172487140891015E+003 -0.110345439054373E+002  0.560949159019651E+002 -0.109660791135990E+001  0.246641918095598E+001 -0.107536384819057E+002 -0.844203742028560E+002
  0.459174881869358E-032  0.172371318824657E+003  0.160912011835943E+002  0.571753124580683E+002 -0.123339447541605E+001  0.456539942624629E+001 -0.107536384819057E+002 -0.843624631696767E+002
  0.479384705094670E-032  0.172285174277702E+003  0.172097475291366E+002  0.757908873367381E+002 -0.133146842023956E+001  0.248919899902855E+001 -0.107536384819057E+002 -0.843193908961992E+002
  0.482157712706393E-032  0.172273638581520E+003 -0.177849116393146E+001  0.519197869772260E+002 -0.602274940995048E+000 -0.340644052137572E+001 -0.107536384819057E+002 -0.843136230481083E+002
  0.504070611271789E-032  0.172184748392176E+003 -0.351070243547134E+001  0.469021322205507E+002 -0.698047175320158E+000 -0.921129464228745E-001 -0.107536384819057E+002 -0.842691779534363E+002
  0.525716715404002E-032  0.172100656104573E+003  0.542256901837481E+001  0.890739926135144E+002 -0.128808118072783E+001  0.208209559511734E+001 -0.107536384819057E+002 -0.842271318096347E+002
  0.561961264408880E-032  0.171967315266194E+003 -0.183076279688453E+002  0.568428312262491E+002 -0.118039578276409E+001  0.387401360601389E+001 -0.107536384819057E+002 -0.841604613904452E+002
  0.593531270102691E-032  0.171858001311587E+003 -0.191644572788969E+002  0.555601273510318E+002 -0.954315774419140E+000 -0.196298645469597E+001 -0.107536384819057E+002 -0.841058044131420E+002
  0.639655398569135E-032  0.171708321928937E+003  0.250296344094960E+001  0.965610269846477E+002 -0.155828929533693E+001  0.444191168489033E+001 -0.107536384819057E+002 -0.840309647218169E+002
  0.717862797679947E-032  0.171477624189739E+003  0.147793387842655E+002  0.554013039105780E+002 -0.107915535176619E+001 -0.281911981462117E+001 -0.107536384819057E+002 -0.839156158522181E+002
  0.718244049681793E-032  0.171476562285435E+003 -0.839315826055982E+001  0.527459252132337E+002 -0.796481162276034E+000 -0.533397499753797E+000 -0.107536384819057E+002 -0.839150849000657E+002
  0.763424771066736E-032  0.171354551935892E+003  0.178488235546382E+002  0.459059347695315E+002 -0.581567283095175E+000 -0.677483971071310E+000 -0.107536384819057E+002 -0.838540797252942E+002
  0.767663749619747E-032  0.171343477489636E+003 -0.764091540413220E+001  0.710407207623624E+002 -0.147674012928539E+001  0.418574447882660E+001 -0.107536384819057E+002 -0.838485425021662E+002
  0.792516295111794E-032  0.171279754977761E+003 -0.103312702078169E+002  0.631302075787514E+002 -0.157117222587690E+001 -0.314938395419765E+001 -0.107536384819057E+002 -0.838166812462288E+002
  0.804647626557598E-032  0.171249372210947E+003 -0.166513294544715E+002  0.752456025551470E+002 -0.152513158559316E+001 -0.357035037531221E+001 -0.107536384819057E+002 -0.838014898628221E+002
  0.828094225825385E-032  0.171191927217718E+003 -0.887889727737465E+001  0.864727282332134E+002 -0.138708183043503E+001 -0.112977681716737E+001 -0.107536384819057E+002 -0.837727673662075E+002
  0.908447585338726E-032  0.171006706727064E+003  0.250696070695010E+001  0.559254760537378E+002 -0.100971549094053E+001 -0.173365509115312E+001 -0.107536384819057E+002 -0.836801571208805E+002
  0.918796727233954E-032  0.170984051294535E+003 -0.128424599016600E+002  0.843565127474088E+002 -0.119937903635299E+001  0.158132512783585E+001 -0.107536384819057E+002 -0.836688294046160E+002
  0.919655098685529E-032  0.170982183698111E+003 -0.345462009772182E+001  0.556448898801836E+002 -0.927941336441032E+000 -0.749792955297929E+000 -0.107536384819057E+002 -0.836678956064040E+002
  0.958994001567047E-032  0.170898411472190E+003 -0.133498057480430E+002  0.443968502470655E+002 -0.603768860307596E-001 -0.489644606839117E+001 -0.107536384819057E+002 -0.836260094934434E+002
  0.997899437231530E-032  0.170818876098277E+003 -0.770244707614930E+001  0.560373870984564E+002 -0.102011091323735E+001  0.190713428090905E+001 -0.107536384819057E+002 -0.835862418064868E+002
  0.101896504146525E-031  0.170777095660298E+003  0.123880770118251E+002  0.558906414148506E+002 -0.107052721040635E+001 -0.342717714232821E+001 -0.107536384819057E+002 -0.835653515874972E+002
  0.106659867023326E-031  0.170685721009288E+003 -0.336935561367806E+000  0.543565408114413E+002 -0.684742793665060E+000 -0.478558093700878E+001 -0.107536384819057E+002 -0.835196642619926E+002
  0.109453835249697E-031  0.170634005197230E+003 -0.146635716190224E+002  0.795064813513953E+002 -0.140275875333342E+001  0.305088044615584E+001 -0.107536384819057E+002 -0.834938063559632E+002
  0.111063906079154E-031  0.170604799393991E+003 -0.808159727427358E+001  0.653156387565401E+002 -0.169463728739749E+001 -0.378966480091728E+001 -0.107536384819057E+002 -0.834792034543441E+002
  0.113974407665388E-031  0.170553063068106E+003 -0.105616251646458E+001  0.630691809221848E+002 -0.129752485729896E+001 -0.177934823855603E+001 -0.107536384819057E+002 -0.834533352914014E+002
  0.116157502870356E-031  0.170515116819129E+003 -0.182658748964782E+002  0.791890713891639E+002 -0.136406005185380E+001 -0.258956984063529E+001 -0.107536384819057E+002 -0.834343621669129E+002
  0.122723431895822E-031  0.170405144321202E+003  0.115755079814341E+002  0.561454064246324E+002 -0.993013795336613E+000 -0.312923179621872E+001 -0.107536384819057E+002 -0.833793759179494E+002
  0.123975042001187E-031  0.170384850383838E+003  0.727706388288821E+001  0.633574974600173E+002 -0.128202354959917E+001  0.286991936889151E+001 -0.107536384819057E+002 -0.833692289492674E+002
  0.125060067473204E-031  0.170367422602832E+003 -0.114982379970786E+002  0.966561031958923E+002 -0.168342334102400E+001 -0.448297291298544E+001 -0.107536384819057E+002 -0.833605150587644E+002
  0.134245361365073E-031  0.170225672565010E+003  0.183042746376593E+000  0.614409241108887E+002 -0.127417382690525E+001  0.318070720795257E+001 -0.107536384819057E+002 -0.832896400398535E+002
  0.137612199765999E-031  0.170176131760845E+003 -0.664809352340494E+001  0.637804279249503E+002 -0.176815266420488E+001 -0.364534365541506E+001 -0.107536384819057E+002 -0.832648696377709E+002
  0.145095831768239E-031  0.170070222060437E+003 -0.177958193823329E+002  0.548050766990919E+002 -0.780221952780170E+000 -0.240085258169095E+001 -0.107536384819057E+002 -0.832119147875670E+002
  0.146749387320568E-031  0.170047558358740E+003  0.915522701171187E+001  0.644332167503174E+002 -0.154842080065225E+001 -0.314250346119043E+001 -0.107536384819057E+002 -0.832005829367182E+002
  0.149015974637525E-031  0.170016903901101E+003  0.576775755698116E+001  0.755808236701869E+002 -0.126073647505516E+001  0.201634832797028E+001 -0.107536384819057E+002 -0.831852557078991E+002
  0.166357595111637E-031  0.169796731608481E+003 -0.478337788696562E+001  0.899827957186216E+002 -0.162685654336555E+001 -0.422669828363056E+001 -0.107536384819057E+002 -0.830751695615889E+002
  0.172191235241918E-031  0.169727799542189E+003  0.837329071212476E+000  0.777354964608731E+002 -0.153156383272776E+001 -0.362923986550819E+001 -0.107536384819057E+002 -0.830407035284431E+002
  0.179589244445324E-031  0.169643666390337E+003 -0.937402979323643E+000  0.586547209659674E+002 -0.120961344040507E+001  0.347229370133217E+001 -0.107536384819057E+002 -0.829986369525171E+002
  0.184713190294522E-031  0.169587402327459E+003 -0.143498379545615E+002  0.431570037785387E+002 -0.584920633531223E-001 -0.396926324513990E+001 -0.107536384819057E+002 -0.829705049210779E+002
  0.188258213028397E-031  0.169549381938097E+003  0.183892115785893E+002  0.490725028340837E+002 -0.479633675055811E+000 -0.253804296009239E+001 -0.107536384819057E+002 -0.829514947263969E+002
  0.190317814123343E-031  0.169527620164847E+003  0.134771892858270E+002  0.683285341435785E+002 -0.191050250218677E+001 -0.321342140724616E+001 -0.107536384819057E+002 -0.829406138397717E+002
  0.192638655775853E-031  0.169503378557787E+003 -0.605813042806460E-001  0.545617001488331E+002 -0.688515895825447E+000 -0.410353643067605E+001 -0.107536384819057E+002 -0.829284930362417E+002
  0.202956669455618E-031  0.169399025915563E+003 -0.106741649637846E+002  0.701556568121798E+002 -0.184617478803312E+001 -0.456898675761683E+001 -0.107536384819057E+002 -0.828763167151297E+002
  0.206422478398245E-031  0.169365161056872E+003 -0.656548721148607E+001  0.621002407338625E+002 -0.120851667542369E+001  0.229099921345624E+001 -0.107536384819057E+002 -0.828593842857844E+002
  0.211381222384191E-031  0.169317684437284E+003 -0.125521107798790E+002  0.408043106837657E+002 -0.380545393379338E+000 -0.844461203917195E+000 -0.107536384819057E+002 -0.828356459759902E+002
  0.241493098282040E-031  0.169051329137879E+003 -0.593849592104756E+001  0.773052656954005E+002 -0.187727946960290E+001 -0.272122213494024E+001 -0.107536384819057E+002 -0.827024683262881E+002
  0.244402647769576E-031  0.169027376804177E+003 -0.441027692433171E+001  0.574110508495622E+002 -0.113361216789733E+001  0.355227487735891E+001 -0.107536384819057E+002 -0.826904921594369E+002
  0.246953868842752E-031  0.169006607819431E+003 -0.176237222967170E+002  0.499336903645984E+002 -0.346500439653113E+000 -0.494360776804855E+001 -0.107536384819057E+002 -0.826801076670638E+002
  0.253672189806510E-031  0.168952925241813E+003 -0.174803016973377E+002  0.566634156553140E+002 -0.102420668251394E+001 -0.219195674359089E+001 -0.107536384819057E+002 -0.826532663782547E+002
  0.284122820872786E-031  0.168726197701092E+003  0.261307362811462E+001  0.688065026896364E+002 -0.147975964206859E+001  0.468585267185898E+001 -0.107536384819057E+002 -0.825399026078942E+002
  0.310685799082649E-031  0.168547446707861E+003 -0.113724699458491E+001  0.465817329688469E+002 -0.332373757428402E+000 -0.284446739839381E+001 -0.107536384819057E+002 -0.824505271112789E+002
  0.323288169176413E-031  0.168467922745937E+003 -0.104033393083162E+002  0.548375045872002E+002 -0.738407142493027E+000 -0.256390221148575E+001 -0.107536384819057E+002 -0.824107651303169E+002
  0.341362575236202E-031  0.168359120560365E+003  0.129394467249718E+002  0.470123802564729E+002 -0.200313297621236E+000 -0.456943036514794E+001 -0.107536384819057E+002 -0.823563640375309E+002
  0.342153550158055E-031  0.168354491699418E+003 -0.155861949370700E+002  0.665092231048846E+002 -0.194611219503947E+001 -0.405630400162966E+001 -0.107536384819057E+002 -0.823540496070572E+002
  0.353630847745751E-031  0.168288503794047E+003  0.179138954839849E+002  0.549842843817114E+002 -0.111988931499776E+001 -0.311898721934683E+001 -0.107536384819057E+002 -0.823210556543717E+002
  0.363305358390901E-031  0.168234523549491E+003  0.149970706192378E+002  0.574618942144534E+002 -0.111565240199939E+001  0.371212002895381E+001 -0.107536384819057E+002 -0.822940655320937E+002
  0.368170652310866E-031  0.168207917806593E+003 -0.276902120877065E+001  0.556304665210740E+002 -0.857608601799736E+000 -0.706184906281147E+000 -0.107536384819057E+002 -0.822807626606446E+002
  0.412955712572391E-031  0.167978330218703E+003 -0.242584494384455E+001  0.650477633234361E+002 -0.130488981057172E+001 -0.414071279712832E+001 -0.107536384819057E+002 -0.821659688666999E+002
  0.470460028451757E-031  0.167717588926269E+003  0.811320564225682E+001  0.750520729732607E+002 -0.130895272063632E+001  0.244055651161639E+001 -0.107536384819057E+002 -0.820355982204827E+002
  0.571680654278317E-031  0.167327849848648E+003 -0.476392244026636E+001  0.575821663909354E+002 -0.110429158788176E+001  0.462794877935165E+001 -0.107536384819057E+002 -0.818407286816721E+002
  0.612105262819187E-031  0.167191202394578E+003 -0.464901658760483E+001  0.570998136001593E+002 -0.913308042553823E+000 -0.204565637781389E+001 -0.107536384819057E+002 -0.817724049546372E+002
  0.612510839314322E-031  0.167189877647959E+003 -0.180526607999506E+002  0.570566078599904E+002 -0.952699837128432E+000  0.146813042135737E+000 -0.107536384819057E+002 -0.817717425813281E+002
  0.623553785484428E-031  0.167154140875748E+003 -0.158468836871858E+002  0.539016121820310E+002 -0.677510838702186E+000 -0.225523169022130E+001 -0.107536384819057E+002 -0.817538741952223E+002
  0.723745645461389E-031  0.166856130901692E+003 -0.150875157066933E+002  0.454373236302919E+002 -0.749778167452495E-001 -0.474603240958005E+001 -0.107536384819057E+002 -0.816048692081946E+002
  0.731776477223660E-031  0.166834060709472E+003 -0.185551119724961E+002  0.587341682944597E+002 -0.118457441675957E+001  0.412429077677836E+001 -0.107536384819057E+002 -0.815938341120844E+002
  0.750103286846929E-031  0.166784589100475E+003  0.561560344511428E+001  0.591180214898994E+002 -0.109074723461610E+001 -0.180601267228304E+001 -0.107536384819057E+002 -0.815690983075858E+002
  0.774909869212938E-031  0.166719517476562E+003 -0.115929416478946E+002  0.830409137797195E+002 -0.130820068075718E+001 -0.215274758100677E+001 -0.107536384819057E+002 -0.815365624956296E+002
  0.827542279627305E-031  0.166588090527861E+003  0.923210051963969E+001  0.525256397344367E+002 -0.464799304144853E+000 -0.470779152136589E+001 -0.107536384819057E+002 -0.814708490212789E+002
  0.833503313897761E-031  0.166573735570033E+003  0.134068433012121E+002  0.574723245871657E+002 -0.941849134906098E+000 -0.213213568902605E+001 -0.107536384819057E+002 -0.814636715423650E+002
  0.870996173200407E-031  0.166485735759618E+003 -0.953837428105334E+001  0.577467116573738E+002 -0.107038088650172E+001  0.435839741901923E+001 -0.107536384819057E+002 -0.814196716371574E+002
  0.871328816362323E-031  0.166484972083110E+003  0.381205982674217E+001  0.597355060464374E+002 -0.124963525537446E+001  0.461655660643447E+001 -0.107536384819057E+002 -0.814192897989034E+002
  0.957449270747406E-031  0.166296465448746E+003  0.183741020614711E+002  0.586246307628108E+002 -0.110491330625132E+001  0.240653842708548E+001 -0.107536384819057E+002 -0.813250364817215E+002
  0.965214971410388E-031  0.166280309236502E+003  0.242116465759106E+001  0.605136050017901E+002 -0.126222982669047E+001  0.420420050512512E+001 -0.107536384819057E+002 -0.813169583755993E+002
  0.974136550715808E-031  0.166261907946918E+003  0.212764256116772E+001  0.785906354141030E+002 -0.154755558562457E+001 -0.367478825548928E+001 -0.107536384819057E+002 -0.813077577308073E+002
  0.110820796967540E-030  0.166004011830249E+003  0.123319532414217E+002  0.824060748837034E+002 -0.144852067955606E+001 -0.315402969354116E+001 -0.107536384819057E+002 -0.811788096724730E+002
  0.113854403963807E-030  0.165949999792334E+003 -0.979286945502750E+000  0.476782416615277E+002 -0.539459010419071E+000 -0.107751190029363E+001 -0.107536384819057E+002 -0.811518036535154E+002
  0.115333196081985E-030  0.165924190147479E+003  0.141980156635893E+002  0.667283322416651E+002 -0.133530918479903E+001  0.335077476785026E+001 -0.107536384819057E+002 -0.811388988310877E+002
  0.123982616792544E-030  0.165779558002933E+003  0.190877586310942E+002  0.710853079357074E+002 -0.140130484786862E+001  0.364284661775256E+001 -0.107536384819057E+002 -0.810665827588150E+002
  0.134922965327956E-030  0.165610432763438E+003  0.186987302830442E+002  0.502824330481812E+002 -0.600342653365427E+000 -0.122161574453377E+001 -0.107536384819057E+002 -0.809820201390676E+002
  0.138670378564277E-030  0.165555641260721E+003 -0.122932632679586E+002  0.683262420204996E+002 -0.183276126062134E+001 -0.420032312481705E+001 -0.107536384819057E+002 -0.809546243877088E+002
  0.138694076897160E-030  0.165555299496194E+003  0.132332872989183E+002  0.486985317396890E+002 -0.517565070425828E+000 -0.151958899019965E+001 -0.107536384819057E+002 -0.809544535054456E+002
  0.141132729096785E-030  0.165520439162762E+003 -0.721529405517100E+001  0.515253906822568E+002 -0.403387950683774E+000 -0.447624220895951E+001 -0.107536384819057E+002 -0.809370233387296E+002
  0.170175981110919E-030  0.165146174570929E+003 -0.136722577066289E+001  0.568491714525123E+002 -0.108395229524243E+001 -0.646502266044439E+000 -0.107536384819057E+002 -0.807498910428128E+002
  0.171187200578175E-030  0.165134325344306E+003  0.191732500461036E+002  0.872375946800103E+002 -0.167566823728704E+001 -0.221695649737581E+001 -0.107536384819057E+002 -0.807439664295012E+002
  0.176820613529829E-030  0.165069569268634E+003 -0.228247964443723E+001  0.666843456493206E+002 -0.185620019592325E+001 -0.376974970526348E+001 -0.107536384819057E+002 -0.807115883916656E+002
  0.186556338228328E-030  0.164962374189936E+003 -0.950119677101185E+000  0.625842669063396E+002 -0.121840973747521E+001  0.271526120751714E+001 -0.107536384819057E+002 -0.806579908523164E+002
  0.193166852800825E-030  0.164892732064766E+003  0.131476457867978E+002  0.581427359913194E+002 -0.105267250767877E+001 -0.267488495244396E+001 -0.107536384819057E+002 -0.806231697897312E+002
  0.202247772415197E-030  0.164800853656452E+003  0.130342788066187E+002  0.649790858874156E+002 -0.131421858556166E+001  0.349958163064723E+001 -0.107536384819057E+002 -0.805772305855744E+002
  0.223346307630232E-030  0.164602393708383E+003 -0.171198988602352E+002  0.716285482457260E+002 -0.199640214094498E+001 -0.340708371186566E+001 -0.107536384819057E+002 -0.804780006115398E+002
  0.232384007547810E-030  0.164523058323632E+003  0.875617024524208E+001  0.662220678012426E+002 -0.171000469840972E+001 -0.362306608236144E+001 -0.107536384819057E+002 -0.804383329191643E+002
  0.264275160599304E-030  0.164265859069471E+003  0.158357779539627E+002  0.903999727889368E+002 -0.196949949480031E+001 -0.285634627601960E+001 -0.107536384819057E+002 -0.803097332920838E+002
  0.269627054236724E-030  0.164225761293083E+003  0.986322570056336E+001  0.710123976194914E+002 -0.126729915501558E+001 -0.633969478269564E+000 -0.107536384819057E+002 -0.802896844038898E+002
  0.275941880456190E-030  0.164179460209205E+003  0.112799654722120E+002  0.584987386396342E+002 -0.100820600606066E+001 -0.263511231041137E+001 -0.107536384819057E+002 -0.802665338619508E+002
  0.281123097175134E-030  0.164142255456878E+003  0.135735206375164E+001  0.634051424919309E+002 -0.126952405385564E+001 -0.142465847503841E+001 -0.107536384819057E+002 -0.802479314857872E+002
  0.283776551664977E-030  0.164123466463040E+003  0.514523144902601E+001  0.501634004686951E+002 -0.394505486378478E+000 -0.333130485619039E+001 -0.107536384819057E+002 -0.802385369888685E+002
  0.285219690668434E-030  0.164113321284633E+003 -0.116911468122408E+002  0.796388542911637E+002 -0.139889331382775E+001  0.323093245514269E+001 -0.107536384819057E+002 -0.802334643996647E+002
  0.309854628839261E-030  0.163947634243646E+003  0.656697629108700E+001  0.853562582533390E+002 -0.144793116878700E+001 -0.315055569309038E+001 -0.107536384819057E+002 -0.801506208791714E+002
  0.322070481259741E-030  0.163870299925191E+003  0.500821811300118E+001  0.585792237528720E+002 -0.104064122917467E+001 -0.260692790915056E+001 -0.107536384819057E+002 -0.801119537199438E+002
  0.345398481276324E-030  0.163730443202769E+003 -0.413956916744407E+001  0.738239278955579E+002 -0.154891095279619E+001 -0.192915518928863E+001 -0.107536384819057E+002 -0.800420253587328E+002
  0.357972906791130E-030  0.163658926131810E+003 -0.917406683168208E+001  0.482831768299486E+002 -0.534538244875002E+000 -0.111319232580755E+001 -0.107536384819057E+002 -0.800062668232535E+002
  0.359848255086724E-030  0.163648475882295E+003  0.141779075673373E+002  0.442325070581388E+002 -0.711815043902647E+000  0.395509095569661E+000 -0.107536384819057E+002 -0.800010416984957E+002
  0.393817352430298E-030  0.163468066281569E+003  0.386273703859630E+001  0.467047609405399E+002 -0.390843272299525E+000 -0.184630959603632E+001 -0.107536384819057E+002 -0.799108368981330E+002
  0.437527430214499E-030  0.163257561937245E+003  0.104778768455626E+002  0.532093019519608E+002 -0.461729264445816E+000 -0.433637683313414E+001 -0.107536384819057E+002 -0.798055847259706E+002
  0.502423371799908E-030  0.162980954471427E+003  0.167394740997399E+002  0.568716698317669E+002 -0.836471868718212E+000 -0.552627531103584E+000 -0.107536384819057E+002 -0.796672809930617E+002
  0.510210878256710E-030  0.162950192486107E+003  0.519892785302523E+001  0.536321374200300E+002 -0.518410462190740E+000 -0.362571324080481E+001 -0.107536384819057E+002 -0.796519000004019E+002
  0.523280118885576E-030  0.162899606898483E+003  0.999377650341594E+001  0.590095096199531E+002 -0.996408456081498E+000  0.239772727449224E+001 -0.107536384819057E+002 -0.796266072065901E+002
  0.525350477235791E-030  0.162891709509077E+003  0.918783413133238E+001  0.483005217492184E+002 -0.426794470240844E+000 -0.199372630491947E+001 -0.107536384819057E+002 -0.796226585118867E+002
  0.527824673367042E-030  0.162882312399084E+003  0.176036297635528E+002  0.589997361253616E+002 -0.970851744293793E+000 -0.382795378634968E+001 -0.107536384819057E+002 -0.796179599568902E+002
  0.541904447540509E-030  0.162829661360481E+003  0.222213274252148E+001  0.840110081405289E+002 -0.141545684116458E+001 -0.292118515364779E+001 -0.107536384819057E+002 -0.795916344375891E+002
  0.542510125520548E-030  0.162827427240586E+003  0.616073851247518E+001  0.936673295735495E+002 -0.197020700818705E+001 -0.289789783948304E+001 -0.107536384819057E+002 -0.795905173776416E+002
  0.560705663407248E-030  0.162761448532815E+003 -0.164546954422538E+002  0.541060331265350E+002 -0.568955985473850E+000 -0.309394723198076E+001 -0.107536384819057E+002 -0.795575280237559E+002
  0.570261836785729E-030  0.162727649503904E+003  0.158227756032371E+002  0.594609102848825E+002 -0.116491241566300E+001 -0.393462837933823E+001 -0.107536384819057E+002 -0.795406285093002E+002
  0.576795626499449E-030  0.162704864732995E+003 -0.303200056820893E+001  0.584191009756974E+002 -0.815881688827516E+000 -0.419485192245903E+001 -0.107536384819057E+002 -0.795292361238459E+002
  0.579768392082032E-030  0.162694583340589E+003 -0.115149608088017E+002  0.873081048003737E+002 -0.170792315318557E+001 -0.446097706144933E+001 -0.107536384819057E+002 -0.795240954276431E+002
  0.626867662858315E-030  0.162538369831507E+003  0.154622320257929E+002  0.834585613506589E+002 -0.170486328670375E+001 -0.234851742510818E+001 -0.107536384819057E+002 -0.794459886731021E+002
  0.639405444436033E-030  0.162498763237168E+003 -0.140905742318476E+002  0.631142465671525E+002 -0.140359835450642E+001 -0.197993497869297E+001 -0.107536384819057E+002 -0.794261853759325E+002
  0.642547572068657E-030  0.162488959027858E+003 -0.126559907887824E+002  0.797702457258632E+002 -0.190749378166645E+001 -0.494017262028221E+001 -0.107536384819057E+002 -0.794212832712774E+002
  0.647937803800228E-030  0.162472251320263E+003 -0.323905656628028E+001  0.720472314326103E+002 -0.185700810982686E+001 -0.306505448331896E+001 -0.107536384819057E+002 -0.794129294174801E+002
  0.669504299275862E-030  0.162406765566710E+003 -0.141850433077952E+001  0.634619639249022E+002 -0.132310377692054E+001  0.462385365795554E+001 -0.107536384819057E+002 -0.793801865407035E+002
  0.681104206743898E-030  0.162372410110925E+003 -0.167634919210994E+002  0.689435294708149E+002 -0.136024769537678E+001  0.364104041631048E+001 -0.107536384819057E+002 -0.793630088128110E+002
  0.739598708772307E-030  0.162207625232844E+003  0.120351260370582E+002  0.483512475400561E+002 -0.164309821504695E+000 -0.477475597514827E+001 -0.107536384819057E+002 -0.792806163737706E+002
  0.793722155314440E-030  0.162066373800830E+003 -0.163903474198625E+002  0.957944707391615E+002 -0.154548722085031E+001  0.473241377664477E+001 -0.107536384819057E+002 -0.792099906577633E+002
  0.813344976738307E-030  0.162017530049818E+003 -0.124519307758277E+002  0.530937530589598E+002 -0.426879044832348E+000 -0.446313607184980E+001 -0.107536384819057E+002 -0.791855687822575E+002
  0.821150977748865E-030  0.161998426765196E+003 -0.104927154016665E+002  0.858233641739690E+002 -0.165919443350787E+001 -0.423473267387517E+001 -0.107536384819057E+002 -0.791760171399464E+002
  0.852259234705418E-030  0.161924059246903E+003  0.181721513420413E+002  0.875564576699308E+002 -0.183507730060469E+001 -0.488487745946158E+001 -0.107536384819057E+002 -0.791388333808001E+002
  0.860362043179309E-030  0.161905134177973E+003  0.108684345286502E+002  0.658844136806449E+002 -0.168868803875682E+001 -0.312058093565538E+001 -0.107536384819057E+002 -0.791293708463348E+002
  0.888293073235544E-030  0.161841237288237E+003  0.176679660337862E+002  0.810064508037252E+002 -0.147468656247194E+001  0.408444401456204E+001 -0.107536384819057E+002 -0.790974224014668E+002
  0.898863474326515E-030  0.161817578422158E+003 -0.188174055899252E+002  0.678515062542053E+002 -0.183766331216006E+001 -0.371486613115081E+001 -0.107536384819057E+002 -0.790855929684274E+002
  0.105118834626863E-029  0.161504487617081E+003  0.169160308770734E+002  0.603992050932279E+002 -0.116865005324828E+001  0.489326800656663E+001 -0.107536384819057E+002 -0.789290475658891E+002
  0.105662939087918E-029  0.161494162138554E+003 -0.140069093737803E+002  0.718932856866930E+002 -0.196448380387910E+001 -0.346868519124997E+001 -0.107536384819057E+002 -0.789238848266255E+002
  0.107439388478106E-029  0.161460816833295E+003  0.187224822615767E+001  0.739997244140730E+002 -0.125739542165900E+001  0.222433511410532E+001 -0.107536384819057E+002 -0.789072121739957E+002
  0.110403171825479E-029  0.161406392826720E+003  0.610999899652440E+001  0.831787731137571E+002 -0.185651773598440E+001 -0.274852888705954E+001 -0.107536384819057E+002 -0.788800001707084E+002
  0.112325015372183E-029  0.161371877370566E+003 -0.161036738897318E+002  0.780124190389322E+002 -0.187404413562098E+001 -0.477394914715963E+001 -0.107536384819057E+002 -0.788627424426313E+002
  0.117806504450082E-029  0.161276583582711E+003 -0.143228551381142E+002  0.564066311642913E+002 -0.615960804526495E+000 -0.400041507526737E+001 -0.107536384819057E+002 -0.788150955487040E+002
  0.121007463830561E-029  0.161222966097698E+003 -0.573518082413120E+001  0.574436533671194E+002 -0.770116219860669E+000 -0.176127261171890E+001 -0.107536384819057E+002 -0.787882868061976E+002
  0.122651583317104E-029  0.161195975194484E+003 -0.926974578582873E+001  0.581829540189087E+002 -0.775289543561946E+000 -0.272200345594746E+001 -0.107536384819057E+002 -0.787747913545904E+002
  0.124261861805956E-029  0.161169888298845E+003  0.605384129585728E+001  0.931362597586535E+002 -0.127098861959787E+001  0.215919719789162E+001 -0.107536384819057E+002 -0.787617479067708E+002
  0.134144924719391E-029  0.161016829067632E+003 -0.824476592674257E+001  0.947135175192743E+002 -0.114043630705027E+001 -0.598286911103126E+000 -0.107536384819057E+002 -0.786852182911642E+002
  0.134759444318708E-029  0.161007687964104E+003 -0.186231242602987E+002  0.654966101024532E+002 -0.136772260999235E+001  0.480672624813396E+001 -0.107536384819057E+002 -0.786806477394005E+002
  0.136036767181668E-029  0.160988820161941E+003  0.892124556386157E+001  0.869863312396565E+002 -0.141139536278276E+001  0.333648726133604E+001 -0.107536384819057E+002 -0.786712138383190E+002
  0.153173350003788E-029  0.160751529981016E+003  0.376080075825875E+001  0.532887978152822E+002 -0.452696297815667E+000 -0.385136462448163E+001 -0.107536384819057E+002 -0.785525687478564E+002
  0.170970688011727E-029  0.160531686300841E+003  0.114640140865780E+002  0.553220562198166E+002 -0.566458619805961E+000 -0.351085037469236E+001 -0.107536384819057E+002 -0.784426469077687E+002
  0.174037867614144E-029  0.160496124743181E+003 -0.891132800185075E+001  0.946964273187649E+002 -0.166861014452342E+001 -0.225457243078124E+001 -0.107536384819057E+002 -0.784248661289391E+002
  0.186705407549729E-029  0.160355606526242E+003 -0.706275643723434E+001  0.937182931126756E+002 -0.410603790121841E+000  0.580577110396471E+000 -0.107536384819057E+002 -0.783546070204695E+002
  0.190407418412065E-029  0.160316338386494E+003 -0.160182660491044E+002  0.881322233233181E+002 -0.188104081474507E+001 -0.497886912239650E+001 -0.107536384819057E+002 -0.783349729505955E+002
  0.192246772753092E-029  0.160297110911137E+003  0.826058037716135E+001  0.590744026328005E+002 -0.766713030680535E+000 -0.478208146904109E+001 -0.107536384819057E+002 -0.783253592129171E+002
  0.229842574749249E-029  0.159939881320261E+003 -0.699846571169828E+001  0.532776155446035E+002 -0.507711254479710E+000 -0.284564559168635E+001 -0.107536384819057E+002 -0.781467444174788E+002
  0.241181747124316E-029  0.159843568980753E+003 -0.306038458744725E+001  0.420042011719325E+002 -0.349096483589518E+000 -0.860377027060537E+000 -0.107536384819057E+002 -0.780985882477248E+002
  0.266123313935524E-029  0.159646750979022E+003  0.188080841086184E+002  0.687524944168300E+002 -0.116799518817327E+001  0.176899091132577E+001 -0.107536384819057E+002 -0.780001792468594E+002
  0.266951625367235E-029  0.159640535627016E+003 -0.711451389750012E+001  0.534497584218166E+002 -0.487863341611373E+000 -0.317192210752269E+001 -0.107536384819057E+002 -0.779970715708564E+002
  0.290716474279912E-029  0.159469973600130E+003 -0.908455430885656E+001  0.554556022117237E+002 -0.703319138149758E+000 -0.117973478429590E+001 -0.107536384819057E+002 -0.779117905574134E+002
  0.304996191347176E-029  0.159374071975901E+003  0.790783044717443E+001  0.605808367214052E+002 -0.103993392905674E+001  0.237701762438704E+001 -0.107536384819057E+002 -0.778638397452988E+002
  0.317914176029604E-029  0.159291107634878E+003  0.227994669177552E+001  0.731745654288609E+002 -0.111580191204138E+001  0.132927527179917E+001 -0.107536384819057E+002 -0.778223575747871E+002
  0.324107776271545E-029  0.159252518347602E+003  0.516268103982263E+001  0.589997182501188E+002 -0.857431291902107E+000 -0.675456373720097E+000 -0.107536384819057E+002 -0.778030629311496E+002
  0.329851213205795E-029  0.159217387186757E+003  0.150045377980598E+002  0.591485646028808E+002 -0.740723766189595E+000 -0.435432238649824E+001 -0.107536384819057E+002 -0.777854973507268E+002
  0.332756428431320E-029  0.159199849001805E+003  0.101898021215102E+001  0.654705050657305E+002 -0.156233836054046E+001 -0.258415205906310E+001 -0.107536384819057E+002 -0.777767282582510E+002
  0.341651761711113E-029  0.159147086598802E+003  0.358140136803394E+001  0.592398064851463E+002 -0.742549054891179E+000 -0.450301033180990E+001 -0.107536384819057E+002 -0.777503470567493E+002
  0.395146757836076E-029  0.158856156084741E+003  0.149399452024910E+002  0.923963097094380E+002 -0.154078004171018E+001  0.481893404841716E+001 -0.107536384819057E+002 -0.776048817997188E+002
  0.409613255397877E-029  0.158784243684161E+003 -0.156131915078204E+002  0.604351562625589E+002 -0.108094485213728E+001 -0.324414199117928E+001 -0.107536384819057E+002 -0.775689255994291E+002
  0.409985907203097E-029  0.158782424981323E+003  0.429997874275745E+001  0.612085285262502E+002 -0.108721082144597E+001  0.279708274273941E+001 -0.107536384819057E+002 -0.775680162480098E+002
  0.441161821279386E-029  0.158635847054554E+003 -0.133836097263180E+002  0.595331460396397E+002 -0.105609647027905E+001 -0.435720379723170E-001 -0.107536384819057E+002 -0.774947272846252E+002
  0.453633118556834E-029  0.158580093029308E+003 -0.638424251350649E+001  0.669034985602347E+002 -0.159604249325410E+001 -0.255954187855708E+001 -0.107536384819057E+002 -0.774668502720023E+002
  0.456127910100794E-029  0.158569124004613E+003 -0.184549877985493E+002  0.645033216903100E+002 -0.129341219766838E+001 -0.406112849881216E+001 -0.107536384819057E+002 -0.774613657596547E+002
  0.483176126230722E-029  0.158453908078657E+003 -0.673422521225805E+001  0.453028412453920E+002 -0.394934289366621E+000 -0.115577411879498E+001 -0.107536384819057E+002 -0.774037577966771E+002
  0.507524869392361E-029  0.158355579127299E+003 -0.109780864379211E+002  0.869136734807451E+002 -0.189643133748965E+001 -0.495637688948226E+001 -0.107536384819057E+002 -0.773545933209979E+002
  0.561559517370124E-029  0.158153235022870E+003 -0.141453598967354E+002  0.648207477744984E+002 -0.144750576803117E+001 -0.217003676808173E+001 -0.107536384819057E+002 -0.772534212687835E+002
  0.640388277611237E-029  0.157890521201861E+003  0.768584773537576E+001  0.463839605801645E+002 -0.132018737093455E+000 -0.345055145895393E+001 -0.107536384819057E+002 -0.771220643582789E+002
  0.646249641812591E-029  0.157872298811053E+003  0.745097572255156E+001  0.791597228404251E+002 -0.136387653934862E+001 -0.111653656429500E+001 -0.107536384819057E+002 -0.771129531628747E+002
  0.762708264143835E-029  0.157540919345206E+003 -0.117395492042501E+002  0.453604874594954E+002 -0.145787342984953E+000 -0.288772979215151E+001 -0.107536384819057E+002 -0.769472634299511E+002
  0.778604164039080E-029  0.157499664987641E+003  0.165428265699170E+002  0.481913546518319E+002 -0.174732249447717E+000 -0.382011189886669E+001 -0.107536384819057E+002 -0.769266362511691E+002
  0.849893111255053E-029  0.157324449373963E+003  0.140106643630861E+001  0.611368298549123E+002 -0.105433042373707E+001 -0.181273862512024E+001 -0.107536384819057E+002 -0.768390284443296E+002
  0.889583798531741E-029  0.157233163131691E+003  0.154750965790693E+002  0.721576851191276E+002 -0.178637639896285E+001 -0.408628534065591E+001 -0.107536384819057E+002 -0.767933853231936E+002
  0.917374772542963E-029  0.157171638388344E+003 -0.169496417341417E+002  0.607198889639963E+002 -0.117459241933993E+001 -0.410468661096661E+001 -0.107536384819057E+002 -0.767626229515201E+002
  0.918563573639287E-029  0.157169048320404E+003  0.650881009881356E+000  0.791316187444458E+002 -0.192924820757262E+001 -0.478664129983935E+001 -0.107536384819057E+002 -0.767613279175502E+002
  0.997498360206352E-029  0.157004169544469E+003 -0.804334697153079E+001  0.868316341021959E+002 -0.181790558129168E+001 -0.270994582923723E+001 -0.107536384819057E+002 -0.766788885295827E+002
  0.100381626721640E-028  0.156991541988738E+003  0.532813613826399E+000  0.609414062232769E+002 -0.838439013042948E+000 -0.411569323897465E+001 -0.107536384819057E+002 -0.766725747517175E+002
  0.105851452881685E-028  0.156885426921517E+003 -0.194659112627452E+002  0.597248322345835E+002 -0.976209171548998E+000  0.937467812934814E+000 -0.107536384819057E+002 -0.766195172181069E+002
  0.107635297038912E-028  0.156852003101540E+003  0.599368557556048E+000  0.445964936484624E+002 -0.624433432058984E-001 -0.319351059801087E+001 -0.107536384819057E+002 -0.766028053081183E+002
  0.111489299685920E-028  0.156781643129494E+003  0.790316943009327E+001  0.643296371362031E+002 -0.107240669778877E+001 -0.128550001025987E+001 -0.107536384819057E+002 -0.765676253220953E+002
  0.112028264097474E-028  0.156771997973256E+003  0.968482073779079E+000  0.582708358745036E+002 -0.649258914289458E+000 -0.340258283568422E+001 -0.107536384819057E+002 -0.765628027439766E+002
  0.118275713216953E-028  0.156663463464885E+003  0.140659375647436E+001  0.853388952731084E+002 -0.148363371949276E+001  0.434642941829586E+001 -0.107536384819057E+002 -0.765085354897908E+002
  0.123812890359645E-028  0.156571957413633E+003 -0.745040095097881E+001  0.609790007260100E+002 -0.808404061100569E+000 -0.471529298854895E+001 -0.107536384819057E+002 -0.764627824641651E+002
  0.125225031261337E-028  0.156549275630429E+003  0.251556963963740E+001  0.728794344420104E+002 -0.140467537305298E+001  0.422424811014980E+001 -0.107536384819057E+002 -0.764514415725629E+002
  0.131192698344487E-028  0.156456165924001E+003 -0.166719797745810E+002  0.807093934250325E+002 -0.131488355337430E+001  0.269351714317621E+001 -0.107536384819057E+002 -0.764048867193488E+002
  0.132326864523622E-028  0.156438950151937E+003  0.521205332822213E+001  0.641031665001792E+002 -0.124537201752819E+001  0.455681277603858E+001 -0.107536384819057E+002 -0.763962788333167E+002
  0.139251746504487E-028  0.156336933526297E+003 -0.359608056067077E+001  0.902309860851364E+002 -0.158863832288376E+001 -0.202922328866562E+001 -0.107536384819057E+002 -0.763452705204967E+002
  0.140769394883388E-028  0.156315254259776E+003 -0.188650266545636E+002  0.707555021776554E+002 -0.139768874939337E+001 -0.242880831318923E+001 -0.107536384819057E+002 -0.763344308872364E+002
  0.150394697427285E-028  0.156182974059346E+003 -0.864319363800247E+001  0.715965110042575E+002 -0.136647996454838E+001  0.392142213045855E+001 -0.107536384819057E+002 -0.762682907870212E+002
  0.151552558602810E-028  0.156167635395686E+003  0.193532927743956E+002  0.497327186540809E+002 -0.739520565397441E+000  0.286278995012928E+000 -0.107536384819057E+002 -0.762606214551912E+002
  0.153793511229553E-028  0.156138278635166E+003  0.707182064444680E+001  0.727381281879758E+002 -0.192733996476740E+001 -0.361306812505776E+001 -0.107536384819057E+002 -0.762459430749312E+002
  0.186856790731369E-028  0.155748815371209E+003 -0.160200722325762E+002  0.639141510667116E+002 -0.116899219096514E+001  0.318534445290150E+001 -0.107536384819057E+002 -0.760512114429530E+002
  0.189703521185606E-028  0.155718575490934E+003 -0.171186765525140E+002  0.965497740796840E+002 -0.127142008241589E+001 -0.647567437261046E+000 -0.107536384819057E+002 -0.760360915028152E+002
  0.205050240799970E-028  0.155562990315829E+003 -0.135688256738427E+002  0.641966018890988E+002 -0.118263011796752E+001  0.333622179428109E+001 -0.107536384819057E+002 -0.759582989152630E+002
  0.205719016124674E-028  0.155556477891597E+003  0.650087730823611E+001  0.621361875133361E+002 -0.102232119898053E+001  0.498634714331646E+001 -0.107536384819057E+002 -0.759550427031471E+002
  0.222162227346854E-028  0.155402684630566E+003 -0.140893337292828E+001  0.617340996899552E+002 -0.860453600031508E+000 -0.357925072471009E+001 -0.107536384819057E+002 -0.758781460726316E+002
  0.229486637390031E-028  0.155337810762348E+003  0.202083665910772E+001  0.602978577756527E+002 -0.768042984190401E+000 -0.241635387009581E+001 -0.107536384819057E+002 -0.758457091385225E+002
  0.236313969751911E-028  0.155279177765882E+003  0.317302664076107E+001  0.592170807938264E+002 -0.128054099419429E+001 -0.480151901185614E+001 -0.107536384819057E+002 -0.758163926402894E+002
  0.251554576404385E-028  0.155154180429011E+003 -0.540384520883152E+001  0.855084334340323E+002 -0.114228554428101E+001  0.142791024562498E+001 -0.107536384819057E+002 -0.757538939718541E+002
  0.251730182449393E-028  0.155152784749535E+003 -0.146419332481495E+002  0.700355784906261E+002 -0.162755080549491E+001 -0.256922458673108E+001 -0.107536384819057E+002 -0.757531961321160E+002
  0.257534577854010E-028  0.155107192380165E+003  0.125040075157250E+001  0.623140702805288E+002 -0.102173235473084E+001 -0.229299515305529E+001 -0.107536384819057E+002 -0.757303999474311E+002
  0.268674076724630E-028  0.155022502299561E+003  0.260186457045051E+001  0.623483601566914E+002 -0.102748180326796E+001 -0.302446480693571E+001 -0.107536384819057E+002 -0.756880549071289E+002
  0.292447202877620E-028  0.154852932073406E+003 -0.181705207635205E+002  0.538204694313017E+002 -0.633523595896414E+000 -0.949952493099633E+000 -0.107536384819057E+002 -0.756032697940511E+002
  0.303244387299053E-028  0.154780422289882E+003  0.318901637361211E+000  0.512193532748769E+002 -0.279556480613555E+000 -0.377768704590604E+001 -0.107536384819057E+002 -0.755670149022895E+002
  0.309938407898634E-028  0.154736753181117E+003 -0.486208759963655E+001  0.737257992800143E+002 -0.197411324226511E+001 -0.410010380868008E+001 -0.107536384819057E+002 -0.755451803479070E+002
  0.378429934162474E-028  0.154337438485712E+003 -0.175382579169499E+002  0.564515494337613E+002 -0.452978353148032E+000 -0.457477490546807E+001 -0.107536384819057E+002 -0.753455230002043E+002
  0.378870353196303E-028  0.154335112227075E+003 -0.144779839261859E+002  0.593764435206500E+002 -0.747648930911946E+000 -0.152552609198731E+001 -0.107536384819057E+002 -0.753443598708861E+002
  0.382777013601194E-028  0.154314595148775E+003  0.950879066366048E+001  0.609074039644457E+002 -0.117693895034202E+001 -0.482933382710276E+001 -0.107536384819057E+002 -0.753341013317359E+002
  0.395587319535180E-028  0.154248757277236E+003 -0.149502502836471E+002  0.621806952508032E+002 -0.112648675814637E+001 -0.397221298038546E+001 -0.107536384819057E+002 -0.753011823959664E+002
  0.402441121253442E-028  0.154214402761083E+003 -0.187875895574891E+002  0.771118500992856E+002 -0.147973221382727E+001 -0.307239452784788E+001 -0.107536384819057E+002 -0.752840051378898E+002
  0.404144985917122E-028  0.154205952988973E+003 -0.846303806715598E+001  0.787350427515966E+002 -0.192226183036731E+001 -0.464547739371215E+001 -0.107536384819057E+002 -0.752797802518349E+002
  0.433518373366774E-028  0.154065632010003E+003 -0.171251846530761E+002  0.875321371513695E+002 -0.174099258837026E+001 -0.442451554978671E+001 -0.107536384819057E+002 -0.752096197623498E+002
  0.447081514128642E-028  0.154004018495763E+003  0.914716585231008E+001  0.673934369233815E+002 -0.152921222474766E+001 -0.262385862186784E+001 -0.107536384819057E+002 -0.751788130052300E+002
  0.454483194838893E-028  0.153971178492435E+003  0.388583398165482E+001  0.694048046843868E+002 -0.129643021500856E+001  0.359081763646167E+001 -0.107536384819057E+002 -0.751623930035659E+002
  0.455676764212367E-028  0.153965932952700E+003  0.846588245923484E+001  0.632622617659383E+002 -0.112907976648034E+001 -0.423565955975496E+001 -0.107536384819057E+002 -0.751597702336983E+002
  0.508861254326037E-028  0.153745149579056E+003  0.194056088711036E+002  0.535328897984233E+002 -0.592886418986982E+000 -0.117123293940242E+001 -0.107536384819057E+002 -0.750493785468766E+002
  0.524201757547335E-028  0.153685747080795E+003  0.540278490918080E+000  0.419235999372976E+002 -0.199619528645980E+000 -0.134205410547974E+001 -0.107536384819057E+002 -0.750196772977460E+002
  0.560792803284151E-028  0.153550797362814E+003  0.165410001240878E+002  0.619080892860932E+002 -0.108761571769538E+001 -0.158330790073816E+001 -0.107536384819057E+002 -0.749522024387554E+002
  0.598754859257568E-028  0.153419795839474E+003 -0.139184472311512E+002  0.635385255800977E+002 -0.108809370852324E+001  0.316348716965374E+001 -0.107536384819057E+002 -0.748867016770855E+002
  0.721520362943586E-028  0.153046779166432E+003  0.780872008774768E+001  0.905044634823834E+002 -0.128493753316347E+001  0.245291856597144E+001 -0.107536384819057E+002 -0.747001933405642E+002
  0.753972511669326E-028  0.152958788546856E+003  0.478464095420535E+001  0.645192428248822E+002 -0.105945561826761E+001  0.149436363829138E+001 -0.107536384819057E+002 -0.746561980307765E+002
  0.766159453294918E-028  0.152926719744903E+003 -0.296304350784478E+001  0.482765731777423E+002 -0.389123673785187E+000 -0.153388518524241E+001 -0.107536384819057E+002 -0.746401636298000E+002
  0.794923044375804E-028  0.152853009747316E+003  0.375115670865612E+001  0.630212467503390E+002 -0.950414804357007E+000  0.112932763597893E+000 -0.107536384819057E+002 -0.746033086310063E+002
  0.804767715959134E-028  0.152828392999847E+003  0.523512823445027E+001  0.849687651051013E+002 -0.159913046727224E+001 -0.212115009040930E+001 -0.107536384819057E+002 -0.745910002572720E+002
  0.817194223556313E-028  0.152797746779522E+003 -0.742574823802457E+000  0.633614953945660E+002 -0.104450956214066E+001 -0.403790058686362E+001 -0.107536384819057E+002 -0.745756771471096E+002
  0.912063692069272E-028  0.152578080717337E+003  0.160829026952844E+002  0.634560937175906E+002 -0.103540273141120E+001 -0.180032451574399E+001 -0.107536384819057E+002 -0.744658441160169E+002
  0.937262107736493E-028  0.152523574420406E+003  0.631375690836934E+001  0.615268483462627E+002 -0.735699709387040E+000 -0.331054800191604E+001 -0.107536384819057E+002 -0.744385909675515E+002
  0.981566153239425E-028  0.152431201545025E+003 -0.628463848100969E+001  0.613279596384453E+002 -0.109727592275228E+001 -0.173928382371839E+001 -0.107536384819057E+002 -0.743924045298607E+002
  0.110652477571626E-027  0.152191541267583E+003  0.158877469685080E+002  0.588484793469339E+002 -0.569726366816775E+000 -0.375982636763216E+001 -0.107536384819057E+002 -0.742725743911399E+002
  0.113579295238422E-027  0.152139327723310E+003 -0.944016824023347E+000  0.511635622589388E+002 -0.286985173970384E+000 -0.328917441537637E+001 -0.107536384819057E+002 -0.742464676190034E+002
  0.120175919588968E-027  0.152026416850545E+003 -0.728969063311504E+001  0.565522455629383E+002 -0.518952075367297E+000 -0.296276975569453E+001 -0.107536384819057E+002 -0.741900121826210E+002
  0.124447895098412E-027  0.151956555952135E+003  0.166443672783474E+002  0.734204016358205E+002 -0.161814976001582E+001 -0.347511250074141E+001 -0.107536384819057E+002 -0.741550817334160E+002
  0.124691077916665E-027  0.151952651578724E+003 -0.153431066966192E-002  0.592221465073055E+002 -0.780539409501561E+000 -0.526104375326004E+000 -0.107536384819057E+002 -0.741531295467104E+002
  0.128715162283811E-027  0.151889126344759E+003 -0.130694087149901E+002  0.641966506869793E+002 -0.107072758467698E+001  0.270449559946516E+001 -0.107536384819057E+002 -0.741213669297280E+002
  0.129898949039612E-027  0.151870816515992E+003  0.145479620830058E+002  0.624783444119435E+002 -0.757258417055959E+000 -0.415191189710247E+001 -0.107536384819057E+002 -0.741122120153442E+002
  0.134569714632832E-027  0.151800165403879E+003 -0.305729852950036E+001  0.905962239114873E+002 -0.174830829533761E+001 -0.443407529657022E+001 -0.107536384819057E+002 -0.740768864592880E+002
  0.135317642030255E-027  0.151789080344967E+003  0.649673058946927E+001  0.719269901771243E+002 -0.179039072004512E+001 -0.365734988454408E+001 -0.107536384819057E+002 -0.740713439298317E+002
  0.136634042529289E-027  0.151769717923544E+003  0.157298226187299E+002  0.955201993649510E+002 -0.120099466897802E+001  0.187557529194820E+001 -0.107536384819057E+002 -0.740616627191205E+002
  0.147732716553799E-027  0.151613520838602E+003  0.110077547938019E+002  0.586414272664451E+002 -0.765372494704387E+000 -0.503801346927658E+000 -0.107536384819057E+002 -0.739835641766494E+002
  0.152396329763083E-027  0.151551361062125E+003 -0.956336856901630E+001  0.616597710705028E+002 -0.118711961265797E+001 -0.244912440229130E+001 -0.107536384819057E+002 -0.739524842884107E+002
  0.156477026666066E-027  0.151498511772733E+003  0.230918462181913E+001  0.762022923930402E+002 -0.135244681734685E+001  0.361588222150294E+001 -0.107536384819057E+002 -0.739260596437151E+002
  0.161136679549621E-027  0.151439824289932E+003  0.137973453537499E+002  0.640602223262367E+002 -0.100920448056114E+001  0.242070931084813E+001 -0.107536384819057E+002 -0.738967159023143E+002
  0.165831911699033E-027  0.151382380791762E+003  0.175858035899251E+002  0.994735122497088E+002 -0.186944732040278E+001 -0.478324983257814E+001 -0.107536384819057E+002 -0.738679941532292E+002
  0.185073300497898E-027  0.151162826251187E+003 -0.189308873512465E+002  0.512970691789184E+002 -0.310996586531751E+000 -0.297245791597949E+001 -0.107536384819057E+002 -0.737582168829420E+002
  0.191665622979362E-027  0.151092825568632E+003  0.117024631019747E+002  0.554555399656696E+002 -0.416483864887527E+000 -0.362600331380577E+001 -0.107536384819057E+002 -0.737232165416645E+002
  0.197043087874911E-027  0.151037485332212E+003 -0.121554458322469E+002  0.511929643866370E+002 -0.371075617130241E+000 -0.233670133247614E+001 -0.107536384819057E+002 -0.736955464234545E+002
  0.223799436562995E-027  0.150782829625645E+003  0.696794900916864E+001  0.612578237092622E+002 -0.902168267799475E+000  0.475009704671566E+000 -0.107536384819057E+002 -0.735682185701709E+002
  0.240352190964205E-027  0.150640119562167E+003 -0.997965466456624E+001  0.644404269015364E+002 -0.979375381394667E+000 -0.427222054259785E+001 -0.107536384819057E+002 -0.734968635384317E+002
  0.251810045907696E-027  0.150546980147828E+003 -0.153550474295297E+002  0.641269413594511E+002 -0.862394333305154E+000 -0.466355362653614E+001 -0.107536384819057E+002 -0.734502938312626E+002
  0.256567770013060E-027  0.150509544501630E+003  0.991959233532060E+001  0.669154407329289E+002 -0.115941115483791E+001  0.276096262098423E+001 -0.107536384819057E+002 -0.734315760081633E+002
  0.257388423894000E-027  0.150503157540343E+003  0.122211252837432E+001  0.825826945009281E+002 -0.119523348916531E+001 -0.235786219720062E+000 -0.107536384819057E+002 -0.734283825275200E+002
  0.268882680203254E-027  0.150415779879422E+003  0.394429525176679E+001  0.650540546867510E+002 -0.105747983855492E+001  0.193246580094261E+001 -0.107536384819057E+002 -0.733846936970591E+002
  0.276565958627935E-027  0.150359431500416E+003  0.273899804424130E+001  0.642438359141803E+002 -0.109755739651242E+001 -0.422030618435343E+001 -0.107536384819057E+002 -0.733565195075565E+002
  0.300264767854159E-027  0.150195000892324E+003  0.123496108619628E+002  0.584635535613845E+002 -0.532015626858059E+000 -0.350063149032854E+001 -0.107536384819057E+002 -0.732743042035105E+002
  0.320896403800803E-027  0.150062093499313E+003 -0.105093857398187E+001  0.647145257657267E+002 -0.964319089736038E+000 -0.453845962806548E+001 -0.107536384819057E+002 -0.732078505070048E+002
  0.356753964690708E-027  0.149850237442903E+003 -0.889407417370062E+001  0.698032684070745E+002 -0.131380673658530E+001 -0.437882125918023E+001 -0.107536384819057E+002 -0.731019224788000E+002
  0.363229716829480E-027  0.149814259256522E+003  0.356718575953849E+001  0.648683122574102E+002 -0.990300873935020E+000  0.259843193412276E+001 -0.107536384819057E+002 -0.730839333856094E+002
  0.369182290691382E-027  0.149781749112671E+003 -0.158128835997040E+002  0.665649981328752E+002 -0.118726507694718E+001 -0.454870501485080E+001 -0.107536384819057E+002 -0.730676783136837E+002
  0.369413992994655E-027  0.149780494287452E+003 -0.186403731954739E+002  0.624678852036080E+002 -0.734979253238652E+000 -0.283320466054666E+001 -0.107536384819057E+002 -0.730670509010742E+002
  0.410394474891926E-027  0.149570092520157E+003  0.157514652751529E+001  0.623199953471564E+002 -0.939430950810356E+000  0.736167573622827E+000 -0.107536384819057E+002 -0.729618500174269E+002
  0.454549772895346E-027  0.149365715344326E+003 -0.775765211718571E+001  0.630231832866405E+002 -0.827658166678898E+000 -0.104576295860355E+001 -0.107536384819057E+002 -0.728596614295114E+002
  0.465066912915490E-027  0.149319967594255E+003  0.179212497705655E+002  0.583516474543132E+002 -0.903941887109652E+000  0.738336396598806E+000 -0.107536384819057E+002 -0.728367875544760E+002
  0.472006879039866E-027  0.149290343062778E+003  0.199559307625590E+001  0.598121567253829E+002 -0.580103447419546E+000 -0.335940072836905E+001 -0.107536384819057E+002 -0.728219752887375E+002
  0.489670125965883E-027  0.149216866278049E+003  0.146550982699668E+002  0.904096394539674E+002 -0.122470495731710E+001  0.207087640529500E+001 -0.107536384819057E+002 -0.727852368963729E+002
  0.564826551504795E-027  0.148931292791154E+003 -0.520874924367617E+001  0.816368708654018E+002 -0.195789185369812E+001 -0.339275068499159E+001 -0.107536384819057E+002 -0.726424501529252E+002
  0.572136502522341E-027  0.148905574974845E+003 -0.159898180178257E+002  0.763170828571282E+002 -0.177851859561823E+001 -0.303844718494726E+001 -0.107536384819057E+002 -0.726295912447709E+002
  0.588962886781537E-027  0.148847603839994E+003 -0.849946764453819E+001  0.648990922321350E+002 -0.113208528619941E+001 -0.287461807950186E+001 -0.107536384819057E+002 -0.726006056773452E+002
  0.606769965548419E-027  0.148788030682631E+003  0.103719417392050E+002  0.709053303020521E+002 -0.158026993600499E+001 -0.251045566893993E+001 -0.107536384819057E+002 -0.725708190986639E+002
  0.611194343938807E-027  0.148773500214646E+003 -0.559537789902843E+001  0.570516594552687E+002 -0.395591750105241E+000 -0.438588012527380E+001 -0.107536384819057E+002 -0.725635538646712E+002
  0.612540464131878E-027  0.148769100173960E+003 -0.311836024155842E+001  0.463333253806139E+002 -0.209678808399696E+000 -0.204028746358411E+001 -0.107536384819057E+002 -0.725613538443284E+002
  0.623817947103529E-027  0.148732613033481E+003 -0.158574117960552E+002  0.894245777800987E+002 -0.187475327825263E+001 -0.470176439099981E+001 -0.107536384819057E+002 -0.725431102740888E+002
  0.624257191164658E-027  0.148731205284650E+003  0.104400554601388E+002  0.612947911836445E+002 -0.653130989254044E+000 -0.294891940240132E+001 -0.107536384819057E+002 -0.725424063996733E+002
  0.638511687096570E-027  0.148686050223624E+003 -0.475094785961378E+001  0.540415157786210E+002 -0.440552624903819E+000 -0.234553896654804E+001 -0.107536384819057E+002 -0.725198288691604E+002
  0.708883061478253E-027  0.148476949025244E+003 -0.934950999958050E+001  0.655509151588091E+002 -0.100551760142448E+001  0.459189228120426E+001 -0.107536384819057E+002 -0.724152782699703E+002
  0.710798565138712E-027  0.148471552026968E+003 -0.104331846853877E+002  0.462231066132432E+002 -0.167084968599066E+000 -0.227809432586937E+001 -0.107536384819057E+002 -0.724125797708323E+002
  0.733563269514782E-027  0.148408502480470E+003  0.486046406965430E+001  0.659623493586205E+002 -0.110255136383758E+001 -0.307979777954554E+001 -0.107536384819057E+002 -0.723810549975836E+002
  0.750889017737623E-027  0.148361814459145E+003  0.123849437632013E+002  0.622640377602048E+002 -0.735395926733764E+000 -0.195431626682766E+001 -0.107536384819057E+002 -0.723577109869209E+002
  0.766192575143114E-027  0.148321463098761E+003 -0.190804011923192E+002  0.689475720803432E+002 -0.118990066666956E+001 -0.678351096366349E+000 -0.107536384819057E+002 -0.723375353067288E+002
  0.787876100395155E-027  0.148265648493222E+003 -0.520669414169524E+001  0.657976190954080E+002 -0.106869616281669E+001  0.478620413433946E+001 -0.107536384819057E+002 -0.723096280039595E+002
  0.802416470294970E-027  0.148229074656757E+003  0.958303934945882E+001  0.722422032024369E+002 -0.164651093369547E+001 -0.276932805011372E+001 -0.107536384819057E+002 -0.722913410857270E+002
  0.818929418307390E-027  0.148188334382598E+003  0.164090827211489E+002  0.941115046118064E+002 -0.189731423142131E+001 -0.304834330760571E+001 -0.107536384819057E+002 -0.722709709486474E+002
  0.841301076088867E-027  0.148134430994942E+003 -0.847810580312517E+001  0.685219513652761E+002 -0.120984237819011E+001  0.365841534254241E+001 -0.107536384819057E+002 -0.722440192548193E+002
  0.858595385254782E-027  0.148093734620124E+003  0.165086504709106E+002  0.592677822033904E+002 -0.609606482369760E+000 -0.224413254752015E+001 -0.107536384819057E+002 -0.722236710674103E+002
  0.102000891758425E-026  0.147749196884271E+003  0.103654148589395E+002  0.655362112387937E+002 -0.909917055358210E+000 -0.150438186163450E+001 -0.107536384819057E+002 -0.720514021994841E+002
  0.102057166582216E-026  0.147748093770272E+003 -0.153611793559663E+002  0.900402947796372E+002 -0.169059951325281E+001 -0.414450059882194E+001 -0.107536384819057E+002 -0.720508506424844E+002
  0.102082863081109E-026  0.147747590262967E+003 -0.461055607541912E+001  0.480494619436381E+002 -0.543244934535221E+000 -0.330279207538612E+000 -0.107536384819057E+002 -0.720505988888320E+002
  0.105731736255249E-026  0.147677349803814E+003  0.126161303311645E+002  0.654944755415817E+002 -0.925772138272181E+000 -0.524357343379920E+000 -0.107536384819057E+002 -0.720154786592552E+002
  0.107159482949229E-026  0.147650523556964E+003 -0.376800772098316E+001  0.528132973030194E+002 -0.376365727191805E+000 -0.247001349100222E+001 -0.107536384819057E+002 -0.720020655358303E+002
  0.108665454417169E-026  0.147622612122291E+003 -0.171667651029640E+002  0.796863357538834E+002 -0.136096664940026E+001  0.377514296709873E+001 -0.107536384819057E+002 -0.719881098184937E+002
  0.110478962523538E-026  0.147589509759363E+003 -0.603006547921827E+001  0.988038255003028E+002 -0.145130868584406E+001  0.478257204074891E+001 -0.107536384819057E+002 -0.719715586370298E+002
  0.112689143398975E-026  0.147549893827139E+003  0.455364346477105E+001  0.836991796531764E+002 -0.142028232510879E+001  0.430785436841622E+001 -0.107536384819057E+002 -0.719517506709179E+002
  0.113313401014811E-026  0.147538845116071E+003 -0.482783293484867E+001  0.658229232961796E+002 -0.904114062189514E+000 -0.360255175963798E+001 -0.107536384819057E+002 -0.719462263153840E+002
  0.125289386648649E-026  0.147337907686639E+003  0.951228054275916E+001  0.864668160624859E+002 -0.132850445299779E+001  0.313402436869095E+001 -0.107536384819057E+002 -0.718457576006677E+002
  0.130207480449299E-026  0.147260901632919E+003  0.148080100313544E+002  0.661902980552612E+002 -0.987277697538158E+000 -0.253691948508583E+001 -0.107536384819057E+002 -0.718072545738081E+002
  0.132651698538050E-026  0.147223706225901E+003  0.754063372697626E+000  0.746655756012100E+002 -0.164014958774834E+001 -0.259798266910974E+001 -0.107536384819057E+002 -0.717886568702988E+002
  0.138161840155622E-026  0.147142308490686E+003  0.780768238140833E+001  0.645140829637437E+002 -0.737744484756599E+000 -0.410593891770835E+001 -0.107536384819057E+002 -0.717479580026914E+002
  0.148193036151715E-026  0.147002128551766E+003 -0.107008170984075E+001  0.475637023512679E+002 -0.720200925436887E-001 -0.329247604024122E+001 -0.107536384819057E+002 -0.716778680332315E+002
  0.153754353019400E-026  0.146928447559009E+003 -0.144823938176598E+002  0.737073674596948E+002 -0.153763486101544E+001 -0.299683629335889E+001 -0.107536384819057E+002 -0.716410275368527E+002
  0.163658928534134E-026  0.146803590879870E+003  0.761313245485282E+001  0.534654029284291E+002 -0.521381793198504E+000 -0.126303602556825E+001 -0.107536384819057E+002 -0.715785991972833E+002
  0.164814748381002E-026  0.146789515784074E+003  0.132710529963855E+002  0.631765020150246E+002 -0.121231135677853E+001 -0.415281937182979E+001 -0.107536384819057E+002 -0.715715616493855E+002
  0.165353631882352E-026  0.146782987188217E+003  0.180879411550415E+002  0.691819322585918E+002 -0.138166533923083E+001 -0.184093666802095E+001 -0.107536384819057E+002 -0.715682973514571E+002
  0.182064525515754E-026  0.146590437676134E+003  0.166155729980924E+001  0.560646119698525E+002 -0.370624166201230E+000 -0.370245848353015E+001 -0.107536384819057E+002 -0.714720225954152E+002
  0.186173905948185E-026  0.146545797566004E+003  0.172019664239366E+002  0.665848247255825E+002 -0.100384286963283E+001  0.216139470904003E+001 -0.107536384819057E+002 -0.714497025403505E+002
  0.192236200258893E-026  0.146481710344980E+003 -0.480969248054918E+001  0.637703871135417E+002 -0.110242979739847E+001 -0.980016278709566E+000 -0.107536384819057E+002 -0.714176589298382E+002
  0.194607366350830E-026  0.146457191950538E+003 -0.176925354316514E+002  0.666317868517473E+002 -0.997095463131292E+000 -0.100489746172797E+001 -0.107536384819057E+002 -0.714053997326174E+002
  0.232126507119282E-026  0.146104594971508E+003  0.863757435501419E+000  0.439176508066481E+002 -0.726935963615745E+000  0.601765013594444E+000 -0.107536384819057E+002 -0.712291012431025E+002
  0.240669835942976E-026  0.146032307958471E+003  0.798617546410705E+001  0.727634625992433E+002 -0.117996886449236E+001 -0.439514112682192E+001 -0.107536384819057E+002 -0.711929577365837E+002
  0.244569788752737E-026  0.146000158590707E+003 -0.149913488844802E+002  0.661042841239777E+002 -0.883894078952050E+000 -0.133479094928189E+001 -0.107536384819057E+002 -0.711768830527021E+002
  0.255746045415820E-026  0.145910790112188E+003 -0.179366207870304E+002  0.724389559891671E+002 -0.118705241060520E+001 -0.935942009386361E+000 -0.107536384819057E+002 -0.711321988134424E+002
  0.285008224753985E-026  0.145694123918947E+003  0.230638407518702E+001  0.668153090685325E+002 -0.892889823900779E+000 -0.438570398954608E+001 -0.107536384819057E+002 -0.710238657168217E+002
  0.322589876048841E-026  0.145446396430557E+003  0.123660903443610E+002  0.564233404541920E+002 -0.692366938149387E+000 -0.336511790794156E+000 -0.107536384819057E+002 -0.709000019726268E+002
  0.329216988249013E-026  0.145405725851991E+003 -0.618342573009110E+001  0.545953935824052E+002 -0.433149215920478E+000 -0.223968451544960E+001 -0.107536384819057E+002 -0.708796666833438E+002
  0.341268047275072E-026  0.145333823534446E+003 -0.107884198384894E+002  0.659338490130048E+002 -0.761713142917420E+000 -0.452952907511308E+001 -0.107536384819057E+002 -0.708437155245713E+002
  0.346785965316728E-026  0.145301744446244E+003  0.841628610468274E+001  0.822359239128351E+002 -0.173807148387442E+001 -0.276871836887900E+001 -0.107536384819057E+002 -0.708276759804706E+002
  0.375030014742506E-026  0.145145147872061E+003  0.561712261745411E+001  0.978033973548751E+002 -0.125714009577238E+001  0.266413063100192E+001 -0.107536384819057E+002 -0.707493776933791E+002
  0.403480318254736E-026  0.144998904578301E+003 -0.141214711383564E+001  0.795422668735860E+002 -0.175387571321351E+001 -0.291719104922438E+001 -0.107536384819057E+002 -0.706762560464990E+002
  0.430179903322696E-026  0.144870752994200E+003 -0.109064048387783E+002  0.648839003879878E+002 -0.739397492563621E+000 -0.270669921299589E+001 -0.107536384819057E+002 -0.706121802544484E+002
  0.448496166703036E-026  0.144787359727153E+003 -0.174511744075072E+002  0.759373053012680E+002 -0.112198843803452E+001  0.157225992914924E+001 -0.107536384819057E+002 -0.705704836209250E+002
  0.456590017851288E-026  0.144751588252332E+003 -0.127193116417246E+002  0.448303832815579E+002 -0.720826961011765E+000  0.569342758451564E+000 -0.107536384819057E+002 -0.705525978835145E+002
  0.479616909401846E-026  0.144653184636556E+003 -0.116275230255891E+002  0.607058547120610E+002 -0.797406420285195E+000 -0.295140339226210E-001 -0.107536384819057E+002 -0.705033960756264E+002
  0.491253205866197E-026  0.144605240618026E+003 -0.822231978698738E+001  0.795059084030015E+002 -0.186800867547962E+001 -0.339114210611133E+001 -0.107536384819057E+002 -0.704794240663614E+002
  0.503436361946066E-026  0.144556245370618E+003  0.108972633318381E+002  0.643498252309406E+002 -0.681479212748462E+000 -0.333618869425674E+001 -0.107536384819057E+002 -0.704549264426576E+002
  0.592623593392020E-026  0.144230041100826E+003 -0.117633850161916E+001  0.576699060180235E+002 -0.660526628674912E+000 -0.725354073501656E+000 -0.107536384819057E+002 -0.702918243077615E+002
  0.597396751246510E-026  0.144213997060997E+003  0.487094011857137E+001  0.792062670776049E+002 -0.183480494526743E+001 -0.410779366557802E+001 -0.107536384819057E+002 -0.702838022878471E+002
  0.598121891631053E-026  0.144211570865546E+003  0.238762399204276E+001  0.616703877672253E+002 -0.508552165550598E+000 -0.439388403492218E+001 -0.107536384819057E+002 -0.702825891901212E+002
  0.601288315252487E-026  0.144201010905460E+003  0.512882112178346E+001  0.846368408343283E+002 -0.131878430500844E+001  0.327937902311265E+001 -0.107536384819057E+002 -0.702773092100786E+002
  0.613947743768436E-026  0.144159340362910E+003 -0.146702632069920E+001  0.678662251231509E+002 -0.942417119061500E+000 -0.404683599746548E+001 -0.107536384819057E+002 -0.702564739388036E+002
  0.632238534353287E-026  0.144100626494797E+003 -0.869268573843187E+001  0.708990348383890E+002 -0.121053878715308E+001 -0.870218254370133E+000 -0.107536384819057E+002 -0.702271170047467E+002
  0.661211950471841E-026  0.144011011116828E+003 -0.321756013350190E+001  0.638265205755620E+002 -0.698575159413740E+000 -0.228427462019062E+001 -0.107536384819057E+002 -0.701823093157625E+002
  0.665452420996705E-026  0.143998225712902E+003 -0.244191697554039E+001  0.526191103530358E+002 -0.227260194072769E+000 -0.345909964344503E+001 -0.107536384819057E+002 -0.701759166137992E+002
  0.672186282825911E-026  0.143978088978834E+003  0.169603603798659E+002  0.941117169573659E+002 -0.190435246655669E+001 -0.316178070883710E+001 -0.107536384819057E+002 -0.701658482467652E+002
  0.697044424076475E-026  0.143905461706522E+003 -0.151571007528553E+002  0.680856255193319E+002 -0.100621646641023E+001 -0.161148811313715E+001 -0.107536384819057E+002 -0.701295346106092E+002
  0.720560932681879E-026  0.143839100032504E+003  0.177778368977425E+002  0.641347606328048E+002 -0.120564647912476E+001 -0.319850605887301E+001 -0.107536384819057E+002 -0.700963537736004E+002
  0.733883859869003E-026  0.143802458422156E+003 -0.974049167705362E+001  0.696911279967771E+002 -0.117402806336927E+001  0.409728558481797E+001 -0.107536384819057E+002 -0.700780329684262E+002
  0.758995194828771E-026  0.143735169103320E+003  0.146690667173394E+002  0.686856761480135E+002 -0.109510298366174E+001  0.347998407366996E+001 -0.107536384819057E+002 -0.700443883090081E+002
  0.799662156266003E-026  0.143630781328614E+003  0.226676191922702E+001  0.843641666203678E+002 -0.183048680705846E+001 -0.307503363770793E+001 -0.107536384819057E+002 -0.699921944216551E+002
  0.813941504190011E-026  0.143595382993731E+003  0.908430780443901E+000  0.636474625908604E+002 -0.126350349080810E+001 -0.410907287563229E+001 -0.107536384819057E+002 -0.699744952542139E+002
  0.818397751910548E-026  0.143584463060820E+003  0.670064552741781E+000  0.677042045658861E+002 -0.835048850325457E+000 -0.482200834614714E+001 -0.107536384819057E+002 -0.699690352877586E+002
  0.842195423885301E-026  0.143527135831847E+003  0.984868023114638E+001  0.683061405505305E+002 -0.981725215030088E+000 -0.450826923556188E+001 -0.107536384819057E+002 -0.699403716732717E+002
  0.850394369422948E-026  0.143507759584396E+003  0.181802831694120E+002  0.779357016446418E+002 -0.115572738062941E+001 -0.394474891374997E+001 -0.107536384819057E+002 -0.699306835495465E+002
  0.863165330319101E-026  0.143477947498217E+003 -0.188188145716980E+002  0.476443751196622E+002 -0.512016115576865E-001 -0.315229118531064E+001 -0.107536384819057E+002 -0.699157775064570E+002
  0.880908990906014E-026  0.143437251359095E+003  0.364124931375926E+001  0.653301583779576E+002 -0.743681673412967E+000 -0.228690425870284E+001 -0.107536384819057E+002 -0.698954294368960E+002
  0.914897836149677E-026  0.143361535187102E+003  0.352582710063644E+001  0.645287928065087E+002 -0.120518750721681E+001 -0.431189586988005E+001 -0.107536384819057E+002 -0.698575713508994E+002
  0.945246047640234E-026  0.143296269473269E+003 -0.255307613156021E+001  0.711084929617100E+002 -0.123666500582485E+001  0.465560393616876E+001 -0.107536384819057E+002 -0.698249384939827E+002
  0.979467271212227E-026  0.143225142350110E+003  0.118107451995609E+002  0.685048864259679E+002 -0.101820339660526E+001  0.426999017145756E+001 -0.107536384819057E+002 -0.697893749324036E+002
  0.997001050914963E-026  0.143189656348146E+003  0.689772861926151E+000  0.696930511222556E+002 -0.116225150985128E+001  0.436360209180246E+001 -0.107536384819057E+002 -0.697716319314214E+002
  0.100941306300900E-025  0.143164911365858E+003  0.603291998010597E+001  0.736973870307149E+002 -0.111924649020178E+001 -0.257444473013915E+001 -0.107536384819057E+002 -0.697592594402772E+002
  0.102680371575700E-025  0.143130747860694E+003  0.150171500155888E+002  0.968216246078401E+002 -0.128014253695047E+001 -0.183686246628904E+001 -0.107536384819057E+002 -0.697421776876955E+002
  0.103659727277368E-025  0.143111762446587E+003 -0.555476774614805E+001  0.685258455769079E+002 -0.104170860392687E+001 -0.404887485191833E+001 -0.107536384819057E+002 -0.697326849806418E+002
  0.104483860154940E-025  0.143095924587838E+003  0.124816415881496E+001  0.884976517505244E+002 -0.131150683883022E+001  0.320450892898447E+001 -0.107536384819057E+002 -0.697247660512674E+002
  0.106617258143576E-025  0.143055499020417E+003 -0.119076570106533E+002  0.859110860365212E+002 -0.176535016560380E+001 -0.283896399728496E+001 -0.107536384819057E+002 -0.697045532675566E+002
  0.107156642707538E-025  0.143045406381297E+003  0.129953912901515E+002  0.993263470349202E+002 -0.108269858948229E+000  0.160713856596758E+000 -0.107536384819057E+002 -0.696995069479971E+002
  0.126077601802732E-025  0.142720194600847E+003 -0.130808544727461E+002  0.728648643964479E+002 -0.152084855395897E+001 -0.225713701962201E+001 -0.107536384819057E+002 -0.695369010577718E+002
  0.126247457134137E-025  0.142717501957353E+003  0.833557149324339E+000  0.968697115772505E+002 -0.193595634239078E+001 -0.328080475128819E+001 -0.107536384819057E+002 -0.695355547360250E+002
  0.131105500382500E-025  0.142641985119205E+003 -0.975466751917110E+001  0.684905007757630E+002 -0.898333685221569E+000 -0.260018745797186E+001 -0.107536384819057E+002 -0.694977963169508E+002
  0.138186108497775E-025  0.142536787032437E+003 -0.163137193203637E+002  0.968466931373368E+002 -0.120651200515505E+001  0.227805878166492E+001 -0.107536384819057E+002 -0.694451972735667E+002
  0.145303848754945E-025  0.142436335693116E+003 -0.103992654449727E+002  0.680030412671049E+002 -0.110948445586769E+001 -0.324289204544430E+001 -0.107536384819057E+002 -0.693949716039063E+002
  0.145867757913069E-025  0.142428588923166E+003  0.461093235176577E+001  0.991601340538548E+002 -0.169847281343532E+001 -0.411255558405293E+001 -0.107536384819057E+002 -0.693910982189316E+002
  0.147520282518606E-025  0.142406058460381E+003 -0.779104051063559E+001  0.693110638637270E+002 -0.107768866785897E+001  0.351704153947154E+001 -0.107536384819057E+002 -0.693798329875386E+002
  0.172474287642475E-025  0.142093493473802E+003 -0.501388954070426E+001  0.501736775835446E+002 -0.216506574273520E+000 -0.254721375241425E+001 -0.107536384819057E+002 -0.692235504942496E+002
  0.177666793336742E-025  0.142034170113310E+003  0.856729243457787E+001  0.775957558400919E+002 -0.181085062048731E+001 -0.370255874312034E+001 -0.107536384819057E+002 -0.691938888140035E+002
  0.178789139340789E-025  0.142021575572330E+003  0.190122029234745E+002  0.863594668199634E+002 -0.132264940933722E+001 -0.441406249185356E+001 -0.107536384819057E+002 -0.691875915435132E+002
  0.186708611790957E-025  0.141934891458552E+003 -0.185792875426614E+002  0.583754565907181E+002 -0.298803015821132E+000 -0.498396201478022E+001 -0.107536384819057E+002 -0.691442494866243E+002
  0.190443435317181E-025  0.141895279364222E+003 -0.157645169699584E+002  0.789018722479292E+002 -0.105587948232305E+001  0.620360315875374E+000 -0.107536384819057E+002 -0.691244434394596E+002
  0.194220741222832E-025  0.141855999103100E+003  0.109557150654260E+001  0.793152587428757E+002 -0.147116671174840E+001 -0.281831445952225E+001 -0.107536384819057E+002 -0.691048033088985E+002
  0.216025900232002E-025  0.141643193192280E+003 -0.818812839412482E+001  0.895155507903799E+002 -0.157507109639924E+001 -0.354409580619055E+001 -0.107536384819057E+002 -0.689984003534886E+002
  0.223688437335103E-025  0.141573481452445E+003 -0.102464647730036E+002  0.655143370972832E+002 -0.724851717601391E+000 -0.205707466136622E+001 -0.107536384819057E+002 -0.689635444835707E+002
  0.229663284889609E-025  0.141520761295198E+003 -0.187474209649591E+002  0.729311907016864E+002 -0.120589330417019E+001  0.353742599098556E+001 -0.107536384819057E+002 -0.689371844049473E+002
  0.257832844302747E-025  0.141289366840934E+003  0.973693403174619E+001  0.863181212229099E+002 -0.134104872324907E+001  0.377836431898994E+001 -0.107536384819057E+002 -0.688214871778152E+002
  0.259919715301236E-025  0.141273244218179E+003 -0.897438549639230E+001  0.491063088153888E+002 -0.245998370024846E+000 -0.199249085387313E+001 -0.107536384819057E+002 -0.688134258664378E+002
  0.265492328050919E-025  0.141230817922166E+003 -0.177418285442677E+002  0.695903425393136E+002 -0.913634673240086E+000 -0.465847548945590E+001 -0.107536384819057E+002 -0.687922127184314E+002
  0.267196299060013E-025  0.141218022628748E+003  0.204800242149487E+001  0.697513388295589E+002 -0.100373073743666E+001  0.340375476171038E+001 -0.107536384819057E+002 -0.687858150717225E+002
  0.290954450222706E-025  0.141047656357284E+003  0.116656812013201E+002  0.579210399856036E+002 -0.535510318440958E+000 -0.170245499813935E+001 -0.107536384819057E+002 -0.687006319359905E+002
  0.292147366893194E-025  0.141039473098034E+003 -0.624943126925676E+001  0.934471537839141E+002 -0.130836604647127E+001  0.338916178364302E+001 -0.107536384819057E+002 -0.686965403063651E+002
  0.297624526328074E-025  0.141002324383635E+003 -0.136239567315215E+002  0.698370711494211E+002 -0.105208558067477E+001 -0.464178422398426E+001 -0.107536384819057E+002 -0.686779659491659E+002
  0.298972258634853E-025  0.140993288233033E+003 -0.163175493231102E+002  0.436412069675692E+002 -0.298615798033178E+000 -0.717944980754464E+000 -0.107536384819057E+002 -0.686734478738649E+002
  0.299889148505956E-025  0.140987164007450E+003 -0.944250341099937E+001  0.804227465937640E+002 -0.106248471464379E+001  0.461843373431384E+000 -0.107536384819057E+002 -0.686703857610735E+002
  0.300244828546302E-025  0.140984793336263E+003 -0.156931039367849E+002  0.634081815823433E+002 -0.526481432097901E+000 -0.419063247317720E+001 -0.107536384819057E+002 -0.686692004254798E+002
  0.300609724579602E-025  0.140982364155515E+003  0.158277280666158E+002  0.686573589909735E+002 -0.110482233718711E+001 -0.373819459191873E+001 -0.107536384819057E+002 -0.686679858351060E+002
  0.301500103988228E-025  0.140976449088095E+003 -0.119688764933590E+002  0.934629088705502E+002 -0.118434041439954E+001 -0.433069703688096E+001 -0.107536384819057E+002 -0.686650283013957E+002
  0.315637203336679E-025  0.140884802883596E+003 -0.589594339273882E+001  0.862591510816569E+002 -0.128949681008038E+001 -0.804405438712999E+000 -0.107536384819057E+002 -0.686192051991466E+002
  0.322428855093543E-025  0.140842224795159E+003 -0.154672600857062E+002  0.590075151481069E+002 -0.334128664159232E+000 -0.456903359122161E+001 -0.107536384819057E+002 -0.685979161549278E+002
  0.330474211756667E-025  0.140792932553675E+003 -0.167795401253193E+002  0.838046696538886E+002 -0.153395368921007E+001 -0.201831626938112E+001 -0.107536384819057E+002 -0.685732700341861E+002
  0.349671960780336E-025  0.140679998890091E+003 -0.292327265155534E+001  0.690025075288863E+002 -0.107698130522060E+001 -0.245625403677017E+001 -0.107536384819057E+002 -0.685168032023937E+002
  0.368853843009362E-025  0.140573188857893E+003  0.468555192905772E+001  0.695565479149243E+002 -0.921554188133979E+000 -0.527980755932892E+000 -0.107536384819057E+002 -0.684633981862949E+002
  0.376523239309791E-025  0.140532030270376E+003 -0.154840994446658E+000  0.524790822525607E+002 -0.647287979458435E-001 -0.459043009441336E+001 -0.107536384819057E+002 -0.684428188925363E+002
  0.381710800195097E-025  0.140504663301567E+003 -0.933379594094107E+001  0.531451920881787E+002 -0.142919572013456E+000 -0.406983207868617E+001 -0.107536384819057E+002 -0.684291354081317E+002
  0.398530768090048E-025  0.140418420400212E+003  0.624147099530697E+001  0.701484659798315E+002 -0.930167886749361E+000 -0.343310579371595E+001 -0.107536384819057E+002 -0.683860139574543E+002
  0.413847712701909E-025  0.140342993685357E+003 -0.842591555036269E+001  0.505912017489698E+002 -0.397635922659223E+000 -0.123645014433806E+001 -0.107536384819057E+002 -0.683483006000268E+002
  0.438146546300250E-025  0.140228882940213E+003 -0.126294812045209E+002  0.464542596862173E+002 -0.294200044646201E+000 -0.112806932819585E+001 -0.107536384819057E+002 -0.682912452274548E+002
  0.454864511756114E-025  0.140153990613742E+003  0.129846958718692E+002  0.703577993478623E+002 -0.106874495616933E+001 -0.495245852540998E+001 -0.107536384819057E+002 -0.682537990642192E+002
  0.469945977624860E-025  0.140088754316487E+003 -0.502692403735678E+001  0.588716791406940E+002 -0.382767349063819E+000 -0.367267075490589E+001 -0.107536384819057E+002 -0.682211809155916E+002
  0.474580138871679E-025  0.140069128820267E+003  0.167144354807737E+002  0.895444608634643E+002 -0.162490378379456E+001 -0.234713495853877E+001 -0.107536384819057E+002 -0.682113681674821E+002
  0.524046825731783E-025  0.139870827725411E+003  0.685365813320621E+001  0.674687272106606E+002 -0.113085194545458E+001 -0.345470994772405E+001 -0.107536384819057E+002 -0.681122176200538E+002
  0.547263805108862E-025  0.139784127885406E+003 -0.119487087262197E+002  0.870068018278392E+002 -0.138455535019970E+001  0.457205901849861E+001 -0.107536384819057E+002 -0.680688677000514E+002
  0.579017918572344E-025  0.139671322961151E+003 -0.194874528565655E+002  0.718515648801614E+002 -0.128519793151417E+001 -0.120208926217668E+001 -0.107536384819057E+002 -0.680124652379237E+002
  0.583096515399946E-025  0.139657284365795E+003 -0.751326742712436E+001  0.715138960794143E+002 -0.136215509436087E+001 -0.154972190622141E+001 -0.107536384819057E+002 -0.680054459402460E+002
  0.640755646469207E-025  0.139468693455262E+003 -0.113739748428713E+002  0.885704662160521E+002 -0.124359825125003E+001  0.270398120055554E+001 -0.107536384819057E+002 -0.679111504849792E+002
  0.643929904077814E-025  0.139458810059073E+003 -0.328757907588725E+001  0.709316807644113E+002 -0.995576286766517E+000 -0.436487830693414E+001 -0.107536384819057E+002 -0.679062087868851E+002
  0.653595699062585E-025  0.139429011883950E+003  0.126563982299929E+002  0.999129068164660E+002 -0.133491221450507E+001  0.458013621692319E+001 -0.107536384819057E+002 -0.678913096993233E+002
  0.713148997990899E-025  0.139254609066391E+003 -0.695688960589293E+001  0.861759190067035E+002 -0.120280436120099E+001 -0.491635014633034E+001 -0.107536384819057E+002 -0.678041082905441E+002
  0.721543971492937E-025  0.139231203168421E+003  0.111627585679276E+000  0.639996729788113E+002 -0.860720958769622E+000  0.397587230854461E+000 -0.107536384819057E+002 -0.677924053415588E+002
  0.730251272992212E-025  0.139207212441246E+003  0.407282832213679E+001  0.945583878430919E+002 -0.130492643212921E+001  0.359529104130230E+001 -0.107536384819057E+002 -0.677804099779715E+002
  0.757932300789927E-025  0.139132801672811E+003  0.101083778698537E+002  0.703929014592137E+002 -0.889803133571771E+000 -0.140660016226620E+001 -0.107536384819057E+002 -0.677432045937541E+002
  0.773501182265739E-025  0.139092135413286E+003 -0.182926342818365E+002  0.735675291438243E+002 -0.117480773099749E+001 -0.466359602341968E+001 -0.107536384819057E+002 -0.677228714639914E+002
  0.774728342690710E-025  0.139088964925546E+003  0.173345860162621E+002  0.668576229044010E+002 -0.641976577055581E+000 -0.376174687472603E+001 -0.107536384819057E+002 -0.677212862201213E+002
  0.775159962878949E-025  0.139087850986695E+003  0.531039323046459E+001  0.711839147448983E+002 -0.102086112353507E+001 -0.452607941019731E+001 -0.107536384819057E+002 -0.677207292506960E+002
  0.855573460987252E-025  0.138890445892808E+003 -0.160985701817497E+002  0.981920058590131E+002 -0.121732909434321E+001  0.279154793215979E+001 -0.107536384819057E+002 -0.676220267037526E+002
  0.877186147539184E-025  0.138840551360755E+003 -0.734126817080785E+001  0.551342124314262E+002 -0.408078464848274E+000 -0.200061315728642E+001 -0.107536384819057E+002 -0.675970794377258E+002
  0.882580334740299E-025  0.138828290179172E+003  0.216203326971338E+001  0.979174354782618E+002 -0.471805478514558E-001  0.996599571340493E-001 -0.107536384819057E+002 -0.675909488469342E+002
  0.920117288978827E-025  0.138744987510360E+003  0.109020334871731E+002  0.722117057491837E+002 -0.105897628287647E+001  0.184932148964357E+001 -0.107536384819057E+002 -0.675492975125282E+002
  0.108511918862778E-024  0.138415099587812E+003 -0.107851455408065E+002  0.686069748291154E+002 -0.703973783131892E+000 -0.362601722894137E+001 -0.107536384819057E+002 -0.673843535512546E+002
  0.110171911567084E-024  0.138384735667709E+003 -0.157012061690347E+001  0.879316922158584E+002 -0.117817157686977E+001  0.208150020455585E+001 -0.107536384819057E+002 -0.673691715912030E+002
  0.110780343951574E-024  0.138373720909413E+003 -0.543573551666976E+001  0.706975593151538E+002 -0.107453459374349E+001 -0.240919935684131E+001 -0.107536384819057E+002 -0.673636642120551E+002
  0.123011872526429E-024  0.138164257873608E+003  0.575250202925128E+001  0.928227999067714E+002 -0.177342152997725E+001 -0.423449302593180E+001 -0.107536384819057E+002 -0.672589326941524E+002
  0.123880664548958E-024  0.138150182185151E+003 -0.168641021091704E+001  0.704999768514823E+002 -0.823775139120676E+000 -0.256603670559908E+001 -0.107536384819057E+002 -0.672518948499239E+002
  0.123953517318132E-024  0.138149006354267E+003  0.163611878078750E+002  0.665609225313518E+002 -0.117587556711461E+001 -0.241022720221543E+001 -0.107536384819057E+002 -0.672513069344821E+002
  0.130204539794638E-024  0.138050606430205E+003  0.116836883777950E+002  0.953953647390683E+002 -0.108951844923791E+001 -0.252382298009294E+001 -0.107536384819057E+002 -0.672021069724508E+002
  0.130553903454121E-024  0.138045247234711E+003 -0.850340096624593E+001  0.688997981489963E+002 -0.695725661171514E+000 -0.391850956190576E+001 -0.107536384819057E+002 -0.671994273747037E+002
  0.133650430576856E-024  0.137998364295737E+003  0.153885387747476E+002  0.814274368711291E+002 -0.163898046819917E+001 -0.256719619014364E+001 -0.107536384819057E+002 -0.671759859052171E+002
  0.141532628472740E-024  0.137883759063417E+003 -0.120732790408897E+002  0.540344494410574E+002 -0.150794134513732E+000 -0.399282249921733E+001 -0.107536384819057E+002 -0.671186832890569E+002
  0.141700236304840E-024  0.137881391995573E+003  0.151868405247963E+002  0.758567287711129E+002 -0.124623759554539E+001  0.448518270274221E+001 -0.107536384819057E+002 -0.671174997551347E+002
  0.144651040613624E-024  0.137840171173433E+003  0.188299250627053E+002  0.707149195398447E+002 -0.776334206355992E+000 -0.438628727449553E+001 -0.107536384819057E+002 -0.670968893440649E+002
  0.153093645947508E-024  0.137726720025900E+003 -0.288206356292193E+000  0.659986619988125E+002 -0.546975410836736E+000 -0.442637092345229E+001 -0.107536384819057E+002 -0.670401637702983E+002
  0.154711075614108E-024  0.137705700925926E+003 -0.545090335941920E+001  0.951123944264421E+002 -0.111931432642578E+001  0.166839806525827E+001 -0.107536384819057E+002 -0.670296542203113E+002
  0.159355122023496E-024  0.137646549257096E+003 -0.149378422861323E+002  0.709931279717853E+002 -0.963526312050739E+000  0.739585213556627E+000 -0.107536384819057E+002 -0.670000783858963E+002
  0.161374583557090E-024  0.137621363087102E+003 -0.679592079454445E+001  0.889571720882708E+002 -0.132949791929379E+001  0.403378960931259E+001 -0.107536384819057E+002 -0.669874853008995E+002
  0.171333841892829E-024  0.137501591734189E+003  0.152965579148857E+002  0.680757061850408E+002 -0.116000342919283E+001 -0.312532875216186E+001 -0.107536384819057E+002 -0.669275996244430E+002
  0.171583238038647E-024  0.137498682620536E+003 -0.160166675922232E+002  0.981803675286386E+002 -0.132910226952366E+001  0.465379720211637E+001 -0.107536384819057E+002 -0.669261450676164E+002
  0.172743769076446E-024  0.137485200838296E+003  0.158317804853099E+002  0.749718011138123E+002 -0.114632429782917E+001  0.283920090481477E+001 -0.107536384819057E+002 -0.669194041764965E+002
  0.173207065618475E-024  0.137479844044526E+003  0.186402593099703E+002  0.536727647770572E+002 -0.896249621342959E-001 -0.441357317609569E+001 -0.107536384819057E+002 -0.669167257796116E+002
  0.173898190708755E-024  0.137471879590044E+003  0.126495200752178E+002  0.699634652692473E+002 -0.716187464850428E+000 -0.431576612353764E+001 -0.107536384819057E+002 -0.669127435523706E+002
  0.222002841636786E-024  0.136983439260335E+003  0.184323492763848E+002  0.897639892693761E+002 -0.120031341009851E+001  0.241586438265815E+001 -0.107536384819057E+002 -0.666685233875157E+002
  0.225535027313679E-024  0.136951868666951E+003 -0.172502918054251E+002  0.904762590407221E+002 -0.181543956253672E+001 -0.426524891049105E+001 -0.107536384819057E+002 -0.666527380908238E+002
  0.237267149774244E-024  0.136850446183160E+003 -0.179297951801407E+002  0.727538488937752E+002 -0.105906376108125E+001 -0.354171669541794E+001 -0.107536384819057E+002 -0.666020268489283E+002
  0.248977023061035E-024  0.136754098393560E+003  0.101709524961987E+002  0.729525746167732E+002 -0.101852641998228E+001  0.388046658302830E+001 -0.107536384819057E+002 -0.665538529541281E+002
  0.249646608457827E-024  0.136748726920914E+003 -0.221072007237050E+001  0.928892649996831E+002 -0.177568337760478E+001 -0.292600741853481E+001 -0.107536384819057E+002 -0.665511672178054E+002
  0.261949456786166E-024  0.136652516480005E+003  0.915755267380826E+001  0.730198710811421E+002 -0.100101744923094E+001  0.469640625548013E-001 -0.107536384819057E+002 -0.665030619973507E+002
  0.271863763848848E-024  0.136578217479013E+003  0.317650110854907E+001  0.819633851555992E+002 -0.121244356353656E+001  0.282610436056848E+001 -0.107536384819057E+002 -0.664659124968549E+002
  0.272151654122869E-024  0.136576100698559E+003 -0.312981866156419E+001  0.879949933887318E+002 -0.125388413417776E+001  0.312508805243083E+001 -0.107536384819057E+002 -0.664648541066278E+002
  0.315074552320697E-024  0.136283201054533E+003 -0.176300389581545E+002  0.739039802694106E+002 -0.111027646009679E+001  0.422729744666433E+001 -0.107536384819057E+002 -0.663184042846150E+002
  0.323593805125958E-024  0.136229841541476E+003 -0.102349901400485E+002  0.679846451703119E+002 -0.619185967311458E+000 -0.374783311168329E+001 -0.107536384819057E+002 -0.662917245280864E+002
  0.327951747862896E-024  0.136203086649470E+003  0.661917390011488E+001  0.513758017773895E+002 -0.212758962425680E+000 -0.242977491107486E+001 -0.107536384819057E+002 -0.662783470820835E+002
  0.329151686697913E-024  0.136195782227635E+003  0.192907468813911E+002  0.907513282334440E+002 -0.134236397351366E+001  0.449031925022312E+001 -0.107536384819057E+002 -0.662746948711660E+002
  0.331122211244411E-024  0.136183844573259E+003 -0.128359602141107E+002  0.572907791432720E+002 -0.614017816777650E+000 -0.581894657164669E+000 -0.107536384819057E+002 -0.662687260439779E+002
  0.338292467729914E-024  0.136140998003291E+003 -0.192759152222121E+002  0.826035835704368E+002 -0.123939268407093E+001  0.323709077811803E+001 -0.107536384819057E+002 -0.662473027589938E+002
  0.339040479120641E-024  0.136136580608872E+003 -0.130034966121927E+002  0.550668507252693E+002 -0.489273466383154E+000 -0.114944969650140E+001 -0.107536384819057E+002 -0.662450940617843E+002
  0.358829124613847E-024  0.136023127025907E+003 -0.158935433428779E+002  0.734473519938018E+002 -0.104645949814501E+001 -0.263489220990165E+001 -0.107536384819057E+002 -0.661883672703020E+002
  0.391044119150837E-024  0.135851178843601E+003  0.511333400654351E+001  0.511665183196545E+002 -0.308252436183903E+000 -0.168376834282212E+001 -0.107536384819057E+002 -0.661023931791491E+002
  0.445462128998496E-024  0.135590595153371E+003 -0.697697995512855E+001  0.707252507135628E+002 -0.803176494857705E+000 -0.142045544320338E+001 -0.107536384819057E+002 -0.659721013340340E+002
  0.450200204740834E-024  0.135569434857747E+003 -0.613519915608059E+001  0.734125155266059E+002 -0.103935262220742E+001 -0.864652402930349E+000 -0.107536384819057E+002 -0.659615211862217E+002
  0.457372236511501E-024  0.135537824461730E+003  0.299692362134773E+001  0.798031300786321E+002 -0.169370572015384E+001 -0.346112894234249E+001 -0.107536384819057E+002 -0.659457159882135E+002
  0.468653826693073E-024  0.135489090851221E+003  0.323178637754421E+001  0.736618759930977E+002 -0.915214908484374E+000 -0.219870930570602E+001 -0.107536384819057E+002 -0.659213491829588E+002
  0.469697730815840E-024  0.135484640900474E+003  0.871341070816314E-001  0.706397351166507E+002 -0.728845945940948E+000 -0.301182689635242E+001 -0.107536384819057E+002 -0.659191242075856E+002
  0.481526262655892E-024  0.135434898077909E+003  0.186774387597211E+002  0.880556448992702E+002 -0.129301483950573E+001  0.387292370772235E+001 -0.107536384819057E+002 -0.658942527963028E+002
  0.530688520379809E-024  0.135240469107230E+003 -0.184773235861119E+002  0.741748943754397E+002 -0.102325126654120E+001 -0.185725458590005E+001 -0.107536384819057E+002 -0.657970383109632E+002
  0.539972562843017E-024  0.135205782966812E+003 -0.341870633843327E+001  0.997936169321480E+002 -0.786393231959103E+000 -0.256171534624727E+001 -0.107536384819057E+002 -0.657796952407543E+002
  0.567817517888407E-024  0.135105219432688E+003 -0.940931988349116E+001  0.999125082445413E+002 -0.101246363728233E+001 -0.323536073526176E+001 -0.107536384819057E+002 -0.657294134736925E+002
  0.627321987887953E-024  0.134905899732008E+003  0.102456662783221E+002  0.993136408971561E+002 -0.834994828064234E+000 -0.347362126799294E+001 -0.107536384819057E+002 -0.656297536233526E+002
  0.629332230245364E-024  0.134899501013751E+003 -0.156065318245107E+002  0.995500690101852E+002 -0.926985190111882E+000 -0.202356523433189E+001 -0.107536384819057E+002 -0.656265542642240E+002
  0.640057832574298E-024  0.134865702552910E+003  0.186730529590124E+002  0.996922452745076E+002 -0.101157605164905E+001 -0.255126883449059E+000 -0.107536384819057E+002 -0.656096550338032E+002
  0.660098252062909E-024  0.134804042242841E+003  0.884868080986509E+001  0.682795465282033E+002 -0.539838351301720E+000 -0.497565598471949E+001 -0.107536384819057E+002 -0.655788248787689E+002
  0.675219318163705E-024  0.134758744516453E+003 -0.144425867459973E+002  0.761006925758062E+002 -0.111066659576630E+001  0.279272555825677E+001 -0.107536384819057E+002 -0.655561760155748E+002
  0.681777935905151E-024  0.134739411628957E+003 -0.196689702255236E+001  0.939077156216000E+002 -0.109460073200894E+001  0.156802004574514E+001 -0.107536384819057E+002 -0.655465095718270E+002
  0.706530458372003E-024  0.134668086998581E+003 -0.105106685312766E+002  0.994671944915839E+002 -0.107834875527703E+001 -0.432885413276801E+001 -0.107536384819057E+002 -0.655108472566388E+002
  0.724554616381328E-024  0.134617705336549E+003  0.159208711668242E+002  0.714522569536228E+002 -0.130762380127620E+001 -0.445404139069256E+001 -0.107536384819057E+002 -0.654856564256229E+002
  0.742426406522178E-024  0.134568972124308E+003  0.713871887251891E+001  0.992489906604334E+002 -0.118703252724858E+001  0.410932930231015E+001 -0.107536384819057E+002 -0.654612898195022E+002
  0.788863185877601E-024  0.134447633816486E+003  0.192815160681247E+002  0.993054787414880E+002 -0.990439608226648E+000  0.440045888501387E+000 -0.107536384819057E+002 -0.654006206655913E+002
  0.811424722169137E-024  0.134391236386561E+003  0.172714067637164E+002  0.994871339431578E+002 -0.111811532136711E+001  0.370195510532437E+001 -0.107536384819057E+002 -0.653724219506288E+002
  0.832517940071533E-024  0.134339910081731E+003 -0.510822553938548E+001  0.573050097477219E+002 -0.485088797451812E+000 -0.146480657495265E+001 -0.107536384819057E+002 -0.653467587982139E+002
  0.850040948438697E-024  0.134298250578331E+003  0.106759551441153E+002  0.653318337410117E+002 -0.487826185321998E+000 -0.388675567015025E+001 -0.107536384819057E+002 -0.653259290465140E+002
  0.898764479805738E-024  0.134186777584337E+003 -0.152990554225007E+002  0.996818125821223E+002 -0.109161863969661E+001 -0.339104810846618E+001 -0.107536384819057E+002 -0.652701925495168E+002
  0.922401202994823E-024  0.134134859077937E+003 -0.511767311966720E+001  0.942296691982689E+002 -0.135886096842900E+001 -0.232608103876549E+001 -0.107536384819057E+002 -0.652442332963169E+002
  0.973426569024691E-024  0.134027174840046E+003  0.102940615587258E+002  0.754728149139880E+002 -0.105254358966551E+001  0.333799921265365E+001 -0.107536384819057E+002 -0.651903911773713E+002
  0.100136508691479E-023  0.133970580754221E+003  0.115553295100182E+002  0.988687966146796E+002 -0.101569903378507E+001 -0.383334995702045E-001 -0.107536384819057E+002 -0.651620941344589E+002
  0.100839897344766E-023  0.133956581269623E+003 -0.103053538382824E+002  0.996580783604393E+002 -0.656276456524708E+000 -0.310320736342495E+001 -0.107536384819057E+002 -0.651550943921596E+002
  0.103058195862744E-023  0.133913061764161E+003 -0.132850080310533E+002  0.993701947650386E+002 -0.741815410901616E+000 -0.229972836993762E+001 -0.107536384819057E+002 -0.651333346394291E+002
  0.106353575912469E-023  0.133850111108095E+003 -0.138896080337089E+002  0.987181096662025E+002 -0.103749500172274E+001 -0.244058302255840E+001 -0.107536384819057E+002 -0.651018593113961E+002
  0.106480001685192E-023  0.133847735058432E+003  0.967584062654783E+000  0.603471025818957E+002 -0.317866937046534E+000 -0.399450284132750E+001 -0.107536384819057E+002 -0.651006712865645E+002
  0.112045522338994E-023  0.133745838961914E+003 -0.539144747119306E+001  0.983182183753904E+002 -0.860499932581683E+000 -0.452923773895577E+001 -0.107536384819057E+002 -0.650497232383055E+002
  0.115394678960275E-023  0.133686932951296E+003  0.153146693698485E+002  0.875495044766572E+002 -0.169200345548800E+001 -0.377962180888126E+001 -0.107536384819057E+002 -0.650202702329965E+002
  0.118861038189950E-023  0.133627739309335E+003 -0.163557721285771E+002  0.754964384956954E+002 -0.963837848587241E+000 -0.105554742909678E+000 -0.107536384819057E+002 -0.649906734120161E+002
  0.119100017179226E-023  0.133623722197052E+003 -0.497541495790289E+001  0.736086460379643E+002 -0.886614977880021E+000 -0.407826874813394E+000 -0.107536384819057E+002 -0.649886648558744E+002
  0.119754519963112E-023  0.133612761477112E+003 -0.143914121276347E+002  0.747667545533615E+002 -0.110400995350220E+001 -0.137377037579297E+001 -0.107536384819057E+002 -0.649831844959043E+002
  0.121425508956205E-023  0.133585047478758E+003 -0.102736510765579E+002  0.984244985193837E+002 -0.952312297984176E+000 -0.287609733733538E+001 -0.107536384819057E+002 -0.649693274967274E+002
  0.121681838527529E-023  0.133580829923526E+003  0.168229812095758E+002  0.865651348349115E+002 -0.130209359636104E+001  0.454958179806696E+001 -0.107536384819057E+002 -0.649672187191115E+002
  0.124044172777089E-023  0.133542373969773E+003 -0.972126642947355E+001  0.793606550173049E+002 -0.113070392989017E+001 -0.413653371934704E+001 -0.107536384819057E+002 -0.649479907422349E+002
  0.129733630526679E-023  0.133452682733373E+003  0.621037968476238E+001  0.728637969357330E+002 -0.818972925757467E+000 -0.137055477121518E+001 -0.107536384819057E+002 -0.649031451240349E+002
  0.132401056548178E-023  0.133411978191374E+003  0.656060432503026E+001  0.691888157481850E+002 -0.130915117412170E+001 -0.466472658763099E+001 -0.107536384819057E+002 -0.648827928530355E+002
  0.133797942485641E-023  0.133390987898180E+003  0.111859327010014E+001  0.759207454103040E+002 -0.985199930687976E+000 -0.399886203949461E+001 -0.107536384819057E+002 -0.648722977064381E+002
  0.138288558852471E-023  0.133324964421811E+003 -0.255225061083937E+001  0.627773972507876E+002 -0.321578343611524E+000 -0.492989273978521E+001 -0.107536384819057E+002 -0.648392859682539E+002
  0.140219988325193E-023  0.133297224369222E+003  0.649496801992624E+001  0.980748277970687E+002 -0.105181104381861E+001  0.178278777744503E+001 -0.107536384819057E+002 -0.648254159419595E+002
  0.142838572528520E-023  0.133260219179905E+003  0.135396521396324E+002  0.837242424755686E+002 -0.107062048270341E+001  0.138048727163005E+001 -0.107536384819057E+002 -0.648069133473010E+002
  0.143447150458160E-023  0.133251716082510E+003  0.812616790311053E+001  0.795436013358756E+002 -0.109494612898815E+001  0.189001268680762E+001 -0.107536384819057E+002 -0.648026617986034E+002
  0.144668434143550E-023  0.133234760512379E+003  0.173811318820159E+001  0.760845181917609E+002 -0.997327517056247E+000  0.343562089452065E+001 -0.107536384819057E+002 -0.647941840135379E+002
  0.147358385884067E-023  0.133197914200476E+003 -0.155002379386492E+002  0.980453551681988E+002 -0.950537561312272E+000 -0.398773067268518E+001 -0.107536384819057E+002 -0.647757608575862E+002
  0.149916693068607E-023  0.133163489917712E+003  0.181464953009129E+002  0.940783873392336E+002 -0.156966255732900E+001 -0.340378883622673E+001 -0.107536384819057E+002 -0.647585487162044E+002
  0.152411696688914E-023  0.133130478657789E+003  0.132713025543067E+002  0.981442367676520E+002 -0.761248672638724E+000 -0.279993751118859E+001 -0.107536384819057E+002 -0.647420430862430E+002
  0.152501763739929E-023  0.133129297115282E+003  0.496865829445433E+001  0.761925004567959E+002 -0.999059250137194E+000  0.198905665742824E+001 -0.107536384819057E+002 -0.647414523149894E+002
  0.152791182873678E-023  0.133125505095536E+003 -0.179303484976231E+002  0.761981912594307E+002 -0.100683042599816E+001  0.386224638909396E+001 -0.107536384819057E+002 -0.647395563051165E+002
  0.156494459313097E-023  0.133077608227052E+003 -0.169547328267661E+002  0.979655382130045E+002 -0.784822516310070E+000 -0.269670533495056E+001 -0.107536384819057E+002 -0.647156078708744E+002
  0.156665812145372E-023  0.133075419534999E+003  0.577496201837972E+001  0.781591208642038E+002 -0.118158750261120E+001  0.471474489336221E+001 -0.107536384819057E+002 -0.647145135248478E+002
  0.162905219784373E-023  0.132997312322319E+003 -0.129426167396489E+002  0.806283248038356E+002 -0.170817489670818E+001 -0.328413400898519E+001 -0.107536384819057E+002 -0.646754599185079E+002
  0.163557231800703E-023  0.132989323496896E+003 -0.167659936744558E+001  0.554977265454600E+002 -0.159514873798706E+000 -0.381000607096911E+001 -0.107536384819057E+002 -0.646714655057961E+002
  0.166293399800922E-023  0.132956142044454E+003  0.447210224652933E+001  0.952116586522269E+002 -0.121819857908776E+001  0.372332578327938E+001 -0.107536384819057E+002 -0.646548747795756E+002
  0.172486941338090E-023  0.132883006375823E+003 -0.119962065297433E+002  0.583409445921468E+002 -0.318070928370110E+000 -0.313654821562872E+001 -0.107536384819057E+002 -0.646183069452597E+002
  0.176642324072478E-023  0.132835395598028E+003 -0.187749417301739E+002  0.836086897521774E+002 -0.130070917149188E+001 -0.412405840964451E+001 -0.107536384819057E+002 -0.645945015563623E+002
  0.177610794865173E-023  0.132824460217040E+003  0.897192591248654E+001  0.589248198073714E+002 -0.284583376631986E+000 -0.368413826214582E+001 -0.107536384819057E+002 -0.645890338658683E+002
  0.183357945785510E-023  0.132760768977685E+003  0.403151295409106E+000  0.697405610832235E+002 -0.588224433572617E+000 -0.399248954102891E+001 -0.107536384819057E+002 -0.645571882461908E+002
  0.186574291510725E-023  0.132725990426924E+003  0.927152919526729E+001  0.975836890710740E+002 -0.965429390463124E+000 -0.398064558082412E+001 -0.107536384819057E+002 -0.645397989708105E+002
  0.188208432325011E-023  0.132708549375708E+003  0.643774108764474E+001  0.963268869844383E+002 -0.107874887597052E+001  0.180808701390192E+001 -0.107536384819057E+002 -0.645310784452026E+002
  0.188366780904137E-023  0.132706867389397E+003  0.165654256266446E+002  0.685219268392035E+002 -0.608233386616102E+000 -0.294351316753109E+001 -0.107536384819057E+002 -0.645302374520469E+002
  0.198034279328764E-023  0.132606769150993E+003  0.281940030488267E+001  0.844663962538675E+002 -0.120503091035604E+001  0.325584783065735E+001 -0.107536384819057E+002 -0.644801883328450E+002
  0.198459262239857E-023  0.132602481736150E+003 -0.155930573994197E+002  0.990642474927022E+002 -0.508144109739491E+000 -0.441493195059733E+001 -0.107536384819057E+002 -0.644780446254234E+002
  0.201143937442907E-023  0.132575607921342E+003 -0.650963682182726E+001  0.974316402513371E+002 -0.983854793807064E+000 -0.486451099506811E+000 -0.107536384819057E+002 -0.644646077180196E+002
  0.202394423681284E-023  0.132563212666155E+003 -0.106566707398434E+002  0.759956803268516E+002 -0.834704680986153E+000 -0.456065533549539E+001 -0.107536384819057E+002 -0.644584100904257E+002
  0.203691430160325E-023  0.132550436935337E+003  0.821359774287547E+001  0.698608523440629E+002 -0.573539675886451E+000 -0.427498181534641E+001 -0.107536384819057E+002 -0.644520222250169E+002
  0.204593484585156E-023  0.132541599421532E+003  0.995799863429628E+001  0.971389101470097E+002 -0.873579100911885E+000 -0.477458603753262E+001 -0.107536384819057E+002 -0.644476034681146E+002
  0.218286619058613E-023  0.132412031507129E+003 -0.160689050020011E+002  0.972649270558809E+002 -0.986776329018559E+000  0.715439190335801E+000 -0.107536384819057E+002 -0.643828195109131E+002
  0.223735505948377E-023  0.132362720283914E+003  0.909507928817906E+001  0.769135773237223E+002 -0.102623639499129E+001 -0.621978037555238E+000 -0.107536384819057E+002 -0.643581638993053E+002
  0.223760924642580E-023  0.132362493075896E+003  0.205274369103098E+001  0.802122202828148E+002 -0.125660954933110E+001 -0.703809967161451E+000 -0.107536384819057E+002 -0.643580502952964E+002
  0.225772197453456E-023  0.132344596408152E+003  0.188867761427980E+002  0.808667072710961E+002 -0.129919918009404E+001 -0.412798737328475E+001 -0.107536384819057E+002 -0.643491019614244E+002
  0.226164860453531E-023  0.132341121029517E+003 -0.189295346890016E+001  0.717218758810367E+002 -0.111183836970724E+001 -0.133231475412131E+001 -0.107536384819057E+002 -0.643473642721068E+002
  0.241759327096307E-023  0.132207764007926E+003  0.313785879862329E+001  0.772026166908330E+002 -0.101840454240989E+001  0.382559579260429E+001 -0.107536384819057E+002 -0.642806857613113E+002
  0.243875658385468E-023  0.132190332441011E+003 -0.847361074189885E+001  0.767287203597197E+002 -0.897208250577374E+000 -0.261729329507984E+001 -0.107536384819057E+002 -0.642719699778539E+002
  0.250732325637409E-023  0.132134877561528E+003 -0.356352288244731E+001  0.772608178268886E+002 -0.102287155132890E+001 -0.499537067244972E+001 -0.107536384819057E+002 -0.642442425381123E+002
  0.268476186521079E-023  0.131998124999821E+003 -0.107077209023941E+002  0.967662367071582E+002 -0.112611517770292E+001  0.359805260059139E+001 -0.107536384819057E+002 -0.641758662572588E+002
  0.269125688087086E-023  0.131993292413383E+003 -0.192170269279713E+002  0.763553151013176E+002 -0.810911751569231E+000 -0.472525283918259E+001 -0.107536384819057E+002 -0.641734499640400E+002
  0.279220691360602E-023  0.131919644483059E+003  0.481296402432521E+001  0.976629836303377E+002 -0.641143695083021E+000 -0.377729258377507E+001 -0.107536384819057E+002 -0.641366259988777E+002
  0.282285185883770E-023  0.131897813723496E+003 -0.514529469423896E+001  0.965132862027737E+002 -0.843243709604937E+000 -0.260743517687060E+001 -0.107536384819057E+002 -0.641257106190962E+002
  0.288584725152135E-023  0.131853672003182E+003  0.947326148506354E+001  0.997315014501830E+002 -0.775075474180108E+000 -0.888309409396150E+000 -0.107536384819057E+002 -0.641036397589394E+002
  0.296394371126723E-023  0.131800267633377E+003 -0.279079888857907E+001  0.781618312948979E+002 -0.104578718054724E+001  0.236010948703259E+000 -0.107536384819057E+002 -0.640769375740366E+002
  0.296772202716236E-023  0.131797719737677E+003  0.737227017943869E+001  0.966007780955933E+002 -0.107617720663757E+001 -0.371015850193470E+001 -0.107536384819057E+002 -0.640756636261870E+002
  0.300899656132192E-023  0.131770095756583E+003  0.136056118008987E+002  0.992771067354919E+002 -0.196196198459308E+001 -0.382808296415488E+001 -0.107536384819057E+002 -0.640618516356400E+002
  0.314736251241943E-023  0.131680179457356E+003 -0.624872646031717E+001  0.711586641580593E+002 -0.630114319791436E+000 -0.351158347568765E+001 -0.107536384819057E+002 -0.640168934860262E+002
  0.316806138445654E-023  0.131667069365940E+003  0.191747022195975E+002  0.779867174247471E+002 -0.105621380041447E+001  0.388080012175253E+001 -0.107536384819057E+002 -0.640103384403184E+002
  0.318971206150706E-023  0.131653447766538E+003  0.143454129474537E+002  0.778563021596199E+002 -0.101371585224977E+001  0.234731722171599E+001 -0.107536384819057E+002 -0.640035276406172E+002
  0.327627001133113E-023  0.131599897899011E+003  0.492679701197977E+001  0.767995480557764E+002 -0.110572906171078E+001 -0.426191255067146E+001 -0.107536384819057E+002 -0.639767527068540E+002
  0.340266526892996E-023  0.131524191011968E+003  0.274468072091359E+000  0.775189557654841E+002 -0.987459118760561E+000  0.886888674779959E+000 -0.107536384819057E+002 -0.639388992633322E+002
  0.344150448029303E-023  0.131501491616885E+003  0.601984700016133E+001  0.962790268580245E+002 -0.103930214753310E+001  0.357189192177049E+001 -0.107536384819057E+002 -0.639275495657911E+002
  0.375246665365716E-023  0.131328482270178E+003 -0.105904977461881E+002  0.786298554922925E+002 -0.156173028355372E+001 -0.257225013502420E+001 -0.107536384819057E+002 -0.638410448924374E+002
  0.381853401038730E-023  0.131293575902189E+003  0.471966232823021E+001  0.867337199124535E+002 -0.115208801408797E+001  0.255510556517741E+001 -0.107536384819057E+002 -0.638235917084428E+002
  0.381998636933882E-023  0.131292815357530E+003 -0.161805686943335E+002  0.820925303636355E+002 -0.114455332160926E+001  0.292393717727262E+001 -0.107536384819057E+002 -0.638232114361134E+002
  0.383872150682462E-023  0.131283030325820E+003 -0.166833457017819E+002  0.965068787245241E+002 -0.736970815235670E+000 -0.308587790460470E+001 -0.107536384819057E+002 -0.638183189202582E+002
  0.385215837449055E-023  0.131276041850355E+003  0.100900358952069E+002  0.753029147299623E+002 -0.755147711190399E+000 -0.335851216915649E+001 -0.107536384819057E+002 -0.638148246825260E+002
  0.386001952110721E-023  0.131271964584791E+003  0.179783697498678E+002  0.910200847616678E+002 -0.138973296112625E+000  0.378735662527472E+000 -0.107536384819057E+002 -0.638127860497440E+002
  0.386320743511574E-023  0.131270313505931E+003 -0.168799126431892E+002  0.955362967853788E+002 -0.138478619367982E+001 -0.244735511435791E+001 -0.107536384819057E+002 -0.638119605103140E+002
  0.393662780756234E-023  0.131232660125434E+003 -0.159514227035771E+002  0.959051682986936E+002 -0.111731955392493E+001  0.379323704754164E+001 -0.107536384819057E+002 -0.637931338200652E+002
  0.396091124371934E-023  0.131220360844592E+003  0.161928215867527E+002  0.906267022538783E+002 -0.127554300820688E+001  0.492772763615833E+001 -0.107536384819057E+002 -0.637869841796446E+002
  0.414846522949703E-023  0.131127832183036E+003  0.120307706369059E+002  0.886517405084667E+002 -0.147152111027684E+001 -0.282205604528708E+001 -0.107536384819057E+002 -0.637407198488664E+002
  0.419907705368012E-023  0.131103579562248E+003 -0.149364156659959E+002  0.968972463523475E+002 -0.112221021765495E+001 -0.450666163196337E+001 -0.107536384819057E+002 -0.637285935384725E+002
  0.420507289263593E-023  0.131100725810227E+003  0.102083216727259E+002  0.782287574714629E+002 -0.912128021106205E+000 -0.299838429424738E+001 -0.107536384819057E+002 -0.637271666624621E+002
  0.424342847921548E-023  0.131082565974105E+003  0.522067779516104E+001  0.780678294588107E+002 -0.117327211848754E+001 -0.197680048984647E+001 -0.107536384819057E+002 -0.637180867444009E+002
  0.424574189713745E-023  0.131081475918009E+003 -0.135888320960705E+002  0.782803391407380E+002 -0.107828525786732E+001 -0.408462554423947E+001 -0.107536384819057E+002 -0.637175417163530E+002
  0.428438880860474E-023  0.131063353252726E+003  0.134201017242233E+002  0.586815582844313E+002 -0.556411201597179E+000 -0.926561041594751E+000 -0.107536384819057E+002 -0.637084803837113E+002
  0.434593764145952E-023  0.131034825999801E+003 -0.177363990891989E+002  0.664355682394352E+002 -0.444532117057064E+000 -0.420040330778704E+001 -0.107536384819057E+002 -0.636942167572490E+002
  0.442172820890018E-023  0.131000247831965E+003 -0.157837852571836E+002  0.601717258671512E+002 -0.454986175302050E+000 -0.204989700607115E+001 -0.107536384819057E+002 -0.636769276733309E+002
  0.449233119795854E-023  0.130968565536720E+003 -0.154361370148941E+001  0.955225465099563E+002 -0.100514881040758E+001 -0.479525181661161E+001 -0.107536384819057E+002 -0.636610865257084E+002
  0.455139170180682E-023  0.130942442956835E+003  0.294878770754550E+001  0.937042708418051E+002 -0.117727927533338E+001  0.364375861002400E+001 -0.107536384819057E+002 -0.636480252357660E+002
  0.464491921203096E-023  0.130901761106970E+003  0.193003100483767E+002  0.663642867555351E+002 -0.469415459486367E+000 -0.375018326529805E+001 -0.107536384819057E+002 -0.636276843108334E+002
  0.469155061834313E-023  0.130881782766157E+003 -0.548043033061544E+001  0.961682213885143E+002 -0.175115884601051E+001 -0.402283582769059E+001 -0.107536384819057E+002 -0.636176951404269E+002
  0.484137556805358E-023  0.130818911289033E+003 -0.104285187014100E+002  0.898856437888860E+002 -0.104089009803046E+001 -0.220462605220092E+000 -0.107536384819057E+002 -0.635862594018651E+002
  0.488874446354633E-023  0.130799438037086E+003 -0.677693314508827E+001  0.694965905855141E+002 -0.490873959419794E+000 -0.490475330126489E+001 -0.107536384819057E+002 -0.635765227758913E+002
  0.495677028624139E-023  0.130771800312927E+003  0.183927238928627E+002  0.617637411780423E+002 -0.480611317814384E+000 -0.214159218479616E+001 -0.107536384819057E+002 -0.635627039138118E+002
  0.496726939021941E-023  0.130767568524970E+003 -0.752215229467725E+001  0.550316034640689E+002 -0.727438025328683E+000  0.354950591046071E+000 -0.107536384819057E+002 -0.635605880198336E+002
  0.502628936044287E-023  0.130743945045933E+003  0.750475205677039E+001  0.799735846846107E+002 -0.108953750077854E+001  0.300419341751675E+001 -0.107536384819057E+002 -0.635487762803150E+002
  0.510151196658995E-023  0.130714235146621E+003  0.127455416972389E+002  0.951716781904876E+002 -0.100788536101533E+001 -0.147187830717531E+001 -0.107536384819057E+002 -0.635339213306589E+002
  0.542808171917209E-023  0.130590137472331E+003 -0.178959134961062E+002  0.765735845032305E+002 -0.937745187399871E+000  0.477499419765356E+000 -0.107536384819057E+002 -0.634718724935139E+002
  0.549898620736921E-023  0.130564181567652E+003 -0.169760380754291E+002  0.435856283261127E+002 -0.613718858582857E-001 -0.132651058835215E+001 -0.107536384819057E+002 -0.634588945411742E+002
  0.550420485338602E-023  0.130562284428402E+003 -0.260325294377768E+001  0.805813830239336E+002 -0.115023649501799E+001  0.491810073083438E+001 -0.107536384819057E+002 -0.634579459715494E+002
  0.553789738530611E-023  0.130550079275523E+003  0.193424743271431E+002  0.996940326048391E+002 -0.451927030047317E+000 -0.361046600545209E+001 -0.107536384819057E+002 -0.634518433951097E+002
  0.555483405357829E-023  0.130543971967678E+003 -0.180271449692569E+002  0.947798037162914E+002 -0.914611225097634E+000 -0.236665480760228E+001 -0.107536384819057E+002 -0.634487897411875E+002
  0.559279666308711E-023  0.130530350147140E+003 -0.116627621450974E+001  0.707029233359826E+002 -0.553042912936481E+000 -0.427592605076972E+001 -0.107536384819057E+002 -0.634419788309186E+002
  0.560447743035644E-023  0.130526177427456E+003 -0.769480031166761E+001  0.948738608174665E+002 -0.974013353886741E+000 -0.149200641957719E+001 -0.107536384819057E+002 -0.634398924710762E+002
  0.573510457682586E-023  0.130480097095766E+003  0.190029696492658E+002  0.973955122565161E+002 -0.660838925002700E+000 -0.276586862635908E+001 -0.107536384819057E+002 -0.634168523052313E+002
  0.574969133334004E-023  0.130475016721862E+003  0.602124710746164E+001  0.910858699539248E+002 -0.156514916360416E+001 -0.329209731568063E+001 -0.107536384819057E+002 -0.634143121182795E+002
  0.579817258936624E-023  0.130458223472066E+003  0.102634127942346E+002  0.548175821544056E+002 -0.196173751050309E+000 -0.298457445392174E+001 -0.107536384819057E+002 -0.634059154933814E+002
  0.581397603630032E-023  0.130452779705473E+003 -0.170627571294548E+002  0.922136212225440E+002 -0.123975402378992E+001  0.495377302517866E+001 -0.107536384819057E+002 -0.634031936100848E+002
  0.588786643827704E-023  0.130427521671377E+003 -0.232580314580743E+001  0.789770664637153E+002 -0.874465593173652E+000 -0.439543200470073E+001 -0.107536384819057E+002 -0.633905645930368E+002
  0.589351828200406E-023  0.130425602764799E+003 -0.110852333129260E+002  0.592533317141248E+002 -0.238439387325222E+000 -0.395581847469468E+001 -0.107536384819057E+002 -0.633896051397477E+002
  0.625770860105940E-023  0.130305680906414E+003 -0.134222425890979E+002  0.992040506645569E+002 -0.694408060628366E+000 -0.152855363715085E+001 -0.107536384819057E+002 -0.633296442105554E+002
  0.631828917944380E-023  0.130286412122167E+003  0.121689501860935E+002  0.943848812486889E+002 -0.849075620736037E+000 -0.342756730857824E+001 -0.107536384819057E+002 -0.633200098184317E+002
  0.644469565430436E-023  0.130246794239701E+003  0.655593745661250E+001  0.801644462644943E+002 -0.107452929109144E+001  0.356830826598855E+001 -0.107536384819057E+002 -0.633002008771988E+002
  0.654237619571868E-023  0.130216708201966E+003  0.121306762259822E+002  0.754128390755160E+002 -0.776762348797183E+000 -0.203606789161101E+001 -0.107536384819057E+002 -0.632851578583311E+002
  0.655993124019809E-023  0.130211348823835E+003  0.124481132204697E+002  0.764484737078614E+002 -0.107213081544106E+001 -0.171191168378983E+001 -0.107536384819057E+002 -0.632824781692657E+002
  0.656033713918878E-023  0.130211225076674E+003  0.119785589098818E+002  0.798029374319955E+002 -0.101226831931449E+001  0.357205797400087E+001 -0.107536384819057E+002 -0.632824162956852E+002
  0.656272383722045E-023  0.130210497594553E+003  0.135942725593714E+002  0.824430879301529E+002 -0.109997690053301E+001 -0.322865462817389E+001 -0.107536384819057E+002 -0.632820525546247E+002
  0.663456190947450E-023  0.130188723789490E+003 -0.114351099648305E+002  0.949628073891186E+002 -0.789131436921669E+000 -0.267293362847048E+001 -0.107536384819057E+002 -0.632711656520934E+002
  0.665542819389782E-023  0.130182443483363E+003  0.511248301518490E+001  0.976388728010432E+002 -0.109011257447621E+001 -0.152780664173477E+001 -0.107536384819057E+002 -0.632680254990298E+002
  0.666378078278405E-023  0.130179935049117E+003 -0.168446236145185E+002  0.811562285163355E+002 -0.114897870984441E+001  0.497019908262000E+001 -0.107536384819057E+002 -0.632667712819068E+002
  0.668492985355268E-023  0.130173597631507E+003 -0.232277970322311E+000  0.943485431541384E+002 -0.963420217131984E+000 -0.467866973340999E+001 -0.107536384819057E+002 -0.632636025731018E+002
  0.671697824028921E-023  0.130164032292720E+003 -0.165323556499511E+002  0.796196864080397E+002 -0.914240432893370E+000 -0.367803776741334E+001 -0.107536384819057E+002 -0.632588199037085E+002
  0.679861739362549E-023  0.130139870532198E+003 -0.516914028207520E+001  0.692610083936910E+002 -0.736713808106012E+000 -0.822121194864623E+000 -0.107536384819057E+002 -0.632467390234476E+002
  0.701191278973270E-023  0.130078088006896E+003 -0.111585328169061E+002  0.933399633754966E+002 -0.104290189795531E+001  0.149408205887567E+001 -0.107536384819057E+002 -0.632158477607965E+002
  0.708608008806217E-023  0.130057044448934E+003 -0.147409473943929E+002  0.940498626863358E+002 -0.109638636246537E+001  0.319328159144181E+001 -0.107536384819057E+002 -0.632053259818152E+002
  0.713879041083866E-023  0.130042222362776E+003  0.140769434960059E+002  0.795497147910183E+002 -0.888480590188612E+000 -0.340656537019790E+001 -0.107536384819057E+002 -0.631979149387364E+002
  0.732636240084314E-023  0.129990350804487E+003 -0.272397280018448E+001  0.777010936665296E+002 -0.827283064034057E+000 -0.212592681279547E+001 -0.107536384819057E+002 -0.631719791595919E+002
  0.739830589739938E-023  0.129970806983848E+003 -0.105757897067543E+002  0.941594162983519E+002 -0.877466216985680E+000 -0.174893952840118E+001 -0.107536384819057E+002 -0.631622072492725E+002
  0.743151338351291E-023  0.129961850019239E+003 -0.180843965279679E+001  0.899979047728539E+002 -0.113412415040310E+001  0.267787134283818E+001 -0.107536384819057E+002 -0.631577287669677E+002
  0.763384573631602E-023  0.129908125572948E+003  0.156288156780898E+002  0.945166183224987E+002 -0.110380299934854E+001 -0.450594757586386E+001 -0.107536384819057E+002 -0.631308665438222E+002
  0.778107034890019E-023  0.129869921254869E+003 -0.162580123382305E+002  0.804082145186745E+002 -0.103649725109802E+001  0.388700326179811E+001 -0.107536384819057E+002 -0.631117643847827E+002
  0.784938556734858E-023  0.129852438552171E+003  0.603145571698651E+001  0.939190324614193E+002 -0.104080513893035E+001  0.453955869310774E+001 -0.107536384819057E+002 -0.631030230334340E+002
  0.804609883672837E-023  0.129802934351462E+003 -0.109148234474599E+002  0.936416109636880E+002 -0.915946302000578E+000 -0.349147784629698E+001 -0.107536384819057E+002 -0.630782709330792E+002
  0.832196475742191E-023  0.129735512314916E+003  0.249490655918758E+001  0.936995037729200E+002 -0.866089708085799E+000 -0.235282156939093E+001 -0.107536384819057E+002 -0.630445599148066E+002
  0.834410360131955E-023  0.129730198798509E+003  0.621725399907942E+001  0.937296185009147E+002 -0.811370825392898E+000 -0.353585594597214E+001 -0.107536384819057E+002 -0.630419031566027E+002
  0.837094376313382E-023  0.129723775799088E+003 -0.561653320178272E+001  0.936462859990394E+002 -0.106919226531885E+001 -0.394102838106829E+001 -0.107536384819057E+002 -0.630386916568926E+002
  0.846053657693284E-023  0.129702483872730E+003  0.180179382996974E+002  0.806164409690049E+002 -0.980662643181685E+000 -0.416457315223286E+001 -0.107536384819057E+002 -0.630280456937134E+002
  0.854119852951852E-023  0.129683506384306E+003  0.103443522181321E+002  0.935783384742033E+002 -0.100782036539672E+001  0.396207435350056E+001 -0.107536384819057E+002 -0.630185569495013E+002
  0.856202713380618E-023  0.129678635112654E+003  0.166886485312743E+002  0.806779279545229E+002 -0.100901680814671E+001  0.201024818867966E+001 -0.107536384819057E+002 -0.630161213136752E+002
  0.856340677834608E-023  0.129678312868079E+003 -0.156687162140601E+002  0.953171070263832E+002 -0.598472895987954E+000 -0.479767894493528E+001 -0.107536384819057E+002 -0.630159601913877E+002
  0.859514360236415E-023  0.129670914373566E+003 -0.122818710264032E+002  0.949400711669516E+002 -0.816245198541016E+000 -0.157567713660059E+001 -0.107536384819057E+002 -0.630122609441313E+002
  0.863217138756908E-023  0.129662316900948E+003 -0.133392083076051E+002  0.734117103651509E+002 -0.118748823086218E+001 -0.399394551505368E+001 -0.107536384819057E+002 -0.630079622078225E+002
  0.879251350384112E-023  0.129625507823880E+003 -0.119593632531670E+002  0.834703203195705E+002 -0.147119027338575E+001 -0.188671912368299E+001 -0.107536384819057E+002 -0.629895576692885E+002
  0.891311814998425E-023  0.129598260784328E+003  0.138671937722976E+002  0.934118964447507E+002 -0.101520802252679E+001 -0.907719164986815E+000 -0.107536384819057E+002 -0.629759341495123E+002
  0.929148193900714E-023  0.129515112946461E+003 -0.137934511767376E+002  0.780737658641637E+002 -0.740395425867777E+000 -0.465651612106976E+001 -0.107536384819057E+002 -0.629343602305788E+002
  0.940407004026914E-023  0.129491023909136E+003 -0.157053362747339E+002  0.420150599068966E+002 -0.158302742970790E+000 -0.697461402055291E+000 -0.107536384819057E+002 -0.629223157119164E+002
  0.945942707331984E-023  0.129479285429971E+003 -0.183616344739221E+002  0.962032722668740E+002 -0.505517144134046E+000 -0.499921702260061E+001 -0.107536384819057E+002 -0.629164464723339E+002
  0.949708138483674E-023  0.129471340008772E+003 -0.182399880052050E+001  0.982240729485597E+002 -0.191543857713755E+001 -0.369658685964124E+001 -0.107536384819057E+002 -0.629124737617344E+002
  0.963453457066927E-023  0.129442601077095E+003 -0.132653614079743E+002  0.876338091256770E+002 -0.121434561977608E+001  0.478760301490751E+001 -0.107536384819057E+002 -0.628981042958960E+002
  0.966872657829152E-023  0.129435515840436E+003 -0.170408997917850E+002  0.933700560611855E+002 -0.750715887709078E+000 -0.471895207882364E+001 -0.107536384819057E+002 -0.628945616775666E+002
  0.972474755638981E-023  0.129423961204371E+003 -0.127579562583145E+002  0.976545923319381E+002 -0.700608739536840E+000 -0.176197790218277E+001 -0.107536384819057E+002 -0.628887843595339E+002
  0.975376158747975E-023  0.129418003037381E+003  0.105085840665721E+002  0.879178385769025E+002 -0.107744655863271E+001  0.180840556468280E+001 -0.107536384819057E+002 -0.628858052760390E+002
  0.103407026111370E-022  0.129301133431165E+003  0.108403105176129E+001  0.928912334587527E+002 -0.101780595384932E+001  0.275690930191336E+001 -0.107536384819057E+002 -0.628273704729309E+002
  0.105537987901936E-022  0.129260337326261E+003 -0.335948851411328E+001  0.820288484981157E+002 -0.108069156706271E+001  0.361177354815034E+001 -0.107536384819057E+002 -0.628069724204791E+002
  0.110181594638136E-022  0.129174219522337E+003 -0.173812971086143E+002  0.816082298282577E+002 -0.101989415182524E+001 -0.408792043805219E+001 -0.107536384819057E+002 -0.627639135185166E+002
  0.110589309345697E-022  0.129166832404492E+003  0.175529897448534E+002  0.673403045702747E+002 -0.445346801081949E+000 -0.407665066791133E+001 -0.107536384819057E+002 -0.627602199595945E+002
  0.113802425957779E-022  0.129109551573879E+003  0.362423564152823E+001  0.933575286159472E+002 -0.812901573063301E+000 -0.240886611121606E+001 -0.107536384819057E+002 -0.627315795442877E+002
  0.114310948553511E-022  0.129100634544104E+003 -0.528647356513161E+001  0.867255116043024E+002 -0.115587208208134E+001  0.368934602224984E+001 -0.107536384819057E+002 -0.627271210294005E+002
  0.114458272563500E-022  0.129098058602644E+003 -0.192887503610158E+002  0.795258389781389E+002 -0.108370575217713E+001 -0.287732098644698E+001 -0.107536384819057E+002 -0.627258330586706E+002
  0.116846720512890E-022  0.129056753262661E+003  0.155059431310752E+002  0.900889879094646E+002 -0.180098666590904E+001 -0.329903538678038E+001 -0.107536384819057E+002 -0.627051803886788E+002
  0.118769230980217E-022  0.129024114502471E+003  0.205649008907515E+001  0.819341221333652E+002 -0.100488913818931E+001 -0.413486336541474E+001 -0.107536384819057E+002 -0.626888610085840E+002
  0.124013789524174E-022  0.128937693721746E+003 -0.116283155238289E+000  0.868253957920876E+002 -0.118169205596292E+001  0.460909369184143E+001 -0.107536384819057E+002 -0.626456506182214E+002
  0.126279560020920E-022  0.128901482893213E+003 -0.858870494887115E+001  0.817017687883029E+002 -0.103792499150286E+001 -0.130812514207863E+000 -0.107536384819057E+002 -0.626275452039548E+002
  0.128639062629081E-022  0.128864458215015E+003  0.110463334100402E+002  0.919527103276532E+002 -0.101532812365245E+001  0.327347246836095E+001 -0.107536384819057E+002 -0.626090328648560E+002
  0.132365958882256E-022  0.128807338247661E+003  0.114296338346043E+002  0.950633121069809E+002 -0.548508954128121E+000 -0.493518141808351E+001 -0.107536384819057E+002 -0.625804728811788E+002
  0.132787861430972E-022  0.128800973596316E+003 -0.509421113801415E+001  0.982962919487575E+002 -0.435843573519269E+000 -0.393933696624938E+001 -0.107536384819057E+002 -0.625772905555063E+002
  0.134140649441984E-022  0.128780701507904E+003  0.146429519768435E+002  0.844187156679543E+002 -0.106570096851950E+001  0.209390340828229E+001 -0.107536384819057E+002 -0.625671545113001E+002
  0.134399009042665E-022  0.128776853142536E+003  0.861722188746495E+001  0.835414620766094E+002 -0.109508206391603E+001  0.364543042612708E+001 -0.107536384819057E+002 -0.625652303286163E+002
  0.137616908842216E-022  0.128729531648316E+003  0.168513763554192E+002  0.825503263938895E+002 -0.102380763472873E+001  0.802861820295362E+000 -0.107536384819057E+002 -0.625415695815063E+002
  0.144682069273590E-022  0.128629401833475E+003 -0.181797460078976E+002  0.913419786942186E+002 -0.101796172201429E+001 -0.131099456545494E+001 -0.107536384819057E+002 -0.624915046740857E+002
  0.145125745683193E-022  0.128623278095834E+003  0.308823732484040E+000  0.828956060598198E+002 -0.100421863264109E+001  0.463573431301965E+001 -0.107536384819057E+002 -0.624884428052656E+002
  0.148598446677442E-022  0.128575983893903E+003  0.664631447916241E+001  0.868363835930143E+002 -0.177863970465310E+001 -0.339041580537961E+001 -0.107536384819057E+002 -0.624647957043001E+002
  0.149180513490247E-022  0.128568165107058E+003  0.815763684000654E+001  0.955209210697214E+002 -0.685879569223314E+000 -0.253271567994646E+001 -0.107536384819057E+002 -0.624608863108775E+002
  0.149367105108106E-022  0.128565665115358E+003  0.124440316712676E+002  0.915858557506481E+002 -0.780217840100658E+000 -0.486122674230103E+001 -0.107536384819057E+002 -0.624596363150274E+002
  0.150666332737425E-022  0.128548343902636E+003  0.335279364358429E+001  0.943475997031709E+002 -0.839245427177519E+000 -0.816593103190600E+000 -0.107536384819057E+002 -0.624509757086665E+002
  0.151350411630184E-022  0.128539283741895E+003  0.587360319822098E+001  0.804938681036805E+002 -0.936603723673914E+000  0.264555586324295E+000 -0.107536384819057E+002 -0.624464456282959E+002
  0.152179438330651E-022  0.128528358572432E+003 -0.113598243656796E+002  0.862051990813566E+002 -0.106235733597496E+001  0.193464753934534E+001 -0.107536384819057E+002 -0.624409830435645E+002
  0.153911648308357E-022  0.128505721801282E+003 -0.411557063964245E+001  0.910294242345377E+002 -0.102151247797782E+001  0.439997624588378E+001 -0.107536384819057E+002 -0.624296646579893E+002
  0.154846028355685E-022  0.128493616736755E+003 -0.145452714591596E+002  0.925932824796951E+002 -0.949099546762024E+000  0.437451908024579E+000 -0.107536384819057E+002 -0.624236121257261E+002
  0.155881495103922E-022  0.128480287108667E+003 -0.126656472139564E+002  0.885510719339012E+002 -0.107933218079590E+001  0.235124322433895E+001 -0.107536384819057E+002 -0.624169473116817E+002
  0.156017078925966E-022  0.128478548289167E+003  0.146139387340858E+002  0.908468093839357E+002 -0.875361264878011E+000 -0.485553186006951E+001 -0.107536384819057E+002 -0.624160779019320E+002
  0.158376170730025E-022  0.128448533190764E+003 -0.169874981738406E+002  0.908393635917102E+002 -0.101847368518456E+001 -0.675438522259173E+000 -0.107536384819057E+002 -0.624010703527306E+002
  0.160297933233159E-022  0.128424410919442E+003 -0.961046824616080E+000  0.907505365599576E+002 -0.102959873692110E+001 -0.396781733805465E+001 -0.107536384819057E+002 -0.623890092170694E+002
  0.160868924377827E-022  0.128417299454075E+003  0.279993005350031E+001  0.930597792192755E+002 -0.701473293410195E+000 -0.390612792525705E+001 -0.107536384819057E+002 -0.623854534843857E+002
  0.160936815981274E-022  0.128416455570999E+003  0.175016016441852E+002  0.955209261063552E+002 -0.746291883370108E+000 -0.165511364004932E+001 -0.107536384819057E+002 -0.623850315428481E+002
  0.161395467891061E-022  0.128410763901349E+003 -0.426633884670728E+001  0.834143280491266E+002 -0.941168582246368E+000 -0.491424973275400E+001 -0.107536384819057E+002 -0.623821857080231E+002
  0.163757129257216E-022  0.128381710430238E+003  0.166267946044705E+002  0.906696723761801E+002 -0.103226973536066E+001  0.395220166509763E+001 -0.107536384819057E+002 -0.623676589724674E+002
  0.165801244601622E-022  0.128356899753636E+003 -0.213695403000677E+001  0.848493362870962E+002 -0.104187254860393E+001  0.180051621950588E+001 -0.107536384819057E+002 -0.623552536341664E+002
  0.166518361045720E-022  0.128348268092488E+003 -0.164180929438036E+002  0.983043854158456E+002 -0.468937153457487E+000 -0.349887194234667E+001 -0.107536384819057E+002 -0.623509378035923E+002
  0.167684422616567E-022  0.128334311700026E+003  0.164330394749648E+002  0.837460127339245E+002 -0.101815402362688E+001 -0.492203962922679E+001 -0.107536384819057E+002 -0.623439596073615E+002
  0.169144619101733E-022  0.128316971085629E+003 -0.675417516087212E+001  0.819823811567416E+002 -0.827842383336119E+000 -0.391226004959198E+001 -0.107536384819057E+002 -0.623352893001627E+002
  0.170219201617064E-022  0.128304305196796E+003  0.111909875395751E+001  0.838033222262965E+002 -0.103822027752048E+001 -0.380388435047115E+001 -0.107536384819057E+002 -0.623289563557463E+002
  0.170238255343429E-022  0.128304081336504E+003  0.153145139647051E+002  0.986161896030137E+002 -0.178521871310437E+001 -0.404531069758852E+001 -0.107536384819057E+002 -0.623288444256005E+002
  0.170563981793315E-022  0.128300258280038E+003  0.142012033973869E+002  0.761937881042744E+002 -0.112920426299800E+001 -0.212102721231174E+001 -0.107536384819057E+002 -0.623269328973676E+002
  0.171512019702202E-022  0.128289172552516E+003  0.248814708473585E+001  0.903360232629984E+002 -0.101976196433189E+001  0.203770843365079E+001 -0.107536384819057E+002 -0.623213900336064E+002
  0.172688430826775E-022  0.128275501266456E+003  0.138121827854925E+002  0.903086647198972E+002 -0.107579960184882E+001  0.495611764873422E+001 -0.107536384819057E+002 -0.623145543905763E+002
  0.174312675416725E-022  0.128256777908827E+003 -0.136263895622077E+002  0.860204586844527E+002 -0.111748161509199E+001  0.425312754973499E+001 -0.107536384819057E+002 -0.623051927117617E+002
  0.179600819467639E-022  0.128197005815080E+003 -0.154948969108765E+002  0.899819516370745E+002 -0.991230263339409E+000 -0.352196270179146E+001 -0.107536384819057E+002 -0.622753066648886E+002
  0.179833080829742E-022  0.128194421068408E+003 -0.182205307507898E+002  0.899658573594915E+002 -0.102485710586327E+001  0.214166538371004E+001 -0.107536384819057E+002 -0.622740142915524E+002
  0.180411027697461E-022  0.128188003782463E+003  0.186522241896376E+002  0.916126389015329E+002 -0.106583057579271E+001 -0.222510949548991E+001 -0.107536384819057E+002 -0.622708056485801E+002
  0.183262170292309E-022  0.128156643747946E+003 -0.290287817437294E+001  0.801397085037170E+002 -0.134631621494237E+001 -0.173276714577182E+001 -0.107536384819057E+002 -0.622551256313216E+002
  0.188626037601698E-022  0.128098946416384E+003  0.113631367920429E+002  0.895366281031178E+002 -0.958139502301345E+000 -0.480432771592361E+001 -0.107536384819057E+002 -0.622262769655403E+002
  0.189280565168534E-022  0.128092018480047E+003 -0.103404311850561E+002  0.845311533991805E+002 -0.928424995817744E+000 -0.492353766698878E+001 -0.107536384819057E+002 -0.622228129973719E+002
  0.189757549015961E-022  0.128086984853281E+003  0.111889513462699E+002  0.894722654043783E+002 -0.951318900582855E+000 -0.378473652222488E+001 -0.107536384819057E+002 -0.622202961839889E+002
  0.195265448642940E-022  0.128029759436349E+003 -0.397323799014321E+001  0.906787733267435E+002 -0.862442702737684E+000 -0.191751776800463E+001 -0.107536384819057E+002 -0.621916834755229E+002
  0.195649989756835E-022  0.128025824659667E+003 -0.101726980936373E+002  0.894938775175725E+002 -0.885445725537489E+000 -0.329298466347733E+001 -0.107536384819057E+002 -0.621897160871818E+002
  0.204395811634954E-022  0.127938362518077E+003 -0.138033137604698E+002  0.886657665158293E+002 -0.103489985209105E+001  0.359862755177285E+001 -0.107536384819057E+002 -0.621459850163868E+002
  0.207073365706091E-022  0.127912332943924E+003  0.105729959741987E+002  0.886528039286199E+002 -0.919513654984675E+000 -0.287840823932221E+001 -0.107536384819057E+002 -0.621329702293106E+002
  0.208247304440924E-022  0.127901026578066E+003  0.231599525270417E+001  0.949665045716792E+002 -0.111213699226760E+001 -0.309560966156089E+001 -0.107536384819057E+002 -0.621273170463816E+002
  0.208526299871882E-022  0.127898348908754E+003  0.176375199627300E+002  0.883359433265522E+002 -0.100935648542814E+001 -0.413229825196391E+000 -0.107536384819057E+002 -0.621259782117253E+002
  0.208986958514308E-022  0.127893935551141E+003 -0.122981869689735E+002  0.857830028765542E+002 -0.956613152346646E+000 -0.236775817493607E+001 -0.107536384819057E+002 -0.621237715329189E+002
  0.210922259201720E-022  0.127875500000704E+003 -0.203434679075053E+001  0.815082677681673E+002 -0.112223411053575E+001 -0.481857763273279E+001 -0.107536384819057E+002 -0.621145537577005E+002
  0.211884048906375E-022  0.127866400880420E+003 -0.113916340859616E+002  0.887812036556871E+002 -0.878244357028476E+000 -0.353014617556627E+001 -0.107536384819057E+002 -0.621100041975583E+002
  0.212870804389382E-022  0.127857108393231E+003 -0.145338475414998E+002  0.814164526010503E+002 -0.819730516958816E+000 -0.247449403070327E+001 -0.107536384819057E+002 -0.621053579539639E+002
  0.215217526033347E-022  0.127835180720977E+003  0.111097615708632E+002  0.853753266485288E+002 -0.108407337275890E+001 -0.467054582856784E+001 -0.107536384819057E+002 -0.620943941178367E+002
  0.215521969573135E-022  0.127832353549625E+003  0.625787680173610E+001  0.871686112751316E+002 -0.101111293063391E+001  0.332701313707400E+001 -0.107536384819057E+002 -0.620929805321610E+002
  0.215788899731720E-022  0.127829878024785E+003  0.108470281662856E+002  0.870726343806043E+002 -0.103586015653371E+001 -0.439757951888640E+001 -0.107536384819057E+002 -0.620917427697411E+002
  0.218129286451530E-022  0.127808303364036E+003 -0.937574891723205E+001  0.875967268996601E+002 -0.952657066639838E+000 -0.109359376347595E+001 -0.107536384819057E+002 -0.620809554393663E+002
  0.224934357403019E-022  0.127746862022744E+003  0.181956641497074E+002  0.875677144957222E+002 -0.107599142655752E+001 -0.413220895664351E+001 -0.107536384819057E+002 -0.620502347687205E+002
  0.227096971991927E-022  0.127727725020963E+003  0.513305564981850E+001  0.867494567780238E+002 -0.950889946057291E+000 -0.470674476724343E+000 -0.107536384819057E+002 -0.620406662678299E+002
  0.227659685120830E-022  0.127722775442701E+003  0.191373351113288E+002  0.730053952718332E+002 -0.117486301011818E+001 -0.215267566867985E+001 -0.107536384819057E+002 -0.620381914786991E+002
  0.232915695661341E-022  0.127677126118477E+003  0.115412941650572E+002  0.916876977813014E+002 -0.751373045938147E+000 -0.308794851802083E+001 -0.107536384819057E+002 -0.620153668165870E+002
  0.238353559388975E-022  0.127630969022282E+003  0.227071249776736E+001  0.768061904926509E+002 -0.110921697000635E+001 -0.201131810032470E+001 -0.107536384819057E+002 -0.619922882684894E+002
  0.250298789089061E-022  0.127533168531095E+003  0.148351605999675E+002  0.900822438858880E+002 -0.106365266615589E+001 -0.203930147802839E+001 -0.107536384819057E+002 -0.619433880228960E+002
  0.251141872992508E-022  0.127526443231281E+003  0.385738026111140E+001  0.872088361570847E+002 -0.867016232714585E+000 -0.274445307161612E+001 -0.107536384819057E+002 -0.619400253729889E+002
  0.254134946887810E-022  0.127502748426480E+003 -0.151893890518196E+001  0.510893787909749E+002 -0.998023188838522E-001 -0.250980495507704E+001 -0.107536384819057E+002 -0.619281779705882E+002
  0.268383737720655E-022  0.127393643625176E+003  0.149361295912165E+002  0.934136602240856E+002 -0.803134595215878E+000 -0.116114954749019E+001 -0.107536384819057E+002 -0.618736255699362E+002
  0.270212777558475E-022  0.127380059824931E+003  0.184371258543807E+002  0.845067222646975E+002 -0.826565087302572E+000 -0.315506653716744E+001 -0.107536384819057E+002 -0.618668336698141E+002
  0.281263035961371E-022  0.127299898647212E+003 -0.113974712297072E+002  0.907022598554179E+002 -0.780589192034080E+000 -0.262112852755363E+001 -0.107536384819057E+002 -0.618267530809543E+002
  0.287598866636490E-022  0.127255345882119E+003  0.183435872025433E+002  0.868648957829044E+002 -0.849720790667556E+000 -0.241169396386737E+001 -0.107536384819057E+002 -0.618044766984078E+002
  0.293164874559222E-022  0.127217008927150E+003 -0.312288484945062E+001  0.949755378104131E+002 -0.740158270654502E+000 -0.150340312526348E+001 -0.107536384819057E+002 -0.617853082209233E+002
  0.296188700914807E-022  0.127196485743679E+003 -0.130377599199098E+002  0.991911933634679E+002 -0.328758078190412E+000 -0.384403348480762E+001 -0.107536384819057E+002 -0.617750466291878E+002
  0.296779593539994E-022  0.127192499744250E+003 -0.190676117635739E+002  0.922560311256739E+002 -0.112892156784146E+001 -0.192989327475074E+001 -0.107536384819057E+002 -0.617730536294733E+002
  0.300012672496047E-022  0.127170829821435E+003 -0.214436018968939E+001  0.972013141454115E+002 -0.672788103567151E+000 -0.164280984951613E+001 -0.107536384819057E+002 -0.617622186680661E+002
  0.300939448373537E-022  0.127164661099635E+003 -0.627408939674957E+001  0.631399275558592E+002 -0.268781395800129E+000 -0.445148951428231E+001 -0.107536384819057E+002 -0.617591343071661E+002
  0.301064749583231E-022  0.127163828539252E+003 -0.193794007250330E+002  0.854417327505181E+002 -0.113189335440036E+001 -0.400236159751866E+001 -0.107536384819057E+002 -0.617587180269742E+002
  0.312966223626271E-022  0.127086288706310E+003  0.602069980234300E+001  0.937688047923480E+002 -0.558979548596892E+000 -0.445265213020235E+001 -0.107536384819057E+002 -0.617199481105036E+002
  0.317365652009080E-022  0.127058370081263E+003  0.257434281237294E+001  0.847689699608204E+002 -0.129161745518965E+001 -0.168169704143030E+001 -0.107536384819057E+002 -0.617059887979798E+002
  0.323768563637990E-022  0.127018421350686E+003  0.732852124138237E+001  0.814866934841834E+002 -0.827567635136926E+000 -0.146321685514534E+001 -0.107536384819057E+002 -0.616860144326914E+002
  0.328756903116297E-022  0.126987842089583E+003  0.402012113215230E+001  0.939309253615291E+002 -0.171990333625190E+001 -0.292173272035514E+001 -0.107536384819057E+002 -0.616707248021398E+002
  0.350103981661228E-022  0.126862018850628E+003  0.126263499124231E+002  0.807238727022266E+002 -0.103147750250726E+001 -0.753163654524283E-001 -0.107536384819057E+002 -0.616078131826622E+002
  0.397438161010004E-022  0.126608400547859E+003  0.918034169728327E+001  0.895418744466382E+002 -0.682582160852923E+000 -0.452859759277708E+001 -0.107536384819057E+002 -0.614810040312777E+002
  0.401563795612193E-022  0.126587746424379E+003  0.140462918431098E+002  0.763126129287501E+002 -0.749751009747112E+000 -0.145709273204416E+001 -0.107536384819057E+002 -0.614706769695380E+002
  0.413527860714145E-022  0.126529029472312E+003  0.165975928777070E+002  0.662366726139058E+002 -0.513487780269482E+000 -0.232216465602267E+001 -0.107536384819057E+002 -0.614413184935046E+002
  0.418286663147637E-022  0.126506145263316E+003 -0.193105551890649E+002  0.938606261462348E+002 -0.624517661985188E+000 -0.314512480133397E+001 -0.107536384819057E+002 -0.614298763890063E+002
  0.452567758006281E-022  0.126348604265510E+003  0.142911093180190E+002  0.958938549066979E+002 -0.664022787571957E+000 -0.189848698730957E+001 -0.107536384819057E+002 -0.613511058901035E+002
  0.467564787464610E-022  0.126283403408393E+003 -0.167432206821863E+002  0.849727506619085E+002 -0.788087638092219E+000 -0.249826190437929E+001 -0.107536384819057E+002 -0.613185054615446E+002
  0.497855719522316E-022  0.126157858621844E+003 -0.708012829640611E+001  0.580641152573504E+002 -0.577310730032691E+000 -0.496010683300212E+000 -0.107536384819057E+002 -0.612557330682706E+002
  0.498014368395561E-022  0.126157221394654E+003  0.428560598394929E+001  0.993535101915467E+002 -0.777359282712360E+000 -0.233527574559376E+000 -0.107536384819057E+002 -0.612554144546753E+002
  0.500138013184677E-022  0.126148711078864E+003 -0.107632540837974E+002  0.768176576762548E+002 -0.115789756639942E+001 -0.317035417935907E+001 -0.107536384819057E+002 -0.612511592967804E+002
  0.506763825314490E-022  0.126122389117715E+003  0.126245990824426E+002  0.936337734474860E+002 -0.557743524018025E+000 -0.396359839161776E+001 -0.107536384819057E+002 -0.612379983162060E+002
  0.511750017787864E-022  0.126102806733670E+003 -0.125979775850325E+002  0.873327741196526E+002 -0.784945841106771E+000 -0.231438544025654E+001 -0.107536384819057E+002 -0.612282071241834E+002
  0.528875852911598E-022  0.126036971808812E+003  0.129978108568054E+002  0.878195148971391E+002 -0.780993854099531E+000 -0.226615735224477E+001 -0.107536384819057E+002 -0.611952896617544E+002
  0.529308186777028E-022  0.126035337560427E+003 -0.176543523941515E+002  0.533816536354835E+002 -0.185610716065390E-001 -0.358763688287616E+001 -0.107536384819057E+002 -0.611944725375619E+002
  0.534410637725969E-022  0.126016150196373E+003 -0.119164336884620E+002  0.888247825520743E+002 -0.846987202982515E+000 -0.834031201013982E+000 -0.107536384819057E+002 -0.611848788555350E+002
  0.559385747974917E-022  0.125924800646068E+003 -0.107344337584959E+002  0.742273296103139E+002 -0.110481804912476E+001 -0.895860843832508E+000 -0.107536384819057E+002 -0.611392040803823E+002
  0.578458817216722E-022  0.125857744541887E+003  0.164656303014029E+002  0.771022852941425E+002 -0.914074851660219E+000  0.576989532188003E+000 -0.107536384819057E+002 -0.611056760282920E+002
  0.579540425907514E-022  0.125854008411620E+003 -0.187327318432003E+002  0.974271102919018E+002 -0.365699210492240E+000 -0.404775973276637E+001 -0.107536384819057E+002 -0.611038079631585E+002
  0.590221226102262E-022  0.125817484400040E+003 -0.190132922760137E+002  0.820719605525228E+002 -0.758959942599013E+000 -0.231031294674622E+001 -0.107536384819057E+002 -0.610855459573683E+002
  0.612701340899393E-022  0.125742724035794E+003  0.771644455022169E+001  0.993988100763191E+002 -0.110383878642469E+000 -0.449877096702489E+001 -0.107536384819057E+002 -0.610481657752456E+002
  0.623833155993910E-022  0.125706713343465E+003 -0.161314541763817E+002  0.592004318136483E+002 -0.541250931138028E+000 -0.829509970071469E+000 -0.107536384819057E+002 -0.610301604290811E+002
  0.625657402516718E-022  0.125700873370345E+003 -0.152814603351676E+002  0.967867480064761E+002 -0.175474939422886E+001 -0.388345448281913E+001 -0.107536384819057E+002 -0.610272404425208E+002
  0.654864327703541E-022  0.125609623090464E+003  0.100336832792791E+002  0.729953502563419E+002 -0.729108603827148E+000 -0.958937940969232E+000 -0.107536384819057E+002 -0.609816153025805E+002
  0.659734341206780E-022  0.125594804770936E+003  0.470723857728542E+001  0.827472021942416E+002 -0.751203078659273E+000 -0.245557446560244E+001 -0.107536384819057E+002 -0.609742061428165E+002
  0.699070638992206E-022  0.125478975663588E+003  0.772429862298188E+001  0.813634821664285E+002 -0.632481054142237E+000 -0.472763461933288E+001 -0.107536384819057E+002 -0.609162915891423E+002
  0.716493548199932E-022  0.125429740767027E+003  0.479320590796680E+001  0.660807716876939E+002 -0.527834173987868E+000 -0.199193050231705E+001 -0.107536384819057E+002 -0.608916741408618E+002
  0.722297187535196E-022  0.125413605909698E+003  0.482106592364192E+001  0.910074910582483E+002 -0.707060868179824E+000 -0.242988910042096E+001 -0.107536384819057E+002 -0.608836067121972E+002
  0.732716052408991E-022  0.125384962753279E+003  0.187654091218214E+002  0.767491465686485E+002 -0.106419285042825E+001 -0.233750621061967E+000 -0.107536384819057E+002 -0.608692851339881E+002
  0.748398010743880E-022  0.125342609379502E+003 -0.828296859988302E+001  0.849866031696461E+002 -0.823731336394967E+000 -0.109687507407749E+001 -0.107536384819057E+002 -0.608481084470992E+002
  0.750615112867078E-022  0.125336693210510E+003  0.157054043627432E+002  0.757606873544138E+002 -0.802463726932812E+000 -0.414372552847430E+000 -0.107536384819057E+002 -0.608451503626035E+002
  0.771344146693922E-022  0.125282209976196E+003  0.115538616447589E+002  0.740520093394409E+002 -0.122023386322673E+001 -0.298871474913337E+001 -0.107536384819057E+002 -0.608179087454464E+002
  0.785072078757055E-022  0.125246928184991E+003  0.681976325944984E+001  0.914118570054748E+002 -0.582888008707974E+000 -0.414860591975332E+001 -0.107536384819057E+002 -0.608002678498438E+002
  0.810206317694934E-022  0.125183901395398E+003  0.309569634024081E+001  0.593432429717745E+002 -0.272563822866698E+000 -0.297318336834942E+001 -0.107536384819057E+002 -0.607687544550475E+002
  0.829825154881208E-022  0.125136049208611E+003  0.187639727940008E+001  0.978354812342814E+002 -0.398653744552831E+000 -0.343527952068038E+001 -0.107536384819057E+002 -0.607448283616539E+002
  0.888352302353666E-022  0.124999742449875E+003 -0.964602779569783E+001  0.952650644638207E+002 -0.113391913329378E+001 -0.224574316121113E+001 -0.107536384819057E+002 -0.606766749822860E+002
  0.898930918456972E-022  0.124976066874534E+003  0.137819994828091E+002  0.834391436479741E+002 -0.111794681626751E+001 -0.230439883825074E+001 -0.107536384819057E+002 -0.606648371946153E+002
  0.102639773676650E-021  0.124710858035714E+003 -0.436295502183626E-001  0.666831629638035E+002 -0.511077454356702E+000 -0.220904699464335E+001 -0.107536384819057E+002 -0.605322327752056E+002
  0.113622849163558E-021  0.124507539820153E+003  0.127584502266814E+002  0.754810551682611E+002 -0.109568901633008E+001 -0.816215801031673E+000 -0.107536384819057E+002 -0.604305736674248E+002
  0.114499858765390E-021  0.124492161887276E+003  0.601538262906978E+001  0.860591189564847E+002 -0.686428734444212E+000 -0.321039772845175E+001 -0.107536384819057E+002 -0.604228847009861E+002
  0.115845875663775E-021  0.124468787767109E+003  0.805775160824112E+001  0.955285270816356E+002 -0.180378711824059E+001 -0.386701516967787E+001 -0.107536384819057E+002 -0.604111976409029E+002
  0.117322223783568E-021  0.124443460668714E+003 -0.386243594902281E+001  0.774644706509299E+002 -0.728595772155323E+000 -0.147188557778570E+001 -0.107536384819057E+002 -0.603985340917052E+002
  0.128023464504616E-021  0.124268881939159E+003  0.389274574589304E+001  0.684042639546138E+002 -0.630495413873596E+000 -0.121004282916722E+001 -0.107536384819057E+002 -0.603112447269281E+002
  0.132242969033599E-021  0.124204027256047E+003 -0.154923704174029E+002  0.790123469932847E+002 -0.116291061591420E+001 -0.654327322756951E+000 -0.107536384819057E+002 -0.602788173853717E+002
  0.136801891005746E-021  0.124136241409814E+003 -0.158369623667021E+002  0.627150709929649E+002 -0.413754400911747E+000 -0.231381424671854E+001 -0.107536384819057E+002 -0.602449244622553E+002
  0.139015310729262E-021  0.124104140913890E+003  0.328387710099972E+001  0.817339806857409E+002 -0.684883086477740E+000 -0.278457756096542E+001 -0.107536384819057E+002 -0.602288742142935E+002
  0.146045280119514E-021  0.124005475643422E+003  0.290104357822767E+001  0.831708111462407E+002 -0.729356610792705E+000 -0.209674885036064E+001 -0.107536384819057E+002 -0.601795415790592E+002
  0.147410796524267E-021  0.123986862619270E+003 -0.620945873887454E+001  0.755470562841453E+002 -0.507842760008852E+000 -0.448177099917500E+001 -0.107536384819057E+002 -0.601702350669835E+002
  0.147546148023129E-021  0.123985027076682E+003  0.802942576960821E+001  0.657344066712820E+002 -0.430507691570457E+000 -0.279150923392646E+001 -0.107536384819057E+002 -0.601693172956893E+002
  0.153825258895589E-021  0.123901674514927E+003 -0.141870139454617E+002  0.431574178094367E+002 -0.482850549371868E+000  0.219540341333511E+000 -0.107536384819057E+002 -0.601276410148117E+002
  0.153911231388525E-021  0.123900557032953E+003 -0.837800423511787E+000  0.994892739913154E+002 -0.487368635304575E+000 -0.208829723332713E+001 -0.107536384819057E+002 -0.601270822738246E+002
  0.160223579049775E-021  0.123820168648516E+003  0.188326429160966E+002  0.983397425587567E+002 -0.448286848035073E-001 -0.486015004901294E+001 -0.107536384819057E+002 -0.600868880816063E+002
  0.163626744732090E-021  0.123778133291952E+003 -0.110932960205948E+002  0.793422562419090E+002 -0.115865229625371E+001 -0.297322372379464E+001 -0.107536384819057E+002 -0.600658704033242E+002
  0.164774430557555E-021  0.123764154164175E+003 -0.631887932538939E+001  0.730386114159105E+002 -0.709992778307378E+000 -0.958007217164559E+000 -0.107536384819057E+002 -0.600588808394357E+002
  0.168944622389190E-021  0.123714167100174E+003 -0.116395581550335E+002  0.874725400291736E+002 -0.777374910656834E+000 -0.121784467342988E+001 -0.107536384819057E+002 -0.600338873074352E+002
  0.169722750453156E-021  0.123704976614221E+003 -0.927157732261741E+001  0.810323455148497E+002 -0.116263248906759E+001 -0.337302263487476E+001 -0.107536384819057E+002 -0.600292920644586E+002
  0.174223757196160E-021  0.123652628198338E+003  0.323221380341095E+001  0.993798419582232E+002 -0.136196679018358E+001 -0.220496461773571E+001 -0.107536384819057E+002 -0.600031178565171E+002
  0.176784842713942E-021  0.123623442235738E+003 -0.188640095464574E+002  0.824544114177858E+002 -0.572373972172948E+000 -0.479160426276196E+001 -0.107536384819057E+002 -0.599885248752172E+002
  0.182781148311519E-021  0.123556730013676E+003 -0.984261886398583E+001  0.836841382993927E+002 -0.776807903915773E+000 -0.120274034007419E+001 -0.107536384819057E+002 -0.599551687641863E+002
  0.184255194542056E-021  0.123540665619136E+003  0.134066743027464E+002  0.906372131101901E+002 -0.110401620914831E+001 -0.182582782120520E+001 -0.107536384819057E+002 -0.599471365669163E+002
  0.186825397066549E-021  0.123512960115975E+003  0.759359578418089E+001  0.687354523038676E+002 -0.342069500942915E+000 -0.467857325388505E+001 -0.107536384819057E+002 -0.599332838153360E+002
  0.206488396917191E-021  0.123312820623164E+003  0.302571522517425E-002  0.564502965402751E+002 -0.579023095564527E+000 -0.259017613366366E+000 -0.107536384819057E+002 -0.598332140689302E+002
  0.225640402673077E-021  0.123135423879378E+003 -0.148283321889600E+002  0.990197474082358E+002 -0.552452552639711E+000 -0.165026803072394E+001 -0.107536384819057E+002 -0.597445156970374E+002
  0.229033501963046E-021  0.123105572487011E+003 -0.603741860479564E+001  0.968714959551822E+002 -0.134133348493819E+000  0.182563351377157E+000 -0.107536384819057E+002 -0.597295900008538E+002
  0.234853482906293E-021  0.123055385380868E+003  0.134914353803505E+002  0.781527545532480E+002 -0.644559509685286E+000 -0.250155095007656E+001 -0.107536384819057E+002 -0.597044964477826E+002
  0.242498456192151E-021  0.122991318378004E+003  0.316301763589468E+001  0.907835291659863E+002 -0.527772263184897E+000 -0.400267326059603E+001 -0.107536384819057E+002 -0.596724629463503E+002
  0.253603705032110E-021  0.122901763401874E+003 -0.135802167585388E+002  0.955054216738671E+002 -0.316858867673126E+000 -0.445821501438916E+001 -0.107536384819057E+002 -0.596276854582852E+002
  0.263394690468634E-021  0.122826001803419E+003 -0.294365132821935E+001  0.773948070928808E+002 -0.131731689866519E+001 -0.465431781110192E+001 -0.107536384819057E+002 -0.595898046590577E+002
  0.265950347607136E-021  0.122806689809829E+003 -0.173474403499048E+002  0.897542016716002E+002 -0.629509843384915E+000 -0.277491831552417E+001 -0.107536384819057E+002 -0.595801486622627E+002
  0.269649757190399E-021  0.122779061223641E+003 -0.495437695650623E+001  0.890702839257323E+002 -0.556250895570158E+000 -0.397255605893349E+001 -0.107536384819057E+002 -0.595663343691689E+002
  0.275679700183877E-021  0.122734829695827E+003 -0.560709615434475E+001  0.581250891834091E+002 -0.494817488872856E+000 -0.873392924393713E+000 -0.107536384819057E+002 -0.595442186052618E+002
  0.279818802170580E-021  0.122705024549119E+003 -0.574020503227160E+001  0.821000347494553E+002 -0.113867436558831E+001 -0.263630800798096E+001 -0.107536384819057E+002 -0.595293160319077E+002
  0.283467454263806E-021  0.122679114432677E+003 -0.798890261694994E+001  0.829204676991080E+002 -0.121439657518188E+001 -0.471171475662050E+001 -0.107536384819057E+002 -0.595163609736868E+002
  0.300763927417463E-021  0.122560657740812E+003  0.127596973013350E+002  0.956470331489554E+002 -0.123609398057184E+001 -0.482674520572602E+001 -0.107536384819057E+002 -0.594571326277546E+002
  0.318065767496342E-021  0.122448792711437E+003  0.139282751352643E+002  0.710148918271538E+002 -0.862990919627986E+000  0.541035096157813E+000 -0.107536384819057E+002 -0.594012001130667E+002
  0.318861497031966E-021  0.122443795406445E+003 -0.184797296189310E+002  0.817395336866951E+002 -0.142281005528599E+001 -0.188060129166874E+001 -0.107536384819057E+002 -0.593987014605708E+002
  0.331894403938743E-021  0.122363675350484E+003  0.123324770812102E+002  0.664333232914614E+002 -0.420123377958538E+000 -0.284483827121862E+001 -0.107536384819057E+002 -0.593586414325905E+002
  0.353805186750330E-021  0.122235816182807E+003  0.187474636804208E+002  0.990845474415052E+002 -0.388494355786688E+000 -0.258566105270139E+001 -0.107536384819057E+002 -0.592947118487517E+002
  0.361411563592178E-021  0.122193274317674E+003  0.527501312405977E+001  0.989393149077004E+002 -0.600101010676975E+000 -0.123550036647289E+001 -0.107536384819057E+002 -0.592734409161854E+002
  0.364432797959625E-021  0.122176624732856E+003 -0.122472776190473E+002  0.544732452034678E+002 -0.234535908891529E+000 -0.198160636722671E+001 -0.107536384819057E+002 -0.592651161237764E+002
  0.368884906936947E-021  0.122152339686146E+003  0.788142015923168E+001  0.945661774697130E+002 -0.122635620609207E+001 -0.447092864026076E+001 -0.107536384819057E+002 -0.592529736004216E+002
  0.376421856375011E-021  0.122111888120464E+003 -0.815379422285910E+001  0.878474439199290E+002 -0.618026736678399E+000 -0.299165572382187E+001 -0.107536384819057E+002 -0.592327478175805E+002
  0.391593383572334E-021  0.122032861037021E+003 -0.103624642440071E+002  0.986289797900589E+002 -0.131241682581378E+001 -0.190011421834863E+001 -0.107536384819057E+002 -0.591932342758587E+002
  0.398091416702465E-021  0.121999945728049E+003  0.120353561253430E+002  0.783813229337965E+002 -0.571146422340728E+000 -0.337320245186216E+001 -0.107536384819057E+002 -0.591767766213727E+002
  0.403663569107071E-021  0.121972145503687E+003 -0.660126993726474E+001  0.981417942244227E+002 -0.951501092369498E+000  0.892103348167189E+000 -0.107536384819057E+002 -0.591628765091921E+002
  0.405509696155050E-021  0.121963019496537E+003  0.186592307213480E+001  0.839198041612428E+002 -0.545883378171941E+000 -0.438183696969077E+001 -0.107536384819057E+002 -0.591583135056169E+002
  0.423361304341188E-021  0.121876857142585E+003 -0.213211584995054E+001  0.935752251826524E+002 -0.560358044271854E+000 -0.252764106361347E+001 -0.107536384819057E+002 -0.591152323286409E+002
  0.468484226379494E-021  0.121674304200753E+003  0.533756677615368E+001  0.526984104657750E+002 -0.359842974587700E+000 -0.960389033644092E+000 -0.107536384819057E+002 -0.590139558577248E+002
  0.476546777483763E-021  0.121640177291918E+003  0.610499242620191E+001  0.920591809412770E+002 -0.867007207365677E+000  0.300648087765236E+000 -0.107536384819057E+002 -0.589968924033075E+002
  0.481031852545095E-021  0.121621442087441E+003 -0.143137437308014E+002  0.832860736520289E+002 -0.149310484936111E+001 -0.235135707535652E+001 -0.107536384819057E+002 -0.589875248010689E+002
  0.499900359011366E-021  0.121544491473111E+003  0.661224752891358E+001  0.551107141702571E+002 -0.342160837797506E+000 -0.137243830307526E+001 -0.107536384819057E+002 -0.589490494939040E+002
  0.501775487253104E-021  0.121537003500074E+003 -0.645537423298365E+001  0.866563514472091E+002 -0.152524583467393E+001 -0.227042791674680E+001 -0.107536384819057E+002 -0.589453055073856E+002
  0.516933635630180E-021  0.121477480062448E+003  0.168253463650453E+002  0.665263005521802E+002 -0.622268592899557E+000 -0.835550557245350E+000 -0.107536384819057E+002 -0.589155437885723E+002
  0.517618849595786E-021  0.121474830746630E+003 -0.113740295375868E+002  0.633706859997017E+002 -0.283740409668467E+000 -0.344462773404946E+001 -0.107536384819057E+002 -0.589142191306635E+002
  0.569401354504250E-021  0.121284137958946E+003  0.107495779117027E+002  0.994058149039507E+002 -0.258907349689560E+000 -0.303346189106576E+001 -0.107536384819057E+002 -0.588188727368212E+002
  0.580372279498542E-021  0.121245969548602E+003  0.514236265239564E+001  0.972744532539590E+002 -0.407778108250843E+000 -0.279876085303359E+001 -0.107536384819057E+002 -0.587997885316496E+002
  0.593912684843498E-021  0.121199844439593E+003  0.141074625955675E+002  0.544377602601640E+002 -0.240615827832156E+000 -0.187725763967985E+001 -0.107536384819057E+002 -0.587767259771448E+002
  0.605883713921294E-021  0.121159932913409E+003 -0.158817616939021E+002  0.946967877297635E+002 -0.620741875575028E+000 -0.161000811360419E+001 -0.107536384819057E+002 -0.587567702140528E+002
  0.677314863715834E-021  0.120937036563238E+003  0.120837275368783E+002  0.758384831086303E+002 -0.442110567790712E+000 -0.454209069308401E+001 -0.107536384819057E+002 -0.586453220389672E+002
  0.732827374878694E-021  0.120779488727861E+003 -0.954210574234364E+001  0.736856118589796E+002 -0.646220990256899E+000 -0.139266370610784E+001 -0.107536384819057E+002 -0.585665481212790E+002
  0.752584046777066E-021  0.120726283705372E+003 -0.154521628673905E+002  0.900724653125264E+002 -0.687399998562983E+000 -0.147399123969310E+001 -0.107536384819057E+002 -0.585399456100343E+002
  0.782814164217067E-021  0.120647518406969E+003  0.168632555917943E+001  0.851504925380246E+002 -0.624372449443883E+000 -0.261450438368442E+001 -0.107536384819057E+002 -0.585005629608326E+002
  0.848035353968765E-021  0.120487464414435E+003 -0.171149621625356E+002  0.826783684124533E+002 -0.480204941210788E+000 -0.476271200169745E+001 -0.107536384819057E+002 -0.584205359645659E+002
  0.860008895863318E-021  0.120459423599840E+003  0.591405081343754E+001  0.460302505755087E+002 -0.354665623361328E-001 -0.145284791849151E+001 -0.107536384819057E+002 -0.584065155572685E+002
  0.903026814688117E-021  0.120361804570102E+003 -0.884400379111106E+000  0.804226873351960E+002 -0.689989334903451E+000 -0.150572987874867E+001 -0.107536384819057E+002 -0.583577060423993E+002
  0.938224582197145E-021  0.120285330372287E+003 -0.683545516930575E+001  0.830440348141971E+002 -0.564619512288287E+000 -0.337585771144578E+001 -0.107536384819057E+002 -0.583194689434920E+002
  0.959485470877412E-021  0.120240514720395E+003  0.155736980592445E+002  0.929557753979780E+002 -0.126233502463199E+001 -0.482877746741135E+001 -0.107536384819057E+002 -0.582970611175459E+002
  0.100037349686735E-020  0.120157051654049E+003 -0.175159158639748E+002  0.910741332496012E+002 -0.157651282441796E+001 -0.246584290938478E+001 -0.107536384819057E+002 -0.582553295843727E+002
  0.107286213238950E-020  0.120017138573506E+003 -0.507157950453771E+001  0.841711887291439E+002 -0.145585513229468E+001 -0.203826909775311E+001 -0.107536384819057E+002 -0.581853730441016E+002
  0.117622221508775E-020  0.119833182928250E+003 -0.864039596846411E+000  0.464442958405274E+002 -0.767844182484335E+000  0.744490298879148E+000 -0.107536384819057E+002 -0.580933952214735E+002
  0.117719304315298E-020  0.119831532852911E+003 -0.601888391713834E+001  0.691843903421565E+002 -0.651117697816159E+000 -0.764847637998852E+000 -0.107536384819057E+002 -0.580925701838037E+002
  0.120996057882216E-020  0.119776622949134E+003  0.640566620425099E+001  0.946024485404595E+002 -0.323883339961252E+000 -0.393384602963353E+001 -0.107536384819057E+002 -0.580651152319154E+002
  0.128596896686432E-020  0.119654773520311E+003 -0.724139114713477E+001  0.898482450256128E+002 -0.491545984303199E+000 -0.351963643475109E+001 -0.107536384819057E+002 -0.580041905175040E+002
  0.133534906835173E-020  0.119579413044129E+003  0.174832210106088E+002  0.967996185449322E+002 -0.160376063038502E+000 -0.415783271167752E+001 -0.107536384819057E+002 -0.579665102794130E+002
  0.151100456395384E-020  0.119332249100775E+003  0.141461905497215E+002  0.603737895215576E+002 -0.652436680231392E-001 -0.451117412577773E+001 -0.107536384819057E+002 -0.578429283077358E+002
  0.167158982892633E-020  0.119130248174439E+003 -0.123327154071641E+002  0.991075856239638E+002 -0.173644414649493E+000 -0.315796332722389E+001 -0.107536384819057E+002 -0.577419278445681E+002
  0.172867239343913E-020  0.119063091085780E+003 -0.104896521470476E+002  0.838744102510119E+002 -0.540198869466067E+000 -0.334811838703720E+001 -0.107536384819057E+002 -0.577083493002383E+002
  0.183112916780831E-020  0.118947932892005E+003 -0.865656346037897E+001  0.782917829785002E+002 -0.124988935901147E+001 -0.350510164741242E+001 -0.107536384819057E+002 -0.576507702033506E+002
  0.187832015654230E-020  0.118897042821021E+003 -0.350863050992641E+001  0.913806218197288E+002 -0.145642661277339E+001 -0.248985630033886E+001 -0.107536384819057E+002 -0.576253251678590E+002
  0.192786289178349E-020  0.118844974349439E+003 -0.211089564856627E+001  0.425268787800533E+002 -0.200812158732616E+000 -0.380422737226958E+000 -0.107536384819057E+002 -0.575992909320680E+002
  0.197247027447359E-020  0.118799225101020E+003  0.746971745311734E+001  0.708043721584356E+002 -0.284619840165840E+000 -0.494766379654859E+001 -0.107536384819057E+002 -0.575764163078585E+002
  0.217039606393334E-020  0.118607979170639E+003 -0.391733963462664E+001  0.650015821783687E+002 -0.412359529531357E+000 -0.221524630903771E+001 -0.107536384819057E+002 -0.574807933426679E+002
  0.222261812047297E-020  0.118560426839192E+003 -0.119252272215729E+002  0.946031699145113E+002 -0.156234877695700E+001 -0.303776500849579E+001 -0.107536384819057E+002 -0.574570171769444E+002
  0.222711234096549E-020  0.118556386844357E+003 -0.171679186225058E+002  0.986343929570053E+002 -0.158401833900694E+001 -0.245327219807485E+001 -0.107536384819057E+002 -0.574549971795268E+002
  0.224521884325465E-020  0.118540192514848E+003  0.863285174299165E+000  0.899859302377449E+002 -0.121352494228818E+001 -0.479947413399188E+000 -0.107536384819057E+002 -0.574469000147726E+002
  0.238364299477093E-020  0.118420538533371E+003 -0.926594029963028E+001  0.758376958631377E+002 -0.129350584290376E+001 -0.460088538084304E+001 -0.107536384819057E+002 -0.573870730240337E+002
  0.252741338433773E-020  0.118303405704273E+003  0.646071813851611E+001  0.832146097392896E+002 -0.682885717255973E+000 -0.136966937080025E+001 -0.107536384819057E+002 -0.573285066094848E+002
  0.252884087877283E-020  0.118302276414171E+003 -0.379542927882618E+001  0.881000426537610E+002 -0.766256521190939E+000 -0.453306403081236E+000 -0.107536384819057E+002 -0.573279419644338E+002
  0.256805056939915E-020  0.118271504352783E+003 -0.109483650561665E+002  0.679240331703108E+002 -0.717743023008279E+000 -0.976531920022907E-001 -0.107536384819057E+002 -0.573125559337400E+002
  0.267719375511569E-020  0.118188260229070E+003  0.188143654493495E+002  0.919000638296827E+002 -0.603418221453993E+000 -0.172763285469955E+001 -0.107536384819057E+002 -0.572709338718836E+002
  0.269474890651869E-020  0.118175188448523E+003 -0.678644351393140E+001  0.601518387734626E+002 -0.632411649321339E+000 -0.113355883098433E+000 -0.107536384819057E+002 -0.572643979816101E+002
  0.269822745327232E-020  0.118172608391053E+003  0.157750100578452E+002  0.924314929862352E+002 -0.263866712234829E+000 -0.475406705572098E+001 -0.107536384819057E+002 -0.572631079528749E+002
  0.271645480996835E-020  0.118159143205352E+003 -0.140306776133794E+002  0.987760498197508E+002 -0.427110485628497E-001 -0.348930607517595E+001 -0.107536384819057E+002 -0.572563753600245E+002
  0.273424464813525E-020  0.118146088072541E+003  0.780649797671560E+001  0.937212881972866E+002 -0.121600728535591E+001 -0.361792317436506E+001 -0.107536384819057E+002 -0.572498477936191E+002
  0.294492678175344E-020  0.117997630598496E+003  0.146541796984084E+002  0.909971248351617E+002 -0.575869333153319E+000 -0.207131681062816E+001 -0.107536384819057E+002 -0.571756190565964E+002
  0.320186057016112E-020  0.117830334370284E+003  0.489862465896383E+001  0.650416001100575E+002 -0.313925086159455E+000 -0.306678730265183E+001 -0.107536384819057E+002 -0.570919709424903E+002
  0.322301624955919E-020  0.117817163219178E+003  0.125028226610914E+002  0.905644530214519E+002 -0.160863489821566E+001 -0.303049107444013E+001 -0.107536384819057E+002 -0.570853853669372E+002
  0.348502120133962E-020  0.117660850252734E+003 -0.672264789594696E+001  0.754054661024016E+002 -0.517107384189781E+000 -0.265300117472063E+001 -0.107536384819057E+002 -0.570072288837153E+002
  0.391460595086530E-020  0.117428369161804E+003  0.192935348568430E+002  0.663307144885792E+002 -0.460598021053127E+000 -0.188613712094957E+001 -0.107536384819057E+002 -0.568909883382504E+002
  0.394885963860921E-020  0.117410944832028E+003  0.165274418981619E+002  0.640335236386582E+002 -0.525160056206330E+000 -0.107304676306983E+001 -0.107536384819057E+002 -0.568822761733623E+002
  0.402444450392275E-020  0.117373024728522E+003  0.587118035335882E+001  0.816501183735187E+002 -0.583994755218363E+000 -0.233474745692997E+001 -0.107536384819057E+002 -0.568633161216092E+002
  0.419345622379611E-020  0.117290747971665E+003  0.122898995605804E+002  0.420477065845020E+002 -0.381132283689263E+000  0.120866416385973E+000 -0.107536384819057E+002 -0.568221777431810E+002
  0.420097443454669E-020  0.117287165495108E+003  0.306525516404546E+001  0.690819609744819E+002 -0.527622385016256E+000 -0.164585863199468E+001 -0.107536384819057E+002 -0.568203865049025E+002
  0.427551289088358E-020  0.117251990368982E+003  0.491887386087317E+001  0.761517132327507E+002 -0.479395682019814E+000 -0.313797670973913E+001 -0.107536384819057E+002 -0.568027989418394E+002
  0.432905764271426E-020  0.117227098740615E+003 -0.925757309592379E+001  0.757685899996803E+002 -0.422839415806259E+000 -0.379817002247122E+001 -0.107536384819057E+002 -0.567903531276560E+002
  0.477563343355070E-020  0.117030745265567E+003 -0.272283143429548E+001  0.734278182933818E+002 -0.396314282483671E+000 -0.370396196943156E+001 -0.107536384819057E+002 -0.566921763901319E+002
  0.495259603448415E-020  0.116957974727288E+003 -0.356403736350312E+001  0.985432415923070E+002 -0.157341899425099E+001 -0.243380432783422E+001 -0.107536384819057E+002 -0.566557911209925E+002
  0.571070840692697E-020  0.116673112347852E+003 -0.702785662212099E+001  0.926795288974875E+002 -0.126955206728432E+001 -0.140466267343095E+001 -0.107536384819057E+002 -0.565133599312745E+002
  0.582494611160139E-020  0.116633499011955E+003 -0.158101072489649E+002  0.747302229106072E+002 -0.392519794248615E+000 -0.389237210101761E+001 -0.107536384819057E+002 -0.564935532633257E+002
  0.592536365637811E-020  0.116599314384835E+003 -0.420735668060051E+001  0.966513962782825E+002 -0.176244182479999E+000 -0.358610731330954E+001 -0.107536384819057E+002 -0.564764609497659E+002
  0.663950945046151E-020  0.116371722342685E+003  0.161483718447901E+000  0.861845597219340E+002 -0.366835721871807E+000 -0.463670892896318E+001 -0.107536384819057E+002 -0.563626649286908E+002
  0.676302083772042E-020  0.116334859188871E+003 -0.102360486117185E+001  0.999593586152455E+002 -0.518105599879197E+000 -0.113164057435875E+001 -0.107536384819057E+002 -0.563442333517838E+002
  0.717521037989280E-020  0.116216534343408E+003  0.181558624999304E+002  0.539196992645959E+002 -0.406430792319457E-002 -0.296536735451740E+001 -0.107536384819057E+002 -0.562850709290522E+002
  0.717628908151638E-020  0.116216233691444E+003  0.116906264518987E+002  0.620793291383076E+002 -0.406118606724487E+000 -0.163290588844035E+001 -0.107536384819057E+002 -0.562849206030701E+002
  0.765327026336733E-020  0.116087532424518E+003  0.103881427885260E+002  0.600475821884316E+002 -0.353809247507595E+000 -0.171327361132153E+001 -0.107536384819057E+002 -0.562205699696074E+002
  0.797986012142482E-020  0.116003956742989E+003  0.123995405079379E+002  0.842845193051788E+002 -0.449256696615506E+000 -0.368925833980801E+001 -0.107536384819057E+002 -0.561787821288429E+002
  0.842056768029954E-020  0.115896444015429E+003 -0.124974461413556E+002  0.869800773401468E+002 -0.131138514960759E+001 -0.116282163935872E+001 -0.107536384819057E+002 -0.561250257650628E+002
  0.845169546192377E-020  0.115889064373071E+003 -0.164167157500223E+002  0.835787674222716E+002 -0.363834467214604E+000 -0.475506801717485E+001 -0.107536384819057E+002 -0.561213359438837E+002
  0.860666365795871E-020  0.115852725013975E+003  0.178123562195520E+002  0.705390123805987E+002 -0.473526200358247E+000 -0.221229142756856E+001 -0.107536384819057E+002 -0.561031662643359E+002
  0.886815569358743E-020  0.115792864811544E+003  0.904019033933550E+001  0.961126271671609E+002 -0.118871191172977E+001 -0.329446013288836E+000 -0.107536384819057E+002 -0.560732361631205E+002
  0.923471711777277E-020  0.115711858545024E+003 -0.577541039077068E+001  0.746650015917078E+002 -0.297652941957448E+000 -0.488710396349415E+001 -0.107536384819057E+002 -0.560327330298606E+002
  0.925830239995181E-020  0.115706757096893E+003 -0.194674096573950E+002  0.932252893746135E+002 -0.480108114508956E+000 -0.226943125998462E+001 -0.107536384819057E+002 -0.560301823057948E+002
  0.942515700397381E-020  0.115671033725434E+003 -0.757624721431565E+000  0.612106494434628E+002 -0.844790166354688E-001 -0.407788487521799E+001 -0.107536384819057E+002 -0.560123206200656E+002
  0.102908805010088E-019  0.115495282278726E+003  0.148237533828281E+002  0.866578520328433E+002 -0.132312722491469E+001 -0.468060513319709E+001 -0.107536384819057E+002 -0.559244448967112E+002
  0.104522359708169E-019  0.115464166660274E+003  0.784069812938239E+001  0.648258366833165E+002 -0.213324591508078E+000 -0.370726161542770E+001 -0.107536384819057E+002 -0.559088870874854E+002
  0.106863093139346E-019  0.115419871670650E+003  0.687182862421505E+001  0.892391304467521E+002 -0.280973874624241E+000 -0.475254999835474E+001 -0.107536384819057E+002 -0.558867395926736E+002
  0.107847909800133E-019  0.115401524710252E+003 -0.115271884750858E+002  0.972079030852131E+002 -0.163100784963733E+001 -0.320955777985412E+001 -0.107536384819057E+002 -0.558775661124742E+002
  0.109419241272398E-019  0.115372595185253E+003  0.773390314483972E+001  0.591487331703367E+002 -0.186189388437511E+000 -0.273099851018047E+001 -0.107536384819057E+002 -0.558631013499751E+002
  0.111439822292635E-019  0.115335999224658E+003 -0.293890412774958E+001  0.858802913765728E+002 -0.372454870011343E+000 -0.431196054955717E+001 -0.107536384819057E+002 -0.558448033696774E+002
  0.111638223664330E-019  0.115332441699790E+003 -0.188065097419986E+002  0.624408420694204E+002 -0.309564338081602E+000 -0.236814249948089E+001 -0.107536384819057E+002 -0.558430246072433E+002
  0.113597054898404E-019  0.115297653532785E+003 -0.160304094132660E+002  0.519232216597536E+002 -0.456286810245444E+000 -0.276321536955727E+000 -0.107536384819057E+002 -0.558256305237406E+002
  0.115143568800949E-019  0.115270609146135E+003  0.389968237095743E+001  0.737914615927538E+002 -0.550163074747996E+000 -0.177914918258797E+001 -0.107536384819057E+002 -0.558121083304159E+002
  0.115308591531365E-019  0.115267744816143E+003  0.107259785667566E+002  0.793449258973169E+002 -0.457867759128341E+000 -0.332732401529723E+001 -0.107536384819057E+002 -0.558106761654201E+002
  0.118135401289790E-019  0.115219305823938E+003  0.153494007741733E+002  0.995104275467620E+002 -0.244575392176953E-001 -0.274920696821491E+001 -0.107536384819057E+002 -0.557864566693172E+002
  0.119380911697694E-019  0.115198330055007E+003  0.649966813962336E+001  0.767706959837065E+002 -0.887467034856273E+000  0.677005687631162E+000 -0.107536384819057E+002 -0.557759687848519E+002
  0.134147791742434E-019  0.114965084463049E+003  0.126635624674536E+002  0.919976069674905E+002 -0.523155616598713E+000 -0.199077994416994E+001 -0.107536384819057E+002 -0.556593459888729E+002
  0.134204639109290E-019  0.114964237109179E+003  0.343567278503049E+001  0.933997741839631E+002 -0.129857817668876E+001 -0.419887975628805E+001 -0.107536384819057E+002 -0.556589223119378E+002
  0.134501494764145E-019  0.114959818069370E+003 -0.184413932535760E+001  0.550484289240096E+002 -0.359012668675198E+000 -0.989989019276091E+000 -0.107536384819057E+002 -0.556567127920333E+002
  0.145413474449671E-019  0.114803806229508E+003 -0.118249174890936E+002  0.931029079137837E+002 -0.409690042614549E+000 -0.271156042897976E+001 -0.107536384819057E+002 -0.555787068721025E+002
  0.155081435674428E-019  0.114675067953511E+003 -0.145762122273808E+002  0.817010226591943E+002 -0.324637520647659E+000 -0.493692576735933E+001 -0.107536384819057E+002 -0.555143377341041E+002
  0.184803833993703E-019  0.114324378882883E+003 -0.111061527668281E+002  0.686539895067191E+002 -0.898605538125157E+000  0.817284251629116E+000 -0.107536384819057E+002 -0.553389931987900E+002
  0.190281613077897E-019  0.114265958396469E+003 -0.268134016428796E+000  0.620129428049051E+002 -0.721450013061461E+000  0.290659934852356E+000 -0.107536384819057E+002 -0.553097829555827E+002
  0.224186759554353E-019  0.113938009789325E+003  0.123419604899240E+002  0.627575030224833E+002 -0.799037187819858E+000  0.575968808208737E+000 -0.107536384819057E+002 -0.551458086520108E+002
  0.228978011941799E-019  0.113895716731861E+003 -0.162023705872477E+002  0.849760119529153E+002 -0.447400836506331E+000 -0.321246285153881E+001 -0.107536384819057E+002 -0.551246621232787E+002
  0.237968006977157E-019  0.113818696213966E+003  0.732389289453196E+001  0.792694037637080E+002 -0.320719418958749E+000 -0.467489732369209E+001 -0.107536384819057E+002 -0.550861518643316E+002
  0.238363580414344E-019  0.113815374380701E+003  0.125136819102054E+002  0.775982251917361E+002 -0.628898532948709E+000 -0.117444312891036E+001 -0.107536384819057E+002 -0.550844909476987E+002
  0.246668788189016E-019  0.113746875697787E+003 -0.991315475804879E+001  0.628225065178476E+002 -0.111425401419297E+000 -0.398990197008406E+001 -0.107536384819057E+002 -0.550502416062421E+002
  0.249008481103894E-019  0.113727994781221E+003  0.144969277868965E+002  0.857839294193430E+002 -0.784506204378986E+000 -0.237875880273029E-001 -0.107536384819057E+002 -0.550408011479587E+002
  0.259008846183942E-019  0.113649244261773E+003  0.101150403755500E+002  0.577132360838269E+002 -0.677000388512672E-001 -0.316752184221514E+001 -0.107536384819057E+002 -0.550014258882349E+002
  0.277524558951336E-019  0.113511149834314E+003  0.808634736560759E+001  0.692144579392274E+002 -0.311230032191633E+000 -0.334470493844708E+001 -0.107536384819057E+002 -0.549323786745055E+002
  0.280954737293492E-019  0.113486581536082E+003  0.632635812619494E+001  0.744706771975868E+002 -0.926696132811279E+000  0.864972331012833E+000 -0.107536384819057E+002 -0.549200945253895E+002
  0.296501036190399E-019  0.113378867267963E+003  0.603116005706837E+001  0.633975231203466E+002 -0.207198466000847E+000 -0.321775444976776E+001 -0.107536384819057E+002 -0.548662373913299E+002
  0.297884778602372E-019  0.113369555168802E+003 -0.681566038835182E+001  0.467298506559866E+002 -0.137224506594681E+000 -0.912863903512985E+000 -0.107536384819057E+002 -0.548615813417494E+002
  0.339737467148035E-019  0.113106622366511E+003 -0.187467041158957E+002  0.817310847356033E+002 -0.561602512546821E+000 -0.191965024441680E+001 -0.107536384819057E+002 -0.547301149406038E+002
  0.340250583312254E-019  0.113103603982519E+003  0.178382375355600E+002  0.915293252974503E+002 -0.108243521830982E+000 -0.498990131896772E+001 -0.107536384819057E+002 -0.547286057486077E+002
  0.420881540185164E-019  0.112678265860594E+003  0.157174928371611E+002  0.880406047265814E+002 -0.127566567234970E+001 -0.473992462976702E+001 -0.107536384819057E+002 -0.545159366876455E+002
  0.441118645122066E-019  0.112584340942664E+003 -0.155856656918907E+002  0.822831016392078E+002 -0.116803605562679E+001 -0.214309222600146E+001 -0.107536384819057E+002 -0.544689742286806E+002
  0.447174080193867E-019  0.112557072774405E+003 -0.147140568419889E+002  0.726614155271346E+002 -0.225940816307347E+000 -0.471795990679115E+001 -0.107536384819057E+002 -0.544553401445509E+002
  0.449378728569421E-019  0.112547236642957E+003 -0.172086168763857E+002  0.851417580637720E+002 -0.113632593618965E+001 -0.162096084715520E+001 -0.107536384819057E+002 -0.544504220788269E+002
  0.449469473519481E-019  0.112546832815258E+003 -0.162336683285126E+000  0.835229621320052E+002 -0.360306146001069E+000 -0.394822112741099E+001 -0.107536384819057E+002 -0.544502201649772E+002
  0.527875001066295E-019  0.112225249663758E+003  0.154987025313602E+002  0.893556692657834E+002 -0.115493500406778E+001 -0.171349301362550E+001 -0.107536384819057E+002 -0.542894285892274E+002
  0.529111044366082E-019  0.112220572047176E+003  0.216325565824537E+001  0.879830292592808E+002 -0.120657394187153E+001 -0.264253647994574E+001 -0.107536384819057E+002 -0.542870897809365E+002
  0.567963129658784E-019  0.112078855686223E+003 -0.166095812473447E+002  0.885431657903416E+002 -0.581248822857376E+000 -0.147212986256142E+001 -0.107536384819057E+002 -0.542162316004598E+002
  0.582796000162906E-019  0.112027294271988E+003 -0.615908118367696E+001  0.894705423689018E+002 -0.279640023750801E+000 -0.394703664925806E+001 -0.107536384819057E+002 -0.541904508933425E+002
  0.585453463305496E-019  0.112018195298492E+003 -0.193858451912142E+002  0.608997678589664E+002 -0.127532409405660E+000 -0.323824940973082E+001 -0.107536384819057E+002 -0.541859014065944E+002
  0.600451482308107E-019  0.111967605008775E+003  0.516718868091315E+001  0.877589735607805E+002 -0.380978423966475E+000 -0.328946397370470E+001 -0.107536384819057E+002 -0.541606062617359E+002
  0.622787400946753E-019  0.111894558274183E+003  0.435901961850313E+001  0.810398717029751E+002 -0.347853085674906E+000 -0.398114706951056E+001 -0.107536384819057E+002 -0.541240828944400E+002
  0.642220972199830E-019  0.111833103818453E+003 -0.923234733467777E+001  0.970035354106623E+002 -0.144981526450542E+001 -0.234985815918015E+001 -0.107536384819057E+002 -0.540933556665749E+002
  0.731251248987778E-019  0.111573454481182E+003  0.183666208748306E+002  0.992108898372216E+002 -0.156818205791435E+001 -0.254619578414635E+001 -0.107536384819057E+002 -0.539635309979394E+002
  0.739975787782096E-019  0.111549733761407E+003  0.307720481233297E+000  0.834175089783177E+002 -0.362750215967698E+000 -0.372225111434098E+001 -0.107536384819057E+002 -0.539516706380520E+002
  0.740245931608869E-019  0.111549003752311E+003 -0.151885243090483E+002  0.913762555859808E+002 -0.330208318023932E+000  0.481698744537403E+000 -0.107536384819057E+002 -0.539513056335040E+002
  0.841451698746351E-019  0.111292711468328E+003 -0.116875991071688E+002  0.993508266586086E+002 -0.526201533103430E-001 -0.229502931198358E+001 -0.107536384819057E+002 -0.538231594915123E+002
  0.849014623502412E-019  0.111274815873211E+003 -0.189774759242021E+002  0.796473365718015E+002 -0.267666721469769E+000 -0.471640417318170E+001 -0.107536384819057E+002 -0.538142116939541E+002
  0.874847628573792E-019  0.111214869229465E+003 -0.100118856201814E+002  0.532870320287594E+002 -0.105969597758649E+000 -0.191257363570955E+001 -0.107536384819057E+002 -0.537842383720806E+002
  0.905872266416154E-019  0.111145172074691E+003 -0.170435775734809E+002  0.903361304778042E+002 -0.539432363642845E+000 -0.159966334893766E+001 -0.107536384819057E+002 -0.537493897946937E+002
  0.104700130810840E-018  0.110855597773792E+003  0.170633502227165E+002  0.819280117780103E+002 -0.126657203097273E+001 -0.413836811008747E+001 -0.107536384819057E+002 -0.536046026442446E+002
  0.105163182369685E-018  0.110846771985173E+003 -0.187513503829351E+001  0.928123333836590E+002 -0.468869653483803E+000 -0.185361678105862E+001 -0.107536384819057E+002 -0.536001897499348E+002
  0.144575729953090E-018  0.110210191602339E+003 -0.108711459020710E+002  0.626225395076361E+002 -0.144854522742954E+000 -0.326430193084315E+001 -0.107536384819057E+002 -0.532818995585180E+002
  0.149512433210977E-018  0.110143039398991E+003  0.667411004247974E+001  0.977609764475374E+002 -0.152916505421005E+001 -0.239522791357372E+001 -0.107536384819057E+002 -0.532483234568440E+002
  0.157397277784109E-018  0.110040252426433E+003 -0.757214641355578E+000  0.926168367474701E+002 -0.616729567567358E+000 -0.813335750545955E+000 -0.107536384819057E+002 -0.531969299705650E+002
  0.160675845749261E-018  0.109999020598378E+003  0.845235869697699E+001  0.934891214616050E+002 -0.631529847148202E+000 -0.667170722744873E+000 -0.107536384819057E+002 -0.531763140565374E+002
  0.188313499673514E-018  0.109681582257389E+003 -0.130651792307504E+002  0.678354720748144E+002 -0.747884494769178E-001 -0.489888724516134E+001 -0.107536384819057E+002 -0.530175948860429E+002
  0.191218269877728E-018  0.109650967408706E+003  0.160819360464472E+002  0.748267182492432E+002 -0.283913953040871E+000 -0.385822693865209E+001 -0.107536384819057E+002 -0.530022874617013E+002
  0.193788420083334E-018  0.109624264616759E+003  0.572606590043989E-002  0.981466116124631E+002 -0.516079152513856E+000 -0.941842810216205E+000 -0.107536384819057E+002 -0.529889360657280E+002
  0.202403446371735E-018  0.109537272578725E+003  0.112425708026880E+002  0.947418205162988E+002 -0.267520782119785E+000 -0.264861294477138E+001 -0.107536384819057E+002 -0.529454400467108E+002
  0.215413182001646E-018  0.109412682587060E+003  0.156170350705762E+002  0.626548009777867E+002 -0.223098095429866E+000 -0.258794063946319E+001 -0.107536384819057E+002 -0.528831450508785E+002
  0.219561170704594E-018  0.109374536756886E+003  0.418419335630143E+001  0.983498516390223E+002 -0.242490438017140E+000  0.224725646351085E+000 -0.107536384819057E+002 -0.528640721357914E+002
  0.238040163213434E-018  0.109212919683454E+003 -0.809814537310454E+001  0.600718311710625E+002 -0.993305778082325E-001 -0.303307014160506E+001 -0.107536384819057E+002 -0.527832635990756E+002
  0.238737969669533E-018  0.109207065329773E+003  0.572128146461373E+001  0.913201024122478E+002 -0.330747381468325E+000 -0.281071187726608E+001 -0.107536384819057E+002 -0.527803364222349E+002
  0.244121304145514E-018  0.109162468008531E+003  0.627035255032428E+001  0.496850040501071E+002 -0.337973353908830E+000 -0.404246136001780E+000 -0.107536384819057E+002 -0.527580377616141E+002
  0.260683638554621E-018  0.109031183389714E+003 -0.990046260753447E+001  0.723032788068416E+002 -0.496391926437185E+000 -0.156500884575605E+001 -0.107536384819057E+002 -0.526923954522052E+002
  0.312121941173797E-018  0.108671010611222E+003  0.842775504349085E-001  0.869479512188811E+002 -0.436873281516015E+000 -0.239236819834997E+001 -0.107536384819057E+002 -0.525123090629594E+002
  0.325365410003620E-018  0.108587900729904E+003  0.834761559182093E+001  0.848698141623766E+002 -0.645698843261734E+000 -0.775013269537695E+000 -0.107536384819057E+002 -0.524707541223002E+002
  0.335635570122318E-018  0.108525746591090E+003  0.497833916729731E+001  0.891211183242660E+002 -0.469810566158577E+000 -0.196273583601908E+001 -0.107536384819057E+002 -0.524396770528935E+002
  0.338989457973462E-018  0.108505860489371E+003  0.513790558411982E+001  0.896734656168966E+002 -0.496399755377104E-001 -0.492105914500898E+001 -0.107536384819057E+002 -0.524297340020340E+002
  0.348515758141360E-018  0.108450431615865E+003 -0.184378848656871E+002  0.976567384126861E+002 -0.149001699321628E+001 -0.223748310884143E+001 -0.107536384819057E+002 -0.524020195652808E+002
  0.364799066678227E-018  0.108359105108820E+003 -0.133649755562119E+002  0.652878011225922E+002 -0.269126269998673E+000 -0.254872637511856E+001 -0.107536384819057E+002 -0.523563563117584E+002
  0.394619961601895E-018  0.108201952149844E+003 -0.628616423591524E+001  0.984061615664911E+002 -0.861211549949812E-001 -0.223727078521059E+001 -0.107536384819057E+002 -0.522777798322702E+002
  0.395141499568090E-018  0.108199310653302E+003 -0.126240538966053E+002  0.864075287468273E+002 -0.403704222718849E+000 -0.264445021981843E+001 -0.107536384819057E+002 -0.522764590839996E+002
  0.401034090204959E-018  0.108169705634972E+003  0.666076886122419E+001  0.739290899025764E+002 -0.454497670768579E+000 -0.197295431143059E+001 -0.107536384819057E+002 -0.522616565748344E+002
  0.402801317810420E-018  0.108160911643391E+003  0.115297571000865E+001  0.611978390007726E+002 -0.654115863808876E+000  0.136326712343867E+000 -0.107536384819057E+002 -0.522572595790437E+002
  0.407033162691731E-018  0.108140009182442E+003  0.746368653237072E+001  0.996828438026425E+002 -0.151190673842999E+001 -0.235244681526689E+001 -0.107536384819057E+002 -0.522468083485692E+002
  0.461412639851777E-018  0.107889213028462E+003  0.168139083650916E+002  0.831635736941307E+002 -0.236693862194179E+000 -0.428794006835863E+001 -0.107536384819057E+002 -0.521214102715792E+002
  0.547138639940418E-018  0.107548394057500E+003 -0.824875926350764E+000  0.999763289159389E+002 -0.118505225195114E+000 -0.168529914714963E+001 -0.107536384819057E+002 -0.519510007860985E+002
  0.591099283775648E-018  0.107393830516020E+003  0.179710778472651E+002  0.569798520815467E+002 -0.105622206347297E+000 -0.230528542681393E+001 -0.107536384819057E+002 -0.518737190153584E+002
  0.724505263443599E-018  0.106986820454984E+003  0.107186099040888E+002  0.640892096123350E+002 -0.810236674349221E-001 -0.372689204653350E+001 -0.107536384819057E+002 -0.516702139848406E+002
  0.784695693147441E-018  0.106827206527149E+003 -0.124968282198462E+002  0.442982519896716E+002 -0.168536577499853E+000 -0.390793978226140E+000 -0.107536384819057E+002 -0.515904070209230E+002
  0.896669290969492E-018  0.106560424287008E+003 -0.114493331187029E+002  0.980644956040691E+002 -0.141704221753720E+001 -0.195131148139981E+001 -0.107536384819057E+002 -0.514570159008522E+002
  0.898650881319267E-018  0.106556009272494E+003 -0.235299946797529E+001  0.828999482249341E+002 -0.490732872863046E+000 -0.184953299055864E+001 -0.107536384819057E+002 -0.514548083935952E+002
  0.930810590769963E-018  0.106485686889317E+003 -0.127133151810230E+002  0.829027002066557E+002 -0.528267066664073E+000 -0.153995698472210E+001 -0.107536384819057E+002 -0.514196472020070E+002
  0.981597599430294E-018  0.106379435612667E+003  0.820700121968019E+001  0.969046043030451E+002 -0.474911335624061E+000 -0.107652950441414E+001 -0.107536384819057E+002 -0.513665215636819E+002
  0.103138996785158E-017  0.106280473198637E+003  0.783506734029054E+001  0.712558432408858E+002 -0.321213561603453E+000 -0.268603818575001E+001 -0.107536384819057E+002 -0.513170403566670E+002
  0.111523822465239E-017  0.106124151877378E+003  0.875010830644717E+001  0.999347933977570E+002 -0.144997164704652E+001 -0.209939180382907E+001 -0.107536384819057E+002 -0.512388796960373E+002
  0.117480900620185E-017  0.106020076777413E+003  0.128020017080416E+002  0.496828027747810E+002 -0.552249867082393E+000  0.282004338760769E+000 -0.107536384819057E+002 -0.511868421460549E+002
  0.127847359839561E-017  0.105850954220189E+003 -0.107375882714313E+002  0.791645102641473E+002 -0.711938044732896E+000 -0.131413193402120E+000 -0.107536384819057E+002 -0.511022808674426E+002
  0.132030125044704E-017  0.105786568089163E+003  0.124453306286459E+002  0.846620387191526E+002 -0.444746042141837E+000 -0.211453184608732E+001 -0.107536384819057E+002 -0.510700878019297E+002
  0.135087996268041E-017  0.105740775541728E+003  0.524442784226231E+001  0.589605905740917E+002 -0.269743040038505E+000 -0.153574819951744E+001 -0.107536384819057E+002 -0.510471915282124E+002
  0.148550146179449E-017  0.105550783150430E+003 -0.749477070720586E+001  0.660402449797621E+002 -0.232004498790709E+000 -0.270056668235722E+001 -0.107536384819057E+002 -0.509521953325632E+002
  0.174914217062033E-017  0.105224036991280E+003 -0.165477149156420E+002  0.925569299502203E+002 -0.119263539809469E+001 -0.263285373470425E+001 -0.107536384819057E+002 -0.507888222529884E+002
  0.181743612485478E-017  0.105147434379756E+003  0.157441334289453E+001  0.971992895892059E+002 -0.498388346981923E+000 -0.880705756651453E+000 -0.107536384819057E+002 -0.507505209472264E+002
  0.208084314212497E-017  0.104876741613616E+003  0.105486970525310E+001  0.954382857181493E+002 -0.434871122195768E+000 -0.131875222358346E+001 -0.107536384819057E+002 -0.506151745641561E+002
  0.223736595875509E-017  0.104731689425012E+003  0.294410791674807E+000  0.647350494354137E+002 -0.204322937149568E+000 -0.265767990725643E+001 -0.107536384819057E+002 -0.505426484698546E+002
  0.225371744374394E-017  0.104717125850235E+003  0.174474765134879E+002  0.804819898111298E+002 -0.218097418488797E+000 -0.398892041787465E+001 -0.107536384819057E+002 -0.505353666824658E+002
  0.277097070379302E-017  0.104303892563567E+003  0.129657993907931E+002  0.875728027216159E+002 -0.549432204556213E+000 -0.113088379438327E+001 -0.107536384819057E+002 -0.503287500391316E+002
  0.286369482537107E-017  0.104238062574286E+003  0.411924746190962E+001  0.945494794965039E+002 -0.255728069772120E+000 -0.220766025522183E+001 -0.107536384819057E+002 -0.502958350444916E+002
  0.343739732469012E-017  0.103872858763623E+003  0.182023636004207E+002  0.754452552426637E+002 -0.197009900439160E+000 -0.388099171817701E+001 -0.107536384819057E+002 -0.501132331391598E+002
  0.350390439754774E-017  0.103834532172560E+003 -0.161214910359564E+002  0.996252190409285E+002 -0.125464942655205E+001 -0.386177519358711E+001 -0.107536384819057E+002 -0.500940698436283E+002
  0.390098751347648E-017  0.103619828491019E+003 -0.167694004225260E+001  0.624105833466414E+002 -0.154664430221343E+000 -0.258626647595150E+001 -0.107536384819057E+002 -0.499867180028579E+002
  0.406134260863644E-017  0.103539260728895E+003 -0.153237534640652E+002  0.983248698918794E+002 -0.121027564274979E+001 -0.284283898158028E+001 -0.107536384819057E+002 -0.499464341217958E+002
  0.422231662681037E-017  0.103461520068111E+003 -0.116455570592255E+002  0.672973486277610E+002 -0.178089806322861E+000 -0.309917273672740E+001 -0.107536384819057E+002 -0.499075637914037E+002
  0.448936148812708E-017  0.103338866982159E+003 -0.120721427372278E+002  0.665941264116146E+002 -0.320913706618945E+000 -0.194799793580475E+001 -0.107536384819057E+002 -0.498462372484277E+002
  0.456036338046864E-017  0.103307483332253E+003 -0.326633667945643E+001  0.782506557282633E+002 -0.801941765181659E+000  0.433327662161620E+000 -0.107536384819057E+002 -0.498305454234748E+002
  0.470240858349120E-017  0.103246138266307E+003  0.185307750774715E+002  0.917318663694650E+002 -0.198445779579913E+000 -0.283424345371773E+001 -0.107536384819057E+002 -0.497998728905019E+002
  0.490155293254685E-017  0.103163183790522E+003 -0.588231081858595E+001  0.808077521016006E+002 -0.160283952104806E+000 -0.424362472896130E+001 -0.107536384819057E+002 -0.497583956526093E+002
  0.593971216546404E-017  0.102778966599938E+003  0.116406968558532E+002  0.862565987723627E+002 -0.442896791497673E+000 -0.179637123870588E+001 -0.107536384819057E+002 -0.495662870573174E+002
  0.601387685312224E-017  0.102754148735042E+003 -0.177864273353856E+002  0.947233648631292E+002 -0.129356088441852E+001 -0.464289271891165E+001 -0.107536384819057E+002 -0.495538781248693E+002
  0.606747418840162E-017  0.102736403141284E+003  0.113240879042207E+002  0.803738375798609E+002 -0.649155877737877E+000 -0.426541475627701E+000 -0.107536384819057E+002 -0.495450053279905E+002
  0.672084514443467E-017  0.102531860126018E+003 -0.785782715149699E+001  0.846817355359729E+002 -0.734266313826688E+000  0.576538959580963E-001 -0.107536384819057E+002 -0.494427338203572E+002
  0.757510342503823E-017  0.102292553940809E+003  0.136610400170510E+002  0.663541696964829E+002 -0.304178513798441E+000 -0.196840189212701E+001 -0.107536384819057E+002 -0.493230807277527E+002
  0.779968084993669E-017  0.102234122317987E+003  0.182435720579643E+002  0.816539608392375E+002 -0.901604168066035E-001 -0.464644298848170E+001 -0.107536384819057E+002 -0.492938649163417E+002
  0.783225650501293E-017  0.102225786639179E+003  0.624298291924094E+001  0.809521984275474E+002 -0.525171534749445E+000 -0.124019757862307E+001 -0.107536384819057E+002 -0.492896970769380E+002
  0.848671189668305E-017  0.102057300639844E+003 -0.625627270248085E+000  0.534986634512217E+002 -0.206240125532853E+000 -0.107408465921601E+001 -0.107536384819057E+002 -0.492054540772704E+002
  0.889095887355484E-017  0.101956250058272E+003 -0.816457254681346E+000  0.605487529248947E+002 -0.268632815136901E+000 -0.154061119566281E+001 -0.107536384819057E+002 -0.491549287864845E+002
  0.898066322196124E-017  0.101928188352658E+003 -0.166782038196396E+002  0.874113135736271E+002 -0.111995947335374E+000 -0.384011865138995E+001 -0.107536384819057E+002 -0.491408979336775E+002
  0.949223783284124E-017  0.101809402991407E+003 -0.391585363224067E+001  0.897678096763824E+002 -0.807898388043351E+000  0.456903897610632E+000 -0.107536384819057E+002 -0.490815052530518E+002
  0.125806187917533E-016  0.101238052860466E+003 -0.741719378355117E+001  0.850318151550286E+002 -0.176730818108004E-001 -0.469358422433111E+001 -0.107536384819057E+002 -0.487958301875814E+002
  0.136484240377224E-016  0.101067135575412E+003  0.607607399325531E+001  0.963628891849113E+002 -0.131814568071595E+001 -0.493384983712511E+001 -0.107536384819057E+002 -0.487103715450545E+002
  0.139042795275813E-016  0.101022006307713E+003 -0.119337988127968E+002  0.861845501845438E+002 -0.235864339967945E+000 -0.305289734998800E+001 -0.107536384819057E+002 -0.486878069112050E+002
  0.207307900196916E-016  0.100215175538657E+003 -0.777758590528037E+001  0.631583689647804E+002 -0.282646875652307E+000 -0.165022961237904E+001 -0.107536384819057E+002 -0.482843915266769E+002
  0.213924290440847E-016  0.100144357414612E+003  0.660710004158064E+001  0.887903758649982E+002 -0.652439132095074E+000 -0.281191943365545E+000 -0.107536384819057E+002 -0.482489824646544E+002
  0.232005033817192E-016  0.999740995731136E+002  0.472053551917239E+001  0.804329722625267E+002 -0.164936054948138E+000 -0.374487849978361E+001 -0.107536384819057E+002 -0.481638535439052E+002
  0.285210620777840E-016  0.995531778132107E+002  0.596674913003945E+001  0.870528291024647E+002 -0.474418178337952E+000 -0.132917435941039E+001 -0.107536384819057E+002 -0.479533926639537E+002
  0.300306522300314E-016  0.994420422378027E+002  0.194774113515696E+002  0.956470921540776E+002 -0.303472589302168E+000 -0.150739382976858E+001 -0.107536384819057E+002 -0.478978248762498E+002
  0.305953754037271E-016  0.993967976634663E+002 -0.171777544149144E+002  0.642127441991149E+002 -0.631697326352282E+000  0.756763023351201E-001 -0.107536384819057E+002 -0.478752025890816E+002
  0.309001768803665E-016  0.993689875384648E+002 -0.747993836819413E+001  0.745459224122032E+002 -0.761865892733658E+000  0.364851115751842E+000 -0.107536384819057E+002 -0.478612975265808E+002
  0.329810157601994E-016  0.992306630803968E+002  0.194024952604902E+002  0.958798756783526E+002 -0.276444125245386E+000 -0.155496203466729E+001 -0.107536384819057E+002 -0.477921352975468E+002
  0.331663517854918E-016  0.992114715466355E+002  0.262692215460566E+001  0.779190662562559E+002 -0.582077437746445E+000 -0.652274641950865E+000 -0.107536384819057E+002 -0.477825395306661E+002
  0.348973171828505E-016  0.991017393177855E+002 -0.200009764291082E+001  0.850713532659427E+002 -0.414726287710874E-001 -0.419031144273038E+001 -0.107536384819057E+002 -0.477276734162412E+002
  0.356557216706265E-016  0.990507559253466E+002  0.690548202101234E+001  0.940221222484406E+002 -0.669592838890180E+000 -0.439940168903377E-001 -0.107536384819057E+002 -0.477021817200217E+002
  0.379380477960031E-016  0.989186821258138E+002 -0.152526931775406E+002  0.491064148682542E+002 -0.525805189749249E+000  0.304693171448450E+000 -0.107536384819057E+002 -0.476361448202553E+002
  0.381677133176305E-016  0.988986271853333E+002  0.313617148279830E+001  0.682789066508679E+002 -0.121549635744820E-001 -0.404301058493455E+001 -0.107536384819057E+002 -0.476261173500151E+002
  0.456492656157156E-016  0.985326480177681E+002 -0.162893438603815E+002  0.788286386856069E+002 -0.234613205777989E+000 -0.303881580383357E+001 -0.107536384819057E+002 -0.474431277662324E+002
  0.490368809301857E-016  0.983814936404149E+002  0.479998725290600E+001  0.802788536586923E+002 -0.289407866702351E-001 -0.456210983911046E+001 -0.107536384819057E+002 -0.473675505775558E+002
  0.536956059404908E-016  0.981919926277447E+002 -0.162816609905877E+002  0.635445269915399E+002 -0.269752000949837E-001 -0.318025060875770E+001 -0.107536384819057E+002 -0.472728000712207E+002
  0.553970731876295E-016  0.981216174057972E+002 -0.144431781963876E+002  0.551600362799750E+002 -0.787321403885555E-002 -0.201256783763853E+001 -0.107536384819057E+002 -0.472376124602470E+002
  0.575659953096979E-016  0.980368228185478E+002  0.478559249862936E+001  0.802284379441201E+002 -0.277233041710171E+000 -0.268152508225976E+001 -0.107536384819057E+002 -0.471952151666223E+002
  0.631691841423911E-016  0.978430696652237E+002  0.612004916965478E+000  0.818380138902026E+002 -0.359918538835591E-002 -0.457507960013674E+001 -0.107536384819057E+002 -0.470983385899602E+002
  0.670117002196795E-016  0.977169843332202E+002  0.691822568302448E+001  0.783550062417125E+002 -0.567113974849158E+000 -0.689334202047943E+000 -0.107536384819057E+002 -0.470352959239585E+002
  0.671368341889166E-016  0.977052690831481E+002 -0.392559174959379E+001  0.610777501173037E+002 -0.168141749043714E+000 -0.194441099879483E+001 -0.107536384819057E+002 -0.470294382989224E+002
  0.880613553806515E-016  0.971546831331852E+002 -0.109141883279082E+002  0.776313521137843E+002 -0.561612682057786E+000 -0.683745829555304E+000 -0.107536384819057E+002 -0.467541453239410E+002
  0.972915814532634E-016  0.969473417463825E+002 -0.441109302895358E+001  0.873266564882355E+002 -0.500648935746679E-001 -0.353836981622640E+001 -0.107536384819057E+002 -0.466504746305397E+002
  0.101362393631395E-015  0.968573783298786E+002 -0.135632309313289E+002  0.517267857375643E+002 -0.177889769192803E+000 -0.838066417053817E+000 -0.107536384819057E+002 -0.466054929222877E+002
  0.102408188473811E-015  0.968288652391578E+002 -0.135777494912551E+001  0.870583814398185E+002 -0.202902192838944E+000 -0.273106236356222E+001 -0.107536384819057E+002 -0.465912363769273E+002
  0.105632789138886E-015  0.967588768939941E+002  0.195096177621406E+001  0.563540227468572E+002 -0.164485510601789E+000 -0.137325463373214E+001 -0.107536384819057E+002 -0.465562422043454E+002
  0.109529390283812E-015  0.966784446687035E+002  0.116437955229835E+002  0.837432674434499E+002 -0.103110924227410E+000 -0.360040842180732E+001 -0.107536384819057E+002 -0.465160260917002E+002
  0.125732099307360E-015  0.963945395666575E+002 -0.295437415170581E+001  0.777479187959246E+002 -0.364608313397762E+000 -0.189994338849480E+001 -0.107536384819057E+002 -0.463740735406771E+002
  0.149689223034227E-015  0.960377398221176E+002  0.935346732732379E+001  0.570290224068488E+002 -0.104641643408117E+000 -0.169848826777422E+001 -0.107536384819057E+002 -0.461956736684072E+002
  0.154991381055600E-015  0.959601393578476E+002 -0.112130547824855E+002  0.877183147650295E+002 -0.466494885488518E-001 -0.337674339463642E+001 -0.107536384819057E+002 -0.461568734362722E+002
  0.167928738450744E-015  0.957918149068155E+002  0.134165738779200E+002  0.770771388909561E+002 -0.714834522702050E+000  0.175848463471132E+000 -0.107536384819057E+002 -0.460727112107561E+002
  0.173693991774007E-015  0.957163201253760E+002  0.248195901337417E+001  0.726278670324078E+002 -0.186393500249956E+000 -0.285126719994269E+001 -0.107536384819057E+002 -0.460349638200364E+002
  0.182922340188851E-015  0.956048028643549E+002 -0.167770905890423E+002  0.944658191256385E+002 -0.454293400670226E+000 -0.839159784263760E+000 -0.107536384819057E+002 -0.459792051895258E+002
  0.208060459976392E-015  0.953392847853968E+002  0.640383194808965E+001  0.982019758967931E+002 -0.324189573588480E+000 -0.919969089661206E+000 -0.107536384819057E+002 -0.458464461500468E+002
  0.208308485534362E-015  0.953289179946726E+002 -0.187231976073192E+002  0.830792724771538E+002 -0.829286544620322E-001 -0.361151444044167E+001 -0.107536384819057E+002 -0.458412627546847E+002
  0.210023744008624E-015  0.953045329391064E+002 -0.996120240071125E+001  0.977988100685097E+002 -0.585245533910368E-001 -0.952752820605220E+000 -0.107536384819057E+002 -0.458290702269016E+002
  0.216939891118894E-015  0.952317494472008E+002  0.225060824879375E+001  0.854276596487146E+002 -0.396759792502974E+000 -0.157582061681558E+001 -0.107536384819057E+002 -0.457926784809488E+002
  0.226906751857607E-015  0.951339277394596E+002  0.833004104440418E+001  0.889649360089532E+002 -0.102661166945984E+000 -0.284855333555273E+001 -0.107536384819057E+002 -0.457437676270782E+002
  0.229011782571155E-015  0.951074750845437E+002 -0.546810950010663E+001  0.756656768526936E+002 -0.178261000235515E+000 -0.301703707857230E+001 -0.107536384819057E+002 -0.457305412996202E+002
  0.309342806710284E-015  0.944981378134371E+002 -0.193743904827842E+002  0.822263142160770E+002 -0.272648865905069E+000 -0.236632876866437E+001 -0.107536384819057E+002 -0.454258726640669E+002
  0.310622154471279E-015  0.944818994361721E+002 -0.118388586014041E+001  0.741708334719025E+002 -0.354797824153258E+000 -0.171187899806202E+001 -0.107536384819057E+002 -0.454177534754345E+002
  0.313089934182176E-015  0.944580889080904E+002  0.102841346021473E+002  0.866057351173196E+002 -0.461556472621385E+000 -0.113067618335858E+001 -0.107536384819057E+002 -0.454058482113936E+002
  0.335620720111185E-015  0.943111223970295E+002  0.817505884574474E+001  0.757777984218198E+002 -0.338434144193048E+000 -0.187022587680256E+001 -0.107536384819057E+002 -0.453323649558631E+002
  0.352990463984770E-015  0.942022196961392E+002 -0.147085060811936E+002  0.784818254975427E+002 -0.120867753843832E+000 -0.338380064145950E+001 -0.107536384819057E+002 -0.452779136054180E+002
  0.358412481472205E-015  0.941637487262607E+002 -0.953185197146118E+001  0.819156139841770E+002 -0.566794423031267E-001 -0.370944416353989E+001 -0.107536384819057E+002 -0.452586781204787E+002
  0.371281313185813E-015  0.940852136320996E+002 -0.173539950422469E+002  0.793297587214164E+002 -0.795822255641148E-001 -0.364534632676913E+001 -0.107536384819057E+002 -0.452194105733982E+002
  0.375238134981699E-015  0.940560279511555E+002  0.161800889120484E+002  0.836443355522768E+002 -0.128974072595032E-001 -0.382578558858482E+001 -0.107536384819057E+002 -0.452048177329261E+002
  0.391055875555238E-015  0.939654647026870E+002 -0.899765363245593E+001  0.929071979539409E+002 -0.377528251583825E-001 -0.226404270372737E+001 -0.107536384819057E+002 -0.451595361086919E+002
  0.402268309576788E-015  0.939009429626850E+002 -0.163423193384696E+002  0.676982699463327E+002 -0.178315999543827E+000 -0.235681926342933E+001 -0.107536384819057E+002 -0.451272752386909E+002
  0.441961622101018E-015  0.937047514246623E+002 -0.194869681110930E+002  0.763067687527592E+002 -0.500758486559661E+000 -0.863151507882107E+000 -0.107536384819057E+002 -0.450291794696795E+002
  0.472540383427737E-015  0.935629670613804E+002  0.121488868269819E+002  0.779405409637200E+002 -0.193528960986933E+000 -0.282393120872963E+001 -0.107536384819057E+002 -0.449582872880386E+002
  0.511756224845946E-015  0.933955326639304E+002  0.795609032160179E+001  0.977992694407702E+002 -0.267225458798117E+000 -0.980726401196632E+000 -0.107536384819057E+002 -0.448745700893136E+002
  0.529770860517173E-015  0.933183562491814E+002  0.189212837738166E+002  0.941323137546641E+002 -0.632060678488156E+000 -0.633373022214831E-001 -0.107536384819057E+002 -0.448359818819391E+002
  0.545140827177235E-015  0.932531730359215E+002 -0.110621170346399E+002  0.800649427332994E+002 -0.219026905715525E+000 -0.263393733693501E+001 -0.107536384819057E+002 -0.448033902753091E+002
  0.658507071644720E-015  0.928673267926398E+002 -0.495608278783042E+000  0.985585136458803E+002 -0.147970319113651E+000 -0.759691979507544E+000 -0.107536384819057E+002 -0.446104671536683E+002
  0.991168947035817E-015  0.920415232680566E+002  0.148092423207158E+002  0.889488253297657E+002 -0.100231841532417E+000  0.235844995958190E+000 -0.107536384819057E+002 -0.441975653913767E+002
  0.123898525598781E-014  0.915872132645947E+002 -0.538308690793392E+001  0.871913153841818E+002 -0.304204440052013E+000 -0.176302698355527E+001 -0.107536384819057E+002 -0.439704103896457E+002
  0.138109301804032E-014  0.913620641718947E+002  0.150516151586539E+002  0.809422883958514E+002 -0.174559791554845E+000 -0.272819223499800E+001 -0.107536384819057E+002 -0.438578358432957E+002
  0.139011132226065E-014  0.913410629210246E+002  0.679789890742328E+001  0.942322007018538E+002 -0.208621563080057E+000 -0.146244055562896E+001 -0.107536384819057E+002 -0.438473352178607E+002
  0.171324561840858E-014  0.909150673542575E+002  0.112520553214186E+002  0.435654204029165E+002 -0.284200556465726E+000  0.149377499299113E+000 -0.107536384819057E+002 -0.436343374344771E+002
  0.175338935673601E-014  0.908607611195684E+002  0.479715434518173E+001  0.911736027771418E+002 -0.534629582360383E+000 -0.484887879100682E+000 -0.107536384819057E+002 -0.436071843171326E+002
  0.174684184966027E-014  0.908602594567083E+002 -0.154780232861023E+002  0.727412269529007E+002 -0.278781719865174E+000 -0.189189951172145E+001 -0.107536384819057E+002 -0.436069334857025E+002
  0.192108653732531E-014  0.906621125529887E+002 -0.121228812040161E+002  0.786715087631711E+002 -0.776698567918521E+000  0.487270144161773E+000 -0.107536384819057E+002 -0.435078600338427E+002
  0.194536456085438E-014  0.906290115833288E+002 -0.744407928652271E+001  0.912398310225625E+002 -0.275619375044601E+000 -0.153345363717585E+001 -0.107536384819057E+002 -0.434913095490128E+002
  0.209379855322048E-014  0.904739665177358E+002  0.535986721077672E+001  0.785547115929015E+002 -0.248793701717373E+000 -0.222385460114813E+001 -0.107536384819057E+002 -0.434137870162163E+002
  0.238422179900059E-014  0.902061967242991E+002 -0.864517963587682E+001  0.719246331310847E+002 -0.413668984113850E+000 -0.105089422578163E+001 -0.107536384819057E+002 -0.432799021194980E+002
  0.242743929510765E-014  0.901622844170862E+002 -0.628496664294461E+001  0.934533232740386E+002 -0.161104347448180E-001 -0.181203459588719E+001 -0.107536384819057E+002 -0.432579459658915E+002
  0.243224679182085E-014  0.901503433302480E+002 -0.226774167589911E+001  0.934857454983608E+002 -0.111316871236855E+000 -0.169754968384850E+001 -0.107536384819057E+002 -0.432519754224724E+002
  0.244597011682101E-014  0.901311065193639E+002 -0.151394108084802E+002  0.852288789281743E+002 -0.619645462272569E+000 -0.190231597626670E+000 -0.107536384819057E+002 -0.432423570170303E+002
  0.265618489520874E-014  0.899582244301786E+002 -0.127835165658848E+002  0.824003159530066E+002 -0.514821124562148E-001 -0.323741029243064E+001 -0.107536384819057E+002 -0.431559159724377E+002
  0.332765943662237E-014  0.894994837043879E+002 -0.518362832406396E+001  0.681739852061374E+002 -0.318956867677338E+000 -0.133222347335372E+001 -0.107536384819057E+002 -0.429265456095424E+002
  0.353773285129356E-014  0.893690658628221E+002  0.812833472763515E+001  0.717891174116214E+002 -0.216779091805122E+000 -0.211746287174276E+001 -0.107536384819057E+002 -0.428613366887594E+002
  0.387989942112431E-014  0.891764355274466E+002 -0.632192269788658E+001  0.672583822985521E+002 -0.232400289767631E+000 -0.171898474303283E+001 -0.107536384819057E+002 -0.427650215210717E+002
  0.398324365534421E-014  0.891158769944180E+002 -0.748048530522460E-001  0.661066999265026E+002 -0.820031102980494E+000  0.739038888072577E+000 -0.107536384819057E+002 -0.427347422545574E+002
  0.397032673613282E-014  0.891143891189746E+002 -0.136639618147176E+002  0.776618558692210E+002 -0.336042582655167E+000 -0.161212897091954E+001 -0.107536384819057E+002 -0.427339983168357E+002
  0.395474293650679E-014  0.891142706576131E+002 -0.418343803633968E+001  0.802039799891937E+002 -0.579750845368999E+000 -0.348062343560759E+000 -0.107536384819057E+002 -0.427339390861549E+002
  0.405672478248765E-014  0.890553659306429E+002  0.975555721185600E+000  0.837478426663787E+002 -0.774415050184916E-001 -0.292057128398353E+001 -0.107536384819057E+002 -0.427044867226698E+002
  0.413537508422311E-014  0.890089777086316E+002 -0.107656834255622E+002  0.477739069583142E+002 -0.296481222255427E+000 -0.397719998513644E-001 -0.107536384819057E+002 -0.426812926116642E+002
  0.603704628477997E-014  0.882443200007572E+002  0.155928754209996E+002  0.907667077750737E+002 -0.318010082122962E+000 -0.127936170405489E+001 -0.107536384819057E+002 -0.422989637577270E+002
  0.632348798818363E-014  0.881436237859217E+002  0.915324320109860E+001  0.806854005716316E+002 -0.316088676964319E+000 -0.168380121355841E+001 -0.107536384819057E+002 -0.422486156503092E+002
  0.723541833309024E-014  0.878662052906372E+002  0.256085190980749E+001  0.714640484939271E+002 -0.528945658813906E-001 -0.296947833292905E+001 -0.107536384819057E+002 -0.421099064026670E+002
  0.724101799654136E-014  0.878566739988711E+002  0.168254815663604E+002  0.692610218755030E+002 -0.104716996203325E+000 -0.250844108571575E+001 -0.107536384819057E+002 -0.421051407567839E+002
  0.820052718888733E-014  0.875998166768102E+002 -0.188773317630160E+002  0.878260204700083E+002 -0.311609118523281E+000 -0.145547458371606E+001 -0.107536384819057E+002 -0.419767120957535E+002
  0.827270145149315E-014  0.875743072964028E+002  0.142575366595677E+002  0.431568524382642E+002 -0.195618961110050E+000  0.680323379131229E-001 -0.107536384819057E+002 -0.419639574055498E+002
  0.863897933204634E-014  0.874796765928493E+002 -0.237509965700678E+000  0.933322902864783E+002 -0.534677853413094E+000 -0.313282568244773E+000 -0.107536384819057E+002 -0.419166420537730E+002
  0.872645033431538E-014  0.874515440728498E+002 -0.595232583724002E+000  0.669048542585258E+002 -0.136418826612267E+000 -0.211757918410024E+001 -0.107536384819057E+002 -0.419025757937733E+002
  0.901002987049473E-014  0.873796006199666E+002  0.137749390759925E+002  0.811873378541382E+002 -0.836050914129531E-001 -0.287719312503043E+001 -0.107536384819057E+002 -0.418666040673317E+002
  0.114815808615030E-013  0.868868051769441E+002  0.981632212767644E+001  0.768800517248078E+002 -0.963252660075447E-001 -0.282532173956481E+001 -0.107536384819057E+002 -0.416202063458204E+002
  0.121464903586835E-013  0.867662287712564E+002  0.109868970453004E+002  0.637059344743650E+002 -0.119439016327766E+000 -0.188880263338977E+001 -0.107536384819057E+002 -0.415599181429766E+002
  0.128658160713927E-013  0.866431775117465E+002 -0.134307291363426E+002  0.814406466156430E+002 -0.352133469306068E-001 -0.304825644416429E+001 -0.107536384819057E+002 -0.414983925132216E+002
  0.129700005683426E-013  0.866190631392640E+002 -0.954977276178470E+001  0.776137158207530E+002 -0.529093334134669E+000 -0.490051137431090E+000 -0.107536384819057E+002 -0.414863353269804E+002
  0.136933521091774E-013  0.865025362459050E+002 -0.949428347485319E+001  0.893129514571550E+002 -0.734617433163494E+000  0.371026741541788E+000 -0.107536384819057E+002 -0.414280718803009E+002
  0.138317787657145E-013  0.864744356307391E+002 -0.742599458155155E+001  0.748820842060623E+002 -0.465918357234038E+000 -0.738688206956826E+000 -0.107536384819057E+002 -0.414140215727179E+002
  0.148816081547489E-013  0.863201368989807E+002 -0.795278239713434E+001  0.777370658394423E+002 -0.217751543352262E+000 -0.210506542059888E+001 -0.107536384819057E+002 -0.413368722068387E+002
  0.149460779645274E-013  0.863035072095865E+002  0.165422188523552E+002  0.856505176749903E+002 -0.624854497365775E+000 -0.745214520756949E-001 -0.107536384819057E+002 -0.413285573621416E+002
  0.150497503502415E-013  0.862816982047980E+002  0.594569094610640E+001  0.789355950211138E+002 -0.177212082298563E+000 -0.232829673775055E+001 -0.107536384819057E+002 -0.413176528597474E+002
  0.176783514289870E-013  0.859517553525356E+002  0.119462081308663E+002  0.717391770279576E+002 -0.399891020190709E+000 -0.947790726471272E+000 -0.107536384819057E+002 -0.411526814336162E+002
  0.184527005031066E-013  0.858580314687713E+002 -0.114639547404684E+002  0.668279861309212E+002 -0.214800661223117E+000 -0.161373234633076E+001 -0.107536384819057E+002 -0.411058194917340E+002
  0.238160117857804E-013  0.853397526460846E+002 -0.213725261482848E+001  0.855638590401903E+002 -0.314390394526905E+000 -0.142616362115580E+001 -0.107536384819057E+002 -0.408466800803907E+002
  0.270672748030808E-013  0.850758339880261E+002 -0.146065799828620E+002  0.627361064722862E+002 -0.141034917634683E+000 -0.161493906713402E+001 -0.107536384819057E+002 -0.407147207513615E+002
  0.272731931359145E-013  0.850526922314453E+002 -0.517081341290079E+001  0.572793274384406E+002 -0.590172385098087E-001  0.724780801262082E+000 -0.107536384819057E+002 -0.407031498730710E+002
  0.280628945701990E-013  0.849876203040073E+002  0.137875583065614E+002  0.888626943788284E+002 -0.249812969970538E+000 -0.149453952853954E+001 -0.107536384819057E+002 -0.406706139093520E+002
  0.310046070560096E-013  0.847802610967853E+002 -0.751580629127746E+001  0.677248197721778E+002 -0.109459781995458E+000  0.613680403426381E+000 -0.107536384819057E+002 -0.405669343057410E+002
  0.312733110689032E-013  0.847550185659488E+002 -0.137646820897649E+002  0.929046711806364E+002 -0.458134988305119E-001 -0.184030779804790E+000 -0.107536384819057E+002 -0.405543130403228E+002
  0.315345603818941E-013  0.847303964292579E+002 -0.503745616676741E+001  0.943961359084775E+002 -0.546145270634503E+000 -0.170336210949544E+000 -0.107536384819057E+002 -0.405420019719773E+002
  0.341780753594537E-013  0.845614118512073E+002 -0.733742924393935E+001  0.709950720300982E+002 -0.118534651698234E+000 -0.231731867221294E+001 -0.107536384819057E+002 -0.404575096829520E+002
  0.366173909817145E-013  0.844155499609596E+002 -0.114515157150482E+002  0.814782376383515E+002 -0.872118477748365E-001 -0.259314543016268E+001 -0.107536384819057E+002 -0.403845787378282E+002
  0.369332020668642E-013  0.843903906374111E+002  0.181537601800727E+002  0.760358452404215E+002 -0.378459469308949E+000 -0.112229696776509E+001 -0.107536384819057E+002 -0.403719990760539E+002
  0.389186064280228E-013  0.842776835566297E+002  0.704505651938091E+001  0.724438625309737E+002 -0.575785819469805E-001 -0.270746453739958E+001 -0.107536384819057E+002 -0.403156455356632E+002
  0.401707604032868E-013  0.842063656596713E+002  0.360559215436549E+001  0.665969073601055E+002 -0.456028627640384E+000 -0.431836125785448E+000 -0.107536384819057E+002 -0.402799865871841E+002
  0.402624549001528E-013  0.841938215837559E+002  0.694578863149312E+001  0.814870704165531E+002 -0.286483793903485E+000 -0.160340063888880E+001 -0.107536384819057E+002 -0.402737145492263E+002
  0.405926758287825E-013  0.841695010261835E+002  0.177904294027281E+002  0.665544459489539E+002 -0.337397654868605E+000 -0.940846159056699E+000 -0.107536384819057E+002 -0.402615542704401E+002
  0.423448725029326E-013  0.840769976087865E+002  0.769734157464350E+001  0.901059364022937E+002 -0.352587061405107E-002 -0.197476036118984E+001 -0.107536384819057E+002 -0.402153025617416E+002
  0.430378902150911E-013  0.840365464541897E+002  0.921667399833256E+001  0.757112774545142E+002 -0.208644984609414E+000 -0.197680451152938E+001 -0.107536384819057E+002 -0.401950769844432E+002
  0.461097196633191E-013  0.838906766696966E+002  0.115255586104374E+002  0.891954915510567E+002 -0.633673682692667E+000  0.415270811167279E-001 -0.107536384819057E+002 -0.401221420921967E+002
  0.463434302721714E-013  0.838725810795538E+002 -0.117108186216107E+002  0.619512904923078E+002 -0.972448003176263E-002 -0.209405739311331E+001 -0.107536384819057E+002 -0.401130942971253E+002
  0.489118504853317E-013  0.837567167008758E+002  0.775144938139607E+001  0.839578605046206E+002 -0.433484412075964E-001 -0.258684370826936E+001 -0.107536384819057E+002 -0.400551621077863E+002
  0.496564742653253E-013  0.837185145148388E+002  0.678365066460057E+001  0.891238865106273E+002 -0.515216902931983E-001 -0.200212458781421E+001 -0.107536384819057E+002 -0.400360610147678E+002
  0.574382832177453E-013  0.834193659604205E+002  0.864478909421911E+001  0.836493821040337E+002 -0.489040618293337E+000 -0.598863590071818E+000 -0.107536384819057E+002 -0.398864867375586E+002
  0.642476387934323E-013  0.831873140443206E+002 -0.106987387874245E+002  0.935603837847563E+002 -0.527254679839805E+000 -0.223189040617893E+000 -0.107536384819057E+002 -0.397704607795087E+002
  0.681237647549071E-013  0.830621677058261E+002  0.172677179553882E+002  0.591365884873876E+002 -0.190411686097756E+000 -0.102824362890586E+001 -0.107536384819057E+002 -0.397078876102614E+002
  0.802302396303933E-013  0.827270349117410E+002 -0.152519060718027E+002  0.757380827511661E+002 -0.461386193870863E-001  0.485328139112758E+000 -0.107536384819057E+002 -0.395403212132189E+002
  0.814746994531911E-013  0.826882667905212E+002 -0.674733566312404E+001  0.898297317349887E+002 -0.325176601645935E+000 -0.105066352604241E+001 -0.107536384819057E+002 -0.395209371526090E+002
  0.867664635795174E-013  0.825544274543366E+002  0.180436085508749E+002  0.469271389574630E+002 -0.537301793002200E+000  0.505932262058622E+000 -0.107536384819057E+002 -0.394540174845167E+002
  0.873470747124293E-013  0.825331046837294E+002 -0.939454282101236E+001  0.631668197232553E+002 -0.157382631947319E+000 -0.146375695354086E+001 -0.107536384819057E+002 -0.394433560992131E+002
  0.871989656088865E-013  0.825285147975704E+002 -0.837939727471173E+001  0.548585515262315E+002 -0.259782957209679E+000 -0.465698017084889E+000 -0.107536384819057E+002 -0.394410611561336E+002
  0.992769951983540E-013  0.822610879431393E+002  0.181621956909577E+002  0.716156609583860E+002 -0.114470231021253E+000 -0.222158595330240E+001 -0.107536384819057E+002 -0.393073477289180E+002
  0.101131783054170E-012  0.822160827514814E+002  0.317874826779342E+001  0.878588415296367E+002 -0.175024738663361E+000 -0.167169972875973E+001 -0.107536384819057E+002 -0.392848451330891E+002
  0.105697888721283E-012  0.821197777702314E+002  0.430392902313894E+001  0.517955614693356E+002 -0.539636443966330E+000  0.385867802220556E+000 -0.107536384819057E+002 -0.392366926424641E+002
  0.123790431407748E-012  0.817957834314676E+002  0.187065368176430E+002  0.452738474073890E+002 -0.586003769767009E+000  0.616649605048142E+000 -0.107536384819057E+002 -0.390746954730822E+002
  0.129983515052740E-012  0.816901642517408E+002 -0.932382537804784E+001  0.829756370175050E+002 -0.806712335173272E+000  0.641662561604449E+000 -0.107536384819057E+002 -0.390218858832188E+002
  0.159797305733412E-012  0.812691831335611E+002 -0.177570391177483E+002  0.594229500546187E+002 -0.192427228481757E-001 -0.166381056384054E+001 -0.107536384819057E+002 -0.388113953241289E+002
  0.163032794859901E-012  0.812211086848608E+002  0.100768931261102E+002  0.916089920664228E+002 -0.483053454443580E-001 -0.122200635809531E+000 -0.107536384819057E+002 -0.387873580997788E+002
  0.174801578250914E-012  0.810737244102280E+002  0.705935133565151E+001  0.913845421493940E+002 -0.317707306638499E-001 -0.146372892118242E+001 -0.107536384819057E+002 -0.387136659624624E+002
  0.188713337851517E-012  0.809125850864120E+002 -0.955343505370702E+001  0.913937784876907E+002 -0.925992427753664E-001 -0.139884376405770E+001 -0.107536384819057E+002 -0.386330963005544E+002
  0.293379480821195E-012  0.800221254544782E+002  0.645127179515467E+001  0.673415710579252E+002 -0.289878491131081E+000 -0.104868424468246E+001 -0.107536384819057E+002 -0.381878664845875E+002
  0.311626016025432E-012  0.798934676622650E+002 -0.290523086448914E+001  0.528012917063559E+002 -0.318766225634180E+000 -0.131977850202130E+000 -0.107536384819057E+002 -0.381235375884809E+002
  0.336399725103762E-012  0.797324910023683E+002  0.134767145600961E+002  0.765176046236106E+002 -0.202612850065865E+000 -0.177038543308618E+001 -0.107536384819057E+002 -0.380430492585326E+002
  0.347642700673632E-012  0.796587567214208E+002 -0.869837897958090E+001  0.884857949266820E+002 -0.134022169849880E+000 -0.158452860130765E+001 -0.107536384819057E+002 -0.380061821180588E+002
  0.362853737863268E-012  0.795651234850019E+002  0.173450842518390E+001  0.503962776570112E+002 -0.222336325524585E+000 -0.219416079746781E+000 -0.107536384819057E+002 -0.379593654998493E+002
  0.399407714820325E-012  0.793651736229665E+002  0.206617419772379E+001  0.770972326185132E+002 -0.163879864318252E+000 -0.193864312206531E+001 -0.107536384819057E+002 -0.378593905688316E+002
  0.410038751352868E-012  0.793046517126138E+002 -0.811077997146765E+001  0.697519508597955E+002 -0.377414091781171E+000 -0.753106170388294E+000 -0.107536384819057E+002 -0.378291296136553E+002
  0.415640438348681E-012  0.792695299002897E+002  0.121976694550548E+002  0.778987384048467E+002 -0.141915275040478E+000 -0.203731372958672E+001 -0.107536384819057E+002 -0.378115687074932E+002
  0.422465703344695E-012  0.792289704330157E+002 -0.258641860843333E+001  0.718465698252081E+002 -0.130001199495135E+000 -0.197101391658200E+001 -0.107536384819057E+002 -0.377912889738562E+002
  0.438685705552855E-012  0.791456364784671E+002 -0.788738654068099E+001  0.883042803535854E+002 -0.351933766199423E+000 -0.888374157035448E+000 -0.107536384819057E+002 -0.377496219965820E+002
  0.440351154813325E-012  0.791300739084358E+002 -0.166231838510090E+002  0.869087039856175E+002 -0.133798223172210E+000 -0.169199567831692E+001 -0.107536384819057E+002 -0.377418407115663E+002
  0.555576708724302E-012  0.786572214632543E+002  0.164991081966273E+002  0.712877109267047E+002 -0.103978181895731E+000 -0.204002938909310E+001 -0.107536384819057E+002 -0.375054144889755E+002
  0.598204867726117E-012  0.785013842319301E+002 -0.561559361940242E+001  0.537125086032873E+002 -0.415955329804675E+000  0.827222032403299E-001 -0.107536384819057E+002 -0.374274958733134E+002
  0.611184381022295E-012  0.784504693904626E+002 -0.132367187307658E+002  0.887864045828722E+002 -0.863721640644348E-001  0.115857621027613E+000 -0.107536384819057E+002 -0.374020384525797E+002
  0.631851770051950E-012  0.783759730625934E+002  0.118720799808087E+002  0.875969105237657E+002 -0.373547162062502E+000 -0.811097431245742E+000 -0.107536384819057E+002 -0.373647902886451E+002
  0.630111831866292E-012  0.783735040421533E+002 -0.436185392152339E+001  0.858607916675083E+002 -0.303993934852149E+000 -0.112636561529304E+001 -0.107536384819057E+002 -0.373635557784250E+002
  0.641029515363692E-012  0.783311636253372E+002 -0.159270578655951E+002  0.810907167526062E+002 -0.154359968354168E+000 -0.187711213055071E+001 -0.107536384819057E+002 -0.373423855700170E+002
  0.667070630705675E-012  0.782435387192951E+002 -0.353425530149433E+001  0.768491153706599E+002 -0.199781098171617E+000 -0.170621311624771E+001 -0.107536384819057E+002 -0.372985731169959E+002
  0.717937327577565E-012  0.780885819881145E+002 -0.865370956504355E+001  0.796979062550494E+002 -0.222787859575367E+000 -0.159314598185880E+001 -0.107536384819057E+002 -0.372210947514057E+002
  0.748134784094583E-012  0.779981961922964E+002 -0.189112473434628E+002  0.737628249025629E+002 -0.313612518634639E+000 -0.111786878439909E+001 -0.107536384819057E+002 -0.371759018534966E+002
  0.906408202896652E-012  0.776063989392263E+002  0.393095429260112E+001  0.751563313423740E+002 -0.896298023805464E-001 -0.215953212360970E+001 -0.107536384819057E+002 -0.369800032269615E+002
  0.910720863936972E-012  0.775889215277979E+002 -0.180091344349814E+002  0.818024358428000E+002 -0.131115536278324E+000 -0.190479271522470E+001 -0.107536384819057E+002 -0.369712645212473E+002
  0.963760532155504E-012  0.774677246671934E+002 -0.134091007940601E+002  0.851064563932674E+002 -0.190414046909590E+000 -0.152720705124074E+001 -0.107536384819057E+002 -0.369106660909451E+002
  0.101466131421629E-011  0.773568060204691E+002 -0.144606860545894E+002  0.657832910411649E+002 -0.153927990258268E+000 -0.144367189032566E+001 -0.107536384819057E+002 -0.368552067675829E+002
  0.101084879023427E-011  0.773563510018062E+002 -0.183688478067907E+002  0.754331902975588E+002 -0.726548920578534E-001 -0.222568432022215E+001 -0.107536384819057E+002 -0.368549792582515E+002
  0.116390497895751E-011  0.770663862623027E+002  0.130501462862975E+002  0.489352561532670E+002 -0.249045857278423E+000 -0.355811954297414E-001 -0.107536384819057E+002 -0.367099968884997E+002
  0.128477475605191E-011  0.768607968135948E+002 -0.142790427399325E+002  0.890683477446950E+002 -0.910699041120315E-001  0.920404197970832E-001 -0.107536384819057E+002 -0.366072021641458E+002
  0.130771052022076E-011  0.768174237753320E+002  0.346832416925616E+001  0.907837349423883E+002 -0.750186143627567E-001 -0.122822588147911E+001 -0.107536384819057E+002 -0.365855156450144E+002
  0.149920904320891E-011  0.765361202312299E+002 -0.572382146782005E+001  0.846950851599147E+002 -0.455039517762432E+000 -0.519621493856000E+000 -0.107536384819057E+002 -0.364448638729633E+002
  0.167211827683313E-011  0.763098290139179E+002  0.894579368053520E+000  0.459761678869115E+002 -0.344380870969260E+000  0.282885955389977E+000 -0.107536384819057E+002 -0.363317182643073E+002
  0.167655188681310E-011  0.762965490033032E+002  0.499196175112329E+001  0.950063323901176E+002 -0.467906446879263E+000 -0.171129910110802E+000 -0.107536384819057E+002 -0.363250782590000E+002
  0.167819872366136E-011  0.762866013727997E+002  0.859029599780125E+001  0.403924307562905E+002 -0.279392202220858E+000  0.436349904321341E+000 -0.107536384819057E+002 -0.363201044437482E+002
  0.220790074613120E-011  0.757299750391450E+002  0.353064616565269E+001  0.897857351010435E+002 -0.646511485381762E-001 -0.131466005696259E+001 -0.107536384819057E+002 -0.360417912769209E+002
  0.262804466104161E-011  0.753735951579761E+002 -0.948486554457068E+001  0.556972801793564E+002 -0.421517235057379E+000  0.563851609571895E-001 -0.107536384819057E+002 -0.358636013363364E+002
  0.269368263461185E-011  0.753162727719601E+002  0.137969451491793E+002  0.579676419857125E+002 -0.764458331699514E+000  0.741628501683472E+000 -0.107536384819057E+002 -0.358349401433284E+002
  0.300871803121094E-011  0.750870790928979E+002  0.959600469339093E+001  0.856869263771993E+002 -0.335846539507885E-001 -0.181625163429636E+001 -0.107536384819057E+002 -0.357203433037973E+002
  0.300652046661280E-011  0.750805563820728E+002 -0.713731335134729E+001  0.709683216480682E+002 -0.448469562594696E+000 -0.392773096666573E+000 -0.107536384819057E+002 -0.357170819483848E+002
  0.306445578042725E-011  0.750343991889543E+002 -0.153179816703457E+002  0.797669617302716E+002 -0.259631713548432E+000 -0.129001295175394E+001 -0.107536384819057E+002 -0.356940033518255E+002
  0.306753596346903E-011  0.750244058917198E+002 -0.289204244606092E+001  0.922512345994960E+002 -0.598659003638204E-001 -0.692125082895266E+000 -0.107536384819057E+002 -0.356890067032083E+002
  0.327002016307382E-011  0.748885787903782E+002 -0.612254283925211E+001  0.903793383877036E+002 -0.310875264744697E+000 -0.748742969890474E+000 -0.107536384819057E+002 -0.356210931525375E+002
  0.388793406303573E-011  0.745344311950574E+002  0.149457878652481E+001  0.894025196213609E+002 -0.656296866336186E-001 -0.128789285356596E+001 -0.107536384819057E+002 -0.354440193548771E+002
  0.439470784313062E-011  0.742814008990366E+002 -0.622772457886711E-001  0.936113298781121E+002 -0.182457663147976E+000 -0.737253289587532E-001 -0.107536384819057E+002 -0.353175042068667E+002
  0.441726745931038E-011  0.742631763986241E+002  0.884405493414478E+001  0.765733099447915E+002 -0.573232148522101E+000 -0.146400100321342E-001 -0.107536384819057E+002 -0.353083919566605E+002
  0.451361905048939E-011  0.742120363582716E+002 -0.504296553476031E+000  0.807108488571012E+002 -0.478997109673028E+000 -0.390966392180795E+000 -0.107536384819057E+002 -0.352828219364842E+002
  0.505061164559419E-011  0.739792321718333E+002  0.496389719168996E+001  0.783203944124811E+002 -0.149477752787506E+000 -0.169728867078894E+001 -0.107536384819057E+002 -0.351664198432650E+002
  0.550669860959801E-011  0.737983362767146E+002  0.126002354078740E+001  0.457100972870774E+002 -0.191894490175651E+000  0.906825772891819E-001 -0.107536384819057E+002 -0.350759718957057E+002
  0.607343406845754E-011  0.735944344155601E+002  0.169164790887397E+002  0.888495502777388E+002 -0.273397429971211E+000 -0.884397937545730E+000 -0.107536384819057E+002 -0.349740209651284E+002
  0.626504056725503E-011  0.735243286249064E+002  0.886447433790694E+001  0.608580525463882E+002 -0.146900118967606E+000 -0.100401370308282E+001 -0.107536384819057E+002 -0.349389680698016E+002
  0.650840870097574E-011  0.734401247351298E+002 -0.175677746249488E+002  0.869649384023232E+002 -0.651180861395653E-001  0.118865880424793E+000 -0.107536384819057E+002 -0.348968661249133E+002
  0.673747713494822E-011  0.733629595818637E+002  0.183858494545939E+002  0.681250154805812E+002 -0.236795446018009E+000 -0.107166987281319E+001 -0.107536384819057E+002 -0.348582835482802E+002
  0.690762329524668E-011  0.733050953701222E+002 -0.784851058943310E+001  0.520438568158648E+002 -0.493884805807847E-001  0.750970308664733E+000 -0.107536384819057E+002 -0.348293514424095E+002
  0.730674092840318E-011  0.731847679080071E+002  0.144463943809273E+002  0.561978028519220E+002 -0.763124818167055E+000  0.760306980187346E+000 -0.107536384819057E+002 -0.347691877113519E+002
  0.741907895454815E-011  0.731462687005863E+002 -0.149121227852671E+002  0.455122425785257E+002 -0.106591563604035E+000 -0.172297731145612E-001 -0.107536384819057E+002 -0.347499381076416E+002
  0.824071661088921E-011  0.729282198818049E+002 -0.141953845329132E+002  0.631714748812408E+002 -0.595247136316633E+000  0.312053610658225E+000 -0.107536384819057E+002 -0.346409136982509E+002
  0.913855642950635E-011  0.727134055880010E+002 -0.832895180861623E+001  0.902295044253397E+002 -0.205518072248085E+000  0.200036254278152E+000 -0.107536384819057E+002 -0.345335065513489E+002
  0.916088546387800E-011  0.727005407309358E+002  0.773593501945880E+001  0.651201903420153E+002 -0.671906926762775E+000  0.476361296178947E+000 -0.107536384819057E+002 -0.345270741228163E+002
  0.988030705421162E-011  0.725413551898727E+002  0.380261504141849E+001  0.880064456870844E+002 -0.338209098975772E-002 -0.140677740547105E+001 -0.107536384819057E+002 -0.344474813522848E+002
  0.101784141433606E-010  0.724739198918265E+002  0.766012930411054E+001  0.672244785393473E+002 -0.419116981574463E+000 -0.331986055647681E+000 -0.107536384819057E+002 -0.344137637032616E+002
  0.119537542852436E-010  0.721443834937376E+002 -0.144912181152503E+002  0.691919786852992E+002 -0.427220164769170E+000 -0.356643698248432E+000 -0.107536384819057E+002 -0.342489955042172E+002
  0.128315528871033E-010  0.719946758276702E+002 -0.240369629043959E+001  0.597231242793305E+002 -0.266968286684728E+000 -0.501223709397384E+000 -0.107536384819057E+002 -0.341741416711835E+002
  0.146736181078585E-010  0.717184038092629E+002 -0.111297412600861E+002  0.431969441401887E+002 -0.166054035425290E+000  0.223315478522328E+000 -0.107536384819057E+002 -0.340360056619798E+002
  0.176603982522667E-010  0.713398726644291E+002 -0.185380276205928E+002  0.969490669233413E+002 -0.409164134170852E+000 -0.169130655795815E-001 -0.107536384819057E+002 -0.338467400895629E+002
  0.200019281648303E-010  0.710828807596180E+002  0.483226091275738E+001  0.935257383680136E+002 -0.233476605484188E+000  0.317150576977880E-001 -0.107536384819057E+002 -0.337182441371574E+002
  0.202758040918094E-010  0.710476975543949E+002  0.168557744797182E+002  0.871499917681134E+002 -0.154868227103750E+000 -0.116994595249059E+001 -0.107536384819057E+002 -0.337006525345458E+002
  0.204060993672920E-010  0.710269023393274E+002  0.137380708605774E+002  0.606553184934739E+002 -0.132481149351560E+000 -0.960136719508624E+000 -0.107536384819057E+002 -0.336902549270121E+002
  0.235211140714519E-010  0.707347890085135E+002  0.179045669149775E+002  0.713683269762405E+002 -0.521313404911447E+000 -0.566955069190822E-001 -0.107536384819057E+002 -0.335441982616051E+002
  0.234630731595406E-010  0.707317462830307E+002  0.166250098228122E+002  0.692072264303163E+002 -0.206800275171332E+000 -0.113979504539236E+001 -0.107536384819057E+002 -0.335426768988638E+002
  0.257613946431668E-010  0.705368638219294E+002 -0.427684928626405E+001  0.835037390092746E+002 -0.458931906170635E+000 -0.361930185539413E+000 -0.107536384819057E+002 -0.334452356683131E+002
  0.261103609205478E-010  0.705019694472950E+002 -0.109149458230774E+002  0.885885663637444E+002 -0.562132077999444E+000  0.280621869033206E-001 -0.107536384819057E+002 -0.334277884809959E+002
  0.277047968953666E-010  0.703754386735045E+002  0.144729964201172E+002  0.902390185173034E+002 -0.444665014707933E+000  0.511752183662274E+000 -0.107536384819057E+002 -0.333645230941006E+002
  0.302000818060467E-010  0.701949765072291E+002  0.134642439095648E+002  0.988355602364162E+002 -0.710366997668693E+000  0.552346022841480E+000 -0.107536384819057E+002 -0.332742920109629E+002
  0.302505905480850E-010  0.701836503179893E+002  0.161009559221491E+002  0.465678114153907E+002 -0.343688694916897E-001 -0.152817611600002E+000 -0.107536384819057E+002 -0.332686289163430E+002
  0.350718968149485E-010  0.698798973900659E+002  0.814359876336788E+001  0.769882668048698E+002 -0.950079773958155E-001 -0.169898380668512E+001 -0.107536384819057E+002 -0.331167524523813E+002
  0.388588479199066E-010  0.696668420528458E+002 -0.141645320804515E+002  0.594714648932827E+002 -0.431035882291906E+000  0.169488828063757E-001 -0.107536384819057E+002 -0.330102247837713E+002
  0.389053317502512E-010  0.696564669950049E+002  0.147823145535059E+002  0.712763186267540E+002 -0.266527001253938E+000 -0.944078972581305E+000 -0.107536384819057E+002 -0.330050372548508E+002
  0.445145835659475E-010  0.693791118487738E+002  0.872588366181738E+001  0.905296554933186E+002 -0.487605701198634E+000 -0.123783361635611E+000 -0.107536384819057E+002 -0.328663596817353E+002
  0.509877476693411E-010  0.690995907941999E+002 -0.629740286800027E+001  0.924759871057982E+002 -0.209870885191976E+000 -0.461029320642053E+000 -0.107536384819057E+002 -0.327265991544483E+002
  0.528953889277954E-010  0.690181451373510E+002 -0.173000304316843E+002  0.909697201019185E+002 -0.853844509077153E-001 -0.398156348042918E+000 -0.107536384819057E+002 -0.326858763260239E+002
  0.689020662617515E-010  0.684814210995795E+002 -0.470708626770084E+001  0.921224888725157E+002 -0.158617318638621E+000 -0.245239473275204E+000 -0.107536384819057E+002 -0.324175143071381E+002
  0.790982669975157E-010  0.681974274596983E+002 -0.137076558037571E+002  0.669476786900188E+002 -0.290150150363949E+000 -0.667384788808334E+000 -0.107536384819057E+002 -0.322755174871975E+002
  0.810685763114301E-010  0.681402345129723E+002  0.298341752136717E+001  0.953881150586617E+002 -0.330470662916838E+000  0.254289141779429E-001 -0.107536384819057E+002 -0.322469210138345E+002
  0.849876944965254E-010  0.680378283549107E+002 -0.193882877441585E+002  0.789923848034102E+002 -0.612847912067063E-001 -0.168805092821762E+001 -0.107536384819057E+002 -0.321957179348038E+002
  0.983422724195764E-010  0.677379493241299E+002  0.588572650763097E+001  0.857173964753927E+002 -0.392177390992664E+000 -0.470520476610266E+000 -0.107536384819057E+002 -0.320457784194133E+002
  0.980405821968571E-010  0.677361102265890E+002  0.172656879947750E+002  0.799873975943369E+002 -0.312014007819348E+000 -0.813202926500982E+000 -0.107536384819057E+002 -0.320448588706429E+002
  0.996668430262867E-010  0.676952230696243E+002  0.403866869787436E+001  0.885157876857120E+002 -0.827783389738386E-001 -0.954324862533532E+000 -0.107536384819057E+002 -0.320244152921605E+002
  0.110769262447292E-009  0.674760064933344E+002  0.184588179843627E+002  0.768030790987318E+002 -0.500090790468658E+000 -0.149631931971005E+000 -0.107536384819057E+002 -0.319148070040156E+002
  0.110771756885550E-009  0.674679774128467E+002  0.146363172225518E+001  0.502993884961569E+002 -0.240074297445066E+000  0.106621665324109E-001 -0.107536384819057E+002 -0.319107924637717E+002
  0.124064059947232E-009  0.672333409610693E+002 -0.174296523217252E+002  0.947972994552215E+002 -0.779107477278930E+000  0.676331845190941E+000 -0.107536384819057E+002 -0.317934742378830E+002
  0.124143884990364E-009  0.672240704964392E+002 -0.188095135288316E+001  0.521325213116929E+002 -0.601570924209927E-001 -0.456678785954766E+000 -0.107536384819057E+002 -0.317888390055680E+002
  0.124042146744652E-009  0.672177261634470E+002  0.161966522485686E+002  0.784824641114054E+002 -0.120386717536103E+000 -0.146002221532194E+001 -0.107536384819057E+002 -0.317856668390719E+002
  0.133466390076350E-009  0.670632855499893E+002 -0.189770989400882E+002  0.874273565528237E+002 -0.391492784134077E+000 -0.411145543666589E+000 -0.107536384819057E+002 -0.317084465323431E+002
  0.137398676052461E-009  0.669972273922325E+002 -0.184063272168302E+002  0.830435945125426E+002 -0.189307970588248E-001 -0.155372444882581E+001 -0.107536384819057E+002 -0.316754174534646E+002
  0.149970362444151E-009  0.668141414560060E+002 -0.890897204580955E+001  0.982125110802198E+002 -0.489601648649048E+000  0.291913203208553E+000 -0.107536384819057E+002 -0.315838744853514E+002
  0.149443644585342E-009  0.668131940702670E+002 -0.573212900071983E+001  0.939356034700970E+002 -0.366368668661188E+000  0.291264480172949E+000 -0.107536384819057E+002 -0.315834007924819E+002
  0.171987676308882E-009  0.665242031029055E+002  0.187821332320456E+002  0.922677510634860E+002 -0.364203105161280E+000 -0.255268288288983E+000 -0.107536384819057E+002 -0.314389053088011E+002
  0.172234633140329E-009  0.665133493233734E+002 -0.105297280643444E+002  0.826378032217418E+002 -0.217669775150638E+000 -0.102765193148508E+001 -0.107536384819057E+002 -0.314334784190351E+002
  0.176589885524258E-009  0.664554206412513E+002 -0.860389854018739E+001  0.748077416275389E+002 -0.201780221426135E+000 -0.114292551637953E+001 -0.107536384819057E+002 -0.314045140779740E+002
  0.180751209238994E-009  0.664008535227766E+002  0.144358645655694E+002  0.895695135879922E+002 -0.151554931367321E+000 -0.711008942490977E+000 -0.107536384819057E+002 -0.313772305187367E+002
  0.191841664845939E-009  0.662737718434162E+002  0.538827469782846E+001  0.870407534108114E+002 -0.235613502993079E+000 -0.787117657777284E+000 -0.107536384819057E+002 -0.313136896790565E+002
  0.222066674460819E-009  0.659731731955898E+002  0.566674394840021E+001  0.913298049545522E+002 -0.408716743563535E+000 -0.206159114734779E+000 -0.107536384819057E+002 -0.311633903551433E+002
  0.255610664695111E-009  0.656838336058457E+002 -0.112359930970997E+002  0.708912999170617E+002 -0.276420714888930E+000 -0.773394009271239E+000 -0.107536384819057E+002 -0.310187205602712E+002
  0.281888217859985E-009  0.654801392513167E+002  0.101314150519677E+002  0.803495730088341E+002 -0.117279085551532E+000 -0.134599266802041E+001 -0.107536384819057E+002 -0.309168733830068E+002
  0.289800780290814E-009  0.654167889675563E+002 -0.131963189378038E+002  0.455360266319911E+002 -0.164388560549387E+000  0.171106718835229E+000 -0.107536384819057E+002 -0.308851982411265E+002
  0.307084831246691E-009  0.652929443044208E+002  0.156166018983575E+002  0.544218432719983E+002 -0.113804496602016E+000 -0.450633875952207E+000 -0.107536384819057E+002 -0.308232759095588E+002
  0.315917303951449E-009  0.652282473613093E+002 -0.111244620422127E+002  0.595079503461967E+002 -0.210820777027406E+000 -0.500444110698652E+000 -0.107536384819057E+002 -0.307909274380030E+002
  0.320115851906644E-009  0.651938583497700E+002  0.151493190384247E+000  0.894922606344290E+002 -0.138240847572650E+000 -0.652573887029494E+000 -0.107536384819057E+002 -0.307737329322334E+002
  0.321645154994002E-009  0.651763423726591E+002  0.528295345388024E+001  0.797776572858285E+002 -0.308014726789401E+000 -0.745626585941763E+000 -0.107536384819057E+002 -0.307649749436780E+002
  0.369156052535638E-009  0.648928172771739E+002 -0.545976480036838E+001  0.944137745390918E+002 -0.375318776309428E+000  0.257389830024008E+000 -0.107536384819057E+002 -0.306232123959353E+002
  0.385040695740693E-009  0.648005740932692E+002 -0.111046887146484E+002  0.875421645091362E+002 -0.461471066793048E+000 -0.166834920675132E+000 -0.107536384819057E+002 -0.305770908039830E+002
  0.392663820189571E-009  0.647533804617297E+002  0.945112597764150E+001  0.584034519599845E+002 -0.510137394453666E+000  0.291630724663349E+000 -0.107536384819057E+002 -0.305534939882133E+002
  0.428119834816021E-009  0.645724977834786E+002  0.699830670795316E+001  0.798515506293308E+002 -0.333556261485213E-001 -0.155404218451727E+001 -0.107536384819057E+002 -0.304630526490877E+002
  0.456267202231999E-009  0.644371628140841E+002 -0.325505304683013E+000  0.733541879972763E+002 -0.140903811412349E+000 -0.125599611900260E+001 -0.107536384819057E+002 -0.303953851643904E+002
  0.523016491329189E-009  0.641561099954693E+002  0.129142808971514E+002  0.410885419028057E+002 -0.110086162839240E-001  0.305586628975123E+000 -0.107536384819057E+002 -0.302548587550830E+002
  0.547763791786951E-009  0.640556636301426E+002  0.513713642424994E+001  0.918250020191818E+002 -0.302537066300179E+000 -0.277524057231172E+000 -0.107536384819057E+002 -0.302046355724197E+002
  0.549874545796357E-009  0.640399875945711E+002 -0.688963841990716E+001  0.799757379322211E+002 -0.166283421243899E+000 -0.114531337208070E+001 -0.107536384819057E+002 -0.301967975546339E+002
  0.557345797280036E-009  0.640050121228096E+002 -0.107396453118946E+002  0.892794910062839E+002 -0.146261524710337E+000 -0.770036378720285E-002 -0.107536384819057E+002 -0.301793098187532E+002
  0.604967127381730E-009  0.638330515735081E+002  0.115982509276163E+002  0.571087749622479E+002 -0.589347679172691E-002 -0.865059340625795E+000 -0.107536384819057E+002 -0.300933295441024E+002
  0.621680466776228E-009  0.637705632908037E+002 -0.168008804549154E+002  0.545445451675735E+002 -0.183632967372310E+000 -0.269296505735404E+000 -0.107536384819057E+002 -0.300620854027502E+002
  0.641397378562619E-009  0.637001333313364E+002  0.193062202910533E+002  0.702490884417319E+002 -0.321631111944165E+000 -0.550820088204813E+000 -0.107536384819057E+002 -0.300268704230166E+002
  0.658265468754058E-009  0.636402310933546E+002  0.313886093560289E+000  0.826131384734811E+002 -0.110085961816389E+000  0.271736732933649E+000 -0.107536384819057E+002 -0.299969193040257E+002
  0.687889475772779E-009  0.635442072879500E+002  0.345972261357316E+001  0.611738760656762E+002 -0.167844342147542E+000 -0.668007919424775E+000 -0.107536384819057E+002 -0.299489074013234E+002
  0.734838470362949E-009  0.634041781904164E+002 -0.696055255574568E+001  0.535526424863537E+002 -0.565216597690021E-002 -0.588014021809533E+000 -0.107536384819057E+002 -0.298788928525566E+002
  0.776148636269463E-009  0.632868074747189E+002  0.105932187283103E+002  0.930003845323054E+002 -0.594975814353109E+000  0.286180364464130E+000 -0.107536384819057E+002 -0.298202074947078E+002
  0.782808888775066E-009  0.632617343379094E+002 -0.586566859348445E+001  0.861786292904273E+002 -0.470237896156633E-001 -0.994165352042318E+000 -0.107536384819057E+002 -0.298076709263031E+002
  0.807854965836474E-009  0.631907623871277E+002  0.844782096784394E+001  0.563886315999512E+002 -0.220397072255195E+000 -0.272942044167199E+000 -0.107536384819057E+002 -0.297721849509123E+002
  0.806895020184272E-009  0.631851562873627E+002 -0.180730477016116E+001  0.654635501529224E+002 -0.176728976370508E+000 -0.839439147485534E+000 -0.107536384819057E+002 -0.297693819010297E+002
  0.804009613984035E-009  0.631843369378161E+002 -0.439235507781875E+001  0.783677541204335E+002 -0.385178941610345E+000 -0.443928614069623E+000 -0.107536384819057E+002 -0.297689722262564E+002
  0.804692388596359E-009  0.631746551920300E+002 -0.941499619250555E+001  0.705302203733012E+002 -0.574615418631078E+000  0.221906020919620E+000 -0.107536384819057E+002 -0.297641313533634E+002
  0.866663916359000E-009  0.630182887825271E+002  0.201820293919668E+001  0.913764655400583E+002 -0.223404931402633E+000 -0.208093484527208E-001 -0.107536384819057E+002 -0.296859481486119E+002
  0.912186414006817E-009  0.629079185227760E+002 -0.170143010458661E+002  0.798899883839706E+002 -0.264024845318448E+000 -0.809767843674224E+000 -0.107536384819057E+002 -0.296307630187364E+002
  0.975305657318470E-009  0.627661213881494E+002  0.796857510228457E+001  0.726807649108057E+002 -0.121634936729636E+000 -0.124181816396812E+001 -0.107536384819057E+002 -0.295598644514231E+002
  0.994960294381892E-009  0.627182335162818E+002  0.138467949555335E+002  0.805402402928863E+002 -0.139857018974578E+000 -0.115055843065447E+001 -0.107536384819057E+002 -0.295359205154893E+002
  0.100894335003402E-008  0.626823373879529E+002 -0.171526372340378E+002  0.666018777985700E+002 -0.235873134081109E+000 -0.685153576931396E+000 -0.107536384819057E+002 -0.295179724513248E+002
  0.138809922334915E-008  0.620362898434917E+002  0.149046756180772E+001  0.677110061375347E+002 -0.116046945771546E+000 -0.108915272231435E+001 -0.107536384819057E+002 -0.291949486790942E+002
  0.144848367477331E-008  0.619431419576820E+002 -0.541093816024541E+001  0.639118363525572E+002 -0.469204896294330E+000  0.850197006258693E-001 -0.107536384819057E+002 -0.291483747361894E+002
  0.149917740643572E-008  0.618663593266488E+002 -0.895670456226772E+001  0.780501808973415E+002 -0.602535655660781E-001 -0.139283191114452E+001 -0.107536384819057E+002 -0.291099834206728E+002
  0.175991621001089E-008  0.615376760081224E+002  0.115627127704384E+002  0.540681158839083E+002 -0.428992059015329E+000  0.277269714218208E+000 -0.107536384819057E+002 -0.289456417614096E+002
  0.184998258947363E-008  0.614298719096189E+002 -0.314791222116244E+001  0.915541141366644E+002 -0.312624068006088E+000 -0.192812691387458E+000 -0.107536384819057E+002 -0.288917397121578E+002
  0.202368019006890E-008  0.612424048628185E+002  0.105507551670823E+002  0.802973999972832E+002 -0.114207914237211E+000 -0.116044157745348E+001 -0.107536384819057E+002 -0.287980061887576E+002
  0.204570144215309E-008  0.612127748120812E+002  0.646172504692908E+001  0.766418715058559E+002 -0.633865296779734E-002  0.347202326121382E+000 -0.107536384819057E+002 -0.287831911633890E+002
  0.233528720306586E-008  0.609400024724454E+002 -0.754455361981275E+000  0.667513767815620E+002 -0.172704807954260E-002 -0.137013355341415E+001 -0.107536384819057E+002 -0.286468049935711E+002
  0.259046815205209E-008  0.607246109692328E+002  0.185700434295997E+002  0.472463418570464E+002 -0.179312293832611E+000  0.161125434840788E+000 -0.107536384819057E+002 -0.285391092419648E+002
  0.269751824153340E-008  0.606356397918003E+002  0.171890817255746E+001  0.557575391070237E+002 -0.534913579284370E+000  0.433916115450963E+000 -0.107536384819057E+002 -0.284946236532485E+002
  0.304830147376109E-008  0.603831510269906E+002 -0.750337382398144E+001  0.547998505291224E+002 -0.174975516346574E-001 -0.575041474636905E+000 -0.107536384819057E+002 -0.283683792708437E+002
  0.331663053829904E-008  0.602064373288108E+002  0.833863899875290E+001  0.887475889142538E+002 -0.204494442517198E+000  0.112883042178836E+000 -0.107536384819057E+002 -0.282800224217538E+002
  0.385010878643154E-008  0.599001492169746E+002 -0.170550159017222E+002  0.891532282500459E+002 -0.232377890101822E+000 -0.391916443009650E+000 -0.107536384819057E+002 -0.281268783658357E+002
  0.392696948121067E-008  0.598526319745925E+002  0.146473409088198E+002  0.674321541165328E+002 -0.263391412149661E-001 -0.127782325351604E+001 -0.107536384819057E+002 -0.281031197446446E+002
  0.428391855935492E-008  0.596706476561625E+002  0.950141133706708E+001  0.427420384439630E+002 -0.233850663961813E+000  0.446093314401629E+000 -0.107536384819057E+002 -0.280121275854296E+002
  0.498380597914018E-008  0.593600121936234E+002  0.137034584831674E+002  0.779123099654863E+002 -0.313436431115889E+000 -0.565024387870831E+000 -0.107536384819057E+002 -0.278568098541601E+002
  0.563231199056993E-008  0.591073758283025E+002  0.159655303635417E+002  0.816636975470541E+002 -0.980647374283183E-002 -0.121116960034127E+001 -0.107536384819057E+002 -0.277304916714996E+002
  0.597154715876526E-008  0.589824197137090E+002 -0.100805630886271E+001  0.930015373551593E+002 -0.464864142506451E+000  0.119612705798157E+000 -0.107536384819057E+002 -0.276680136142029E+002
  0.667737872469097E-008  0.587509967618659E+002  0.152014029651386E+001  0.904917734453549E+002 -0.443475520926025E+000 -0.575401763604333E-002 -0.107536384819057E+002 -0.275523021382813E+002
  0.683820970877446E-008  0.586954118096506E+002 -0.741181186982380E+001  0.723428787683222E+002 -0.501130937399275E+000  0.478142683082847E-001 -0.107536384819057E+002 -0.275245096621737E+002
  0.689555485995636E-008  0.586707257232798E+002  0.111417185067261E+002  0.592437096845801E+002 -0.426971924321389E+000  0.150146363310773E+000 -0.107536384819057E+002 -0.275121666189883E+002
  0.797132218284371E-008  0.583727948943466E+002  0.121283506286023E+002  0.521910246842142E+002 -0.409072762334482E+000  0.327973015201671E+000 -0.107536384819057E+002 -0.273632012045217E+002
  0.890930717576777E-008  0.581423186389995E+002  0.149531281783198E+002  0.829338567608926E+002 -0.292099421577709E+000 -0.532660468330372E+000 -0.107536384819057E+002 -0.272479630768481E+002
  0.895489813140807E-008  0.581241262376027E+002  0.162437250140958E+002  0.826825453189165E+002 -0.489229948816826E+000 -0.267149657256862E-001 -0.107536384819057E+002 -0.272388668761497E+002
  0.105523422397507E-007  0.577878478176840E+002 -0.107028051782322E+002  0.593992681808732E+002 -0.177380378408047E+000 -0.416384587962687E+000 -0.107536384819057E+002 -0.270707276661904E+002
  0.109969718975988E-007  0.576973195664699E+002 -0.129365189308268E+002  0.810562189247347E+002 -0.227482375531031E+000  0.395501432457768E+000 -0.107536384819057E+002 -0.270254635405833E+002
  0.124731445795226E-007  0.574374196307092E+002 -0.541612132017264E+000  0.849348219035213E+002 -0.731339223636178E-001 -0.770678588078101E+000 -0.107536384819057E+002 -0.268955135727030E+002
  0.125334894130885E-007  0.574197829574771E+002  0.192462821499695E+002  0.958324886677678E+002 -0.549972647243069E+000  0.380665692460489E+000 -0.107536384819057E+002 -0.268866952360869E+002
  0.133676094984087E-007  0.572829381861875E+002 -0.141027811920177E+002  0.872653379915232E+002 -0.973785670951033E-001 -0.223091884573472E+000 -0.107536384819057E+002 -0.268182728504421E+002
  0.143607818473557E-007  0.571316212853780E+002 -0.396484165749454E+001  0.681709018927741E+002 -0.286196346680422E+000 -0.448004707731369E+000 -0.107536384819057E+002 -0.267426144000374E+002
  0.147325274466134E-007  0.570725236580524E+002 -0.959111371267555E+001  0.596576176372086E+002 -0.514010379377041E+000  0.337590117262262E+000 -0.107536384819057E+002 -0.267130655863746E+002
  0.155298216103083E-007  0.569591309163356E+002  0.111004627739208E+001  0.936192745639622E+002 -0.600322941300014E+000  0.615474716715722E+000 -0.107536384819057E+002 -0.266563692155162E+002
  0.155067345990888E-007  0.569541223347751E+002 -0.841086941370368E+001  0.849833495367243E+002 -0.529316690748072E-003 -0.692585368169763E+000 -0.107536384819057E+002 -0.266538649247360E+002
  0.157987417851142E-007  0.569088265258701E+002 -0.183021829093597E+002  0.825643555454802E+002 -0.246217533512180E+000 -0.611066828467101E+000 -0.107536384819057E+002 -0.266312170202834E+002
  0.171089783833292E-007  0.567414963346001E+002 -0.931497094166299E+001  0.603240706478237E+002 -0.163614279552767E+000 -0.470780819310688E+000 -0.107536384819057E+002 -0.265475519246484E+002
  0.192496051606006E-007  0.564977379480372E+002 -0.190760064062311E+002  0.683958503730020E+002 -0.123595475664224E-001  0.518373990827461E+000 -0.107536384819057E+002 -0.264256727313670E+002
  0.228799327818954E-007  0.561442145469636E+002  0.157914172261828E+002  0.663553625028724E+002 -0.330123530793375E+000 -0.256589905930492E+000 -0.107536384819057E+002 -0.262489110308302E+002
  0.276515928318088E-007  0.557573842952383E+002 -0.364296190651347E+001  0.419442472121186E+002 -0.936488927828807E-001  0.425580504616539E+000 -0.107536384819057E+002 -0.260554959049676E+002
  0.280039659818741E-007  0.557240746344822E+002 -0.126025558177831E+002  0.837129607843282E+002 -0.189119777386655E+000 -0.641406845823944E+000 -0.107536384819057E+002 -0.260388410745895E+002
  0.297296565289659E-007  0.555964927087891E+002  0.100710950898651E+002  0.776762613159528E+002 -0.523832129331105E-001 -0.112753780646326E+001 -0.107536384819057E+002 -0.259750501117429E+002
  0.299187754507509E-007  0.555758263844723E+002 -0.127118899861511E+002  0.861625025453766E+002 -0.853415641247444E-001 -0.469292051325535E+000 -0.107536384819057E+002 -0.259647169495845E+002
  0.316470917476290E-007  0.554555222786591E+002  0.686798112322105E+000  0.617843037371584E+002 -0.185001279062165E+000 -0.455101032892645E+000 -0.107536384819057E+002 -0.259045648966779E+002
  0.322956717675977E-007  0.554069643085423E+002 -0.169694791401474E+002  0.855349693785651E+002 -0.298555053055828E+000 -0.361523720631406E+000 -0.107536384819057E+002 -0.258802859116195E+002
  0.329086930771638E-007  0.553613730062185E+002  0.110281751028487E+002  0.781780589693168E+002 -0.193699490571998E+000 -0.771432119052227E+000 -0.107536384819057E+002 -0.258574902604576E+002
  0.333242650078126E-007  0.553282910428729E+002 -0.118607815340619E+002  0.912156388834197E+002 -0.760185664958696E+000  0.678995652046307E+000 -0.107536384819057E+002 -0.258409492787848E+002
  0.392223912130888E-007  0.549943830451444E+002  0.185393170623831E+001  0.720845301728748E+002 -0.158437642924466E+000 -0.839113151017571E+000 -0.107536384819057E+002 -0.256739952799206E+002
  0.423818011373218E-007  0.548314564756031E+002 -0.161835099150745E+002  0.922128448865260E+002 -0.436403895996884E+000  0.153151303923797E+000 -0.107536384819057E+002 -0.255925319951500E+002
  0.422591005072896E-007  0.548292710818781E+002 -0.619046925828183E+001  0.932246483626645E+002 -0.460622576761995E+000  0.238112526305231E+000 -0.107536384819057E+002 -0.255914392982874E+002
  0.425367244285441E-007  0.548081908797842E+002 -0.125335507286059E+002  0.408584472483628E+002 -0.100922204511302E+000  0.508318557007890E+000 -0.107536384819057E+002 -0.255808991972405E+002
  0.464729595643163E-007  0.546232011938575E+002 -0.113104728226465E+002  0.977059100494609E+002 -0.780143335437939E+000  0.762550062920402E+000 -0.107536384819057E+002 -0.254884043542771E+002
  0.492700114815251E-007  0.544983271895454E+002  0.589635826722064E+001  0.819654100752894E+002 -0.420445607572469E+000 -0.142887469683101E+000 -0.107536384819057E+002 -0.254259673521211E+002
  0.494038105472526E-007  0.544849192505775E+002  0.711931217983761E+001  0.874529573540397E+002 -0.395219271516318E+000 -0.971861612684624E-001 -0.107536384819057E+002 -0.254192633826371E+002
  0.502033496537035E-007  0.544448268223626E+002 -0.974795851602641E+001  0.518926423710980E+002 -0.187297306381646E+000  0.295658454712573E-001 -0.107536384819057E+002 -0.253992171685297E+002
  0.540839648793496E-007  0.542879307928574E+002 -0.179865290235414E+002  0.463760352363008E+002 -0.582196598843081E-001  0.736371827253697E+000 -0.107536384819057E+002 -0.253207691537771E+002
  0.546079755611881E-007  0.542606623493013E+002 -0.418388645749314E+001  0.929300489011279E+002 -0.731322806582359E+000  0.639934638840629E+000 -0.107536384819057E+002 -0.253071349319990E+002
  0.617062647047501E-007  0.540082672746672E+002  0.126101381751861E+002  0.700781385518206E+002 -0.397699013669009E+000 -0.124456047651075E+000 -0.107536384819057E+002 -0.251809373946820E+002
  0.638723893031573E-007  0.539312798020435E+002 -0.113541326373489E+002  0.888322096070609E+002 -0.853130249236031E+000  0.844671553498313E+000 -0.107536384819057E+002 -0.251424436583701E+002
  0.643742429066695E-007  0.539076429144659E+002  0.630880732284986E+001  0.490931577879694E+002 -0.397613113800034E+000  0.440923308480619E+000 -0.107536384819057E+002 -0.251306252145813E+002
  0.646288604577796E-007  0.538917639337400E+002 -0.841753927976933E+001  0.651442519116037E+002 -0.216215055302480E+000 -0.470078996570713E+000 -0.107536384819057E+002 -0.251226857242184E+002
  0.717734042876367E-007  0.536740740386454E+002 -0.267908062468889E+001  0.522003271105832E+002 -0.193262210525562E+000  0.358711723183465E-001 -0.107536384819057E+002 -0.250138407766711E+002
  0.747063591037065E-007  0.535859875491735E+002  0.121043026376887E+002  0.663400586240659E+002 -0.182736656084189E+000 -0.589368422019624E+000 -0.107536384819057E+002 -0.249697975319351E+002
  0.817725381874179E-007  0.533972510042684E+002  0.825856113595632E+001  0.761301097166327E+002 -0.299700607445072E+000 -0.446520580068150E+000 -0.107536384819057E+002 -0.248754292594826E+002
  0.868448607697375E-007  0.532689032636526E+002  0.595052946503673E+001  0.812224553216805E+002 -0.457417323077403E-002 -0.923575680500802E+000 -0.107536384819057E+002 -0.248112553891747E+002
  0.879248329767678E-007  0.532362012982187E+002 -0.875931179000755E+001  0.779588891006906E+002 -0.350347788703826E+000 -0.312945861728527E+000 -0.107536384819057E+002 -0.247949044064577E+002
  0.906964694528552E-007  0.531661449515434E+002 -0.494452506149036E+001  0.800870817008243E+002 -0.433616899510757E+000 -0.955283030774012E-001 -0.107536384819057E+002 -0.247598762331201E+002
  0.919053796147033E-007  0.531316786399382E+002  0.150851671688518E+001  0.669565291827326E+002 -0.405551003641673E-001 -0.967849614515260E+000 -0.107536384819057E+002 -0.247426430773175E+002
  0.939446000822030E-007  0.530798032326954E+002 -0.193675884864660E+002  0.812246205817476E+002 -0.487611491967503E+000  0.438249123582688E-001 -0.107536384819057E+002 -0.247167053736961E+002
  0.964068216235813E-007  0.530200757598725E+002  0.503886518142984E+001  0.808302464387881E+002 -0.158152936509732E+000 -0.711000741159451E+000 -0.107536384819057E+002 -0.246868416372846E+002
  0.968341358049164E-007  0.530032464935563E+002 -0.184326547763788E+002  0.921802605635047E+002 -0.661619187723420E+000  0.514116404873018E+000 -0.107536384819057E+002 -0.246784270041265E+002
  0.106676241438972E-006  0.528016646673052E+002  0.124665564440410E+002  0.862795448604151E+002 -0.437743497547457E+000 -0.100284144990317E-001 -0.107536384819057E+002 -0.245776360910010E+002
  0.108209248666675E-006  0.527651438774007E+002 -0.109027401482893E+002  0.848037854783479E+002 -0.258092714325643E+000 -0.377284366648708E+000 -0.107536384819057E+002 -0.245593756960487E+002
  0.108676354475671E-006  0.527485450347192E+002  0.143078766609583E+002  0.718127860278909E+002 -0.417540551517600E+000 -0.798049121347724E-001 -0.107536384819057E+002 -0.245510762747080E+002
  0.111525175721773E-006  0.526888087595834E+002 -0.193645849014589E+002  0.637345652411483E+002 -0.186797214591871E+000 -0.465509369622764E+000 -0.107536384819057E+002 -0.245212081371401E+002
  0.115748615793446E-006  0.526064839617102E+002  0.179058219026019E+002  0.899185068716941E+002 -0.630806108076660E+000  0.434762574558092E+000 -0.107536384819057E+002 -0.244800457382035E+002
  0.128410266715594E-006  0.523908806939778E+002  0.100440784330331E+002  0.903439839473676E+002 -0.350791937074180E+000  0.199522599179682E+000 -0.107536384819057E+002 -0.243722441043373E+002
  0.141162555877734E-006  0.521935331354668E+002 -0.170012088222920E+002  0.789929438625955E+002 -0.157514941118850E+000 -0.732273687205002E+000 -0.107536384819057E+002 -0.242735703250818E+002
  0.152816863755962E-006  0.520268928316313E+002 -0.157744204725295E+002  0.720615803211859E+002 -0.545596413764672E+000  0.247483225470062E+000 -0.107536384819057E+002 -0.241902501731640E+002
  0.165770697345325E-006  0.518561782759038E+002  0.136291506930541E+002  0.823952379487810E+002 -0.161527427673099E+000 -0.598397284681578E+000 -0.107536384819057E+002 -0.241048928953003E+002
  0.167485666655560E-006  0.518276096668326E+002 -0.849589471967052E+001  0.887042771290497E+002 -0.500789120657370E+000  0.534762525902411E+000 -0.107536384819057E+002 -0.240906085907647E+002
  0.184689210301571E-006  0.516240722389422E+002 -0.167810840155859E+002  0.808782521503439E+002 -0.323066823328367E+000  0.457824895807945E+000 -0.107536384819057E+002 -0.239888398768195E+002
  0.184934830111156E-006  0.516134301458557E+002  0.130050621922378E+002  0.848398600877709E+002 -0.940992403693899E-001 -0.963359766972403E-001 -0.107536384819057E+002 -0.239835188302762E+002
  0.189248366947550E-006  0.515593325636008E+002  0.987979470163403E+001  0.791247014778067E+002 -0.230055490125144E+000 -0.552490658781762E+000 -0.107536384819057E+002 -0.239564700391488E+002
  0.189383942847906E-006  0.515499162512565E+002 -0.299587703275900E+001  0.824996540570478E+002 -0.470027999656368E+000  0.324123204626536E-001 -0.107536384819057E+002 -0.239517618829766E+002
  0.196536167731023E-006  0.514677920567887E+002 -0.711499989281151E+000  0.683529007681737E+002 -0.438127815576339E+000  0.477691557989992E-001 -0.107536384819057E+002 -0.239106997857427E+002
  0.203888436492834E-006  0.513863550337666E+002 -0.105710279942323E+002  0.539550654292100E+002 -0.142031082016934E+000 -0.956517627208529E-001 -0.107536384819057E+002 -0.238699812742317E+002
  0.203967209295999E-006  0.513775984354965E+002  0.743587792791570E+001  0.819676661317488E+002 -0.669561916895733E-002 -0.340146277536606E-001 -0.107536384819057E+002 -0.238656029750966E+002
  0.205297933624960E-006  0.513566083596650E+002 -0.140913721005954E+002  0.830297401443843E+002 -0.445505296669191E-001 -0.615705754014387E+000 -0.107536384819057E+002 -0.238551079371809E+002
  0.209145087594495E-006  0.513114924145032E+002 -0.244369706632007E+001  0.593242752844885E+002 -0.555921317066248E-001 -0.535829407142455E+000 -0.107536384819057E+002 -0.238325499646000E+002
  0.225348463374367E-006  0.511542689316913E+002 -0.122937139825308E+002  0.857399878142099E+002 -0.136153346382345E+000 -0.106528013158710E+000 -0.107536384819057E+002 -0.237539382231941E+002
  0.233388816517664E-006  0.510761691433295E+002  0.281974708480390E+001  0.843525012800126E+002 -0.179203832752094E+000 -0.434431645843409E+000 -0.107536384819057E+002 -0.237148883290131E+002
  0.233267341878053E-006  0.510692263354569E+002 -0.150483591843075E+002  0.848182227080615E+002 -0.505727225562151E+000  0.140127239709063E+000 -0.107536384819057E+002 -0.237114169250768E+002
  0.250346406800182E-006  0.509199214926857E+002 -0.443506745644755E+001  0.769877904392271E+002 -0.188891922052193E+000 -0.649558411712166E+000 -0.107536384819057E+002 -0.236367645036912E+002
  0.272722276246982E-006  0.507407206735689E+002 -0.170491697925073E+002  0.823169851480923E+002 -0.387984200070861E-001 -0.657777549883654E+000 -0.107536384819057E+002 -0.235471640941328E+002
  0.322728663740708E-006  0.503960207398539E+002 -0.606351284441587E+001  0.878571698795611E+002 -0.255537375225059E+000  0.162636619167156E-001 -0.107536384819057E+002 -0.233748141272753E+002
  0.326888685824526E-006  0.503624211317595E+002  0.861221129581093E+000  0.928493882564924E+002 -0.550789078704317E+000  0.390164630612048E+000 -0.107536384819057E+002 -0.233580143232281E+002
  0.326760573827653E-006  0.503552210692930E+002 -0.185528660294243E+002  0.762402821966636E+002 -0.160197251761138E-001  0.283727766968153E+000 -0.107536384819057E+002 -0.233544142919949E+002
  0.327704708866957E-006  0.503414666018332E+002 -0.164358173986541E+002  0.471228126279056E+002 -0.167878243043379E+000  0.287815176777598E+000 -0.107536384819057E+002 -0.233475370582650E+002
  0.329890464118658E-006  0.503201870644913E+002  0.558814827564117E+001  0.600317448278009E+002 -0.104778373949011E+000 -0.441902850743165E+000 -0.107536384819057E+002 -0.233368972895940E+002
  0.340859879011310E-006  0.502467814051556E+002 -0.109195039957715E+002  0.936315439083254E+002 -0.665303876951745E+000  0.564478931410962E+000 -0.107536384819057E+002 -0.233001944599262E+002
  0.341456727593417E-006  0.502352984078582E+002  0.111568933275988E+002  0.531930480525746E+002 -0.176571965924510E-002 -0.257567151763453E+000 -0.107536384819057E+002 -0.232944529612775E+002
  0.348477898027616E-006  0.501866066659776E+002 -0.504476487810093E+001  0.858623359034720E+002 -0.514556539784194E+000  0.183102263822779E+000 -0.107536384819057E+002 -0.232701070903372E+002
  0.354153906783756E-006  0.501463090720763E+002 -0.550620159000183E+001  0.810106605552713E+002 -0.177628673028343E+000 -0.565637508438942E+000 -0.107536384819057E+002 -0.232499582933866E+002
  0.365344237850657E-006  0.500761081436392E+002 -0.459359180698123E+001  0.788378529285400E+002 -0.218052067401056E+000 -0.537979966359901E+000 -0.107536384819057E+002 -0.232148578291680E+002
  0.366044704818116E-006  0.500642932136434E+002 -0.700803434042108E+000  0.641678091285449E+002 -0.391749525813889E-003 -0.854936045822184E+000 -0.107536384819057E+002 -0.232089503641701E+002
  0.419966481188506E-006  0.497814703088153E+002  0.110813828670017E+002  0.768829202641533E+002 -0.151659759346354E+000 -0.695517486291722E+000 -0.107536384819057E+002 -0.230675389117560E+002
  0.427995394101996E-006  0.497356112009136E+002 -0.289987658869345E+001  0.738294740213660E+002 -0.416672463451560E+000 -0.569073082169798E-001 -0.107536384819057E+002 -0.230446093578052E+002
  0.433438145627633E-006  0.497023538264147E+002  0.758560204006329E+001  0.606779919705629E+002 -0.349422551715446E-001 -0.605671715377410E+000 -0.107536384819057E+002 -0.230279806705557E+002
  0.450642388983653E-006  0.496165197922248E+002  0.171199508426206E+002  0.850167517643889E+002 -0.137527471892334E+000 -0.509147767978879E-001 -0.107536384819057E+002 -0.229850636534608E+002
  0.454706029977180E-006  0.495905816970884E+002  0.527925661374420E+001  0.726252971535075E+002 -0.739443260547120E+000  0.678370115191509E+000 -0.107536384819057E+002 -0.229720946058926E+002
  0.455812401782039E-006  0.495777372483861E+002  0.226572308784635E+001  0.814640846781451E+002 -0.217544276589783E+000 -0.464157540336169E+000 -0.107536384819057E+002 -0.229656723815414E+002
  0.473174992635826E-006  0.494949852896548E+002  0.113901902951400E+002  0.914625931575585E+002 -0.460777628688691E+000  0.363933533646734E+000 -0.107536384819057E+002 -0.229242964021758E+002
  0.481443546038369E-006  0.494523538571629E+002  0.127719979761130E+002  0.700093811713609E+002 -0.350035107983495E+000 -0.165007387768126E+000 -0.107536384819057E+002 -0.229029806859298E+002
  0.482838327136779E-006  0.494385840289114E+002 -0.491179942773506E+001  0.568583226962709E+002 -0.113513285978504E-001 -0.441433447738381E+000 -0.107536384819057E+002 -0.228960957718041E+002
  0.490164551540783E-006  0.494004814203591E+002  0.192455928454451E+002  0.818358931507288E+002 -0.361306411659019E+000 -0.174770182448655E+000 -0.107536384819057E+002 -0.228770444675279E+002
  0.488785424671427E-006  0.493981325085836E+002  0.173896264945375E+002  0.432268663368513E+002 -0.578118985437739E-001  0.419505250561017E+000 -0.107536384819057E+002 -0.228758700116402E+002
  0.487870600360039E-006  0.493938952286937E+002 -0.975827815231762E+001  0.526397840163788E+002 -0.151110392310592E+000  0.162477751642491E-001 -0.107536384819057E+002 -0.228737513716953E+002
  0.505954305120773E-006  0.493131188828953E+002  0.680716640095784E+001  0.848275991400822E+002 -0.172672094206361E+000 -0.313991373939718E+000 -0.107536384819057E+002 -0.228333631987960E+002
  0.532698277731605E-006  0.492021171969543E+002  0.582670421049893E+001  0.763042196202728E+002 -0.457937551373404E+000  0.344437889276330E-001 -0.107536384819057E+002 -0.227778623558255E+002
  0.546229989873248E-006  0.491439632882099E+002  0.186726789345688E+002  0.575942356122316E+002 -0.126542705151033E+000 -0.257925339671790E+000 -0.107536384819057E+002 -0.227487854014533E+002
  0.550509805856465E-006  0.491203699362451E+002  0.150891075280709E+002  0.601065866103395E+002 -0.388546689113379E+000  0.157085246555847E+000 -0.107536384819057E+002 -0.227369887254709E+002
  0.563416275540653E-006  0.490660379447902E+002 -0.556494526369326E+001  0.655183828013112E+002 -0.109228284065747E+000 -0.622923356367067E+000 -0.107536384819057E+002 -0.227098227297435E+002
  0.574234186947246E-006  0.490200167798262E+002  0.425359128067278E+001  0.674284583509590E+002 -0.565086721314572E-001 -0.804516907352198E+000 -0.107536384819057E+002 -0.226868121472615E+002
  0.604112451822296E-006  0.489105866276703E+002  0.112519468839523E+001  0.510761131992661E+002 -0.375250688497193E-001  0.702095525001982E+000 -0.107536384819057E+002 -0.226320970711835E+002
  0.635641904709683E-006  0.488008525796449E+002 -0.171790437625191E+002  0.862772000414224E+002 -0.206326439037384E+000 -0.406473676390089E-001 -0.107536384819057E+002 -0.225772300471708E+002
  0.657590083947048E-006  0.487249757318865E+002  0.151261061072186E+002  0.834820113891708E+002 -0.817525224918230E-001 -0.383768369755374E+000 -0.107536384819057E+002 -0.225392916232916E+002
  0.660131756864481E-006  0.487092763248729E+002  0.927543319868239E+001  0.879385960297046E+002 -0.297241414636146E+000  0.365839625681481E-001 -0.107536384819057E+002 -0.225314419197848E+002
  0.683390943576415E-006  0.486320370005861E+002 -0.208266593174030E+001  0.863360944287494E+002 -0.233880245130355E+000 -0.125233806597759E+000 -0.107536384819057E+002 -0.224928222576414E+002
  0.692455695524718E-006  0.485976986163475E+002  0.414019599239467E+001  0.669688464477611E+002 -0.303202224913166E-001 -0.837782995340915E+000 -0.107536384819057E+002 -0.224756530655221E+002
  0.707929193019580E-006  0.485455149330087E+002 -0.463818466394448E+001  0.799366733423394E+002 -0.124692496434007E+000 -0.627923625322650E+000 -0.107536384819057E+002 -0.224495612238527E+002
  0.778193248954913E-006  0.483482692775215E+002  0.132487078825348E+002  0.592572109149912E+002 -0.448603786851068E+000  0.298959605234596E+000 -0.107536384819057E+002 -0.223509383961092E+002
  0.824871989563547E-006  0.482237785853365E+002 -0.605114254662100E+001  0.716374922618444E+002 -0.210083478473129E+000 -0.503575424216765E+000 -0.107536384819057E+002 -0.222886930500166E+002
  0.840125267471003E-006  0.481791489457365E+002  0.370592918728297E+001  0.695046547473604E+002 -0.404351560286965E+000 -0.561814965509821E-002 -0.107536384819057E+002 -0.222663782302166E+002
  0.847821575505462E-006  0.481529265056988E+002  0.893141503846027E+001  0.841392832550025E+002 -0.179219094590082E+000 -0.319016460571488E+000 -0.107536384819057E+002 -0.222532670101978E+002
  0.887575436272525E-006  0.480532958452708E+002 -0.174750233341480E+002  0.859435172847670E+002 -0.242293291209000E+000 -0.143728987214670E+000 -0.107536384819057E+002 -0.222034516799838E+002
  0.907534483539399E-006  0.480008357078252E+002 -0.253262829540043E+001  0.818642664818053E+002 -0.478182453220795E-001 -0.534120086860547E+000 -0.107536384819057E+002 -0.221772216112610E+002
  0.926568804207930E-006  0.479513381819615E+002  0.548375751363820E+001  0.637682678264228E+002 -0.459167457423166E+000  0.225801568669620E+000 -0.107536384819057E+002 -0.221524728483291E+002
  0.948251030798222E-006  0.478970922151189E+002  0.116090411703988E+002  0.831751325381364E+002 -0.546891103593886E+000  0.258599187289973E+000 -0.107536384819057E+002 -0.221253498649079E+002
  0.959910337456413E-006  0.478646669445890E+002  0.136059741738325E+002  0.855014701433063E+002 -0.736456827960117E+000  0.654084418017656E+000 -0.107536384819057E+002 -0.221091372296429E+002
  0.968173757266291E-006  0.478395395203315E+002  0.886730454486165E+001  0.856492686862284E+002 -0.379037105080756E+000  0.412822236936835E+000 -0.107536384819057E+002 -0.220965735175141E+002
  0.978332973221062E-006  0.478106784717320E+002 -0.799716387604131E+001  0.939708469827443E+002 -0.692939138483786E+000  0.635510855979840E+000 -0.107536384819057E+002 -0.220821429932144E+002
  0.989235451138290E-006  0.477805298338143E+002 -0.157099724654692E+002  0.796326156282034E+002 -0.755882089406958E-001 -0.674091455597242E+000 -0.107536384819057E+002 -0.220670686742555E+002
  0.113097719459862E-005  0.475047359136951E+002 -0.191541253532001E+002  0.904579819885529E+002 -0.479415043424573E+000  0.432140342632726E+000 -0.107536384819057E+002 -0.219291717141959E+002
  0.116639012058730E-005  0.474350887126988E+002 -0.149809362918226E+002  0.505471408950870E+002 -0.202029199102211E+000  0.654190836684604E+000 -0.107536384819057E+002 -0.218943481136978E+002
  0.119203430956303E-005  0.473836091917856E+002  0.145921083660267E+002  0.528102428184443E+002 -0.205247231157271E+000  0.117697923279256E+000 -0.107536384819057E+002 -0.218686083532412E+002
  0.122917104384896E-005  0.473142678639075E+002 -0.105116116250862E+002  0.764744781276527E+002 -0.785716134899071E+000  0.755757275667999E+000 -0.107536384819057E+002 -0.218339376893021E+002
  0.131856359213055E-005  0.471658778969219E+002 -0.335214435520678E+001  0.789154493008760E+002 -0.802130146485625E-002 -0.751079992003846E+000 -0.107536384819057E+002 -0.217597427058093E+002
  0.132218376955581E-005  0.471524102859875E+002 -0.126441312356579E+002  0.663178713907565E+002 -0.156090327228715E+000 -0.489733446700805E+000 -0.107536384819057E+002 -0.217530089003421E+002
  0.131773389245563E-005  0.471511686981525E+002  0.373391644865906E+001  0.696526707850095E+002 -0.278263532353982E+000 -0.285814608161436E+000 -0.107536384819057E+002 -0.217523881064246E+002
  0.140338170021344E-005  0.470172420336440E+002 -0.131451395455484E+002  0.652036858978960E+002 -0.259148668904888E+000 -0.224431457373782E+000 -0.107536384819057E+002 -0.216854247741704E+002
  0.140209286479328E-005  0.470110955918116E+002  0.157028189724135E+002  0.863207131990869E+002 -0.449899423892541E+000  0.120789675947188E+000 -0.107536384819057E+002 -0.216823515532542E+002
  0.142005262626609E-005  0.469776557334965E+002  0.493681692549470E+001  0.833904311775382E+002 -0.122815986940787E+000 -0.316218420651437E+000 -0.107536384819057E+002 -0.216656316240966E+002
  0.141744404602057E-005  0.469733489900442E+002 -0.342980741026292E+001  0.890962622923646E+002 -0.399833024176379E+000  0.305943591433393E+000 -0.107536384819057E+002 -0.216634782523705E+002
  0.150453904551807E-005  0.468461023732945E+002  0.197655154859045E+001  0.898715180713989E+002 -0.496063052783074E+000  0.288547304211595E+000 -0.107536384819057E+002 -0.215998549439956E+002
  0.155103339085162E-005  0.467772486441173E+002 -0.990216620001313E+001  0.763803020063373E+002 -0.776113292915606E+000  0.740987173153902E+000 -0.107536384819057E+002 -0.215654280794071E+002
  0.155647571155832E-005  0.467622592141872E+002  0.728468380187988E+001  0.895827531488128E+002 -0.573588078797513E+000  0.591606813876018E+000 -0.107536384819057E+002 -0.215579333644420E+002
  0.181045128738046E-005  0.464519710956663E+002 -0.134151828473450E+002  0.640809742733636E+002 -0.646848131326165E+000  0.589021071342105E+000 -0.107536384819057E+002 -0.214027893051815E+002
  0.197945419729585E-005  0.462654970440676E+002  0.120791122855551E+002  0.837980699197367E+002 -0.143907059972221E+000 -0.149836019267422E-001 -0.107536384819057E+002 -0.213095522793822E+002
  0.214758582671262E-005  0.460944666191757E+002 -0.163568618780024E+002  0.868847334569097E+002 -0.348820851599828E+000  0.372187509433131E-001 -0.107536384819057E+002 -0.212240370669362E+002
  0.219261544350653E-005  0.460449810611366E+002  0.465826301632135E+001  0.790278386703141E+002 -0.697423961286447E-002 -0.683622848369534E+000 -0.107536384819057E+002 -0.211992942879167E+002
  0.242187456805716E-005  0.458381035035813E+002  0.191449115892235E+002  0.776038588635226E+002 -0.188280441637982E-001  0.176286484152804E+000 -0.107536384819057E+002 -0.210958555091390E+002
  0.258335048293710E-005  0.457010287849973E+002  0.187701565957124E+002  0.436779552853831E+002 -0.126697423057880E+000  0.657402537316548E+000 -0.107536384819057E+002 -0.210273181498470E+002
  0.293986380116099E-005  0.454344926206375E+002  0.190226989112181E+002  0.443671109019670E+002 -0.233699684540072E+000  0.608480473033008E+000 -0.107536384819057E+002 -0.208940500676671E+002
  0.296078560747582E-005  0.454123258042769E+002  0.196264095178783E+001  0.699410529256650E+002 -0.432318726548402E+000  0.905271847485380E-001 -0.107536384819057E+002 -0.208829666594868E+002
  0.303390100916993E-005  0.453555525373924E+002  0.495873648164351E+001  0.729724357509431E+002 -0.392323221843372E+000  0.570054390241809E+000 -0.107536384819057E+002 -0.208545800260446E+002
  0.358046729820268E-005  0.450162803570669E+002 -0.406688883150736E+001  0.896921044911682E+002 -0.478516259757861E+000  0.423318984132575E+000 -0.107536384819057E+002 -0.206849439358818E+002
  0.359963725032172E-005  0.449976168055937E+002 -0.175114598440920E+002  0.807614144550007E+002 -0.161827808774027E+000  0.227883743040874E+000 -0.107536384819057E+002 -0.206756121601452E+002
  0.360159707647198E-005  0.449885441573464E+002 -0.166315856054150E+002  0.759167361806043E+002 -0.348462363285487E-001  0.259512842411457E+000 -0.107536384819057E+002 -0.206710758360216E+002
  0.371428489255051E-005  0.449189425382271E+002  0.184470748523667E+002  0.433546016899214E+002 -0.254053096083109E-001  0.704905825607852E+000 -0.107536384819057E+002 -0.206362750264620E+002
  0.382898599187304E-005  0.448501308030298E+002 -0.630416916561769E+001  0.833249128463234E+002 -0.371020848522066E+000 -0.317475932435842E-001 -0.107536384819057E+002 -0.206018691588633E+002
  0.381556511546599E-005  0.448491692213297E+002 -0.408335208274816E+001  0.699539356531708E+002 -0.227328514592187E+000 -0.356286814829284E+000 -0.107536384819057E+002 -0.206013883680132E+002
  0.384327903023346E-005  0.448267109133780E+002 -0.971384648538607E+001  0.498844286785166E+002 -0.114303025794840E+000  0.174816268957651E+000 -0.107536384819057E+002 -0.205901592140374E+002
  0.385905324899484E-005  0.448105349413074E+002  0.926412730589377E-002  0.750040570747097E+002 -0.109298173597220E+000 -0.629182688180343E+000 -0.107536384819057E+002 -0.205820712280021E+002
  0.384724353612099E-005  0.448086808065298E+002 -0.329905693132439E+000  0.765501813588979E+002 -0.476138569691690E+000  0.137347170554288E+000 -0.107536384819057E+002 -0.205811441606133E+002
  0.425161845813911E-005  0.446008111702022E+002 -0.161080225091967E+002  0.730055771074562E+002 -0.331290260940802E-001  0.351664572205197E+000 -0.107536384819057E+002 -0.204772093424495E+002
  0.446877821606694E-005  0.444931964928628E+002 -0.164940335659352E+001  0.456079416077283E+002 -0.241033955834741E+000  0.502279555711613E+000 -0.107536384819057E+002 -0.204234020037798E+002
  0.485214615599952E-005  0.443206003064461E+002  0.636620133955184E+001  0.457245078378425E+002 -0.144563772343878E+000  0.657392105531534E+000 -0.107536384819057E+002 -0.203371039105714E+002
  0.509261229103797E-005  0.442158766525286E+002 -0.442494072317686E+001  0.502210351942860E+002 -0.494170326460203E+000  0.615712394406859E+000 -0.107536384819057E+002 -0.202847420836127E+002
  0.519239980339469E-005  0.441690824879506E+002 -0.181982317421866E+001  0.874040887492759E+002 -0.372285659603647E+000  0.157991295381255E+000 -0.107536384819057E+002 -0.202613450013237E+002
  0.520537589845388E-005  0.441561065693920E+002 -0.351120649587948E+001  0.793322752244562E+002 -0.506280362692402E-002 -0.544206021525416E+000 -0.107536384819057E+002 -0.202548570420444E+002
  0.519439483841310E-005  0.441523461061604E+002  0.178138612454248E+002  0.822465847893791E+002 -0.362919722767665E+000 -0.517738488479340E-001 -0.107536384819057E+002 -0.202529768104286E+002
  0.549762442273551E-005  0.440308901690911E+002  0.117613907848357E+002  0.611683747998684E+002 -0.770302419581819E-001 -0.396226660892546E+000 -0.107536384819057E+002 -0.201922488418939E+002
  0.587320884579993E-005  0.438907360056695E+002  0.121186595679867E+002  0.769415387286793E+002 -0.141003971319794E+000  0.324344063859201E+000 -0.107536384819057E+002 -0.201221717601831E+002
  0.632400876556369E-005  0.437348476247499E+002  0.162392850566464E+002  0.719451664851314E+002 -0.571013849277899E-001 -0.698067851977403E+000 -0.107536384819057E+002 -0.200442275697234E+002
  0.652523939153113E-005  0.436642149112754E+002 -0.549018654845198E+001  0.566401901343713E+002 -0.128727646380349E+000 -0.103813285952452E+000 -0.107536384819057E+002 -0.200089112129861E+002
  0.655590780763856E-005  0.436468529535333E+002 -0.127623413020763E+002  0.669299984272820E+002 -0.231128045875357E+000 -0.261524742509329E+000 -0.107536384819057E+002 -0.200002302341150E+002
  0.687720829215568E-005  0.435431765117658E+002 -0.467549740730932E+001  0.868081434013391E+002 -0.357970954103452E+000  0.134805515994342E+000 -0.107536384819057E+002 -0.199483920132313E+002
  0.765767299330243E-005  0.433202017637946E+002 -0.105002141011628E+001  0.507491768583757E+002 -0.536105273785306E-001  0.889056525279504E-001 -0.107536384819057E+002 -0.198369046392457E+002
  0.808542920217943E-005  0.432035068672026E+002 -0.147840155477280E+002  0.799649489013445E+002 -0.120557855659942E+000 -0.412210982322278E+000 -0.107536384819057E+002 -0.197785571909497E+002
  0.838546154686584E-005  0.431226511041476E+002  0.759416313526395E+001  0.739985449197681E+002 -0.457565293815737E+000  0.597853749369404E+000 -0.107536384819057E+002 -0.197381293094222E+002
  0.975687190180664E-005  0.428117222434485E+002  0.165749564143259E+002  0.636733124303635E+002 -0.115424114612299E-001  0.537676162313288E+000 -0.107536384819057E+002 -0.195826648790726E+002
  0.101482673284318E-004  0.427250759265732E+002 -0.188990658268896E+002  0.856856445647772E+002 -0.393481814260306E+000  0.115376463363224E+000 -0.107536384819057E+002 -0.195393417206350E+002
  0.101609435617897E-004  0.427145952365627E+002  0.974295229663429E+001  0.822048313245327E+002 -0.167918426528133E+000 -0.212081178317552E+000 -0.107536384819057E+002 -0.195341013756297E+002
  0.103920235556910E-004  0.426616367180505E+002 -0.193131133936566E+002  0.830272016619111E+002 -0.169514584114975E+000 -0.342576538439303E-001 -0.107536384819057E+002 -0.195076221163736E+002
  0.104331984023544E-004  0.426457440154453E+002 -0.802726767736987E+001  0.518430573269470E+002 -0.267103577554195E+000  0.298529948886971E+000 -0.107536384819057E+002 -0.194996757650710E+002
  0.107157291914959E-004  0.425843203652394E+002  0.951846574202040E+001  0.763951512246632E+002 -0.512407678610133E+000  0.243423901389318E+000 -0.107536384819057E+002 -0.194689639399681E+002
  0.107818666461396E-004  0.425640302650732E+002 -0.849961553687821E+001  0.810445015271790E+002 -0.225149150748907E+000 -0.240560579264606E+000 -0.107536384819057E+002 -0.194588188898850E+002
  0.108393803345751E-004  0.425454059807126E+002 -0.863758392659234E+001  0.755905880149637E+002 -0.190431803860412E+000 -0.406108376727744E+000 -0.107536384819057E+002 -0.194495067477047E+002
  0.108805459597075E-004  0.425298407569364E+002  0.821337244596415E+001  0.727159005381513E+002 -0.192209642666637E+000 -0.404047977781908E+000 -0.107536384819057E+002 -0.194417241358166E+002
  0.108463194498175E-004  0.425281579525294E+002  0.170918325402870E+002  0.548721485294396E+002 -0.265700479781897E+000  0.190749441226455E+000 -0.107536384819057E+002 -0.194408827336131E+002
  0.113048883576327E-004  0.424373550520455E+002  0.247667738240560E+001  0.486043660480344E+002 -0.375125675892814E+000  0.617551471020372E+000 -0.107536384819057E+002 -0.193954812833712E+002
  0.117571842170542E-004  0.423509125169462E+002  0.174358304083023E+002  0.917992010015513E+002 -0.685245369364624E+000  0.676587990775740E+000 -0.107536384819057E+002 -0.193522600158215E+002
  0.124593545517197E-004  0.422269140065782E+002 -0.152544342014281E+002  0.703842767037134E+002 -0.313846377915676E+000 -0.122435335227627E+000 -0.107536384819057E+002 -0.192902607606375E+002
  0.124261357597786E-004  0.422242694307333E+002 -0.550291092839475E+001  0.748311472419662E+002 -0.768719401004045E-001 -0.593622286320787E+000 -0.107536384819057E+002 -0.192889384727150E+002
  0.124017057163828E-004  0.422202213004327E+002 -0.187567630539564E+002  0.721839949071527E+002 -0.416250903359521E+000  0.728129001319662E-001 -0.107536384819057E+002 -0.192869144075648E+002
  0.125971833511574E-004  0.421809588089230E+002  0.174054231944047E+002  0.803872354689293E+002 -0.238992892988956E+000 -0.233605676064101E+000 -0.107536384819057E+002 -0.192672831618099E+002
  0.130739719490393E-004  0.420986744979314E+002 -0.746234286836519E+001  0.752206735010515E+002 -0.442321638592205E+000  0.578382744779664E+000 -0.107536384819057E+002 -0.192261410063141E+002
  0.130255833066606E-004  0.420981064741478E+002  0.664878963392379E+001  0.719790719169556E+002 -0.467599565704275E-001 -0.658629764466720E+000 -0.107536384819057E+002 -0.192258569944223E+002
  0.129742542281545E-004  0.420980192725213E+002 -0.531582994657308E+001  0.904265191737550E+002 -0.621641801835986E+000  0.615634980119658E+000 -0.107536384819057E+002 -0.192258133936090E+002
  0.136775729257103E-004  0.419844541720990E+002 -0.190995920927585E+002  0.763421578097449E+002 -0.291848286009659E+000 -0.198496971493863E+000 -0.107536384819057E+002 -0.191690308433979E+002
  0.142238119994579E-004  0.418981501639490E+002  0.455137256074091E+001  0.454779360684340E+002 -0.183688725419421E+000  0.618992943709955E+000 -0.107536384819057E+002 -0.191258788393229E+002
  0.148206453342534E-004  0.418079587170238E+002 -0.162385691458207E+002  0.771503645372832E+002 -0.386231592533410E+000 -0.758216417166224E-002 -0.107536384819057E+002 -0.190807831158603E+002
  0.147644807125376E-004  0.418075683131393E+002  0.473301466841394E+001  0.744828398058773E+002 -0.754380002784285E-001 -0.585422903007015E+000 -0.107536384819057E+002 -0.190805879139180E+002
  0.149694428888690E-004  0.417720109942950E+002 -0.329642584808334E+001  0.806770324763489E+002 -0.679838050637385E-001 -0.139945340310509E+000 -0.107536384819057E+002 -0.190628092544959E+002
  0.160010055299867E-004  0.416307457851107E+002 -0.180880699381383E+002  0.664956196606201E+002 -0.313187657620689E+000 -0.457331469792148E-001 -0.107536384819057E+002 -0.189921766499037E+002
  0.165671624492332E-004  0.415532197333506E+002  0.637760264442818E+000  0.767959308887862E+002 -0.241699161138784E+000 -0.277946611328648E+000 -0.107536384819057E+002 -0.189534136240237E+002
  0.168188809094566E-004  0.415150765938003E+002  0.475647690093379E+001  0.865663873558886E+002 -0.381528620171089E+000  0.289015811840736E+000 -0.107536384819057E+002 -0.189343420542485E+002
  0.176223118208745E-004  0.414137651567432E+002 -0.159317227633110E+002  0.786114468046382E+002 -0.466797501896266E-002 -0.427876343426956E+000 -0.107536384819057E+002 -0.188836863357200E+002
  0.186092012908370E-004  0.412968004438236E+002 -0.273031403232909E+001  0.504347701966987E+002 -0.339572371590754E+000  0.624842633216209E+000 -0.107536384819057E+002 -0.188252039792602E+002
  0.188239753651988E-004  0.412658660187276E+002  0.176700164825662E+002  0.823689361912141E+002 -0.263428542186597E+000 -0.103754517459087E+000 -0.107536384819057E+002 -0.188097367667122E+002
  0.189509966121536E-004  0.412444316180229E+002 -0.166639534781626E+002  0.623376526020026E+002 -0.426614565318820E+000  0.262944324288689E+000 -0.107536384819057E+002 -0.187990195663598E+002
  0.189836498543683E-004  0.412330044696878E+002 -0.159991175437519E+002  0.501373521004260E+002 -0.219735163273773E-001  0.681358744226643E+000 -0.107536384819057E+002 -0.187933059921923E+002
  0.192090447621237E-004  0.412014140776359E+002  0.158108514815932E+002  0.781988385807467E+002 -0.361793087888073E+000 -0.407245054287833E-001 -0.107536384819057E+002 -0.187775107961663E+002
  0.193928803127160E-004  0.411743805249964E+002 -0.316753652900153E+001  0.768677239299592E+002 -0.354461350613847E+000 -0.591937023862545E-001 -0.107536384819057E+002 -0.187639940198466E+002
  0.194423763981608E-004  0.411612984229684E+002 -0.155346270017186E+002  0.830429255341344E+002 -0.418764910639991E+000  0.114327646712741E+000 -0.107536384819057E+002 -0.187574529688326E+002
  0.194208315124639E-004  0.411555318904150E+002 -0.120321278163963E+002  0.682201847502137E+002 -0.434448100426486E+000  0.174171729347328E+000 -0.107536384819057E+002 -0.187545697025559E+002
  0.205256889253796E-004  0.410368859665040E+002  0.565065557590511E+001  0.837989108352448E+002 -0.322381472389324E+000  0.312728227217606E+000 -0.107536384819057E+002 -0.186952467406004E+002
  0.204567091490916E-004  0.410356345550133E+002  0.224355757714437E+001  0.752594503105091E+002 -0.233810111128353E+000 -0.288407452725040E+000 -0.107536384819057E+002 -0.186946210348551E+002
  0.212104955494028E-004  0.409552800568326E+002 -0.940569527301624E+001  0.714386482491674E+002 -0.160052355634978E+000 -0.415699179782426E+000 -0.107536384819057E+002 -0.186544437857647E+002
  0.212485993253338E-004  0.409437063206109E+002 -0.191982483538936E+002  0.633738009039528E+002 -0.605473897414828E-001  0.537945329713318E+000 -0.107536384819057E+002 -0.186486569176538E+002
  0.214615371611807E-004  0.409157795087246E+002 -0.186083160886380E+001  0.897376212405438E+002 -0.606100176508016E+000  0.519596511525588E+000 -0.107536384819057E+002 -0.186346935117107E+002
  0.218549440160641E-004  0.408714658603163E+002 -0.141951615319796E+002  0.731242084117402E+002 -0.128666449278742E+000 -0.476213452767063E+000 -0.107536384819057E+002 -0.186125366875065E+002
  0.220995063861756E-004  0.408412256055716E+002 -0.155371723884613E+002  0.615629507162483E+002 -0.617502288025982E-001 -0.360581997857906E+000 -0.107536384819057E+002 -0.185974165601342E+002
  0.252610309025870E-004  0.405658262531432E+002  0.184966653498768E+002  0.853160737715097E+002 -0.332229020634111E+000  0.191602525462164E+000 -0.107536384819057E+002 -0.184597168839200E+002
  0.261430035960658E-004  0.404892048544963E+002 -0.161558249312078E+002  0.860559760235811E+002 -0.478624918393160E+000  0.487546811089623E+000 -0.107536384819057E+002 -0.184214061845965E+002
  0.273314351696464E-004  0.403923090012250E+002  0.181114725232675E+002  0.616742238479353E+002 -0.176691561547384E+000 -0.153863928154293E+000 -0.107536384819057E+002 -0.183729582579609E+002
  0.277263175711052E-004  0.403556358711086E+002 -0.370928443430927E+001  0.529888549779223E+002 -0.162578561333624E-001 -0.162632180971221E-001 -0.107536384819057E+002 -0.183546216929027E+002
  0.299912642414327E-004  0.401906036438799E+002  0.925296159127006E+001  0.716576284952628E+002 -0.443631885413671E-001 -0.594710904102985E+000 -0.107536384819057E+002 -0.182721055792883E+002
  0.302577073250994E-004  0.401649300166902E+002 -0.159861527298408E+002  0.783530222265030E+002 -0.723454608594099E+000  0.669130786697002E+000 -0.107536384819057E+002 -0.182592687656935E+002
  0.305839549286391E-004  0.401354968080080E+002 -0.983902771139530E+001  0.887181990874978E+002 -0.720364571986472E+000  0.680108166184100E+000 -0.107536384819057E+002 -0.182445521613524E+002
  0.335903835794112E-004  0.399399841648501E+002 -0.102235140741357E+002  0.583725018178957E+002 -0.596500134089833E+000  0.613113997931681E+000 -0.107536384819057E+002 -0.181467958397734E+002
  0.339358532725590E-004  0.399115356200114E+002 -0.151364657605960E+002  0.845891392587371E+002 -0.647160605194293E+000  0.536998279068416E+000 -0.107536384819057E+002 -0.181325715673541E+002
  0.353965703232710E-004  0.398192658619495E+002  0.154191063796586E+002  0.897038132815861E+002 -0.604194057222103E+000  0.539085408032825E+000 -0.107536384819057E+002 -0.180864366883231E+002
  0.356537098462524E-004  0.397968052743468E+002  0.185652339002913E+002  0.655971441643606E+002 -0.220202335268532E+000 -0.173732791715460E+000 -0.107536384819057E+002 -0.180752063945218E+002
  0.360814011988570E-004  0.397649725800593E+002  0.135645087840038E+002  0.875021478240244E+002 -0.489821033301951E+000  0.453925648688466E+000 -0.107536384819057E+002 -0.180592900473780E+002
  0.367170083792818E-004  0.397220634156161E+002  0.156465541160079E+002  0.653915199600058E+002 -0.428407646724684E+000  0.615523463550326E+000 -0.107536384819057E+002 -0.180378354651564E+002
  0.389822513923021E-004  0.395943466555617E+002 -0.293733469175250E+001  0.781505910171337E+002 -0.270483433670963E-001 -0.363234859718874E+000 -0.107536384819057E+002 -0.179739770851292E+002
  0.396536556690721E-004  0.395522092285113E+002  0.887660807232152E+000  0.578714848685525E+002 -0.170491053821856E+000 -0.143476880256923E-001 -0.107536384819057E+002 -0.179529083716040E+002
  0.397294811941985E-004  0.395404044476551E+002 -0.165285456016955E+002  0.528239539691744E+002 -0.112051542173360E+000  0.117955956305877E+000 -0.107536384819057E+002 -0.179470059811759E+002
  0.399244184603525E-004  0.395226311716357E+002 -0.136735125691498E+002  0.784687778078320E+002 -0.102380023901327E+000 -0.339347274880089E+000 -0.107536384819057E+002 -0.179381193431662E+002
  0.428093943350999E-004  0.393751082408560E+002 -0.359008668219902E+001  0.734530289155070E+002 -0.127441036510591E+000  0.368195769781073E+000 -0.107536384819057E+002 -0.178643578777764E+002
  0.433261984343391E-004  0.393431243495121E+002  0.115959287616921E+002  0.689957115734565E+002 -0.603344749383465E+000  0.504812516041062E+000 -0.107536384819057E+002 -0.178483659321044E+002
  0.448319846019598E-004  0.392668116470171E+002 -0.171511072751182E+002  0.595636668506340E+002 -0.298491711240376E+000  0.135682821212133E+000 -0.107536384819057E+002 -0.178102095808569E+002
  0.451746427012525E-004  0.392435994033995E+002  0.188883995584593E+002  0.515186146594479E+002 -0.562208772266091E-001  0.125600316473879E+000 -0.107536384819057E+002 -0.177986034590481E+002
  0.458700300154374E-004  0.392050632893909E+002  0.458543963791810E+001  0.707433275205713E+002 -0.153939811724325E+000 -0.373815615446283E+000 -0.107536384819057E+002 -0.177793354020438E+002
  0.461895068948211E-004  0.391831978751821E+002  0.924005526799878E+001  0.784917542707909E+002 -0.217202661139055E-001 -0.253448485972473E+000 -0.107536384819057E+002 -0.177684026949394E+002
  0.482576663189020E-004  0.390876097250438E+002  0.117853668070589E+002  0.818572024081322E+002 -0.265138150182441E+000 -0.503313869426432E-001 -0.107536384819057E+002 -0.177206086198703E+002
  0.490797271695251E-004  0.390458429658407E+002 -0.123465265491713E+002  0.691832506054706E+002 -0.212103226333046E+000  0.494037900367497E+000 -0.107536384819057E+002 -0.176997252402687E+002
  0.498971974429099E-004  0.390048213697469E+002  0.178596839932408E+002  0.712891114246341E+002 -0.833961292922702E-001 -0.491797434241614E+000 -0.107536384819057E+002 -0.176792144422218E+002
  0.520441801554093E-004  0.389125810501642E+002  0.533097564032133E+001  0.729944209791610E+002 -0.584453526130932E+000  0.441558332603122E+000 -0.107536384819057E+002 -0.176330942824305E+002
  0.540437867793456E-004  0.388291937915437E+002  0.823434613429535E+001  0.765934541923239E+002 -0.386389786801693E+000  0.434848114115471E-001 -0.107536384819057E+002 -0.175914006531203E+002
  0.585009581038675E-004  0.386627126536575E+002 -0.177601314342610E+001  0.512026280537698E+002 -0.235149398065455E+000  0.335844390232555E+000 -0.107536384819057E+002 -0.175081600841771E+002
  0.622310635002545E-004  0.385311062984791E+002  0.451109745921917E+001  0.757684319948120E+002 -0.261017293317869E+000 -0.176932389872836E+000 -0.107536384819057E+002 -0.174423569065879E+002
  0.678864432411677E-004  0.383491581186432E+002  0.626879934623392E+001  0.723924394315854E+002 -0.645292491848725E+000  0.561626246113688E+000 -0.107536384819057E+002 -0.173513828166700E+002
  0.696623659322704E-004  0.382895263332124E+002  0.125195585607093E+002  0.787510775455326E+002 -0.530316028892688E-001 -0.159747612280522E+000 -0.107536384819057E+002 -0.173215669239546E+002
  0.697561883308319E-004  0.382788504706865E+002 -0.123923774716338E+002  0.687934213928122E+002 -0.838802037840083E-001 -0.447347543144162E+000 -0.107536384819057E+002 -0.173162289926916E+002
  0.699982830350689E-004  0.382639372775011E+002  0.263470600067262E+001  0.717828102961431E+002 -0.152370072808537E+000  0.415310605233464E+000 -0.107536384819057E+002 -0.173087723960989E+002
  0.718077782394776E-004  0.382049090578925E+002 -0.874771173341509E+001  0.564318328159725E+002 -0.597691380906799E+000  0.664200895372794E+000 -0.107536384819057E+002 -0.172792582862946E+002
  0.732668070666821E-004  0.381566952806045E+002 -0.187752983084043E+002  0.790046525985446E+002 -0.734401112002434E-001 -0.167489728158439E+000 -0.107536384819057E+002 -0.172551513976506E+002
  0.775871644112211E-004  0.380341225643680E+002 -0.215129333672490E+001  0.578386652668517E+002 -0.414376308853983E+000  0.627122916613931E+000 -0.107536384819057E+002 -0.171938650395324E+002
  0.824401896100214E-004  0.379047964227098E+002  0.596760429407739E+001  0.515297361359222E+002 -0.267308885715458E+000  0.612981405045574E+000 -0.107536384819057E+002 -0.171292019687033E+002
  0.831378582276052E-004  0.378799581472452E+002 -0.551421160437577E+001  0.625867067873926E+002 -0.251212410607782E+000 -0.616197190482826E-002 -0.107536384819057E+002 -0.171167828309710E+002
  0.838945850311640E-004  0.378538523083401E+002 -0.162953265769556E+002  0.662861920493463E+002 -0.441116090388769E+000  0.254480887910442E+000 -0.107536384819057E+002 -0.171037299115184E+002
  0.854197539128513E-004  0.378098356380811E+002 -0.164065101100844E+002  0.545153043502751E+002 -0.790909154090249E-001  0.326679901837128E-001 -0.107536384819057E+002 -0.170817215763889E+002
  0.857348709203692E-004  0.377944870884157E+002 -0.136791095549145E+002  0.473666754002476E+002 -0.179504173459920E+000  0.605174174331465E+000 -0.107536384819057E+002 -0.170740473015562E+002
  0.890083857475576E-004  0.377115611476532E+002 -0.150301542640689E+002  0.761554730156856E+002 -0.436312035964253E+000  0.154814329380151E+000 -0.107536384819057E+002 -0.170325843311750E+002
  0.893012049404846E-004  0.376970083175347E+002  0.104297560816463E+002  0.617156574307274E+002 -0.263351179849736E+000  0.575496375178798E+000 -0.107536384819057E+002 -0.170253079161157E+002
  0.896067861420397E-004  0.376821921263169E+002 -0.106266604631741E+002  0.606361145453414E+002 -0.683847665265129E-001 -0.237948925494954E+000 -0.107536384819057E+002 -0.170178998205068E+002
  0.908959262878028E-004  0.376456398246614E+002  0.158607295831303E+000  0.620819793067115E+002 -0.362663329296451E+000  0.198753811447042E+000 -0.107536384819057E+002 -0.169996236696791E+002
  0.988250054383870E-004  0.374703848234229E+002  0.176632836378189E+002  0.589312112234139E+002 -0.630194865292465E+000  0.670822272204967E+000 -0.107536384819057E+002 -0.169119961690598E+002
  0.985685433124062E-004  0.374675977545825E+002 -0.139030164917331E+002  0.836792922982994E+002 -0.491655685102872E+000  0.526534275855800E+000 -0.107536384819057E+002 -0.169106026346396E+002
  0.991187586521306E-004  0.374484806396605E+002 -0.517826864387918E+001  0.881425939380347E+002 -0.590340042517348E+000  0.572675068556270E+000 -0.107536384819057E+002 -0.169010440771786E+002
  0.105791211840999E-003  0.373101991200531E+002  0.264520298896969E+000  0.538990742402943E+002 -0.334279000523712E-001  0.630843468833024E+000 -0.107536384819057E+002 -0.168319033173749E+002
  0.108211023134532E-003  0.372569835044493E+002 -0.191500014504579E+002  0.470232982323437E+002 -0.837712622191162E-001  0.631754851385818E+000 -0.107536384819057E+002 -0.168052955095730E+002
  0.109827714271209E-003  0.372193401310183E+002 -0.906475381023118E+001  0.526353687727198E+002 -0.435905971021309E+000  0.622295728996033E+000 -0.107536384819057E+002 -0.167864738228576E+002
  0.116170339075741E-003  0.370990667879942E+002 -0.116991489862269E+000  0.497531079465771E+002 -0.339686181496342E+000  0.591584356091724E+000 -0.107536384819057E+002 -0.167263371513455E+002
  0.116998947950118E-003  0.370768679683198E+002  0.581674504376136E+001  0.502225953036378E+002 -0.276846874850329E+000  0.604640274441012E+000 -0.107536384819057E+002 -0.167152377415083E+002
  0.119180649786419E-003  0.370319329966425E+002  0.477635502556119E+001  0.481409300355920E+002 -0.257204579714613E+000  0.579663283110861E+000 -0.107536384819057E+002 -0.166927702556696E+002
  0.119034979825600E-003  0.370263949729346E+002  0.182434244076681E+002  0.736573934606485E+002 -0.242594136651910E-001 -0.477192421135165E+000 -0.107536384819057E+002 -0.166900012438157E+002
  0.122737004404053E-003  0.369571579451895E+002 -0.164215065558430E+002  0.781300767032715E+002 -0.545661930187318E-001 -0.112603551326499E+000 -0.107536384819057E+002 -0.166553827299431E+002
  0.125468594192987E-003  0.369051507203575E+002  0.255151802375501E+001  0.739181181869182E+002 -0.154224180477969E-002 -0.483060920708074E+000 -0.107536384819057E+002 -0.166293791175271E+002
  0.131005222843169E-003  0.368108032585040E+002 -0.259503540524051E+001  0.788152567554446E+002 -0.158220756110301E+000 -0.171239467185588E+000 -0.107536384819057E+002 -0.165822053866004E+002
  0.130956194201835E-003  0.368035678550959E+002  0.598116717756593E+001  0.698324891085381E+002 -0.413777064943537E-001 -0.477509769831124E+000 -0.107536384819057E+002 -0.165785876848963E+002
  0.134077294057986E-003  0.367484766463389E+002 -0.677419335787952E+001  0.715134039627719E+002 -0.316774049830542E+000  0.513299716435997E+000 -0.107536384819057E+002 -0.165510420805178E+002
  0.135630300409822E-003  0.367174599039756E+002 -0.494388868905407E+001  0.752109399226673E+002 -0.416410889201041E+000  0.545179671624901E+000 -0.107536384819057E+002 -0.165355337093362E+002
  0.138677468492620E-003  0.366650397385389E+002 -0.130921754137302E+002  0.602325829389375E+002 -0.145997634004762E+000  0.564389813657970E+000 -0.107536384819057E+002 -0.165093236266178E+002
  0.149024738284972E-003  0.365131327868402E+002  0.140612137260676E+002  0.689791401990178E+002 -0.457361663341773E+000  0.608747117815669E+000 -0.107536384819057E+002 -0.164333701507685E+002
  0.149653914932477E-003  0.364967225970505E+002 -0.156198074503199E+002  0.669123472967473E+002 -0.247869777660865E+000 -0.869826944885066E-001 -0.107536384819057E+002 -0.164251650558736E+002
  0.167025565476622E-003  0.362690955688338E+002 -0.165159789751214E+002  0.653832562795243E+002 -0.120079487468101E+000  0.496919569399628E+000 -0.107536384819057E+002 -0.163113515417653E+002
  0.172960827109040E-003  0.361912750291433E+002  0.774985195830117E+001  0.614947984129072E+002 -0.115297681051523E+000  0.545663019410288E+000 -0.107536384819057E+002 -0.162724412719200E+002
  0.173433668335391E-003  0.361778308360966E+002 -0.106880057868910E+002  0.525219709820813E+002 -0.226666537620227E+000  0.606160516546512E+000 -0.107536384819057E+002 -0.162657191753967E+002
  0.174819084299030E-003  0.361539339456416E+002 -0.638308366140929E+000  0.737318303656607E+002 -0.667224388369858E-002  0.193691707615796E+000 -0.107536384819057E+002 -0.162537707301692E+002
  0.176577163964487E-003  0.361259372325820E+002  0.453999140416125E+001  0.594954850655888E+002 -0.516600057136718E-001 -0.182042477264327E+000 -0.107536384819057E+002 -0.162397723736394E+002
  0.179365854050490E-003  0.360866139362273E+002  0.152584687577546E+002  0.768558699972566E+002 -0.649831266272711E-001 -0.268480657222100E+000 -0.107536384819057E+002 -0.162201107254620E+002
  0.179730410168292E-003  0.360745690745779E+002 -0.124964245625849E+002  0.788744911668576E+002 -0.238563912161520E+000  0.297502470279750E+000 -0.107536384819057E+002 -0.162140882946373E+002
  0.181873866470570E-003  0.360428742349491E+002 -0.151231432282131E+002  0.883002669598680E+002 -0.663032444034640E+000  0.648268420545075E+000 -0.107536384819057E+002 -0.161982408748230E+002
  0.183754692506594E-003  0.360143136528588E+002  0.136326376400307E+002  0.578017746596149E+002 -0.411333663385369E+000  0.388327023615529E+000 -0.107536384819057E+002 -0.161839605837778E+002
  0.185110366374933E-003  0.359916285163595E+002  0.977988103947312E+001  0.769307051603457E+002 -0.427615543137351E+000  0.535634554649774E+000 -0.107536384819057E+002 -0.161726180155282E+002
  0.194922809588023E-003  0.358803416543590E+002  0.176817938340198E+002  0.577428340392601E+002 -0.116605468627818E+000 -0.188083190817245E-001 -0.107536384819057E+002 -0.161169745845279E+002
  0.202010317572746E-003  0.358009273292978E+002  0.909251465781228E+000  0.739739140052579E+002 -0.441911354284492E-001  0.225539348763654E+000 -0.107536384819057E+002 -0.160772674219973E+002
  0.201670469154343E-003  0.357963107841465E+002 -0.184250520077538E+002  0.643747572420589E+002 -0.301572703983238E+000  0.700999739037877E-001 -0.107536384819057E+002 -0.160749591494216E+002
  0.203471996925302E-003  0.357705400142645E+002 -0.115441760514595E+002  0.456596981130220E+002 -0.116194777685532E-001  0.520084404222785E+000 -0.107536384819057E+002 -0.160620737644806E+002
  0.205883492299652E-003  0.357389918731941E+002 -0.781630299663416E+001  0.760589275138473E+002 -0.123102985356483E+000 -0.269916814170129E+000 -0.107536384819057E+002 -0.160462996939454E+002
  0.209822197606565E-003  0.356931077174824E+002 -0.128085168277977E+002  0.729354579296024E+002 -0.734019762854741E+000  0.722307012666024E+000 -0.107536384819057E+002 -0.160233576160896E+002
  0.228623310564705E-003  0.355134932287092E+002 -0.104435571492837E+002  0.656803302659878E+002 -0.328897579919304E+000  0.950016062357157E-001 -0.107536384819057E+002 -0.159335503717030E+002
  0.228629739269985E-003  0.355054529485548E+002  0.935423414564405E+001  0.847670013446081E+002 -0.460963677625464E+000  0.329008938243430E+000 -0.107536384819057E+002 -0.159295302316258E+002
  0.228975347007533E-003  0.354944478923634E+002 -0.188160461819189E+002  0.758480825371472E+002 -0.265343820047584E+000 -0.968567889426604E-001 -0.107536384819057E+002 -0.159240277035301E+002
  0.229133413395278E-003  0.354850836850453E+002  0.171218350684648E+002  0.514253717831013E+002 -0.150787562393367E+000  0.288117750929149E+000 -0.107536384819057E+002 -0.159193455998710E+002
  0.236502690742273E-003  0.354137893223993E+002 -0.123051922608481E+002  0.696570332038433E+002 -0.566262186423687E+000  0.461207367623463E+000 -0.107536384819057E+002 -0.158836984185480E+002
  0.251282173461947E-003  0.352845714407763E+002 -0.118752803039144E+002  0.746471959150691E+002 -0.248998865213887E+000 -0.124073206921059E+000 -0.107536384819057E+002 -0.158190894777365E+002
  0.251837415293783E-003  0.352721730039686E+002  0.494550638498595E+001  0.497142816453690E+002 -0.214207071661640E+000  0.425879131160923E+000 -0.107536384819057E+002 -0.158128902593327E+002
  0.260112698549913E-003  0.351995263790845E+002 -0.140701502959521E+002  0.759216460817039E+002 -0.704710231764474E+000  0.666398438931568E+000 -0.107536384819057E+002 -0.157765669468906E+002
  0.264555017052177E-003  0.351576738553761E+002 -0.169356028033674E+002  0.760572360555959E+002 -0.206961559441987E-001 -0.248053904168915E+000 -0.107536384819057E+002 -0.157556406850364E+002
  0.282991508407707E-003  0.350149544969969E+002 -0.313884124115931E+001  0.618417155568568E+002 -0.539675993508163E+000  0.511399073398246E+000 -0.107536384819057E+002 -0.156842810058468E+002
  0.282870647089959E-003  0.350078248061292E+002 -0.599542065447643E+001  0.742862421386949E+002 -0.132841213989434E+000 -0.275578576457992E+000 -0.107536384819057E+002 -0.156807161604130E+002
  0.298290982860685E-003  0.348936812697752E+002  0.135599624364925E+002  0.491122864717427E+002 -0.273595237611099E+000  0.540823624824190E+000 -0.107536384819057E+002 -0.156236443922360E+002
  0.302330206558320E-003  0.348587965140147E+002  0.129270116574123E+002  0.770704864457592E+002 -0.110470557277310E+000 -0.188257906779547E+000 -0.107536384819057E+002 -0.156062020143557E+002
  0.320947461753291E-003  0.347312972316057E+002 -0.337789233457542E+001  0.682494698064421E+002 -0.190017259716531E-001 -0.426561290403416E+000 -0.107536384819057E+002 -0.155424523731512E+002
  0.354261204165212E-003  0.345257990555970E+002  0.834663679726363E+001  0.780393616080282E+002 -0.163542973966994E+000  0.173982020351758E+000 -0.107536384819057E+002 -0.154397032851469E+002
  0.372940678673739E-003  0.344150452877202E+002 -0.148322330466062E+002  0.794146266813979E+002 -0.190705416021961E+000  0.259579386330770E-001 -0.107536384819057E+002 -0.153843264012085E+002
  0.398404026406889E-003  0.342749667181518E+002  0.147934109570501E+002  0.781577261777504E+002 -0.168259032055773E+000 -0.856355463149701E-001 -0.107536384819057E+002 -0.153142871164243E+002
  0.427096285525555E-003  0.341278969781315E+002 -0.154398346502915E+002  0.603090872009053E+002 -0.229933377566495E+000  0.854253349581828E-001 -0.107536384819057E+002 -0.152407522464141E+002
  0.430216020677889E-003  0.341053569848589E+002 -0.133716935130322E+002  0.716471644430579E+002 -0.518224538852778E-001 -0.366719207394694E+000 -0.107536384819057E+002 -0.152294822497778E+002
  0.438920589004778E-003  0.340573108426137E+002 -0.790154327070036E+001  0.735391508645826E+002 -0.712587495427830E-001  0.249622631088138E+000 -0.107536384819057E+002 -0.152054591786552E+002
  0.450992648458266E-003  0.339950617345325E+002 -0.158512110927946E+002  0.812259227565164E+002 -0.340961832315054E+000  0.337427870495953E+000 -0.107536384819057E+002 -0.151743346246146E+002
  0.453254013574361E-003  0.339770743602683E+002  0.157034238190208E+002  0.694864984002044E+002 -0.265714653776430E-001 -0.398373810948148E+000 -0.107536384819057E+002 -0.151653409374826E+002
  0.458959007779962E-003  0.339440739303151E+002 -0.158014630569262E+002  0.618571384631833E+002 -0.190878417566513E+000  0.544260090929427E+000 -0.107536384819057E+002 -0.151488407225060E+002
  0.459178129877845E-003  0.339351352499859E+002 -0.142186267692549E+002  0.772086946641014E+002 -0.332694378164914E+000  0.434387931515325E+000 -0.107536384819057E+002 -0.151443713823413E+002
  0.469041372017778E-003  0.338846456864174E+002 -0.154399673547533E+002  0.785675667765157E+002 -0.195762581904848E+000 -0.387697001954859E-001 -0.107536384819057E+002 -0.151191266005571E+002
  0.471749214661359E-003  0.338651485604799E+002  0.189606535655052E+002  0.731249687240114E+002 -0.334450196177822E+000  0.429288075551080E-001 -0.107536384819057E+002 -0.151093780375883E+002
  0.496167729920408E-003  0.337562314875216E+002  0.772662907907066E+001  0.745949061986278E+002 -0.342885786881097E-001 -0.281187098509085E+000 -0.107536384819057E+002 -0.150549195011092E+002
  0.497912302696994E-003  0.337412275893959E+002  0.909256514739339E+001  0.743162668508301E+002 -0.537751662089665E-001  0.180425568087669E+000 -0.107536384819057E+002 -0.150474175520463E+002
  0.497334979819436E-003  0.337355638664496E+002 -0.288900455875545E+001  0.758647233906460E+002 -0.595482897121328E+000  0.667096912948746E+000 -0.107536384819057E+002 -0.150445856905732E+002
  0.495722058072334E-003  0.337340766236063E+002 -0.177538112314692E+002  0.546840170813778E+002 -0.311256115913513E+000  0.596448475438668E+000 -0.107536384819057E+002 -0.150438420691515E+002
  0.508103767720929E-003  0.336767519990375E+002  0.189123692459538E+002  0.828101177541703E+002 -0.641294068063591E+000  0.569800495207993E+000 -0.107536384819057E+002 -0.150151797568671E+002
  0.514113118746209E-003  0.336452527110226E+002  0.153793349934916E+002  0.473809572480156E+002 -0.221944531047085E-001  0.612987538435935E+000 -0.107536384819057E+002 -0.149994301128597E+002
  0.514542591092066E-003  0.336355986349954E+002 -0.445243112278822E+001  0.786186367524057E+002 -0.201296626259254E+000  0.188736932688627E+000 -0.107536384819057E+002 -0.149946030748461E+002
  0.528786550235637E-003  0.335730015517671E+002  0.634273136301378E+001  0.719208388934142E+002 -0.116613306764887E+000 -0.272148438350024E+000 -0.107536384819057E+002 -0.149633045332319E+002
  0.575165312865787E-003  0.333968722164269E+002  0.112764897526237E+002  0.784153408733949E+002 -0.429810373359674E+000  0.213458897463093E+000 -0.107536384819057E+002 -0.148752398655618E+002
  0.581407520382882E-003  0.333672993281217E+002 -0.124232868954421E+002  0.708876031517546E+002 -0.334907232274284E+000  0.516947671082456E+000 -0.107536384819057E+002 -0.148604534214092E+002
  0.587578934547872E-003  0.333381979442340E+002  0.814265139218417E+000  0.835901983297786E+002 -0.513334989950834E+000  0.395036627078158E+000 -0.107536384819057E+002 -0.148459027294654E+002
  0.592977094409413E-003  0.333119235457891E+002 -0.856582843756907E+000  0.638529897881270E+002 -0.131061393128370E+000 -0.143051375318982E+000 -0.107536384819057E+002 -0.148327655302429E+002
  0.591800545988142E-003  0.333079117213876E+002  0.224019938152138E+001  0.475185870804548E+002 -0.980733898208099E-001  0.555400586079816E+000 -0.107536384819057E+002 -0.148307596180422E+002
  0.590618486246932E-003  0.333039264647366E+002 -0.140799110373108E+002  0.759425502270886E+002 -0.550347069935062E-001 -0.140640199519465E+000 -0.107536384819057E+002 -0.148287669897167E+002
  0.603953532569112E-003  0.332512884371332E+002  0.171439428813817E+002  0.613064240137069E+002 -0.136470140996889E+000 -0.623074864129283E-001 -0.107536384819057E+002 -0.148024479759150E+002
  0.627743314196135E-003  0.331660362237663E+002 -0.489932724630597E+001  0.738471938451710E+002 -0.119409619787234E+000 -0.233245380410433E+000 -0.107536384819057E+002 -0.147598218692315E+002
  0.626506178820392E-003  0.331619976028800E+002 -0.152428503111908E+001  0.718705519933619E+002 -0.221992547097009E+000  0.427292275862184E+000 -0.107536384819057E+002 -0.147578025587884E+002
  0.624018757649083E-003  0.331619699772961E+002 -0.617571754052651E+001  0.742750102762396E+002 -0.114999277173199E+000  0.259899129126825E+000 -0.107536384819057E+002 -0.147577887459964E+002
  0.638744848157334E-003  0.331073366393058E+002 -0.131338968488984E+002  0.666787572082220E+002 -0.237310310284220E+000 -0.356899082652093E-001 -0.107536384819057E+002 -0.147304720770013E+002
  0.641965367168932E-003  0.330892940346931E+002 -0.150723590592802E+002  0.559782105298179E+002 -0.244975878532611E+000  0.584577490931838E+000 -0.107536384819057E+002 -0.147214507746949E+002
  0.647069559130883E-003  0.330654711082427E+002  0.187963122780777E+002  0.602053691387724E+002 -0.152692158623009E-001 -0.181593146858040E+000 -0.107536384819057E+002 -0.147095393114698E+002
  0.681134811878564E-003  0.329548741672447E+002 -0.146133091646018E+002  0.472055081717157E+002 -0.570607578702229E-001  0.545942800086017E+000 -0.107536384819057E+002 -0.146542408409707E+002
  0.689427506785692E-003  0.329226875153283E+002 -0.356796559002869E+001  0.859644267379412E+002 -0.625888655941820E+000  0.617531049872460E+000 -0.107536384819057E+002 -0.146381475150125E+002
  0.688201767300768E-003  0.329182624558376E+002  0.172056383097005E+002  0.588966017225966E+002 -0.140560927530252E+000  0.283000517806267E-001 -0.107536384819057E+002 -0.146359349852672E+002
  0.692688913427884E-003  0.328972805359631E+002  0.332416150635282E+000  0.717144826870039E+002 -0.918950833468040E-001 -0.279991945522705E+000 -0.107536384819057E+002 -0.146254440253299E+002
  0.698770190249102E-003  0.328718146557634E+002  0.769820050196990E+001  0.480572622261862E+002 -0.129819088624856E+000  0.538946301217339E+000 -0.107536384819057E+002 -0.146127110852301E+002
  0.697793651144410E-003  0.328666275903045E+002 -0.811475709574359E+001  0.739225405293035E+002 -0.787140178838026E-001  0.220309327471623E+000 -0.107536384819057E+002 -0.146101175525006E+002
  0.696625776292274E-003  0.328619936879090E+002  0.996969279281907E+001  0.789802669798653E+002 -0.543868664957306E+000  0.406444184988174E+000 -0.107536384819057E+002 -0.146078006013029E+002
  0.724505786466345E-003  0.327755268687318E+002  0.940198451500688E+000  0.664544598369478E+002 -0.213715162669574E-001 -0.336328736305796E+000 -0.107536384819057E+002 -0.145645671917143E+002
  0.725165786728784E-003  0.327657217232057E+002  0.948324650682019E+001  0.675174689680742E+002 -0.220657287346787E+000 -0.690589891279885E-001 -0.107536384819057E+002 -0.145596646189513E+002
  0.734628935585392E-003  0.327318072364141E+002  0.441720213027004E+001  0.537919244310579E+002 -0.336458489989491E-001  0.120647358629094E+000 -0.107536384819057E+002 -0.145427073755554E+002
  0.744981046793861E-003  0.326958366832328E+002  0.139074556152699E+002  0.511792318833501E+002 -0.127340642791513E+000  0.326926751675266E+000 -0.107536384819057E+002 -0.145247220989648E+002
  0.751395809906311E-003  0.326707050822314E+002 -0.401385798271509E+001  0.493520800257734E+002 -0.168489872045265E+000  0.571612288593658E+000 -0.107536384819057E+002 -0.145121562984641E+002
  0.804651147974923E-003  0.325257684992971E+002  0.481482041621347E+001  0.590123718260763E+002 -0.344524606457718E+000  0.304913770822013E+000 -0.107536384819057E+002 -0.144396880069969E+002
  0.804497988920908E-003  0.325181651773537E+002 -0.120223548904178E+002  0.622851359047058E+002 -0.181951840512228E+000 -0.109779832404646E-001 -0.107536384819057E+002 -0.144358863460252E+002
  0.807075956912317E-003  0.325037824952809E+002 -0.201188141062904E+001  0.691911506384129E+002 -0.305537535762046E+000  0.494201696326702E-001 -0.107536384819057E+002 -0.144286950049888E+002
  0.841623300844987E-003  0.324119689696282E+002  0.262074745123414E+001  0.711622981163312E+002 -0.172012063836148E+000 -0.167464315844139E+000 -0.107536384819057E+002 -0.143827882421625E+002
  0.911365955736233E-003  0.322447609343787E+002 -0.188763884026981E+002  0.702643420112805E+002 -0.435692049231484E-002 -0.353111076843499E+000 -0.107536384819057E+002 -0.142991842245377E+002
  0.915779154575934E-003  0.322271154645191E+002 -0.179100553514273E+001  0.843937708302339E+002 -0.568215709309173E+000  0.497550653465457E+000 -0.107536384819057E+002 -0.142903614896079E+002
  0.921686746796995E-003  0.322062710743201E+002  0.593792713974672E+001  0.492283636625248E+002 -0.399136995704177E-001  0.375699531015490E+000 -0.107536384819057E+002 -0.142799392945084E+002
  0.920105312688924E-003  0.322017215877909E+002 -0.121525173831064E+002  0.551389591884258E+002 -0.404021156994917E+000  0.603547603586153E+000 -0.107536384819057E+002 -0.142776645512438E+002
  0.916870342730179E-003  0.322007816741021E+002 -0.816973889823769E+001  0.578585075609757E+002 -0.383676599674703E+000  0.388958137122364E+000 -0.107536384819057E+002 -0.142771945943994E+002
  0.100785104616961E-002  0.320035784382149E+002  0.828571705457304E+001  0.688995692839779E+002 -0.100950924535578E+000 -0.239724247673268E+000 -0.107536384819057E+002 -0.141785929764558E+002
  0.103125818930833E-002  0.319496759702559E+002 -0.164163021560729E+002  0.577892922377150E+002 -0.406126930025199E+000  0.422779561547825E+000 -0.107536384819057E+002 -0.141516417424763E+002
  0.104304810352267E-002  0.319189565366765E+002  0.362819311778496E+001  0.710079690996075E+002 -0.148826301152978E+000 -0.184186739906361E+000 -0.107536384819057E+002 -0.141362820256866E+002
  0.104871075024377E-002  0.319001439790935E+002 -0.173559876901882E+002  0.752739870592198E+002 -0.268413742551887E+000  0.390631096579184E+000 -0.107536384819057E+002 -0.141268757468951E+002
  0.104583717211709E-002  0.318976476695375E+002 -0.130152067374639E+002  0.734442118152759E+002 -0.106412023228574E+000  0.261237000814384E+000 -0.107536384819057E+002 -0.141256275921171E+002
  0.104541194765805E-002  0.318904769676203E+002  0.152296021297525E+002  0.844982172045357E+002 -0.534652158170407E+000  0.496969960765145E+000 -0.107536384819057E+002 -0.141220422411585E+002
  0.105992771990916E-002  0.318549135230577E+002  0.872872085742412E+001  0.831236164091621E+002 -0.455906975581674E+000  0.374437445586208E+000 -0.107536384819057E+002 -0.141042605188772E+002
  0.106061952097240E-002  0.318456245322969E+002 -0.181829053339398E+002  0.651281750390596E+002 -0.284513243820818E+000  0.897527227051569E-001 -0.107536384819057E+002 -0.140996160234968E+002
  0.109580829292336E-002  0.317723623560268E+002 -0.882765161146046E+001  0.733361002879726E+002 -0.210278759471173E+000  0.376263340828476E+000 -0.107536384819057E+002 -0.140629849353618E+002
  0.117408818181690E-002  0.316263791677781E+002 -0.968621488452823E+001  0.784182967786523E+002 -0.546795062936909E+000  0.423483368146301E+000 -0.107536384819057E+002 -0.139899933412374E+002
  0.118657700971044E-002  0.315972333875161E+002 -0.495223471773126E+001  0.722847270971548E+002 -0.540619524978287E+000  0.429119746259044E+000 -0.107536384819057E+002 -0.139754204511065E+002
  0.120635040782720E-002  0.315561955247179E+002 -0.172248329251228E+001  0.809147678576493E+002 -0.503753361998666E+000  0.372061233301775E+000 -0.107536384819057E+002 -0.139549015197073E+002
  0.124031923344296E-002  0.314926731162748E+002  0.119229039797105E+001  0.738880629454888E+002 -0.222253836321460E-001 -0.177429925677606E+000 -0.107536384819057E+002 -0.139231403154858E+002
  0.124953985317752E-002  0.314698759271836E+002  0.153821563313630E+002  0.699971031008816E+002 -0.165808501870007E+000 -0.146772080923654E+000 -0.107536384819057E+002 -0.139117417209402E+002
  0.126109548611723E-002  0.314434810635104E+002 -0.142302089109487E+002  0.752921716815517E+002 -0.533938894156617E+000  0.405886368467792E+000 -0.107536384819057E+002 -0.138985442891036E+002
  0.127350727573017E-002  0.314159091170792E+002 -0.165658834825393E+002  0.518577602112864E+002 -0.325315663755068E+000  0.525690612344275E+000 -0.107536384819057E+002 -0.138847583158880E+002
  0.128370088427925E-002  0.313919800878142E+002 -0.157233291654836E+002  0.762240582894788E+002 -0.179590836461823E+000 -0.530803156185957E-001 -0.107536384819057E+002 -0.138727938012555E+002
  0.128943250253601E-002  0.313750860870652E+002  0.150610538082247E+001  0.627177237968736E+002 -0.188754905635026E+000  0.522735330150570E+000 -0.107536384819057E+002 -0.138643468008810E+002
  0.135974318357990E-002  0.312609147540305E+002  0.148837736111149E+002  0.762813083555026E+002 -0.145233383092263E+000  0.149212403513205E+000 -0.107536384819057E+002 -0.138072611343636E+002
  0.137622614680791E-002  0.312288322503482E+002  0.252385097858667E+001  0.721076729748514E+002 -0.261662170599680E+000  0.439598842745536E+000 -0.107536384819057E+002 -0.137912198825225E+002
  0.141349874708905E-002  0.311674023380547E+002 -0.161283081234124E+002  0.832059165071772E+002 -0.557973750372101E+000  0.480830400022802E+000 -0.107536384819057E+002 -0.137605049263757E+002
  0.144797085344215E-002  0.311112279891945E+002  0.117769816361128E+002  0.838479575965175E+002 -0.560808475926724E+000  0.557380677719815E+000 -0.107536384819057E+002 -0.137324177519456E+002
  0.147709203036636E-002  0.310634196553205E+002 -0.330662322214620E+001  0.767518567034600E+002 -0.398383936940524E+000  0.195724951169646E+000 -0.107536384819057E+002 -0.137085135850086E+002
  0.151036687330402E-002  0.310108810664231E+002  0.178661821714744E+001  0.638739577425257E+002 -0.182199320092682E+000 -0.202850811203161E-001 -0.107536384819057E+002 -0.136822442905599E+002
  0.154916402925201E-002  0.309521712924810E+002 -0.109933812365360E+002  0.507212512115117E+002 -0.230966447857986E+000  0.483347892744562E+000 -0.107536384819057E+002 -0.136528894035889E+002
  0.156126122017011E-002  0.309286302107034E+002 -0.109744404636143E+002  0.611299158506524E+002 -0.420856104937903E+000  0.384072280091679E+000 -0.107536384819057E+002 -0.136411188627001E+002
  0.156386122491686E-002  0.309173182917149E+002 -0.112567616816042E+002  0.644162339708937E+002 -0.195805116662354E+000 -0.111713223326468E-001 -0.107536384819057E+002 -0.136354629032058E+002
  0.156263382833179E-002  0.309109045656193E+002  0.148269760420549E+002  0.844777953969648E+002 -0.588942652480960E+000  0.560197939748709E+000 -0.107536384819057E+002 -0.136322560401580E+002
  0.169238569319055E-002  0.307433876487355E+002  0.630003541446669E+000  0.798925553856002E+002 -0.321085783628832E+000  0.209818219372250E+000 -0.107536384819057E+002 -0.135484975817161E+002
  0.169243015229848E-002  0.307353510667260E+002  0.129511010259945E+002  0.612642414926329E+002 -0.587258942809170E+000  0.621924788325607E+000 -0.107536384819057E+002 -0.135444792907114E+002
  0.169346099040793E-002  0.307261492199542E+002  0.798534942838902E+001  0.646254483230220E+002 -0.272368256958307E+000  0.996471281939248E-001 -0.107536384819057E+002 -0.135398783673255E+002
  0.170050269397641E-002  0.307098660742692E+002 -0.783899444683261E+001  0.644870374612916E+002 -0.362873195450753E+000  0.238974703635328E+000 -0.107536384819057E+002 -0.135317367944830E+002
  0.173765974268651E-002  0.306586513861747E+002 -0.118750645456307E+002  0.601558461845780E+002 -0.457431973403805E+000  0.456327670028455E+000 -0.107536384819057E+002 -0.135061294504358E+002
  0.178167234029446E-002  0.306006409280639E+002 -0.293451808170154E+001  0.683759073657025E+002 -0.470004751700695E+000  0.603696425153615E+000 -0.107536384819057E+002 -0.134771242213803E+002
  0.178916357003787E-002  0.305842653033613E+002  0.470307077037002E+001  0.715773183580988E+002 -0.161524603135919E+000 -0.129554170226212E+000 -0.107536384819057E+002 -0.134689364090291E+002
  0.178338148987730E-002  0.305827551724032E+002  0.269924510877976E+001  0.769937557708146E+002 -0.176741207345213E+000  0.758653494276427E-001 -0.107536384819057E+002 -0.134681813435500E+002
  0.179055243680764E-002  0.305667452886477E+002 -0.828455531767928E+001  0.750915336401458E+002 -0.388904452672544E+000  0.184561986198220E+000 -0.107536384819057E+002 -0.134601764016722E+002
  0.182133534920738E-002  0.305246697575905E+002  0.194061303374927E+002  0.671920538402677E+002 -0.707108146032787E-002 -0.286140452899513E+000 -0.107536384819057E+002 -0.134391386361436E+002
  0.183144312998647E-002  0.305056170924831E+002  0.160657850049070E+002  0.633766104773772E+002 -0.219859860323155E+000  0.521198886450074E+000 -0.107536384819057E+002 -0.134296123035899E+002
  0.182987875896522E-002  0.304993421278824E+002 -0.128470518883714E+002  0.677600284996825E+002 -0.186408997287091E-001 -0.277622063358782E+000 -0.107536384819057E+002 -0.134264748212896E+002
  0.183941494626538E-002  0.304809623966505E+002 -0.688551353637385E+001  0.743688847832129E+002 -0.203480772079843E+000  0.326144611933388E+000 -0.107536384819057E+002 -0.134172849556736E+002
  0.183281984736201E-002  0.304801621060931E+002  0.155430416344011E+002  0.507857926600493E+002 -0.593141327053890E-001  0.341188010565507E+000 -0.107536384819057E+002 -0.134168848103949E+002
  0.190700882097319E-002  0.303928175213523E+002  0.121619628533871E+002  0.549272060681892E+002 -0.947842737546636E-001  0.176576992003943E+000 -0.107536384819057E+002 -0.133732125180245E+002
  0.190002457301032E-002  0.303921717446759E+002 -0.895503113923304E+000  0.796515798202103E+002 -0.321157311783935E+000  0.279148195923835E+000 -0.107536384819057E+002 -0.133728896296863E+002
  0.189932408059996E-002  0.303849251889875E+002 -0.175498128796856E+002  0.783992388684458E+002 -0.523745730168418E+000  0.401122956259558E+000 -0.107536384819057E+002 -0.133692663518421E+002
  0.193511981680545E-002  0.303395988073131E+002  0.408017698715821E+001  0.662427076681541E+002 -0.265095705082798E+000  0.661143705535219E-001 -0.107536384819057E+002 -0.133466031610049E+002
  0.194598839360833E-002  0.303204132165309E+002 -0.876300486819971E+001  0.741811681822722E+002 -0.459253260531447E-001 -0.149921457657110E-001 -0.107536384819057E+002 -0.133370103656138E+002
  0.196689534974703E-002  0.302910565429918E+002 -0.181667203974661E+002  0.744346038353724E+002 -0.141104584777940E+000 -0.909435561364029E-001 -0.107536384819057E+002 -0.133223320288443E+002
  0.197535849692992E-002  0.302744853718574E+002  0.119962711148485E+002  0.702777114080215E+002 -0.715654693005663E+000  0.737436364145322E+000 -0.107536384819057E+002 -0.133140464432771E+002
  0.218894725863133E-002  0.300611596790817E+002 -0.103892864259758E+002  0.639102901385193E+002 -0.224005459598643E+000  0.562673269311889E-001 -0.107536384819057E+002 -0.132073835968892E+002
  0.219925729636808E-002  0.300437776637924E+002  0.143491147643306E+002  0.491941454023731E+002 -0.914612509845800E-001  0.524594152698866E+000 -0.107536384819057E+002 -0.131986925892446E+002
  0.221057331610128E-002  0.300255292409941E+002  0.648134573651189E+001  0.763960677032958E+002 -0.231658218247579E+000  0.328987139017443E-001 -0.107536384819057E+002 -0.131895683778454E+002
  0.221283316609443E-002  0.300155016601106E+002 -0.333322841419857E+001  0.715920508579165E+002 -0.327568711596509E-001 -0.213196065296136E+000 -0.107536384819057E+002 -0.131845545874037E+002
  0.223938819967286E-002  0.299836595509585E+002 -0.178170039202804E+001  0.740705792839255E+002 -0.303993372430712E+000  0.724470160656594E-001 -0.107536384819057E+002 -0.131686335328276E+002
  0.229503080948781E-002  0.299265883791786E+002  0.122165483097117E+002  0.799581407655571E+002 -0.422147978199785E+000  0.287411951033266E+000 -0.107536384819057E+002 -0.131400979469377E+002
  0.232420637213122E-002  0.298933396018155E+002  0.128645172614502E+002  0.610486774624157E+002 -0.265864261797785E+000  0.549840308523076E+000 -0.107536384819057E+002 -0.131234735582561E+002
  0.232606410641767E-002  0.298837576011415E+002 -0.209934293950163E+001  0.622425612127655E+002 -0.667465859989724E-001 -0.102864723506640E+000 -0.107536384819057E+002 -0.131186825579191E+002
  0.245275894460466E-002  0.297697018059922E+002  0.254325674903681E+001  0.520502990989393E+002 -0.704947512818368E-001  0.299782970189093E+000 -0.107536384819057E+002 -0.130616546603445E+002
  0.245923286276241E-002  0.297564458312836E+002 -0.142258672689084E+002  0.520592269458870E+002 -0.287187989705820E+000  0.510307583329834E+000 -0.107536384819057E+002 -0.130550266729902E+002
  0.245583129566941E-002  0.297512300680804E+002  0.126942632371400E+002  0.637403357175832E+002 -0.998392923430842E-001 -0.978748249981889E-001 -0.107536384819057E+002 -0.130524187913886E+002
  0.247214974425173E-002  0.297300004321870E+002  0.166593444915121E+002  0.553886409347690E+002 -0.377623341195076E+000  0.475220736119720E+000 -0.107536384819057E+002 -0.130418039734419E+002
  0.248404443126151E-002  0.297124165156917E+002 -0.122034061847481E+002  0.688998480258474E+002 -0.154622183765155E+000  0.408076480806439E+000 -0.107536384819057E+002 -0.130330120151942E+002
  0.252113598218723E-002  0.296747894018740E+002 -0.328993805806758E+001  0.679738835534270E+002 -0.168176869434336E+000 -0.814158340511915E-001 -0.107536384819057E+002 -0.130141984582854E+002
  0.254124941386717E-002  0.296509128217727E+002 -0.175081065925444E+002  0.787984260210749E+002 -0.347306974215828E+000  0.199121776479336E+000 -0.107536384819057E+002 -0.130022601682347E+002
  0.255183640888402E-002  0.296346139692076E+002  0.218185725399389E+001  0.613376989374545E+002 -0.519326199370049E+000  0.531980066894456E+000 -0.107536384819057E+002 -0.129941107419522E+002
  0.261540533650332E-002  0.295774182675126E+002  0.879752873403550E+001  0.785634397904275E+002 -0.489421666771198E+000  0.361429766352961E+000 -0.107536384819057E+002 -0.129655128911047E+002
  0.264362495286620E-002  0.295479702776983E+002 -0.167057758236024E+002  0.487271596236914E+002 -0.123241341954383E-001  0.505743427612140E+000 -0.107536384819057E+002 -0.129507888961975E+002
  0.263376688841386E-002  0.295474581653967E+002  0.550837867797700E+001  0.756371547846247E+002 -0.141880757229083E+000  0.628539575850144E-001 -0.107536384819057E+002 -0.129505328400467E+002
  0.262391816796599E-002  0.295469669504893E+002  0.891574706610886E+001  0.648288711746445E+002 -0.241985232784525E+000  0.723829490393966E-001 -0.107536384819057E+002 -0.129502872325930E+002
  0.263383148745808E-002  0.295314410264312E+002  0.152582763562633E+001  0.505312189747035E+002 -0.924976309408612E-001  0.404539042820335E+000 -0.107536384819057E+002 -0.129425242705640E+002
  0.262804389762330E-002  0.295278566260313E+002 -0.126055314563561E+002  0.620705742624455E+002 -0.116837248164438E+000 -0.291623896126909E-001 -0.107536384819057E+002 -0.129407320703640E+002
  0.269648533428980E-002  0.294684537981149E+002  0.921139814151671E+001  0.614686167165465E+002 -0.220201461536529E+000  0.119597313364210E+000 -0.107536384819057E+002 -0.129110306564058E+002
  0.279043856552081E-002  0.293919705987012E+002  0.108652799850644E+002  0.591756112442511E+002 -0.251864208269734E+000  0.554180392178527E+000 -0.107536384819057E+002 -0.128727890566990E+002
  0.279520124940701E-002  0.293805758922467E+002  0.135294283483672E+002  0.709058072258506E+002 -0.229778933793506E+000 -0.139410289353350E-001 -0.107536384819057E+002 -0.128670917034717E+002
  0.288257569762474E-002  0.293110315966335E+002  0.138873633354034E+002  0.712213499140349E+002 -0.143163383928398E+000 -0.112374689104294E+000 -0.107536384819057E+002 -0.128323195556651E+002
  0.288378413313128E-002  0.293022092883186E+002  0.145709377534438E+002  0.528522758893719E+002 -0.148102601499157E+000  0.335214832959885E+000 -0.107536384819057E+002 -0.128279084015077E+002
  0.294431826105980E-002  0.292526773793841E+002  0.193104948002484E+002  0.522688312900404E+002 -0.114949874365526E+000  0.564403374942778E+000 -0.107536384819057E+002 -0.128031424470404E+002
  0.296868656344146E-002  0.292282086959144E+002  0.561752216315007E+000  0.666743915528125E+002 -0.149765990279422E+000 -0.775655585718251E-001 -0.107536384819057E+002 -0.127909081053056E+002
  0.295745445194972E-002  0.292278060625335E+002 -0.482799234602118E+001  0.489081145915174E+002 -0.443999803986928E-002  0.533373427056862E+000 -0.107536384819057E+002 -0.127907067886151E+002
  0.296877498107554E-002  0.292121810448864E+002 -0.283146924374615E+001  0.624329398583941E+002 -0.182686144838690E+000  0.511711319321169E-001 -0.107536384819057E+002 -0.127828942797916E+002
  0.303044135861820E-002  0.291630792655868E+002  0.158548016863270E+001  0.662979308874576E+002 -0.841740005614267E-001 -0.149591073528180E+000 -0.107536384819057E+002 -0.127583433901418E+002
  0.307153727627488E-002  0.291281554112401E+002  0.803519347609068E+001  0.728682492605210E+002 -0.343973298217141E+000  0.479436207637759E+000 -0.107536384819057E+002 -0.127408814629685E+002
  0.314458744935929E-002  0.290731623144088E+002  0.765296956536259E+001  0.618591917708852E+002 -0.124743058016772E+000  0.500348659136629E+000 -0.107536384819057E+002 -0.127133849145528E+002
  0.316943582762616E-002  0.290494364822320E+002  0.481643265100591E+001  0.715524780542128E+002 -0.374742017027994E+000  0.195614057639983E+000 -0.107536384819057E+002 -0.127015219984644E+002
  0.322851183402595E-002  0.290045170419480E+002  0.167012826349902E+002  0.778536709535400E+002 -0.494447881244523E+000  0.373045881046973E+000 -0.107536384819057E+002 -0.126790622783224E+002
  0.323626430660918E-002  0.289917362509179E+002  0.188520366107886E+002  0.629069168418338E+002 -0.423850033581572E+000  0.377244363123256E+000 -0.107536384819057E+002 -0.126726718828073E+002
  0.326915196946963E-002  0.289635303245559E+002  0.139294207183394E+002  0.679368707836170E+002 -0.223762165570743E+000  0.952981746232773E-002 -0.107536384819057E+002 -0.126585689196263E+002
  0.330732589812863E-002  0.289323275572375E+002  0.182420774530123E+002  0.670218215514087E+002 -0.457838308191115E+000  0.597095133332155E+000 -0.107536384819057E+002 -0.126429675359671E+002
  0.334945675295006E-002  0.288990271301445E+002  0.109661542221236E+002  0.631846290692253E+002 -0.687697446911395E-001 -0.994172310011319E-001 -0.107536384819057E+002 -0.126263173224206E+002
  0.334418112786521E-002  0.288941957088086E+002 -0.116263085151669E+002  0.724091258345376E+002 -0.692833666974126E-001  0.186900969663281E+000 -0.107536384819057E+002 -0.126239016117527E+002
  0.334593167338205E-002  0.288851650199071E+002 -0.191230335392037E+002  0.553875652021972E+002 -0.751893343762520E-001  0.171241325112009E+000 -0.107536384819057E+002 -0.126193862673019E+002
  0.341408866525601E-002  0.288368501510810E+002 -0.474372044922629E+001  0.723269500130242E+002 -0.912675825142073E-002 -0.668163090815455E-001 -0.107536384819057E+002 -0.125952288328889E+002
  0.343314020900166E-002  0.288177365884053E+002  0.119393089469479E+002  0.766646102916150E+002 -0.223191575361593E+000  0.200134342229257E+000 -0.107536384819057E+002 -0.125856720515510E+002
  0.351339059877433E-002  0.287635401486790E+002  0.107850762131413E+002  0.614215648073136E+002 -0.142376197382408E+000  0.507701215787829E+000 -0.107536384819057E+002 -0.125585738316879E+002
  0.361854213819276E-002  0.286965767727546E+002  0.321895628399900E+001  0.768362157726630E+002 -0.237469165996985E+000  0.218831296344231E+000 -0.107536384819057E+002 -0.125250921437257E+002
  0.361645808657757E-002  0.286897449356657E+002  0.152035741169488E+002  0.565302681423787E+002 -0.626630908720223E-001  0.117389890196077E+000 -0.107536384819057E+002 -0.125216762251812E+002
  0.366889202034663E-002  0.286529716992650E+002 -0.488258061763648E+001  0.789529589659906E+002 -0.356770797049174E+000  0.248077019822878E+000 -0.107536384819057E+002 -0.125032896069809E+002
  0.365442725330165E-002  0.286528883287108E+002 -0.144446271328489E+002  0.619406201194147E+002 -0.446699529568928E+000  0.429714585306298E+000 -0.107536384819057E+002 -0.125032479217038E+002
  0.381546115469880E-002  0.285586599699800E+002 -0.102820733034406E+002  0.759845999758712E+002 -0.242755361741051E+000  0.285308150893698E+000 -0.107536384819057E+002 -0.124561337423384E+002
  0.388845941539988E-002  0.285127729169626E+002 -0.141781195820415E+002  0.581813430026435E+002 -0.216672257755633E+000  0.547131367480755E+000 -0.107536384819057E+002 -0.124331902158297E+002
  0.389065300580326E-002  0.285036609357371E+002  0.108857295104023E+002  0.644870337016306E+002 -0.559859993501890E+000  0.655331906447273E+000 -0.107536384819057E+002 -0.124286342252169E+002
  0.389355438471484E-002  0.284941859878814E+002  0.173745142440030E+002  0.645958990036918E+002 -0.524053531466008E+000  0.502716646978365E+000 -0.107536384819057E+002 -0.124238967512891E+002
  0.394052504247906E-002  0.284622189254866E+002  0.339302451554662E+001  0.781355774411976E+002 -0.566125357419511E+000  0.487180007846013E+000 -0.107536384819057E+002 -0.124079132200917E+002
  0.393288208139620E-002  0.284581178085290E+002  0.950982799847259E+001  0.795302571555904E+002 -0.464183631856438E+000  0.492942828462366E+000 -0.107536384819057E+002 -0.124058626616129E+002
  0.394411471523209E-002  0.284444297436373E+002 -0.135445260880115E+002  0.699299647389654E+002 -0.139898121434312E+000  0.359969018847723E+000 -0.107536384819057E+002 -0.123990186291671E+002
  0.402468857683391E-002  0.283959996744335E+002  0.512539684460093E+001  0.592109983813315E+002 -0.284111343390540E+000  0.276923316602095E+000 -0.107536384819057E+002 -0.123748035945651E+002
  0.402269780681924E-002  0.283890051556779E+002  0.254692292970060E+001  0.672654019070195E+002 -0.608805006322805E+000  0.681336997369883E+000 -0.107536384819057E+002 -0.123713063351873E+002
  0.407044189409769E-002  0.283574235265809E+002  0.794059069986610E+001  0.686356702088159E+002 -0.100818073058692E+000 -0.128161300720483E+000 -0.107536384819057E+002 -0.123555155206388E+002
  0.406590468679829E-002  0.283516700713083E+002  0.441139368502299E+000  0.674409118818384E+002 -0.846240280997395E-001 -0.137688018583643E+000 -0.107536384819057E+002 -0.123526387930025E+002
  0.413738629149171E-002  0.283088300597879E+002  0.647034309118233E+001  0.721679902301350E+002 -0.739191986072052E-001 -0.972530613894289E-001 -0.107536384819057E+002 -0.123312187872424E+002
  0.413289048958647E-002  0.283030204558884E+002 -0.166894450085195E+002  0.571443741116425E+002 -0.130122468561629E-001  0.534887261501298E+000 -0.107536384819057E+002 -0.123283139852926E+002
  0.415921310176358E-002  0.282823386942218E+002 -0.194777854140969E+002  0.767024367876800E+002 -0.382812661312613E+000  0.450108383856427E+000 -0.107536384819057E+002 -0.123179731044593E+002
  0.415271935773038E-002  0.282774796748400E+002 -0.139438633326206E+002  0.676350444964642E+002 -0.887557225911828E-001 -0.132644158499073E+000 -0.107536384819057E+002 -0.123155435947684E+002
  0.413868911878835E-002  0.282762642059988E+002 -0.164382609385303E+002  0.576746291334249E+002 -0.497448595964760E-001  0.702446532837708E-001 -0.107536384819057E+002 -0.123149358603478E+002
  0.412389101801133E-002  0.282754440838595E+002 -0.223336840805422E+001  0.761920979569792E+002 -0.223629276615263E+000  0.108934351060647E+000 -0.107536384819057E+002 -0.123145257992781E+002
  0.413004550812128E-002  0.282644774687111E+002 -0.435461585262737E+001  0.556180441485778E+002 -0.180763171627483E+000  0.275003600124109E+000 -0.107536384819057E+002 -0.123090424917039E+002
  0.416367234070768E-002  0.282402753596961E+002 -0.815602528668224E+001  0.589731606164552E+002 -0.536968793892547E-001  0.274042724931833E-001 -0.107536384819057E+002 -0.122969414371964E+002
  0.414902464587007E-002  0.282393396722319E+002 -0.171215929600399E+002  0.797600340325975E+002 -0.584528469417185E+000  0.522988453501553E+000 -0.107536384819057E+002 -0.122964735934643E+002
  0.415845534212485E-002  0.282268148060883E+002  0.348072075408082E+001  0.730936862367284E+002 -0.775380940854182E-001  0.117143759354611E+000 -0.107536384819057E+002 -0.122902111603925E+002
  0.426827685326170E-002  0.281666977531146E+002 -0.128756641508343E+002  0.523547088020752E+002 -0.735557757730196E-001  0.325439148729259E+000 -0.107536384819057E+002 -0.122601526339057E+002
  0.432281454925498E-002  0.281333206953857E+002  0.200677021578572E+001  0.567930998479472E+002 -0.499532117484556E-001  0.537696670942292E+000 -0.107536384819057E+002 -0.122434641050412E+002
  0.436294317986159E-002  0.281068563233808E+002  0.142343101951268E+002  0.577067031078228E+002 -0.100183492236156E+000  0.532171844099914E+000 -0.107536384819057E+002 -0.122302319190388E+002
  0.448454343028678E-002  0.280438926404698E+002  0.215092539886485E+001  0.698487664331426E+002 -0.485588477586476E-001 -0.153470155997476E+000 -0.107536384819057E+002 -0.121987500775833E+002
  0.448447337822457E-002  0.280359398397329E+002  0.185880485521005E+002  0.674714518621612E+002 -0.255310136586739E+000  0.479066955480184E+000 -0.107536384819057E+002 -0.121947736772148E+002
  0.452299868032391E-002  0.280108475400639E+002 -0.109601831893049E+002  0.609147800684389E+002 -0.564764192106203E+000  0.635267837871450E+000 -0.107536384819057E+002 -0.121822275273803E+002
  0.452855127862062E-002  0.280004097303718E+002 -0.484378053505925E+001  0.718234320823803E+002 -0.460246378334145E+000  0.339816218346943E+000 -0.107536384819057E+002 -0.121770086225343E+002
  0.454743714585112E-002  0.279841022331936E+002  0.753997886319096E+001  0.560167246903096E+002 -0.177474491909031E-001  0.543433349627167E+000 -0.107536384819057E+002 -0.121688548739452E+002
  0.456038348759171E-002  0.279704323736052E+002 -0.152659181279742E+002  0.780313932712072E+002 -0.341153007455797E+000  0.347207483360270E+000 -0.107536384819057E+002 -0.121620199441510E+002
  0.472574131921479E-002  0.278912128841691E+002  0.371900220787892E+001  0.540043259779140E+002 -0.252007206246319E+000  0.413542156769173E+000 -0.107536384819057E+002 -0.121224101994329E+002
  0.476096885431731E-002  0.278683753481103E+002  0.100717115889659E+002  0.733486930778967E+002 -0.934151042355909E-001  0.106210345363520E+000 -0.107536384819057E+002 -0.121109914314035E+002
  0.479124820762066E-002  0.278477117550441E+002 -0.522106137931159E+001  0.609835175032721E+002 -0.470348257947984E+000  0.487334162972060E+000 -0.107536384819057E+002 -0.121006596348704E+002
  0.485275488889151E-002  0.278142165157091E+002  0.236233059302402E+001  0.600378622201361E+002 -0.439047497350174E+000  0.599308297445353E+000 -0.107536384819057E+002 -0.120839120152029E+002
  0.493004409268316E-002  0.277746297336750E+002  0.772178081991115E+001  0.732055228221422E+002 -0.289776010522567E+000  0.100474996785667E+000 -0.107536384819057E+002 -0.120641186241859E+002
  0.494404745111428E-002  0.277609729190101E+002 -0.177182892399368E+002  0.718392538418018E+002 -0.226802447920087E+000  0.384183597540410E+000 -0.107536384819057E+002 -0.120572902168534E+002
  0.528662523669558E-002  0.276189973304898E+002  0.943181396367006E+000  0.648363439647548E+002 -0.162229319671776E+000  0.463163742187838E+000 -0.107536384819057E+002 -0.119863024225933E+002
  0.538136140902658E-002  0.275754906852514E+002  0.108700166437402E+002  0.800787908484244E+002 -0.530136225783663E+000  0.552974001958969E+000 -0.107536384819057E+002 -0.119645490999741E+002
  0.536361443891125E-002  0.275741132601694E+002  0.161595069444030E+002  0.624376408682968E+002 -0.244381471200856E+000  0.161196996944923E+000 -0.107536384819057E+002 -0.119638603874331E+002
  0.544489178600230E-002  0.275360496201571E+002 -0.193054275011686E+002  0.768141149447273E+002 -0.447061091144818E+000  0.510414266189342E+000 -0.107536384819057E+002 -0.119448285674269E+002
  0.551950274609403E-002  0.275008457939640E+002  0.165396218403455E+002  0.556459771507572E+002 -0.211540706351058E+000  0.318935586332278E+000 -0.107536384819057E+002 -0.119272266543304E+002
  0.553460580462661E-002  0.274873966095327E+002 -0.124441113091597E+002  0.543334988993944E+002 -0.258125972119604E+000  0.546477601779839E+000 -0.107536384819057E+002 -0.119205020621147E+002
  0.552272272890110E-002  0.274837112835468E+002 -0.174221114970154E+002  0.558035670694719E+002 -0.444793159082051E-001  0.539503727619546E+000 -0.107536384819057E+002 -0.119186593991218E+002
  0.562854006428024E-002  0.274377690245567E+002 -0.672705903708839E+001  0.767786777846569E+002 -0.614729442153449E+000  0.570406136394065E+000 -0.107536384819057E+002 -0.118956882696267E+002
  0.560614908133070E-002  0.274377570806867E+002  0.417972175496715E+001  0.698961584294144E+002 -0.596372108380925E-001 -0.120955303189190E+000 -0.107536384819057E+002 -0.118956822976917E+002
  0.584077018490971E-002  0.273477757910280E+002  0.412475840046149E+001  0.732643088192441E+002 -0.294221929794197E+000  0.115995688471100E+000 -0.107536384819057E+002 -0.118506916528624E+002
  0.584217505886012E-002  0.273393107485603E+002 -0.942717989920191E+001  0.558865910446396E+002 -0.139004157212645E+000  0.243118238408212E+000 -0.107536384819057E+002 -0.118464591316285E+002
  0.586392993206101E-002  0.273238930128285E+002  0.160342876734123E+002  0.682830770263699E+002 -0.365656081325326E+000  0.235863302375737E+000 -0.107536384819057E+002 -0.118387502637626E+002
  0.584683294697410E-002  0.273217487255335E+002  0.162548024933834E+002  0.710616450870727E+002 -0.198752735468297E-001  0.116707323682146E+000 -0.107536384819057E+002 -0.118376781201151E+002
  0.587740568378950E-002  0.273033340504988E+002 -0.916410858809193E+001  0.664563316063862E+002 -0.107398171220309E+000 -0.728886843450622E-001 -0.107536384819057E+002 -0.118284707825978E+002
  0.587202867730083E-002  0.272971805665036E+002  0.520914594796049E+001  0.680762332044036E+002 -0.380893253549935E+000  0.260757492864851E+000 -0.107536384819057E+002 -0.118253940406002E+002
  0.589909984067626E-002  0.272799973342484E+002 -0.163697468359863E+002  0.625924837671178E+002 -0.219927967614585E+000  0.132208543090057E+000 -0.107536384819057E+002 -0.118168024244726E+002
  0.588060278431080E-002  0.272782942895093E+002 -0.406333072006166E+001  0.692074673376708E+002 -0.482447130683415E+000  0.401566226517005E+000 -0.107536384819057E+002 -0.118159509021031E+002
  0.587148633015554E-002  0.272734131696575E+002  0.194411795567905E+002  0.725223198780073E+002 -0.683817966957481E-001  0.559462198462226E-001 -0.107536384819057E+002 -0.118135103421771E+002
  0.585648592647624E-002  0.272705452414921E+002  0.636978783987333E+001  0.746453763902815E+002 -0.444277597290121E+000  0.531770279063036E+000 -0.107536384819057E+002 -0.118120763780944E+002
  0.586250109899717E-002  0.272605080614127E+002 -0.179156710246569E+002  0.807324358913076E+002 -0.567365397431494E+000  0.522938274535739E+000 -0.107536384819057E+002 -0.118070577880547E+002
  0.586897836643716E-002  0.272503155103501E+002  0.443254991086550E+001  0.661642488714001E+002 -0.141960531700363E+000 -0.297941048819226E-001 -0.107536384819057E+002 -0.118019615125234E+002
  0.585449266476472E-002  0.272472739320372E+002  0.478112102773085E+001  0.750158531153580E+002 -0.246210586227503E+000  0.303288324673008E+000 -0.107536384819057E+002 -0.118004407233670E+002
  0.591809866582433E-002  0.272176781242728E+002  0.615760804716021E+001  0.600312766252238E+002 -0.104821650849847E-001 -0.224689469024639E-001 -0.107536384819057E+002 -0.117856428194848E+002
  0.597270213452533E-002  0.271913256460216E+002 -0.148439307952697E+001  0.788003861965216E+002 -0.591195119508799E+000  0.627874799102305E+000 -0.107536384819057E+002 -0.117724665803592E+002
  0.601856799996865E-002  0.271680417766566E+002  0.117900978446211E+002  0.524848472757006E+002 -0.344824544567239E-001  0.319094362669925E+000 -0.107536384819057E+002 -0.117608246456767E+002
  0.599883126745860E-002  0.271666271256527E+002 -0.671510917509619E+001  0.687975168069209E+002 -0.666121203715329E+000  0.705387766145628E+000 -0.107536384819057E+002 -0.117601173201747E+002
  0.615062394073032E-002  0.271086653452091E+002  0.155105330234717E+002  0.745781514605279E+002 -0.227041742379904E+000  0.850630363241542E-001 -0.107536384819057E+002 -0.117311364299529E+002
  0.615067413975681E-002  0.271006649795060E+002 -0.129069556863672E+002  0.724966716351388E+002 -0.120165039449415E+000  0.212817454227939E+000 -0.107536384819057E+002 -0.117271362471014E+002
  0.614670499712361E-002  0.270939719901993E+002 -0.528190652339793E+001  0.589145236208986E+002 -0.497949415304506E+000  0.596958302641535E+000 -0.107536384819057E+002 -0.117237897524480E+002
  0.615795399786156E-002  0.270823311201524E+002 -0.825985721851257E+000  0.510178912301728E+002 -0.384975114610489E-001  0.524969042946061E+000 -0.107536384819057E+002 -0.117179693174246E+002
  0.615700502685795E-002  0.270746553112026E+002  0.178550087266270E+002  0.728837836610701E+002 -0.405657613577291E+000  0.266951594494359E+000 -0.107536384819057E+002 -0.117141314129497E+002
  0.615178009841708E-002  0.270683692197453E+002 -0.821013718819992E+001  0.718105266222051E+002 -0.324647460820181E+000  0.158026483014434E+000 -0.107536384819057E+002 -0.117109883672210E+002
  0.626437339822391E-002  0.270241110166721E+002  0.108953020550070E+002  0.688610334953232E+002 -0.475485616769986E-001  0.282292294440544E+000 -0.107536384819057E+002 -0.116888592656844E+002
  0.626581090789760E-002  0.270156680791496E+002  0.100349209674902E+002  0.810841754087301E+002 -0.596137161102488E+000  0.602218470583907E+000 -0.107536384819057E+002 -0.116846377969232E+002
  0.630918493868420E-002  0.269938870689370E+002  0.291722735440121E+001  0.641325157119488E+002 -0.169425504936939E+000  0.433498246961728E-001 -0.107536384819057E+002 -0.116737472918169E+002
  0.633596614699557E-002  0.269774314001841E+002  0.168299586166904E+002  0.678542172702502E+002 -0.267786907588123E-001  0.298259866599109E+000 -0.107536384819057E+002 -0.116655194574404E+002
  0.634414002842291E-002  0.269668688673874E+002 -0.738368476011608E+001  0.706421166888482E+002 -0.946870801093262E-001 -0.709091704757547E-001 -0.107536384819057E+002 -0.116602381910421E+002
  0.632633628607756E-002  0.269645053725281E+002 -0.608037106719299E+001  0.567163265800943E+002 -0.169495736817050E+000  0.249828032625036E+000 -0.107536384819057E+002 -0.116590564436124E+002
  0.637030634164476E-002  0.269426687761640E+002 -0.536461004529675E+001  0.552446308421300E+002 -0.954729226066013E-001  0.238861964872616E+000 -0.107536384819057E+002 -0.116481381454304E+002
  0.638971542182694E-002  0.269286003881556E+002 -0.306728120022332E+001  0.707765646192960E+002 -0.811080515378961E-001  0.238281978124789E+000 -0.107536384819057E+002 -0.116411039514262E+002
  0.647192428049182E-002  0.268950488502921E+002  0.161329236863473E+002  0.695930392965177E+002 -0.650487707427569E+000  0.658722575275986E+000 -0.107536384819057E+002 -0.116243281824945E+002
  0.654183048287343E-002  0.268655777347127E+002 -0.151135528281674E+002  0.597627782667998E+002 -0.436974330967021E+000  0.477593668495099E+000 -0.107536384819057E+002 -0.116095926247048E+002
  0.661893600308011E-002  0.268341584606410E+002 -0.106194326755757E+002  0.685538831213494E+002 -0.182121398894307E+000  0.205689342085780E-002 -0.107536384819057E+002 -0.115938829876689E+002
  0.659983514856129E-002  0.268319543404846E+002 -0.391311680482081E+001  0.513423143936402E+002 -0.883785997020745E-001  0.503597692282166E+000 -0.107536384819057E+002 -0.115927809275907E+002
  0.659695281599056E-002  0.268248439446615E+002 -0.642770371306077E+001  0.743559748428659E+002 -0.332868196675578E+000  0.179565094573073E+000 -0.107536384819057E+002 -0.115892257296791E+002
  0.664214358217921E-002  0.268032061178022E+002 -0.490016749693236E+000  0.570376934019046E+002 -0.283291185390417E+000  0.361334846100000E+000 -0.107536384819057E+002 -0.115784068162495E+002
  0.668075513213350E-002  0.267836295055425E+002 -0.762802728196179E+001  0.700425543438719E+002 -0.165514174416527E+000 -0.172792671858790E-001 -0.107536384819057E+002 -0.115686185101196E+002
  0.670786051551805E-002  0.267675474128003E+002  0.604377490235219E+001  0.723142443145109E+002 -0.325501290420392E+000  0.164610292337310E+000 -0.107536384819057E+002 -0.115605774637485E+002
  0.672511604619045E-002  0.267544251076924E+002 -0.373975087940878E+001  0.564669741047232E+002 -0.402382079698504E-001  0.147538879630089E+000 -0.107536384819057E+002 -0.115540163111946E+002
  0.694010516703177E-002  0.266835055713999E+002  0.285058109884327E+001  0.753224200776352E+002 -0.692215364116749E+000  0.702853462189488E+000 -0.107536384819057E+002 -0.115185565430483E+002
  0.708495768441611E-002  0.266342075840399E+002 -0.127083898471254E+002  0.626560392412322E+002 -0.246018488259439E-001 -0.668223120763747E-001 -0.107536384819057E+002 -0.114939075493683E+002
  0.714100294363341E-002  0.266104648730660E+002 -0.105356123484351E+001  0.683507933152342E+002 -0.318067540197431E+000  0.497370266079326E+000 -0.107536384819057E+002 -0.114820361938814E+002
  0.711880027704606E-002  0.266087088784700E+002 -0.525716423302416E+001  0.743652787057088E+002 -0.208436010925842E+000  0.249192079911814E+000 -0.107536384819057E+002 -0.114811581965834E+002
  0.729832516795735E-002  0.265509134719842E+002  0.193533039471195E+002  0.604185169453270E+002 -0.504052934655155E+000  0.560151891926544E+000 -0.107536384819057E+002 -0.114522604933405E+002
  0.735371377648391E-002  0.265278082923581E+002  0.117504075229632E+001  0.721316777471036E+002 -0.283293407547296E+000  0.118387949974333E+000 -0.107536384819057E+002 -0.114407079035274E+002
  0.737753225126877E-002  0.265133567736814E+002 -0.722401256965480E+001  0.715487143626010E+002 -0.240070808777262E+000  0.693559270202426E-001 -0.107536384819057E+002 -0.114334821441891E+002
  0.735563039530999E-002  0.265113190096482E+002  0.265647419775558E+001  0.772138387497469E+002 -0.339057564026992E+000  0.338977062049225E+000 -0.107536384819057E+002 -0.114324632621725E+002
  0.735944511110216E-002  0.265022980126263E+002  0.130579692622592E+002  0.755382196314823E+002 -0.513226111164947E+000  0.428088560601372E+000 -0.107536384819057E+002 -0.114279527636615E+002
  0.733018515607671E-002  0.265022814936234E+002 -0.156175260146972E+002  0.627706312267780E+002 -0.126903877213403E+000  0.358829162059848E-001 -0.107536384819057E+002 -0.114279445041601E+002
  0.747206577729881E-002  0.264559559941999E+002  0.741186630487883E+001  0.664391930741257E+002 -0.178380685998787E+000  0.280395774071094E-001 -0.107536384819057E+002 -0.114047817544483E+002
  0.771755517648901E-002  0.263833197059848E+002  0.787637595986153E+001  0.680176666478655E+002 -0.826233138893400E-001 -0.773844743994578E-001 -0.107536384819057E+002 -0.113684636103408E+002
  0.786536850337865E-002  0.263373921392626E+002  0.126204788012529E+002  0.643289124244111E+002 -0.144384932915437E+000  0.262096915094929E-001 -0.107536384819057E+002 -0.113454998269797E+002
  0.817588515434766E-002  0.262519689013354E+002 -0.401975806155255E+001  0.758294630021237E+002 -0.317728022384397E+000  0.203703920710495E+000 -0.107536384819057E+002 -0.113027882080161E+002
  0.843630630812389E-002  0.261812736889677E+002  0.952747386826811E+001  0.563875850132294E+002 -0.103237851270137E+000  0.523366357828994E+000 -0.107536384819057E+002 -0.112674406018322E+002
  0.852354738336585E-002  0.261527135621482E+002 -0.285457151306205E+001  0.730448884829999E+002 -0.232253920001772E+000  0.334604141265308E+000 -0.107536384819057E+002 -0.112531605384225E+002
  0.893803229738237E-002  0.260497638190930E+002  0.113324392876997E+002  0.765519180233031E+002 -0.333126442302855E+000  0.348517153860901E+000 -0.107536384819057E+002 -0.112016856668949E+002
  0.891676642619080E-002  0.260465439593547E+002  0.109631446766478E+002  0.612577994744105E+002 -0.251491177690415E+000  0.224268248753306E+000 -0.107536384819057E+002 -0.112000757370257E+002
  0.930689465041356E-002  0.259529156905123E+002 -0.131667541517540E+002  0.569925402515473E+002 -0.136424232565200E+000  0.520870202392190E+000 -0.107536384819057E+002 -0.111532616026045E+002
  0.927803226075625E-002  0.259511436525722E+002  0.112969937984633E+002  0.667819560970487E+002 -0.532323402130338E+000  0.512813988222805E+000 -0.107536384819057E+002 -0.111523755836345E+002
  0.931417490193573E-002  0.259353837313779E+002  0.735513861994901E+001  0.580031596660466E+002 -0.291792547858645E+000  0.357085779310555E+000 -0.107536384819057E+002 -0.111444956230374E+002
  0.929351659374135E-002  0.259318405012173E+002 -0.192002609767932E+002  0.597530795045937E+002 -0.180079780969564E+000  0.510843791592626E+000 -0.107536384819057E+002 -0.111427240079570E+002
  0.945834413428066E-002  0.258886958336836E+002  0.497802021482677E+000  0.732795438560983E+002 -0.157525414315927E+000  0.110148437996163E+000 -0.107536384819057E+002 -0.111211516741902E+002
  0.944353125202564E-002  0.258838464822764E+002 -0.505014736501224E+001  0.583816046053355E+002 -0.475484716225330E-001  0.497001056444391E+000 -0.107536384819057E+002 -0.111187269984866E+002
  0.948707341658989E-002  0.258666620487066E+002 -0.157321162111034E+002  0.568555670118388E+002 -0.147285742719224E+000  0.246716909836816E+000 -0.107536384819057E+002 -0.111101347817017E+002
  0.977968227366720E-002  0.257979243719049E+002 -0.111410982804080E+002  0.607580428955041E+002 -0.486535547946383E+000  0.537911418624924E+000 -0.107536384819057E+002 -0.110757659433008E+002
  0.981445830996799E-002  0.257828410493200E+002  0.412300282390398E+001  0.693457973928496E+002 -0.918921121330996E-001  0.286247638884510E+000 -0.107536384819057E+002 -0.110682242820084E+002
  0.991210104554819E-002  0.257550576020761E+002 -0.101568765343861E+002  0.544588370765047E+002 -0.348305854033888E-001  0.524520247342800E+000 -0.107536384819057E+002 -0.110543325583864E+002
  0.992206852091848E-002  0.257450633969888E+002  0.103351557128850E+002  0.698413122233393E+002 -0.342076858756606E-001 -0.340880424922565E-001 -0.107536384819057E+002 -0.110493354558428E+002
  0.993325356878953E-002  0.257348260444297E+002  0.761014845202038E+001  0.618802633893671E+002 -0.953492648648062E-001  0.461417162396332E+000 -0.107536384819057E+002 -0.110442167795632E+002
  0.995634493119424E-002  0.257221980926072E+002  0.198321613321156E+001  0.751999309964697E+002 -0.468071344651559E+000  0.374846247652148E+000 -0.107536384819057E+002 -0.110379028036520E+002
  0.100729217000620E-001  0.256909325016358E+002  0.173953535341821E+002  0.599941121133336E+002 -0.357805175841763E+000  0.559347384195219E+000 -0.107536384819057E+002 -0.110222700081663E+002
  0.100827800378498E-001  0.256809920224115E+002  0.923506923368179E+001  0.722254336729262E+002 -0.248485805074655E+000  0.104738233936286E+000 -0.107536384819057E+002 -0.110172997685541E+002
  0.101366983774765E-001  0.256623413412332E+002 -0.124327751925465E+002  0.611906060797381E+002 -0.103957298856858E+000  0.726696536711788E-001 -0.107536384819057E+002 -0.110079744279650E+002
  0.100977352208138E-001  0.256620596551017E+002  0.180828933252923E+002  0.710673065526962E+002 -0.658124141746100E+000  0.696417856403756E+000 -0.107536384819057E+002 -0.110078335848992E+002
  0.101965299943013E-001  0.256346030072958E+002 -0.109777932692157E+002  0.679924937365730E+002 -0.249375211057725E-001 -0.793672967089973E-001 -0.107536384819057E+002 -0.109941052609963E+002
  0.101705650776778E-001  0.256317183528821E+002  0.153981842756575E+002  0.623918736392225E+002 -0.552764351300607E+000  0.612555974892011E+000 -0.107536384819057E+002 -0.109926629337895E+002
  0.101528636350796E-001  0.256272182593016E+002  0.825704918444080E+001  0.686571742975095E+002 -0.428130686778474E-001 -0.640757008966997E-001 -0.107536384819057E+002 -0.109904128869992E+002
  0.103188039795244E-001  0.255868100914641E+002  0.194740310771438E+002  0.543561993787116E+002 -0.241384723775814E+000  0.445533805598303E+000 -0.107536384819057E+002 -0.109702088030805E+002
  0.106981546063118E-001  0.255066192488978E+002  0.856757209835373E+001  0.753146718633903E+002 -0.435259427585470E+000  0.335718176013876E+000 -0.107536384819057E+002 -0.109301133817973E+002
  0.106756568763847E-001  0.255028455435284E+002  0.194933743961841E+002  0.669555172983904E+002 -0.276205373295357E-002 -0.902085282819991E-001 -0.107536384819057E+002 -0.109282265291126E+002
  0.106605708101292E-001  0.254976897551664E+002  0.142637209804286E+002  0.708160527985703E+002 -0.351218403065051E+000  0.225759237236318E+000 -0.107536384819057E+002 -0.109256486349316E+002
  0.106744303319093E-001  0.254871072550717E+002  0.651957349655393E+001  0.620287657000514E+002 -0.319027926327911E-001 -0.990478797671646E-002 -0.107536384819057E+002 -0.109203573848842E+002
  0.108940170248884E-001  0.254383981150556E+002  0.147359488845583E+002  0.702666385452513E+002 -0.888927591808413E-001 -0.854369703472102E-002 -0.107536384819057E+002 -0.108960028148762E+002
  0.109132860909606E-001  0.254268796471941E+002  0.125092477485550E+002  0.745124672968757E+002 -0.487739668454622E+000  0.405649802824032E+000 -0.107536384819057E+002 -0.108902435809454E+002
  0.108704922383537E-001  0.254267535450012E+002 -0.116292173248735E+002  0.712538384009612E+002 -0.616984642067937E+000  0.608472068963586E+000 -0.107536384819057E+002 -0.108901805298490E+002
  0.108643434797714E-001  0.254199010976260E+002 -0.157261317262357E+002  0.691099128509061E+002 -0.111164682708801E+000 -0.184545600371226E-001 -0.107536384819057E+002 -0.108867543061614E+002
  0.109117968068264E-001  0.254032004686682E+002  0.670430483043939E+001  0.783128076072940E+002 -0.474245628407751E+000  0.417204630553043E+000 -0.107536384819057E+002 -0.108784039916825E+002
  0.108866767936123E-001  0.253998259276555E+002 -0.666868662353079E+001  0.528824372310700E+002 -0.147440716976959E+000  0.464370421244849E+000 -0.107536384819057E+002 -0.108767167211762E+002
  0.109365499105880E-001  0.253827005781088E+002 -0.623099904840770E+001  0.701440104318855E+002 -0.373732805685288E+000  0.261443330029081E+000 -0.107536384819057E+002 -0.108681540464028E+002
  0.109873515630719E-001  0.253654477941519E+002  0.218156602265569E+001  0.660106779970673E+002 -0.507367698140499E+000  0.614095956259282E+000 -0.107536384819057E+002 -0.108595276544243E+002
  0.109644643405955E-001  0.253616342003574E+002  0.431795459837760E+001  0.762351279735146E+002 -0.325745076748273E+000  0.321954766385344E+000 -0.107536384819057E+002 -0.108576208575271E+002
  0.109753030932021E-001  0.253516740651326E+002  0.305565481631998E+000  0.554601667615472E+002 -0.281105871467629E+000  0.525680673965874E+000 -0.107536384819057E+002 -0.108526407899147E+002
  0.113240959318894E-001  0.252811194956010E+002  0.167935742264426E+002  0.641526982393364E+002 -0.507454435156696E-001  0.394414845422270E+000 -0.107536384819057E+002 -0.108173635051489E+002
  0.117134247840729E-001  0.252055299276684E+002 -0.132486448987257E+002  0.712821261006996E+002 -0.116937673371935E+000  0.426459268153510E-001 -0.107536384819057E+002 -0.107795687211826E+002
  0.119185841135861E-001  0.251628193437310E+002 -0.522524136446477E+001  0.789781223347332E+002 -0.502385596393463E+000  0.499055886192076E+000 -0.107536384819057E+002 -0.107582134292139E+002
  0.118718172771730E-001  0.251626984550557E+002 -0.901887305638805E+001  0.722079387543971E+002 -0.135503159638392E+000  0.159812038891803E+000 -0.107536384819057E+002 -0.107581529848762E+002
  0.118516111586164E-001  0.251581213607994E+002 -0.132334024053922E+001  0.682323160987951E+002 -0.145777019125578E+000  0.149699993004102E-001 -0.107536384819057E+002 -0.107558644377481E+002
  0.118997108704828E-001  0.251420367539948E+002 -0.983752635236738E+001  0.780287972950688E+002 -0.537338967787898E+000  0.566282544840139E+000 -0.107536384819057E+002 -0.107478221343458E+002
  0.118951797205063E-001  0.251348144127989E+002  0.319047590719539E+001  0.760601350975180E+002 -0.564421434314366E+000  0.519401777625797E+000 -0.107536384819057E+002 -0.107442109637479E+002
  0.120348409097919E-001  0.251034851709939E+002 -0.155516953648599E+002  0.525142272730492E+002 -0.141816377598560E-001  0.382322078490586E+000 -0.107536384819057E+002 -0.107285463428453E+002
  0.120088615378234E-001  0.250998231553365E+002 -0.162503839690462E+002  0.604068777163063E+002 -0.442340312157008E+000  0.494509175095356E+000 -0.107536384819057E+002 -0.107267153350166E+002
  0.120083889126622E-001  0.250919178270803E+002 -0.157136370209050E+002  0.729073747231623E+002 -0.215654451571668E+000  0.115282085651055E+000 -0.107536384819057E+002 -0.107227626708885E+002
  0.120266272581129E-001  0.250808984882349E+002 -0.176455564749753E+002  0.708846288860821E+002 -0.134441498788417E+000  0.346566493398601E-001 -0.107536384819057E+002 -0.107172530014658E+002
  0.120697422704930E-001  0.250657573412466E+002 -0.875709187627756E+001  0.645707927766956E+002 -0.235626933806763E+000  0.154943247823860E+000 -0.107536384819057E+002 -0.107096824279717E+002
  0.121154179963671E-001  0.250502189505576E+002 -0.152187704682042E+002  0.643865710768731E+002 -0.150086476215728E+000  0.633818500614893E-001 -0.107536384819057E+002 -0.107019132326272E+002
  0.120769549011925E-001  0.250485944541029E+002  0.872805163031126E+001  0.678973536903509E+002 -0.247590958215416E+000  0.125048416266992E+000 -0.107536384819057E+002 -0.107011009843998E+002
  0.120383742441366E-001  0.250470097751784E+002  0.136629921369552E+002  0.559810240984667E+002 -0.462249883408663E-001  0.218606654565487E+000 -0.107536384819057E+002 -0.107003086449376E+002
  0.119970292819224E-001  0.250459064164521E+002  0.974145869768894E+001  0.694542367469288E+002 -0.170584883893541E+000  0.398168249727560E-001 -0.107536384819057E+002 -0.106997569655744E+002
  0.120957993435824E-001  0.250215240312320E+002  0.683359063702443E+001  0.681723336648631E+002 -0.485514815372814E-001  0.262646053162982E+000 -0.107536384819057E+002 -0.106875657729644E+002
  0.120620096613847E-001  0.250191348179634E+002 -0.107560648483572E+002  0.601856195340119E+002 -0.259235872911137E+000  0.277835953032561E+000 -0.107536384819057E+002 -0.106863711663301E+002
  0.124776357889114E-001  0.249433965974269E+002 -0.109762436663827E+002  0.529085303557467E+002 -0.351120491635994E-001  0.498268550463244E+000 -0.107536384819057E+002 -0.106485020560618E+002
  0.124873877541622E-001  0.249338500543390E+002  0.831707942767337E+001  0.695562887268349E+002 -0.333726453902774E-001  0.207223548532696E-001 -0.107536384819057E+002 -0.106437287845179E+002
  0.126411563335920E-001  0.249013885891122E+002 -0.122844240237333E+002  0.695817705368259E+002 -0.211793703039965E+000  0.814119864133680E-001 -0.107536384819057E+002 -0.106274980519045E+002
  0.127264165912447E-001  0.248799605203829E+002 -0.162335294139161E+002  0.633757571793647E+002 -0.147977311496627E+000  0.846959783211823E-001 -0.107536384819057E+002 -0.106167840175398E+002
  0.129055209121364E-001  0.248440258422864E+002  0.108291615866319E+002  0.598067682682181E+002 -0.621713680090785E-002  0.528931168954774E-001 -0.107536384819057E+002 -0.105988166784916E+002
  0.129338446887606E-001  0.248316572047993E+002  0.639160268082372E+001  0.693581090688028E+002 -0.239586008383836E-001  0.120877783361280E+000 -0.107536384819057E+002 -0.105926323597480E+002
  0.130987821335891E-001  0.247983296342332E+002 -0.486782489737900E+001  0.591521608812128E+002 -0.303338429886691E+000  0.358114183070709E+000 -0.107536384819057E+002 -0.105759685744650E+002
  0.130784001199209E-001  0.247934600625474E+002  0.159179317344747E+002  0.608289337020268E+002 -0.456654867489240E+000  0.509230487595833E+000 -0.107536384819057E+002 -0.105735337886221E+002
  0.131640619475988E-001  0.247724189933146E+002 -0.448238951786891E+000  0.676073109622997E+002 -0.588185987216613E+000  0.654372193266114E+000 -0.107536384819057E+002 -0.105630132540057E+002
  0.132694955843391E-001  0.247484803528009E+002  0.953108375814395E+001  0.722353266512938E+002 -0.253693583646036E+000  0.137562532559286E+000 -0.107536384819057E+002 -0.105510439337488E+002
  0.133834531148178E-001  0.247233937785780E+002 -0.115375130216134E+002  0.661977019720172E+002 -0.134254091653605E+000  0.309313478173294E-001 -0.107536384819057E+002 -0.105385006466374E+002
  0.141838282302392E-001  0.245992430223227E+002 -0.299517450704893E+001  0.592788347844913E+002 -0.230535532612557E+000  0.514892066790318E+000 -0.107536384819057E+002 -0.104764252685098E+002
  0.143007588952619E-001  0.245748386860535E+002 -0.145375149518031E+002  0.548107723486252E+002 -0.523530233797462E-001  0.290252160751926E+000 -0.107536384819057E+002 -0.104642231003751E+002
  0.144919153147183E-001  0.245402979955724E+002  0.696735277596059E+001  0.681891194235306E+002 -0.154201718531492E+000  0.417221112943267E-001 -0.107536384819057E+002 -0.104469527551346E+002
  0.146378048009685E-001  0.245122807078858E+002  0.135236458307560E+002  0.579538153387095E+002 -0.241010910644505E+000  0.330149767030406E+000 -0.107536384819057E+002 -0.104329441112913E+002
  0.146534983516724E-001  0.245021535647652E+002 -0.116434567361895E+001  0.585604922431319E+002 -0.229974916418709E+000  0.516453512485745E+000 -0.107536384819057E+002 -0.104278805397310E+002
  0.148097777050822E-001  0.244729524900462E+002  0.152774406288796E+002  0.597976465188116E+002 -0.406799436768621E+000  0.471741764961200E+000 -0.107536384819057E+002 -0.104132800023715E+002
  0.153405570592992E-001  0.243945434653804E+002  0.116698327030337E+002  0.553172193514209E+002 -0.110173422265740E+000  0.313411453781879E+000 -0.107536384819057E+002 -0.103740754900386E+002
  0.153316253524449E-001  0.243877242186145E+002  0.450355652851690E+001  0.571973163379887E+002 -0.338198738685607E+000  0.532076500396209E+000 -0.107536384819057E+002 -0.103706658666556E+002
  0.154047932575215E-001  0.243702181762336E+002 -0.390624439382094E+001  0.600582644267238E+002 -0.335982580202728E+000  0.542242887902081E+000 -0.107536384819057E+002 -0.103619128454652E+002
  0.154358800558328E-001  0.243582022101988E+002  0.684105611955118E+001  0.650554785394242E+002 -0.216403617917213E+000  0.458168173767022E+000 -0.107536384819057E+002 -0.103559048624478E+002
  0.154302697601092E-001  0.243509452160047E+002  0.138300508238253E+002  0.669035157033373E+002 -0.260021119836085E+000  0.164892166786959E+000 -0.107536384819057E+002 -0.103522763653507E+002
  0.156338414618324E-001  0.243167476932857E+002 -0.410418049475057E+001  0.762971575631600E+002 -0.368022385172190E+000  0.350495624217685E+000 -0.107536384819057E+002 -0.103351776039912E+002
  0.157151356684519E-001  0.242983908225030E+002 -0.185368144362044E+002  0.659926757827117E+002 -0.724705287658920E-001 -0.287398303617881E-002 -0.107536384819057E+002 -0.103259991685999E+002
  0.157673227625143E-001  0.242837761488806E+002 -0.435382089978344E+001  0.552478274181098E+002 -0.149760098179399E+000  0.351754216245201E+000 -0.107536384819057E+002 -0.103186918317887E+002
  0.157114776325045E-001  0.242828883346470E+002  0.118773894759686E+002  0.685060930785770E+002 -0.204280145640653E+000  0.393525063762935E+000 -0.107536384819057E+002 -0.103182479246719E+002
  0.156560758506284E-001  0.242819691515991E+002  0.669227801005686E+001  0.609563600901449E+002 -0.482981261760257E+000  0.586218193067626E+000 -0.107536384819057E+002 -0.103177883331479E+002
  0.157325583682602E-001  0.242642385659690E+002  0.143046968151663E+002  0.670919984044894E+002 -0.256504096219160E+000  0.454804603297161E+000 -0.107536384819057E+002 -0.103089230403329E+002
  0.158817452219734E-001  0.242373785155244E+002  0.833661329942922E+001  0.702942265428623E+002 -0.954504102533102E-001  0.747111647982335E-001 -0.107536384819057E+002 -0.102954930151106E+002
  0.160916912101439E-001  0.242031290440534E+002  0.182372123389801E+001  0.760997715180715E+002 -0.470177722467164E+000  0.408543816083561E+000 -0.107536384819057E+002 -0.102783682793751E+002
  0.161025823562969E-001  0.241937918234039E+002  0.650879598598196E+001  0.690335434538748E+002 -0.211267113024123E+000  0.101328825456660E+000 -0.107536384819057E+002 -0.102736996690503E+002
  0.160957453146817E-001  0.241866571469297E+002 -0.179117098134314E+002  0.699654046094094E+002 -0.220293077961833E+000  0.374147528374243E+000 -0.107536384819057E+002 -0.102701323308132E+002
  0.161431842299539E-001  0.241727871832163E+002 -0.138984983192665E+002  0.649411957845128E+002 -0.117620350667589E-001 -0.258576440171963E-001 -0.107536384819057E+002 -0.102631973489565E+002
  0.164556788105858E-001  0.241264577354721E+002  0.335247799733947E+001  0.725489000426353E+002 -0.306140733285638E+000  0.401833201859350E+000 -0.107536384819057E+002 -0.102400326250844E+002
  0.164382085519634E-001  0.241205981314431E+002  0.131787499897812E+002  0.538266857953993E+002 -0.889371394275167E-001  0.479729469630891E+000 -0.107536384819057E+002 -0.102371028230699E+002
  0.164015400039813E-001  0.241170804523610E+002  0.138584576046244E+002  0.643081516563192E+002 -0.554351024273961E+000  0.624910599900678E+000 -0.107536384819057E+002 -0.102353439835289E+002
  0.169853473891256E-001  0.240391447678199E+002 -0.177660259524605E+002  0.548064185635524E+002 -0.172697878723576E+000  0.489260771960781E+000 -0.107536384819057E+002 -0.101963761412583E+002
  0.169810748710700E-001  0.240316638713638E+002 -0.124406708266877E+002  0.689716325224851E+002 -0.594835198398587E-001  0.396201003303247E-001 -0.107536384819057E+002 -0.101926356930303E+002
  0.169579998728747E-001  0.240263994081798E+002  0.847741725796787E+001  0.657304287140187E+002 -0.472505873894891E+000  0.460652659456574E+000 -0.107536384819057E+002 -0.101900034614383E+002
  0.169094115887580E-001  0.240241540170883E+002 -0.193403944412684E+002  0.652228287138238E+002 -0.141087271862592E+000  0.690501848303828E-001 -0.107536384819057E+002 -0.101888807658925E+002
  0.169052427949024E-001  0.240166631091327E+002  0.104046273252469E+002  0.541538235496507E+002 -0.136192107961741E-002  0.316606857117955E+000 -0.107536384819057E+002 -0.101851353119147E+002
  0.171796401284235E-001  0.239764767249062E+002 -0.180800440868336E+002  0.544010840091855E+002 -0.177234734678869E+000  0.451507683717470E+000 -0.107536384819057E+002 -0.101650421198015E+002
  0.177050234392740E-001  0.239082458019106E+002  0.520777686923051E+001  0.642464652567047E+002 -0.999704499389567E-001  0.400254322607903E+000 -0.107536384819057E+002 -0.101309266583037E+002
  0.177003327576081E-001  0.239007916997192E+002  0.481105835488816E+001  0.530807438060298E+002 -0.937116275405825E-002  0.445965174026957E+000 -0.107536384819057E+002 -0.101271996072080E+002
  0.176907042630021E-001  0.238938958982326E+002 -0.186643625633366E+002  0.661608148192095E+002 -0.111615777019175E+000  0.365811395613946E+000 -0.107536384819057E+002 -0.101237517064647E+002
  0.176535269149082E-001  0.238901193159286E+002  0.112582139211361E+002  0.632411568045109E+002 -0.483093747898604E+000  0.595103101855479E+000 -0.107536384819057E+002 -0.101218634153127E+002
  0.178304918980658E-001  0.238621864111973E+002  0.153807082571722E+002  0.584855819551671E+002 -0.112999499220040E+000  0.208109426136827E+000 -0.107536384819057E+002 -0.101078969629470E+002
  0.178799894573210E-001  0.238486580478790E+002  0.187292929381448E+002  0.704445614615022E+002 -0.294835729963996E+000  0.193102987381669E+000 -0.107536384819057E+002 -0.101011327812879E+002
  0.178331931475805E-001  0.238459153569205E+002 -0.445356179946746E+000  0.670456154743779E+002 -0.259638040813566E-001  0.116489017445875E-002 -0.107536384819057E+002 -0.100997614358086E+002
  0.177773399274898E-001  0.238442051059894E+002  0.161043466164758E+001  0.569905556582550E+002 -0.617676984937681E-001  0.223674682047078E+000 -0.107536384819057E+002 -0.100989063103431E+002
  0.177248654303205E-001  0.238421333198697E+002 -0.188876228762400E+002  0.623534533359493E+002 -0.286579349708682E-002  0.384937308319397E+000 -0.107536384819057E+002 -0.100978704172833E+002
  0.178390546606468E-001  0.238213059661949E+002  0.944963558772806E+001  0.731607968777344E+002 -0.374681724401182E+000  0.457715191969981E+000 -0.107536384819057E+002 -0.100874567404458E+002
  0.177835391587448E-001  0.238195556692531E+002 -0.155067855336200E+002  0.655344118470716E+002 -0.179673140636254E+000  0.424213469741589E+000 -0.107536384819057E+002 -0.100865815919749E+002
  0.177484982311078E-001  0.238155163415765E+002 -0.398709202351143E+001  0.630727843019148E+002 -0.509197857048462E+000  0.554461534126023E+000 -0.107536384819057E+002 -0.100845619281366E+002
  0.179195303305173E-001  0.237883517143877E+002 -0.438760465772245E+001  0.640926365256152E+002 -0.190068116586010E+000  0.141014688526711E+000 -0.107536384819057E+002 -0.100709796145422E+002
  0.178704446474670E-001  0.237858536453769E+002  0.122444775630192E+002  0.758656445478031E+002 -0.524162409247186E+000  0.566461531519478E+000 -0.107536384819057E+002 -0.100697305800368E+002
  0.178508334520183E-001  0.237800656269962E+002  0.146377596164237E+002  0.548686460254333E+002 -0.593270818305291E-001  0.484998138312362E+000 -0.107536384819057E+002 -0.100668365708465E+002
  0.178976385031146E-001  0.237668444288215E+002 -0.769416095503935E+000  0.572670559908774E+002 -0.337363450732556E+000  0.483309010990816E+000 -0.107536384819057E+002 -0.100602259717591E+002
  0.178450144903559E-001  0.237647496022612E+002  0.586124148789168E+000  0.669169060380092E+002 -0.390998290741029E-002  0.641078355669844E-002 -0.107536384819057E+002 -0.100591785584790E+002
  0.177907528725172E-001  0.237628562560971E+002 -0.158602190164553E+002  0.721901487955256E+002 -0.189285658120703E+000  0.194983695830080E+000 -0.107536384819057E+002 -0.100582318853969E+002
  0.178921850670526E-001  0.237435017969280E+002 -0.174296299379224E+002  0.742073865063049E+002 -0.395566692802606E+000  0.318275980777748E+000 -0.107536384819057E+002 -0.100485546558124E+002
  0.179589952636659E-001  0.237280635759394E+002  0.164204223434444E+002  0.639461245181372E+002 -0.276743138066497E+000  0.240605908712531E+000 -0.107536384819057E+002 -0.100408355453181E+002
  0.178922053080108E-001  0.237275314493037E+002 -0.725891618635878E+001  0.555126456314605E+002 -0.180912044387682E-002  0.255665896388098E+000 -0.107536384819057E+002 -0.100405694820002E+002
  0.180147612414135E-001  0.237058947458921E+002  0.419060243065729E+000  0.650228792192256E+002 -0.429834148905169E+000  0.566006303205916E+000 -0.107536384819057E+002 -0.100297511302944E+002
  0.180113802672521E-001  0.236982860945584E+002  0.111985113216969E+002  0.662215057240164E+002 -0.393426998558717E+000  0.352075719695732E+000 -0.107536384819057E+002 -0.100259468046276E+002
  0.181955495254577E-001  0.236699555771719E+002 -0.166817640625371E+002  0.625082036828769E+002 -0.434034195995211E+000  0.462365802104499E+000 -0.107536384819057E+002 -0.100117815459343E+002
  0.181669294081861E-001  0.236651198483915E+002 -0.187417310587856E+002  0.700153016673008E+002 -0.103379681775556E+000  0.103391803820950E+000 -0.107536384819057E+002 -0.100093636815441E+002
  0.181144703086789E-001  0.236629193904411E+002  0.419685629509850E+001  0.671450714854984E+002 -0.221721963907626E+000  0.136023342913076E+000 -0.107536384819057E+002 -0.100082634525689E+002
  0.182031426506376E-001  0.236451690102014E+002 -0.961328161093060E+001  0.627041003817996E+002 -0.137836576361702E+000  0.120546728622166E+000 -0.107536384819057E+002 -0.999938826244906E+001
  0.181734208757868E-001  0.236404532017761E+002 -0.101285647346002E+002  0.699022521904143E+002 -0.932781090890071E-001  0.122434110835762E+000 -0.107536384819057E+002 -0.999703035823641E+001
  0.186293215382210E-001  0.235829158972023E+002  0.190518454371411E+002  0.692094889948290E+002 -0.122043538875414E+000  0.671984978179205E-001 -0.107536384819057E+002 -0.996826170594955E+001
  0.186579208885653E-001  0.235718638502638E+002  0.185009206083639E+002  0.638684780344590E+002 -0.666583808422707E-001  0.422578452239106E-001 -0.107536384819057E+002 -0.996273568248027E+001
  0.186786428081311E-001  0.235616597939214E+002  0.452892477087637E+000  0.752308985930460E+002 -0.419695211995221E+000  0.358854206050268E+000 -0.107536384819057E+002 -0.995763365430909E+001
  0.189179853580214E-001  0.235282111504430E+002  0.870941222381426E+001  0.603926117628784E+002 -0.310343086164441E+000  0.357300966929889E+000 -0.107536384819057E+002 -0.994090933256986E+001
  0.190882429107208E-001  0.235023080773264E+002  0.360580611604647E+001  0.680379531931622E+002 -0.162375906888010E+000  0.822872872344664E-001 -0.107536384819057E+002 -0.992795779601159E+001
  0.191828625638690E-001  0.234844346056983E+002 -0.278844408419841E+001  0.643109817655011E+002 -0.198500414473248E+000  0.153228125327801E+000 -0.107536384819057E+002 -0.991902106019755E+001
  0.191670853254701E-001  0.234780961705363E+002 -0.155425261896866E+002  0.601611738779953E+002 -0.199911703414335E+000  0.489730487592078E+000 -0.107536384819057E+002 -0.991585184261653E+001
  0.196691002908464E-001  0.234184033495578E+002  0.662304815788320E+001  0.726738346560108E+002 -0.631223363267487E+000  0.653487608838077E+000 -0.107536384819057E+002 -0.988600543212728E+001
  0.197651187602346E-001  0.234006796787004E+002  0.191464288232367E+002  0.570240636637010E+002 -0.214217625557006E+000  0.360785482306861E+000 -0.107536384819057E+002 -0.987714359669858E+001
  0.198110000095262E-001  0.233880583679023E+002 -0.413144422140349E+001  0.654345268842518E+002 -0.281326919520709E+000  0.228597809286035E+000 -0.107536384819057E+002 -0.987083294129952E+001
  0.197388424001740E-001  0.233873722244212E+002  0.186056596907868E+002  0.726757194099650E+002 -0.540386300322770E+000  0.509884676213570E+000 -0.107536384819057E+002 -0.987048986955897E+001
  0.197951399854998E-001  0.233736920571830E+002 -0.149950310513655E+002  0.690239656051028E+002 -0.361116512298925E+000  0.496109773140539E+000 -0.107536384819057E+002 -0.986364978593987E+001
  0.197246053537827E-001  0.233728472009932E+002  0.207832387486482E+001  0.645193354742026E+002 -0.540606038308939E+000  0.585417288704764E+000 -0.107536384819057E+002 -0.986322735784496E+001
  0.196733939703746E-001  0.233700625506191E+002 -0.181340550340965E+002  0.743982846973901E+002 -0.595763339475151E+000  0.587600379112336E+000 -0.107536384819057E+002 -0.986183503265791E+001
  0.197696004791601E-001  0.233523219770744E+002  0.166199002383394E+002  0.640069746679113E+002 -0.227629102346222E+000  0.192160056592112E+000 -0.107536384819057E+002 -0.985296474588559E+001
  0.199667944949293E-001  0.233244875545818E+002  0.322563852131851E+001  0.659283679733952E+002 -0.312535415672536E+000  0.259900642086350E+000 -0.107536384819057E+002 -0.983904753463927E+001
  0.201679275918011E-001  0.232964575498202E+002 -0.161539245098427E+002  0.596976514118562E+002 -0.251657656428399E+000  0.506108877738160E+000 -0.107536384819057E+002 -0.982503253225846E+001
  0.201216297612013E-001  0.232930700185381E+002 -0.810974709612339E+001  0.742646769288181E+002 -0.326632718901807E+000  0.282439414488451E+000 -0.107536384819057E+002 -0.982333876661744E+001
  0.201340130320452E-001  0.232838555128515E+002  0.163269323100723E+002  0.625291454038646E+002 -0.444383810260551E-002  0.369511847600159E+000 -0.107536384819057E+002 -0.981873151377413E+001
  0.202241168508399E-001  0.232669410299015E+002  0.483734274217221E+001  0.641841071987938E+002 -0.114669830124195E+000  0.400371169925328E+000 -0.107536384819057E+002 -0.981027427229914E+001
  0.201767834027893E-001  0.232636433650828E+002 -0.781679521117623E+001  0.557647886582129E+002 -0.353601021971774E-001  0.472554233299113E+000 -0.107536384819057E+002 -0.980862543988978E+001
  0.201380243349867E-001  0.232595049645715E+002 -0.536559468047372E+001  0.681235915897444E+002 -0.323338036497105E+000  0.477881064772658E+000 -0.107536384819057E+002 -0.980655623963412E+001
  0.200792059836969E-001  0.232573709910462E+002 -0.597854886805834E+000  0.595110511354239E+002 -0.389283594017846E+000  0.480508076426933E+000 -0.107536384819057E+002 -0.980548925287146E+001
  0.204606899127255E-001  0.232117454912423E+002 -0.177760255540539E+002  0.635199027096029E+002 -0.520486330162233E-001  0.508303697550936E-001 -0.107536384819057E+002 -0.978267650296951E+001
  0.204440715486163E-001  0.232053865274891E+002  0.128497995791371E+002  0.545014651525866E+002 -0.116876781992744E+000  0.440185711411939E+000 -0.107536384819057E+002 -0.977949702109293E+001
  0.205321515372985E-001  0.231888043157965E+002 -0.410648903070647E+001  0.604031040829307E+002 -0.150641876969936E+000  0.468160263685695E+000 -0.107536384819057E+002 -0.977120591524665E+001
  0.207267853414307E-001  0.231619506403833E+002  0.689122705011823E+001  0.545029864144859E+002 -0.621711076619793E-001  0.373926702785408E+000 -0.107536384819057E+002 -0.975777907754004E+001
  0.208943880528809E-001  0.231378590637487E+002  0.180021595214044E+002  0.737236921122248E+002 -0.331896829553215E+000  0.380984400036274E+000 -0.107536384819057E+002 -0.974573328922275E+001
  0.208324521063869E-001  0.231358123020336E+002  0.166989614815686E+002  0.750077947591546E+002 -0.420933077058682E+000  0.461869118900273E+000 -0.107536384819057E+002 -0.974470990836516E+001
  0.212146629390260E-001  0.230914670147330E+002  0.126424074335432E+001  0.658522321455863E+002 -0.175937696682358E-001  0.291125943216839E-001 -0.107536384819057E+002 -0.972253726471488E+001
  0.211353696505340E-001  0.230909723058545E+002  0.171143248290024E+002  0.567520580329404E+002 -0.138984855315746E+000  0.314050535834117E+000 -0.107536384819057E+002 -0.972228991027562E+001
  0.211170795048167E-001  0.230847197744799E+002 -0.635910380673325E+001  0.616187919832008E+002 -0.416881892186646E+000  0.466556808422784E+000 -0.107536384819057E+002 -0.971916364458832E+001
  0.210476833229988E-001  0.230833190721352E+002 -0.148260189058178E+001  0.675850751642479E+002 -0.342194368174006E+000  0.281180907520127E+000 -0.107536384819057E+002 -0.971846329341596E+001
  0.211338303691854E-001  0.230671658428203E+002  0.435026402099119E+001  0.567650870091162E+002 -0.135625473363763E-001  0.461312583652465E+000 -0.107536384819057E+002 -0.971038667875854E+001
  0.211074676420733E-001  0.230616781942631E+002  0.328009033138114E+001  0.747132133482900E+002 -0.581614058701881E+000  0.571291906022227E+000 -0.107536384819057E+002 -0.970764285447991E+001
  0.211613285415214E-001  0.230485971597618E+002 -0.176181892103212E+002  0.686364537221745E+002 -0.258153999651256E+000  0.178946091539687E+000 -0.107536384819057E+002 -0.970110233722929E+001
  0.211120857049897E-001  0.230452725808296E+002  0.775898342201022E+001  0.556654286723432E+002 -0.189957263515446E+000  0.414703775241597E+000 -0.107536384819057E+002 -0.969944004776316E+001
  0.210740228700060E-001  0.230408975789532E+002  0.727446091728833E+001  0.647430608456680E+002 -0.891440637211391E-001  0.367355165902224E+000 -0.107536384819057E+002 -0.969725254682499E+001
  0.210503340220592E-001  0.230351629571476E+002  0.170535342869728E+002  0.598734252091994E+002 -0.410092335514787E-001  0.434159772078345E+000 -0.107536384819057E+002 -0.969438523592217E+001
  0.209756237785172E-001  0.230342897885687E+002 -0.977498029344395E+001  0.567332047792632E+002 -0.249064449116066E+000  0.420031221675062E+000 -0.107536384819057E+002 -0.969394865163272E+001
  0.209307053330556E-001  0.230305932571160E+002 -0.136464046405947E+002  0.629417541627152E+002 -0.300189806134675E+000  0.506770516826707E+000 -0.107536384819057E+002 -0.969210038590639E+001
  0.209836165266847E-001  0.230175597499179E+002  0.138593808574870E+002  0.730140611520583E+002 -0.269730504322646E+000  0.241592736968741E+000 -0.107536384819057E+002 -0.968558363230732E+001
  0.211318698965752E-001  0.229954949978965E+002  0.504366506517069E+001  0.544758017954192E+002 -0.417113213052223E-001  0.448551671662281E+000 -0.107536384819057E+002 -0.967455125629663E+001
  0.210633121575047E-001  0.229940100669680E+002  0.229399902326532E+001  0.651571542330344E+002 -0.396629997664482E+000  0.542997921105308E+000 -0.107536384819057E+002 -0.967380879083236E+001
  0.210332463126040E-001  0.229888828707940E+002  0.161328971455600E+001  0.705251383445058E+002 -0.154674511287062E+000  0.155712309901079E+000 -0.107536384819057E+002 -0.967124519274540E+001
  0.210346950132171E-001  0.229807610795972E+002 -0.157608603802734E+001  0.765124772687546E+002 -0.570302373133289E+000  0.567972621246307E+000 -0.107536384819057E+002 -0.966718429714696E+001
  0.209684860126789E-001  0.229790821838357E+002 -0.103514017213433E+002  0.659385244288606E+002 -0.877642412174982E-001  0.333198372924826E+000 -0.107536384819057E+002 -0.966634484926625E+001
  0.208898841107175E-001  0.229786093744496E+002 -0.768824262504293E+001  0.757289101182572E+002 -0.412773237373615E+000  0.415100497067819E+000 -0.107536384819057E+002 -0.966610844457315E+001
  0.211889878269235E-001  0.229421921786346E+002 -0.114434357426956E+002  0.720767686548771E+002 -0.224338815254995E+000  0.214323532380788E+000 -0.107536384819057E+002 -0.964789984666569E+001
  0.215939758103768E-001  0.228963425890390E+002  0.568116782429453E+000  0.621469589588813E+002 -0.330145171646884E+000  0.522435565643017E+000 -0.107536384819057E+002 -0.962497505186788E+001
  0.215206569101254E-001  0.228951607819640E+002 -0.143894716536683E+001  0.567312851783365E+002 -0.169401299970374E+000  0.482317509777774E+000 -0.107536384819057E+002 -0.962438414833039E+001
  0.214631085707230E-001  0.228925320984209E+002 -0.543213042135107E+001  0.711977377882879E+002 -0.275296766697928E+000  0.379013983311975E+000 -0.107536384819057E+002 -0.962306980655885E+001
  0.215106547642888E-001  0.228801224520458E+002 -0.177586401229788E+002  0.685476455198015E+002 -0.939155572455641E-001  0.935231955850035E-001 -0.107536384819057E+002 -0.961686498337127E+001
  0.215313996781245E-001  0.228702105354114E+002  0.260675766983010E+001  0.706073626615203E+002 -0.317517116603179E+000  0.434512487187901E+000 -0.107536384819057E+002 -0.961190902505409E+001
  0.218955298757363E-001  0.228286861311402E+002 -0.199732434295315E+001  0.691821807065706E+002 -0.567670555214634E+000  0.576175395132797E+000 -0.107536384819057E+002 -0.959114682291846E+001
  0.219878516643938E-001  0.228122868825142E+002  0.146027658933859E+002  0.680269681490369E+002 -0.679158773561028E-001  0.206161360846981E+000 -0.107536384819057E+002 -0.958294719860549E+001
  0.220489739312361E-001  0.227987509133532E+002  0.178978687383072E+001  0.592103074622183E+002 -0.373768893472630E+000  0.482101186396314E+000 -0.107536384819057E+002 -0.957617921402497E+001
  0.220487845376409E-001  0.227907840502447E+002  0.120614824702453E+002  0.623330590211897E+002 -0.192922420209315E+000  0.202566564182002E+000 -0.107536384819057E+002 -0.957219578247073E+001
  0.220482580069053E-001  0.227828477687985E+002  0.325363543272379E+001  0.558754569687337E+002 -0.825699055610274E-002  0.455407374006613E+000 -0.107536384819057E+002 -0.956822764174761E+001
  0.223516057835769E-001  0.227475345886574E+002  0.152369646126185E+002  0.546807284985715E+002 -0.170905130518078E-001  0.440372155246076E+000 -0.107536384819057E+002 -0.955057105167709E+001
  0.223280293610624E-001  0.227416612549123E+002 -0.181314688459149E+002  0.611564612233361E+002 -0.121987393231802E-001  0.927180235395406E-001 -0.107536384819057E+002 -0.954763438480454E+001
  0.223998897858812E-001  0.227272507576650E+002  0.101938617514016E+002  0.706150372202087E+002 -0.172801014090154E+000  0.235944039313111E+000 -0.107536384819057E+002 -0.954042913618089E+001
  0.224042563954693E-001  0.227188768753478E+002  0.121690284746385E+002  0.623033387067660E+002 -0.162934487924999E+000  0.446816333252587E+000 -0.107536384819057E+002 -0.953624219502228E+001
  0.225194443302893E-001  0.227006364928016E+002  0.184208124810433E+002  0.607647237908377E+002 -0.163566564878584E+000  0.214795659134427E+000 -0.107536384819057E+002 -0.952712200374917E+001
  0.227274671873346E-001  0.226742623046593E+002 -0.103597742561365E+002  0.647659666176890E+002 -0.542108135778308E-001  0.330258906649858E+000 -0.107536384819057E+002 -0.951393490967801E+001
  0.227338683399820E-001  0.226657150448178E+002  0.297708693625371E+001  0.726136775342207E+002 -0.437696336969155E+000  0.383322486973885E+000 -0.107536384819057E+002 -0.950966127975728E+001
  0.227182423083744E-001  0.226591061667761E+002  0.141507992934389E+002  0.747370165787532E+002 -0.374329574147813E+000  0.383932063127022E+000 -0.107536384819057E+002 -0.950635684073641E+001
  0.227068729215428E-001  0.226521232785114E+002  0.484275500203758E+000  0.663849244925514E+002 -0.313254263756471E-001  0.644069235941700E-001 -0.107536384819057E+002 -0.950286539660406E+001
  0.226907190660652E-001  0.226455625587039E+002  0.107602888720778E+002  0.555771807892954E+002 -0.347483553320818E-001  0.316536531728912E+000 -0.107536384819057E+002 -0.949958503670034E+001
  0.228024031202934E-001  0.226277586336657E+002 -0.265567720765517E+001  0.572182929008785E+002 -0.595403831245305E-001  0.457495801780141E+000 -0.107536384819057E+002 -0.949068307418124E+001
  0.228553683028935E-001  0.226151343991324E+002  0.156510709916751E+002  0.551241370310847E+002 -0.290686335876977E-001  0.343456460331119E+000 -0.107536384819057E+002 -0.948437095691457E+001
  0.227745405166992E-001  0.226142358733366E+002 -0.255760537356770E+001  0.721834152142152E+002 -0.242184852040915E+000  0.247457001455866E+000 -0.107536384819057E+002 -0.948392169401669E+001
  0.230806926854847E-001  0.225795454597689E+002 -0.911412864625523E+001  0.563629375511503E+002 -0.865653815732064E-001  0.461742382647871E+000 -0.107536384819057E+002 -0.946657648723282E+001
  0.231638041003638E-001  0.225643725398378E+002  0.144399334197424E+002  0.622973080842556E+002 -0.886266836052818E-002  0.360646971399927E+000 -0.107536384819057E+002 -0.945899002726727E+001
  0.231136513208335E-001  0.225607234633169E+002 -0.127273020988839E+002  0.638653509875212E+002 -0.721056901749475E-001  0.824825694881799E-001 -0.107536384819057E+002 -0.945716548900683E+001
  0.230738739155595E-001  0.225561842829916E+002  0.106339810608379E+002  0.550050096752325E+002 -0.679072432110248E-001  0.382585970845661E+000 -0.107536384819057E+002 -0.945489589884417E+001
  0.230103979198267E-001  0.225537098022485E+002  0.131543855695187E+002  0.701763043782206E+002 -0.252731756792884E+000  0.188914890009836E+000 -0.107536384819057E+002 -0.945365865847262E+001
  0.230258647515621E-001  0.225443818771768E+002 -0.174201858314578E+002  0.593561095079679E+002 -0.330796473691731E+000  0.428090580488277E+000 -0.107536384819057E+002 -0.944899469593680E+001
  0.229369480707205E-001  0.225441359852255E+002 -0.704747557444951E+001  0.726266329101212E+002 -0.393089431818919E+000  0.468760606863076E+000 -0.107536384819057E+002 -0.944887174996111E+001
  0.228645529620395E-001  0.225424744576554E+002  0.155579956815473E+002  0.680249601586485E+002 -0.132660636019794E+000  0.103054724981413E+000 -0.107536384819057E+002 -0.944804098617610E+001
  0.232170388794138E-001  0.225038931394446E+002  0.137803149337122E+002  0.614164266746142E+002 -0.147387586146106E+000  0.447132262712887E+000 -0.107536384819057E+002 -0.942875032707066E+001
  0.231367303461028E-001  0.225028391580422E+002  0.195603150078430E+001  0.678281610574961E+002 -0.199091765219891E+000  0.143719280042185E+000 -0.107536384819057E+002 -0.942822333636948E+001
  0.231528540809174E-001  0.224934618227643E+002  0.116031195326927E+002  0.584798194352529E+002 -0.306014934006923E+000  0.429616196203133E+000 -0.107536384819057E+002 -0.942353466873052E+001
  0.231368639766529E-001  0.224868595216202E+002  0.871511654597581E+001  0.657242902877701E+002 -0.436717357971681E+000  0.433072064168879E+000 -0.107536384819057E+002 -0.942023351815847E+001
  0.233155953634261E-001  0.224634849252710E+002 -0.841745045225213E+001  0.613392369970612E+002 -0.103283241576469E+000  0.428257576682652E+000 -0.107536384819057E+002 -0.940854621998388E+001
  0.232616132840832E-001  0.224601368070460E+002  0.988795783155574E+001  0.640005527457916E+002 -0.342185883833400E+000  0.340205175377129E+000 -0.107536384819057E+002 -0.940687216087140E+001
  0.231821101114234E-001  0.224590000406945E+002  0.155451789328547E+002  0.759454802772514E+002 -0.480244108953972E+000  0.469203974992674E+000 -0.107536384819057E+002 -0.940630377769563E+001
  0.232049779523778E-001  0.224490440836627E+002 -0.830212145080321E+001  0.646764624265965E+002 -0.176246012478862E-001  0.597963338200920E-001 -0.107536384819057E+002 -0.940132579917973E+001
  0.232140413823332E-001  0.224402790310807E+002  0.133776908261399E+001  0.647984272084647E+002 -0.125983239554653E+000  0.110745386039929E+000 -0.107536384819057E+002 -0.939694327288874E+001
  0.233585691174979E-001  0.224198818386180E+002  0.795034877607002E+001  0.614380377004868E+002 -0.410783672940383E+000  0.475065369119645E+000 -0.107536384819057E+002 -0.938674467665738E+001
  0.232926917788461E-001  0.224175462935621E+002  0.456490374423329E+001  0.579934550783926E+002 -0.244781201557199E+000  0.382346312254127E+000 -0.107536384819057E+002 -0.938557690412945E+001
  0.232953254479788E-001  0.224093361268570E+002 -0.178606706292690E+002  0.651084463462749E+002 -0.111131408147581E+000  0.362520584684999E+000 -0.107536384819057E+002 -0.938147182077690E+001
  0.237037819493185E-001  0.223665882934435E+002  0.546541161233664E+001  0.679650639135821E+002 -0.137793747306393E+000  0.112558954097977E+000 -0.107536384819057E+002 -0.936009790407014E+001
  0.236932790590688E-001  0.223594906257301E+002 -0.103618016503999E+002  0.650517024117000E+002 -0.192146017145931E+000  0.420332386599389E+000 -0.107536384819057E+002 -0.935654907021342E+001
  0.236751706328428E-001  0.223530357383334E+002 -0.322960788972797E+001  0.554686135321948E+002 -0.980185700473895E-001  0.383113872846625E+000 -0.107536384819057E+002 -0.935332162651507E+001
  0.238161726305477E-001  0.223331756440907E+002  0.619926494968258E+001  0.725408086001418E+002 -0.284686705067423E+000  0.261908231131896E+000 -0.107536384819057E+002 -0.934339157939374E+001
  0.237363601279850E-001  0.223319052357476E+002 -0.348088435779231E+001  0.685273432899787E+002 -0.109971192854464E+000  0.226945189354120E+000 -0.107536384819057E+002 -0.934275637522218E+001
  0.237576266772556E-001  0.223221300990408E+002  0.112247199069106E+002  0.711067270031854E+002 -0.586313705471471E+000  0.599653795547406E+000 -0.107536384819057E+002 -0.933786880686879E+001
  0.238937712374600E-001  0.223027176462881E+002 -0.156587602531163E+002  0.572980516930076E+002 -0.614921496226648E-001  0.263867447452880E+000 -0.107536384819057E+002 -0.932816258049245E+001
  0.238871436412820E-001  0.222952884358394E+002 -0.116844283117796E+002  0.577688446219018E+002 -0.619682100090739E-001  0.447447525481213E+000 -0.107536384819057E+002 -0.932444797526810E+001
  0.239719735433460E-001  0.222802144178982E+002  0.496580694145393E+001  0.671903594530656E+002 -0.710659668000828E-001  0.100872022242033E+000 -0.107536384819057E+002 -0.931691096629750E+001
  0.239800198496300E-001  0.222715591785400E+002 -0.181723978540622E+002  0.754937636057434E+002 -0.451689982446509E+000  0.443879838152966E+000 -0.107536384819057E+002 -0.931258334661838E+001
  0.239416571585296E-001  0.222667772525954E+002 -0.777589812278004E+001  0.621686487750211E+002 -0.398886557069515E+000  0.446476013215827E+000 -0.107536384819057E+002 -0.931019238364606E+001
  0.240585165920744E-001  0.222490549399382E+002  0.150968566249807E+002  0.727345176614951E+002 -0.295912909766244E+000  0.328870326268104E+000 -0.107536384819057E+002 -0.930133122731747E+001
  0.239630798709216E-001  0.222490203912793E+002  0.112828565358793E+001  0.635782809784924E+002 -0.384074570353854E-001  0.820251630179545E-001 -0.107536384819057E+002 -0.930131395298805E+001
  0.239955163919571E-001  0.222383309713098E+002  0.116113244925146E+002  0.720674575606336E+002 -0.292496684349246E+000  0.251995063509053E+000 -0.107536384819057E+002 -0.929596924300329E+001
  0.240074926094624E-001  0.222293489731839E+002  0.974098313529683E+001  0.668542618175383E+002 -0.537018647436827E-001  0.102868109449573E+000 -0.107536384819057E+002 -0.929147824394036E+001
  0.239519850039542E-001  0.222259944748397E+002 -0.175580575871233E+002  0.642960474629499E+002 -0.452157357769467E-002  0.715492809138816E-001 -0.107536384819057E+002 -0.928980099476824E+001
  0.238629192991077E-001  0.222254613147530E+002  0.177791120639511E+002  0.678925792454273E+002 -0.242555874921752E+000  0.189155268196527E+000 -0.107536384819057E+002 -0.928953441472486E+001
  0.237846395899894E-001  0.222240488390577E+002 -0.166144592109125E+002  0.694148978966175E+002 -0.146178313425350E+000  0.231752656748374E+000 -0.107536384819057E+002 -0.928882817687724E+001
  0.238248145686255E-001  0.222126894174993E+002  0.397919144008605E+001  0.631420809754136E+002 -0.466591472731061E+000  0.570744871281072E+000 -0.107536384819057E+002 -0.928314846609805E+001
  0.238821042681166E-001  0.221999019017176E+002  0.118684152811047E+002  0.670980962459332E+002 -0.508027168887235E+000  0.593238047596031E+000 -0.107536384819057E+002 -0.927675470820720E+001
  0.239111697456971E-001  0.221894852590470E+002 -0.254227952160413E+001  0.678536118805639E+002 -0.548574506812766E+000  0.569346637704301E+000 -0.107536384819057E+002 -0.927154638687187E+001
  0.239556851376638E-001  0.221777812808732E+002  0.169966474512504E+002  0.618263466068563E+002 -0.331949856422218E+000  0.374701642492879E+000 -0.107536384819057E+002 -0.926569439778499E+001
  0.239588428740369E-001  0.221695336242272E+002 -0.667290686666696E+001  0.578144003901618E+002 -0.209819194843104E+000  0.362539990857908E+000 -0.107536384819057E+002 -0.926157056946200E+001
  0.238834993277183E-001  0.221678489061056E+002 -0.945722535682658E+001  0.601722569787190E+002 -0.128071321441225E+000  0.215923994668364E+000 -0.107536384819057E+002 -0.926072821040118E+001
  0.238567572217418E-001  0.221621054974220E+002 -0.343410011193777E+001  0.662621977801345E+002 -0.149382137485724E+000  0.124382946958935E+000 -0.107536384819057E+002 -0.925785650605939E+001
  0.237879063416236E-001  0.221599018233772E+002  0.472598100993648E+001  0.608948775163506E+002 -0.981161465290525E-002  0.122156043732227E+000 -0.107536384819057E+002 -0.925675466903697E+001
  0.237488287199820E-001  0.221552059856669E+002 -0.567481618503519E+001  0.668462349708451E+002 -0.120339016115587E+000  0.107850373553501E+000 -0.107536384819057E+002 -0.925440675018185E+001
  0.236798244355836E-001  0.221530415756492E+002  0.756223023140281E+001  0.657994007323180E+002 -0.222790563056450E+000  0.426335120521547E+000 -0.107536384819057E+002 -0.925332454517298E+001
  0.237922936880188E-001  0.221355808577639E+002 -0.120126540668850E+002  0.565869747889655E+002 -0.133432033860428E+000  0.352274623904274E+000 -0.107536384819057E+002 -0.924459418623034E+001
  0.238123251021463E-001  0.221259136663356E+002  0.888987055687312E+001  0.701701061341103E+002 -0.366991326125822E+000  0.312471440243432E+000 -0.107536384819057E+002 -0.923976059051619E+001
  0.238909339500562E-001  0.221113381312549E+002  0.105008858726625E+002  0.578929115124532E+002 -0.953043164209153E-001  0.268931502546917E+000 -0.107536384819057E+002 -0.923247282297582E+001
  0.238373759055414E-001  0.221078426672686E+002  0.135318775599003E+002  0.716966034635998E+002 -0.245083029966367E+000  0.265306797858946E+000 -0.107536384819057E+002 -0.923072509098269E+001
  0.239548278261730E-001  0.220900283890079E+002  0.246646091018223E+001  0.557627475287034E+002 -0.911718408060747E-001  0.374445447135104E+000 -0.107536384819057E+002 -0.922181795185231E+001
  0.240329771016448E-001  0.220755302460905E+002  0.931096641619842E+000  0.684983876689112E+002 -0.114800209432015E+000  0.151723617560281E+000 -0.107536384819057E+002 -0.921456888039364E+001
  0.239487862279451E-001  0.220745647834667E+002  0.171339637096210E+002  0.673130152777488E+002 -0.609668468146141E-001  0.158826095204406E+000 -0.107536384819057E+002 -0.921408614908174E+001
  0.239398291945933E-001  0.220673288964863E+002 -0.323409612580620E+001  0.615508872765922E+002 -0.912179305677097E-001  0.155900770851435E+000 -0.107536384819057E+002 -0.921046820559154E+001
  0.238746982377759E-001  0.220647934906355E+002 -0.993650417643268E+001  0.694624816109438E+002 -0.401103018205732E+000  0.357562745249097E+000 -0.107536384819057E+002 -0.920920050266615E+001
  0.241512860958126E-001  0.220337726758282E+002  0.772595330557518E+001  0.703516801294397E+002 -0.188847174892533E+000  0.216451741190337E+000 -0.107536384819057E+002 -0.919369009526247E+001
  0.241124803549065E-001  0.220290047726103E+002  0.193300629016834E+002  0.634256756781924E+002 -0.208412448070845E-001  0.322293446958427E+000 -0.107536384819057E+002 -0.919130614365355E+001
  0.240639487081408E-001  0.220250502245046E+002  0.109290823930140E+001  0.721976041180079E+002 -0.591034263360496E+000  0.621908896689559E+000 -0.107536384819057E+002 -0.918932886960070E+001
  0.243379456222860E-001  0.219944224532621E+002  0.926133863402531E+001  0.703838152353665E+002 -0.318239819392238E+000  0.426419578485868E+000 -0.107536384819057E+002 -0.917401498397943E+001
  0.245613611022989E-001  0.219681627295670E+002 -0.115895447190511E+002  0.639330842909824E+002 -0.219220310454025E-001  0.884752278870105E-001 -0.107536384819057E+002 -0.916088512213187E+001
  0.249273952526518E-001  0.219305929102000E+002 -0.154642060871174E+002  0.669339033511035E+002 -0.175852917662005E+000  0.364070333408593E+000 -0.107536384819057E+002 -0.914210021244836E+001
  0.251493948220245E-001  0.219048760198976E+002 -0.150026272785116E+002  0.579589365513684E+002 -0.266083507899750E+000  0.425955299809052E+000 -0.107536384819057E+002 -0.912924176729718E+001
  0.252171067438774E-001  0.218915144378796E+002 -0.149629726878818E+002  0.559121229439682E+002 -0.107069583365214E+000  0.418137837231529E+000 -0.107536384819057E+002 -0.912256097628818E+001
  0.251783688070955E-001  0.218866051113930E+002  0.992457311485767E+001  0.686351789074847E+002 -0.557928989312967E+000  0.581572589730922E+000 -0.107536384819057E+002 -0.912010631304486E+001
  0.251134082145812E-001  0.218837877686596E+002  0.159928839230328E+002  0.608339602670847E+002 -0.561903192995448E-001  0.401799552320549E+000 -0.107536384819057E+002 -0.911869764167817E+001
  0.251423100816730E-001  0.218735033415069E+002  0.851539845047725E+001  0.662637147722069E+002 -0.375672055455993E-001  0.132297431833594E+000 -0.107536384819057E+002 -0.911355542810185E+001
  0.251578828848535E-001  0.218642809097881E+002  0.645283970356533E+001  0.664805344233163E+002 -0.235400284787680E+000  0.202200244607797E+000 -0.107536384819057E+002 -0.910894421224241E+001
  0.251705007360446E-001  0.218552940254688E+002 -0.222310781206614E+001  0.651173916060258E+002 -0.126253689481663E-001  0.229743563041303E+000 -0.107536384819057E+002 -0.910445077008280E+001
  0.250835508339860E-001  0.218542308170601E+002  0.177465674455432E+002  0.644430949504996E+002 -0.207104101388922E+000  0.200863022168475E+000 -0.107536384819057E+002 -0.910391916587844E+001
  0.250637749902290E-001  0.218478241942105E+002  0.135768605564184E+002  0.714098721813685E+002 -0.369186679182977E+000  0.320882131745270E+000 -0.107536384819057E+002 -0.910071585445363E+001
  0.251456293350879E-001  0.218333191089724E+002  0.134602219547643E+001  0.574785710929316E+002 -0.167004062020049E+000  0.350212643234301E+000 -0.107536384819057E+002 -0.909346331183456E+001
  0.251604126549759E-001  0.218241595956764E+002 -0.155111216351599E+002  0.687306294282830E+002 -0.431601005655105E+000  0.405213395749314E+000 -0.107536384819057E+002 -0.908888355518658E+001
  0.251532648501339E-001  0.218167438125248E+002  0.763164108455695E+001  0.698188734882295E+002 -0.182482970557434E+000  0.253790530014307E+000 -0.107536384819057E+002 -0.908517566361077E+001
  0.253178343430821E-001  0.217957170521678E+002 -0.287281577401238E+001  0.573570335110913E+002 -0.236012198688454E+000  0.455791124765557E+000 -0.107536384819057E+002 -0.907466228343230E+001
  0.252715868487895E-001  0.217913897035451E+002  0.244776353838792E+001  0.613424051868387E+002 -0.161488315044724E-001  0.131034440256789E+000 -0.107536384819057E+002 -0.907249860912093E+001
  0.252171105499301E-001  0.217877215830089E+002  0.726918588763609E+001  0.572358785153229E+002 -0.713818190549396E-001  0.294353990246618E+000 -0.107536384819057E+002 -0.907066454885282E+001
  0.252056050067863E-001  0.217806502674593E+002 -0.896771045606794E+001  0.670718384667155E+002 -0.197654630310386E+000  0.168513943088375E+000 -0.107536384819057E+002 -0.906712889107805E+001
  0.252240162920542E-001  0.217712058700247E+002  0.530513552176093E+001  0.572987027432028E+002 -0.212114380438175E+000  0.405694841745365E+000 -0.107536384819057E+002 -0.906240669236075E+001
  0.252242468049981E-001  0.217632035503098E+002  0.159821685271816E+001  0.629739810129173E+002 -0.447454409723604E+000  0.504576993078855E+000 -0.107536384819057E+002 -0.905840553250329E+001
  0.252427822234859E-001  0.217537503965765E+002  0.282462756711677E+000  0.673942593042973E+002 -0.191138066170027E+000  0.363406145883322E+000 -0.107536384819057E+002 -0.905367895563664E+001
  0.251528704642604E-001  0.217529028310809E+002 -0.112505325503221E+001  0.591841759456447E+002 -0.340780641536250E+000  0.489775505917623E+000 -0.107536384819057E+002 -0.905325517288884E+001
  0.250589171420944E-001  0.217524033602963E+002  0.289420163199281E+001  0.634244263254693E+002 -0.178798182129710E+000  0.426573228729779E+000 -0.107536384819057E+002 -0.905300543749654E+001
  0.249809351537152E-001  0.217506529134160E+002 -0.110284012938737E+002  0.661252830814236E+002 -0.133250127851632E+000  0.131063741557590E+000 -0.107536384819057E+002 -0.905213021405635E+001
  0.249302074031632E-001  0.217467343172218E+002  0.126772401358350E+002  0.576755066530494E+002 -0.760522258774261E-001  0.279742004980319E+000 -0.107536384819057E+002 -0.905017091595925E+001
  0.249772762131441E-001  0.217349777884321E+002 -0.188534542697531E+002  0.642222331507508E+002 -0.809356756930586E-001  0.116693577608856E+000 -0.107536384819057E+002 -0.904429265156440E+001
  0.250704093314899E-001  0.217195501868284E+002 -0.259293191919225E+001  0.613699801017830E+002 -0.218336357056500E+000  0.275475325210051E+000 -0.107536384819057E+002 -0.903657885076256E+001
  0.250506528068569E-001  0.217131428487575E+002 -0.142083802444479E+002  0.580918394441694E+002 -0.151927580017677E-001  0.413985943286059E+000 -0.107536384819057E+002 -0.903337518172713E+001
  0.252046022351484E-001  0.216929053684655E+002 -0.842036446182878E+001  0.666084876852161E+002 -0.415602404671410E+000  0.536397980494987E+000 -0.107536384819057E+002 -0.902325644158113E+001
  0.251051146125787E-001  0.216928313487599E+002 -0.644579470081773E+000  0.567227589569565E+002 -0.161646734080543E+000  0.438567410180251E+000 -0.107536384819057E+002 -0.902321943172832E+001
  0.251173606442193E-001  0.216838719634628E+002  0.530397404049955E+001  0.588934513325282E+002 -0.941080077660585E-001  0.435468075401429E+000 -0.107536384819057E+002 -0.901873973907976E+001
  0.251953495763992E-001  0.216696875795546E+002  0.164857107699535E+002  0.658692457120380E+002 -0.415243585549616E-001  0.129591040675842E+000 -0.107536384819057E+002 -0.901164754712568E+001
  0.252972859829511E-001  0.216536281775964E+002  0.152987135833860E+002  0.716052805034629E+002 -0.277023797396142E+000  0.326315951659043E+000 -0.107536384819057E+002 -0.900361784614660E+001
  0.252972832995415E-001  0.216456443472074E+002 -0.253316056859824E+001  0.590427424542332E+002 -0.337935375805010E-001  0.209673513365542E+000 -0.107536384819057E+002 -0.899962593095206E+001
  0.252249829883352E-001  0.216433845419897E+002 -0.109069731093710E+002  0.565017777303769E+002 -0.147280794914222E+000  0.416905172696522E+000 -0.107536384819057E+002 -0.899849602834322E+001
  0.253017731090214E-001  0.216293213298589E+002  0.186474693961312E+002  0.646748968571943E+002 -0.689490983488561E-001  0.114295573289274E+000 -0.107536384819057E+002 -0.899146442227783E+001
  0.252942927202518E-001  0.216219286683849E+002 -0.770789007868971E+001  0.644407988269189E+002 -0.480658348766513E+000  0.526499579042480E+000 -0.107536384819057E+002 -0.898776809154081E+001
  0.258933714906877E-001  0.215671281801571E+002 -0.185314319164118E+002  0.564066504167171E+002 -0.103828547971050E+000  0.378379566742446E+000 -0.107536384819057E+002 -0.896036784742692E+001
  0.259540091649907E-001  0.215544659686395E+002 -0.953445236544351E+001  0.636086101923181E+002 -0.420139794330626E+000  0.459088339757119E+000 -0.107536384819057E+002 -0.895403674166812E+001
  0.259596499007957E-001  0.215460473016930E+002 -0.127214351067041E+002  0.726988088825229E+002 -0.355952703300675E+000  0.332014762412513E+000 -0.107536384819057E+002 -0.894982740819487E+001
  0.259617482223685E-001  0.215379016054504E+002 -0.129819873803754E+002  0.612353361336593E+002 -0.242062679809901E+000  0.474095903977815E+000 -0.107536384819057E+002 -0.894575456007360E+001
  0.259125530970693E-001  0.215337109741995E+002  0.172749929496838E+002  0.689485597392419E+002 -0.179753045916284E+000  0.288913762051512E+000 -0.107536384819057E+002 -0.894365924444814E+001
  0.260827720853910E-001  0.215126319393066E+002 -0.659594782503161E+001  0.734893799137120E+002 -0.462752594052745E+000  0.441103836850801E+000 -0.107536384819057E+002 -0.893311972700170E+001
  0.260844893067416E-001  0.215045162263440E+002 -0.175174285709078E+002  0.663148522856347E+002 -0.575394591900298E-001  0.159181937343210E+000 -0.107536384819057E+002 -0.892906187052036E+001
  0.260070124553437E-001  0.215024814773293E+002  0.447553062791759E+001  0.645870522443894E+002 -0.236195248220961E+000  0.442041457312308E+000 -0.107536384819057E+002 -0.892804449601304E+001
  0.259375119935854E-001  0.214998493369565E+002  0.125359264522493E+002  0.563833835566475E+002 -0.476745501732925E-001  0.405947157591560E+000 -0.107536384819057E+002 -0.892672842582663E+001
  0.258966914501501E-001  0.214950153805893E+002 -0.147113762546472E+002  0.637785600242203E+002 -0.425220534425440E+000  0.463781951676838E+000 -0.107536384819057E+002 -0.892431144764301E+001
  0.258022547153174E-001  0.214943380123152E+002  0.747684737632782E+001  0.592874335069318E+002 -0.122634654281975E+000  0.260621779327559E+000 -0.107536384819057E+002 -0.892397276350599E+001
  0.259010342985927E-001  0.214787119256940E+002 -0.122281883154100E+002  0.699376221930359E+002 -0.286889467683482E+000  0.249868837037951E+000 -0.107536384819057E+002 -0.891615972019539E+001
  0.258543112043776E-001  0.214743389580268E+002 -0.549059829879326E+001  0.586082749042379E+002 -0.405396833010092E-001  0.236135022015207E+000 -0.107536384819057E+002 -0.891397323636180E+001
  0.258037499008604E-001  0.214702699923281E+002 -0.894023729719513E+001  0.705809764564996E+002 -0.276206681862556E+000  0.363124049344973E+000 -0.107536384819057E+002 -0.891193875351245E+001
  0.257157030069978E-001  0.214691219680006E+002 -0.981132145188123E+001  0.661169774324851E+002 -0.315729627059361E+000  0.298268533073394E+000 -0.107536384819057E+002 -0.891136474134869E+001
  0.257712851274829E-001  0.214568197748693E+002  0.174473205286471E+001  0.587218289424664E+002 -0.195561779644396E+000  0.339278301063565E+000 -0.107536384819057E+002 -0.890521364478302E+001
  0.257160823658030E-001  0.214531243790814E+002  0.725124972104030E+001  0.646612309607475E+002 -0.484947597204980E+000  0.571236878104592E+000 -0.107536384819057E+002 -0.890336594688909E+001
  0.256286160697014E-001  0.214519543900571E+002 -0.617274154091006E+001  0.685802577161470E+002 -0.156734989921466E+000  0.184104502874117E+000 -0.107536384819057E+002 -0.890278095237693E+001
  0.255859227238888E-001  0.214473048190730E+002 -0.134033633286403E+002  0.661706073860380E+002 -0.188158721074833E+000  0.177392849368574E+000 -0.107536384819057E+002 -0.890045616688487E+001
  0.255252350636959E-001  0.214440702434871E+002  0.129073816124196E+002  0.715529749296574E+002 -0.403276532464867E+000  0.479713065898747E+000 -0.107536384819057E+002 -0.889883887909193E+001
  0.254576103265400E-001  0.214413918896594E+002 -0.105763445159590E+002  0.650748486940418E+002 -0.218565292370472E+000  0.213853684557512E+000 -0.107536384819057E+002 -0.889749970217809E+001
  0.254154593077381E-001  0.214367220586472E+002 -0.160935185872191E+002  0.699752777615395E+002 -0.306155261832875E+000  0.412602856599486E+000 -0.107536384819057E+002 -0.889516478667199E+001
  0.253478505060749E-001  0.214340653946330E+002  0.516912985144962E+001  0.699347571845981E+002 -0.424373101989549E+000  0.395510117081112E+000 -0.107536384819057E+002 -0.889383645466489E+001
  0.252517829926158E-001  0.214336756860640E+002 -0.112712502163592E+002  0.661540012073762E+002 -0.237659303694698E+000  0.219251267519242E+000 -0.107536384819057E+002 -0.889364160038038E+001
  0.253805140057417E-001  0.214155217481706E+002 -0.547166863323772E+001  0.589624207286098E+002 -0.111435582766941E-001  0.392981572432232E+000 -0.107536384819057E+002 -0.888456463143368E+001
  0.253146687169917E-001  0.214127330967705E+002 -0.170312413486436E+002  0.605267580372567E+002 -0.311624497905930E+000  0.400229586539193E+000 -0.107536384819057E+002 -0.888317030573365E+001
  0.252162100257194E-001  0.214125430066285E+002 -0.180653986939881E+001  0.680279558684043E+002 -0.130297862490630E+000  0.181774637506376E+000 -0.107536384819057E+002 -0.888307526066263E+001
  0.251648469980413E-001  0.214086369289840E+002  0.166442231016634E+002  0.650405858682417E+002 -0.255113991173151E+000  0.249835046375520E+000 -0.107536384819057E+002 -0.888112222184036E+001
  0.251366465630864E-001  0.214028953994132E+002 -0.104775437491363E+002  0.618891839361872E+002 -0.221004608404512E+000  0.274124182002814E+000 -0.107536384819057E+002 -0.887825145705499E+001
  0.251054986918041E-001  0.213973911773607E+002 -0.183812382456644E+002  0.636454916527751E+002 -0.134991468900427E+000  0.168650146163549E+000 -0.107536384819057E+002 -0.887549934602873E+001
  0.251636743320862E-001  0.213847780022734E+002  0.756036877078494E+001  0.655688051571764E+002 -0.939021394141333E-001  0.133494837825753E+000 -0.107536384819057E+002 -0.886919275848510E+001
  0.250639132696586E-001  0.213847386927685E+002  0.468757103403147E+001  0.602798738297280E+002 -0.188924033028830E-001  0.177636810145373E+000 -0.107536384819057E+002 -0.886917310373262E+001
  0.250389233775279E-001  0.213787497384021E+002 -0.792065941053232E+001  0.697842382685190E+002 -0.398945580938009E+000  0.497416435575868E+000 -0.107536384819057E+002 -0.886617862654941E+001
  0.250179465524535E-001  0.213724419354147E+002  0.186133188630393E+002  0.629254863175795E+002 -0.109363976144849E-002  0.129280929678101E+000 -0.107536384819057E+002 -0.886302472505571E+001
  0.251126506305747E-001  0.213569012950207E+002 -0.930318838458895E+001  0.707246439157915E+002 -0.528934481436771E+000  0.531255625729913E+000 -0.107536384819057E+002 -0.885525440485875E+001
  0.250193473516585E-001  0.213563618699238E+002 -0.382733640762395E+001  0.660081160588937E+002 -0.117801940663951E+000  0.142531611066473E+000 -0.107536384819057E+002 -0.885498469231029E+001
  0.251467399827260E-001  0.213382201362692E+002 -0.694722592938465E+001  0.613849278202596E+002 -0.426515637525426E-001  0.369201009830499E+000 -0.107536384819057E+002 -0.884591382548296E+001
  0.252392210553638E-001  0.213228942727478E+002 -0.450367802493418E+001  0.653279185516907E+002 -0.352266014039776E+000  0.353072742693017E+000 -0.107536384819057E+002 -0.883825089372227E+001
  0.253221430074828E-001  0.213083501202907E+002 -0.694907751867171E+001  0.586623637258724E+002 -0.202450245667222E+000  0.352966486601253E+000 -0.107536384819057E+002 -0.883097881749375E+001
  0.253099146889818E-001  0.213013321312202E+002  0.117256354520566E+002  0.690273502771294E+002 -0.409020577882891E+000  0.384179016374411E+000 -0.107536384819057E+002 -0.882746982295846E+001
  0.252721884791551E-001  0.212963314535045E+002  0.192940975504724E+002  0.592043814600961E+002 -0.311332439382992E+000  0.479049699599161E+000 -0.107536384819057E+002 -0.882496948410065E+001
  0.252294061910959E-001  0.212917360008564E+002 -0.189313137667620E+002  0.650837315442898E+002 -0.246956472646384E+000  0.244284968697040E+000 -0.107536384819057E+002 -0.882267175777656E+001
  0.251775512521405E-001  0.212878668630747E+002  0.654136557681491E+001  0.671728434730868E+002 -0.126399246907327E+000  0.160362292077522E+000 -0.107536384819057E+002 -0.882073718888574E+001
  0.252468710892547E-001  0.212743839073056E+002  0.724732527821699E+001  0.655313575806516E+002 -0.478254577157405E+000  0.568938951681448E+000 -0.107536384819057E+002 -0.881399571100118E+001
  0.251497042226767E-001  0.212741120544443E+002 -0.788068542740798E+001  0.567928628049087E+002 -0.378137383173254E-001  0.335673517211156E+000 -0.107536384819057E+002 -0.881385978457055E+001
  0.250626814988042E-001  0.212730603900227E+002  0.894636546124025E+001  0.626875653512685E+002 -0.289496112325871E+000  0.328759767264142E+000 -0.107536384819057E+002 -0.881333395235973E+001
  0.249722046771492E-001  0.212723094543965E+002 -0.157529789459021E+002  0.659790236057824E+002 -0.154716101700411E+000  0.162915734720049E+000 -0.107536384819057E+002 -0.881295848454662E+001
  0.248832582976249E-001  0.212714617590970E+002 -0.542124927629043E+001  0.628427027052780E+002 -0.428131375512468E+000  0.542228270459995E+000 -0.107536384819057E+002 -0.881253463689690E+001
  0.249211477859757E-001  0.212604346528100E+002  0.170007633173768E+002  0.694721750518883E+002 -0.192861757106923E+000  0.237422932972184E+000 -0.107536384819057E+002 -0.880702108375338E+001
  0.248276413863102E-001  0.212599689045920E+002  0.877833539741379E+001  0.580030060943661E+002 -0.234084417864419E+000  0.422040493116419E+000 -0.107536384819057E+002 -0.880678820964438E+001
  0.249652353839013E-001  0.212409315261753E+002 -0.166348821520916E+002  0.721753601438242E+002 -0.355589442998496E+000  0.334439504590311E+000 -0.107536384819057E+002 -0.879726952043601E+001
  0.251541072656331E-001  0.212178736406190E+002  0.723464327821933E+001  0.656424664298599E+002 -0.530828489008941E-001  0.218091787595798E+000 -0.107536384819057E+002 -0.878574057765787E+001
  0.250794577943027E-001  0.212158337930572E+002 -0.538708920688555E+001  0.708778719376121E+002 -0.370633555054869E+000  0.337424948026859E+000 -0.107536384819057E+002 -0.878472065387700E+001
  0.250359798124019E-001  0.212113199780477E+002 -0.168944197394058E+001  0.608093159678507E+002 -0.336288087513139E+000  0.426374814535782E+000 -0.107536384819057E+002 -0.878246374637221E+001
  0.250223630714440E-001  0.212044240051896E+002 -0.124161300547583E+002  0.634236344956637E+002 -0.219591392505293E+000  0.246935558555856E+000 -0.107536384819057E+002 -0.877901575994319E+001
  0.249412614272662E-001  0.212029328235045E+002  0.349529268364527E+000  0.583624933594626E+002 -0.217856446608549E+000  0.384521867301758E+000 -0.107536384819057E+002 -0.877827016910064E+001
  0.248431308123176E-001  0.212028332393367E+002 -0.899050780900986E+001  0.704613910623405E+002 -0.243072500443550E+000  0.296492720642557E+000 -0.107536384819057E+002 -0.877822037701671E+001
  0.247677533787082E-001  0.212009266931245E+002  0.152200354499254E+002  0.579004667980734E+002 -0.424461895618209E-001  0.280123773832148E+000 -0.107536384819057E+002 -0.877726710391065E+001
  0.250224665030737E-001  0.211724795679152E+002 -0.109297330694713E+002  0.688041155964468E+002 -0.181365241811736E+000  0.207204130356819E+000 -0.107536384819057E+002 -0.876304354130597E+001
  0.250292067344489E-001  0.211639568635508E+002  0.196531768308493E+001  0.596627147285146E+002 -0.154975790503463E+000  0.440797934637391E+000 -0.107536384819057E+002 -0.875878218912380E+001
  0.249395157220159E-001  0.211631526010299E+002  0.154808136829688E+002  0.600750092622643E+002 -0.462925994757672E-001  0.388121274071982E+000 -0.107536384819057E+002 -0.875838005786332E+001
  0.248629976689775E-001  0.211613142815107E+002  0.939494373067776E+001  0.664196896346444E+002 -0.795956550711756E-001  0.186562743854148E+000 -0.107536384819057E+002 -0.875746089810371E+001
  0.248188725358496E-001  0.211568828544064E+002 -0.123214978265710E+002  0.700257237929818E+002 -0.371666994550212E+000  0.468669700622302E+000 -0.107536384819057E+002 -0.875524518455158E+001
  0.248382040762948E-001  0.211473416085247E+002  0.180882458653679E+002  0.577777869360139E+002 -0.201565845178772E+000  0.437770979252266E+000 -0.107536384819057E+002 -0.875047456161071E+001
  0.248217635817060E-001  0.211406818113256E+002  0.834162776033417E+001  0.579257164103915E+002 -0.144505386159749E+000  0.342905600207594E+000 -0.107536384819057E+002 -0.874714466301120E+001
  0.248393200793452E-001  0.211312836636502E+002 -0.204480021474271E+001  0.664726059334576E+002 -0.163196947708553E+000  0.343582073099916E+000 -0.107536384819057E+002 -0.874244558917348E+001
  0.247588406809289E-001  0.211297901415510E+002 -0.965557702334771E+001  0.605200207622015E+002 -0.929939274573464E-001  0.405981605074520E+000 -0.107536384819057E+002 -0.874169882812387E+001
  0.247443900172545E-001  0.211229737532342E+002 -0.168146118417690E+002  0.646290698581311E+002 -0.472416601722094E+000  0.522388985281226E+000 -0.107536384819057E+002 -0.873829063396545E+001
  0.246477105120873E-001  0.211228192727184E+002 -0.313708432055794E+000  0.658348148107737E+002 -0.854887902256400E-001  0.267632843096351E+000 -0.107536384819057E+002 -0.873821339370757E+001
  0.246069108286717E-001  0.211181485999007E+002 -0.152222633448609E+001  0.694337876564850E+002 -0.284158022951491E+000  0.257642505978728E+000 -0.107536384819057E+002 -0.873587805729873E+001
  0.245647149405104E-001  0.211135970978041E+002 -0.174950067673459E+002  0.666668927040521E+002 -0.296259056918081E+000  0.451435392062917E+000 -0.107536384819057E+002 -0.873360230625044E+001
  0.245154658434360E-001  0.211096268231703E+002  0.164000556903802E+002  0.654452199026571E+002 -0.790658029222515E-001  0.149529690068055E+000 -0.107536384819057E+002 -0.873161716893354E+001
  0.244550818998996E-001  0.211065750492639E+002  0.435438475904744E+001  0.642439375313219E+002 -0.356326053168959E+000  0.378525932758551E+000 -0.107536384819057E+002 -0.873009128198035E+001
  0.244966211336799E-001  0.210951967024472E+002 -0.104759056362616E+002  0.623709876627625E+002 -0.434145663130472E-001  0.339143949001772E+000 -0.107536384819057E+002 -0.872440210857200E+001
  0.244382347417351E-001  0.210919852432626E+002 -0.493955314921450E+001  0.637823265737891E+002 -0.326564613155413E+000  0.352619549042167E+000 -0.107536384819057E+002 -0.872279637897970E+001
  0.244592689447214E-001  0.210822805235766E+002 -0.108803522574793E+002  0.615124267181636E+002 -0.670718804732222E-001  0.181300594107752E+000 -0.107536384819057E+002 -0.871794401913670E+001
  0.243947002684675E-001  0.210795831518969E+002 -0.129384883199832E+002  0.603943149126301E+002 -0.356562673561460E+000  0.477531152985136E+000 -0.107536384819057E+002 -0.871659533329682E+001
  0.243293588714708E-001  0.210769633123672E+002 -0.852387770058339E+001  0.658935784237334E+002 -0.727493037755704E-001  0.233015214072832E+000 -0.107536384819057E+002 -0.871528541353197E+001
  0.243457564451148E-001  0.210676317579295E+002 -0.112696560288206E+002  0.711172534815280E+002 -0.281703811799931E+000  0.324948545254178E+000 -0.107536384819057E+002 -0.871061963631311E+001
  0.242764632011406E-001  0.210653482606465E+002 -0.148713517232675E+002  0.734582658937943E+002 -0.434676610208142E+000  0.428660243809533E+000 -0.107536384819057E+002 -0.870947788767161E+001
  0.242917452549973E-001  0.210561056125424E+002  0.187824834488000E+002  0.670288273068199E+002 -0.179415715775661E+000  0.342912646168813E+000 -0.107536384819057E+002 -0.870485656361958E+001
  0.242202553094122E-001  0.210540161937256E+002 -0.126080296345969E+002  0.736375995847320E+002 -0.490539258457860E+000  0.489962448687434E+000 -0.107536384819057E+002 -0.870381185421119E+001
  0.241569449060976E-001  0.210512668848359E+002  0.734347911339113E+001  0.621411482374651E+002 -0.299339959626816E+000  0.355967079293926E+000 -0.107536384819057E+002 -0.870243719976633E+001
  0.241056724558795E-001  0.210475322984855E+002  0.299861348087830E+001  0.714195553375762E+002 -0.454101656799134E+000  0.435796883232541E+000 -0.107536384819057E+002 -0.870056990659111E+001
  0.240438064973264E-001  0.210446877501999E+002  0.167315679940752E+002  0.659735931302336E+002 -0.265646703084097E+000  0.437325666549976E+000 -0.107536384819057E+002 -0.869914763244835E+001
  0.239614498746489E-001  0.210435660148080E+002 -0.297900791672228E+001  0.644167273438534E+002 -0.444181492264153E+000  0.487016438970612E+000 -0.107536384819057E+002 -0.869858676475237E+001
  0.238882309271774E-001  0.210417027240391E+002 -0.166340456829921E+002  0.589893716975455E+002 -0.365843948375533E-002  0.372251176691859E+000 -0.107536384819057E+002 -0.869765511936794E+001
  0.238186079649618E-001  0.210395562522350E+002  0.306791300660361E+001  0.691537450342753E+002 -0.399481710127095E+000  0.377224110976958E+000 -0.107536384819057E+002 -0.869658188346590E+001
  0.237489628068702E-001  0.210374287381440E+002  0.755065656848245E+001  0.587673340376925E+002 -0.127907192587816E+000  0.300287660237522E+000 -0.107536384819057E+002 -0.869551812642038E+001
  0.236845762462942E-001  0.210348743221018E+002  0.172100184148454E+002  0.573103588500283E+002 -0.733323582846315E-001  0.401731051612582E+000 -0.107536384819057E+002 -0.869424091839930E+001
  0.236394229125198E-001  0.210307068080286E+002  0.286687225990871E+001  0.727495992162629E+002 -0.368992141738034E+000  0.391323609867670E+000 -0.107536384819057E+002 -0.869215716136266E+001
  0.235521716174191E-001  0.210301182684716E+002 -0.132391036252607E+002  0.642380594339688E+002 -0.393946435089868E+000  0.425284527749692E+000 -0.107536384819057E+002 -0.869186289158417E+001
  0.235060866024426E-001  0.210260515005154E+002 -0.187818814165126E+002  0.731177028891119E+002 -0.398005651667401E+000  0.423387788652111E+000 -0.107536384819057E+002 -0.868982950760606E+001
  0.234869522795744E-001  0.210196961523004E+002  0.462484812280011E+001  0.628348988133063E+002 -0.380798894751917E-001  0.318075400518323E+000 -0.107536384819057E+002 -0.868665183349860E+001
  0.234531545346327E-001  0.210145921842287E+002  0.175303848379759E+001  0.638680079934981E+002 -0.458673603115520E-001  0.149240373380249E+000 -0.107536384819057E+002 -0.868409984946273E+001
  0.234894858467953E-001  0.210035123363304E+002 -0.414287516791559E+001  0.640337835364741E+002 -0.139598780282724E+000  0.376163909693991E+000 -0.107536384819057E+002 -0.867855992551360E+001
  0.235912787727238E-001  0.209868799138964E+002  0.110793658160176E+002  0.638190909275646E+002 -0.211771524571133E+000  0.239297059836661E+000 -0.107536384819057E+002 -0.867024371429656E+001
  0.234985794814347E-001  0.209867701283179E+002  0.149988454820841E+002  0.620638930144726E+002 -0.236530047759840E-001  0.163048950208892E+000 -0.107536384819057E+002 -0.867018882150734E+001
  0.234063867589952E-001  0.209866481821453E+002 -0.421608992898055E+001  0.649748232285842E+002 -0.393216080042371E+000  0.523372978255993E+000 -0.107536384819057E+002 -0.867012784842102E+001
  0.233396590311264E-001  0.209843739507411E+002 -0.147912711817673E+002  0.595650035568393E+002 -0.228723513467556E+000  0.462095439700242E+000 -0.107536384819057E+002 -0.866899073271891E+001
  0.232934920961338E-001  0.209803499193923E+002 -0.147731672645264E+002  0.629678397406399E+002 -0.132374281791152E+000  0.193240694472625E+000 -0.107536384819057E+002 -0.866697871704451E+001
  0.232091067524401E-001  0.209796244334421E+002  0.264390029645743E+001  0.593147400152954E+002 -0.275468366089324E+000  0.470595325560812E+000 -0.107536384819057E+002 -0.866661597406942E+001
  0.231395187262396E-001  0.209776460126681E+002 -0.969587242575653E+001  0.614514955886852E+002 -0.473343075893953E-001  0.358898365129029E+000 -0.107536384819057E+002 -0.866562676368244E+001
  0.230485431629200E-001  0.209775406883302E+002  0.403341285769492E+001  0.669106250514384E+002 -0.220609908322367E+000  0.213749162787141E+000 -0.107536384819057E+002 -0.866557410151347E+001
  0.229845617999953E-001  0.209751162450557E+002 -0.173658920393425E+002  0.655091785540740E+002 -0.758858656709340E-001  0.257726096386383E+000 -0.107536384819057E+002 -0.866436187987624E+001
  0.229151722731022E-001  0.209731792597518E+002  0.417124946595902E+001  0.581981883311042E+002 -0.604812195681876E-001  0.288205180936560E+000 -0.107536384819057E+002 -0.866339338722428E+001
  0.229461426176485E-001  0.209624939994803E+002  0.136374122505592E+001  0.597790562474194E+002 -0.315357011659773E+000  0.479419631287739E+000 -0.107536384819057E+002 -0.865805075708852E+001
  0.228788570648533E-001  0.209603832227670E+002 -0.172031271967891E+002  0.665367849309810E+002 -0.112970437979247E+000  0.266617610467814E+000 -0.107536384819057E+002 -0.865699536873185E+001
  0.228115634869684E-001  0.209582904480892E+002  0.127809275016876E+002  0.663055912086998E+002 -0.232079762221630E+000  0.227083491248960E+000 -0.107536384819057E+002 -0.865594898139300E+001
  0.229024604241568E-001  0.209423528675149E+002  0.132840572984061E+002  0.632917080125333E+002 -0.213700706001167E+000  0.251451190848034E+000 -0.107536384819057E+002 -0.864798019110583E+001
  0.228160539604156E-001  0.209419287002504E+002 -0.948982148193316E+001  0.602799785386547E+002 -0.123119174461916E+000  0.250829142252069E+000 -0.107536384819057E+002 -0.864776810747360E+001
  0.227720801808341E-001  0.209378030120001E+002 -0.604490389611004E+001  0.613853052967058E+002 -0.145778959512915E+000  0.418359174898123E+000 -0.107536384819057E+002 -0.864570526334843E+001
  0.226965974410821E-001  0.209364593921029E+002 -0.139767667913206E+001  0.615394240264123E+002 -0.387250180976712E+000  0.481893364608215E+000 -0.107536384819057E+002 -0.864503345339983E+001
  0.226114895298783E-001  0.209359890643988E+002 -0.132692313207577E+002  0.724157823292652E+002 -0.371774451093579E+000  0.411160617439527E+000 -0.107536384819057E+002 -0.864479828954778E+001
  0.225981530699962E-001  0.209291849878583E+002 -0.155475975643682E+002  0.734735291085984E+002 -0.430338210152574E+000  0.441667624453873E+000 -0.107536384819057E+002 -0.864139625127753E+001
  0.226281649797223E-001  0.209185465692457E+002  0.795866154776688E+001  0.708599918450220E+002 -0.531115813739756E+000  0.580489623348042E+000 -0.107536384819057E+002 -0.863607704197123E+001
  0.225778977903874E-001  0.209150103557784E+002  0.771919978422904E+001  0.656331651254501E+002 -0.363644718170721E+000  0.370462913744442E+000 -0.107536384819057E+002 -0.863430893523759E+001
  0.224914593388331E-001  0.209146979165675E+002  0.179177737980006E+002  0.695267189925585E+002 -0.215467103550596E+000  0.266343278300472E+000 -0.107536384819057E+002 -0.863415271563212E+001
  0.224938519634843E-001  0.209065011268375E+002  0.341672906715183E+001  0.653329591544514E+002 -0.376374485989494E+000  0.389728884439622E+000 -0.107536384819057E+002 -0.863005432076711E+001
  0.224133180042645E-001  0.209056904640159E+002  0.697762293690005E+001  0.656558848895435E+002 -0.216441389032373E+000  0.221523988005318E+000 -0.107536384819057E+002 -0.862964898935634E+001
  0.224412308010578E-001  0.208952172380036E+002 -0.105752164380129E+002  0.614028227525391E+002 -0.126372275826154E-001  0.327422611455413E+000 -0.107536384819057E+002 -0.862441237635018E+001
  0.223610959779126E-001  0.208943877264331E+002 -0.194520479324846E+002  0.639148623971557E+002 -0.193319976100255E+000  0.225073754729790E+000 -0.107536384819057E+002 -0.862399762056494E+001
  0.223044969470967E-001  0.208914723783771E+002 -0.668667467562547E+001  0.625929500878770E+002 -0.274255618860624E-001  0.163630273040894E+000 -0.107536384819057E+002 -0.862253994653692E+001
  0.222370401252148E-001  0.208895462204903E+002  0.160845245273981E+002  0.607490702124403E+002 -0.941689774727661E-001  0.222193099974869E+000 -0.107536384819057E+002 -0.862157686759355E+001
  0.222136423982029E-001  0.208836676780556E+002  0.335965942230583E+000  0.590834594036777E+002 -0.263074928321020E+000  0.416668285033177E+000 -0.107536384819057E+002 -0.861863759637618E+001
  0.221756533977054E-001  0.208791068941279E+002  0.557543596452386E+001  0.613770259706995E+002 -0.209055862732750E+000  0.447850138653098E+000 -0.107536384819057E+002 -0.861635720441235E+001
  0.220937837919317E-001  0.208785202529841E+002 -0.143818609441920E+002  0.616307063774680E+002 -0.633453888914981E-002  0.176502131119832E+000 -0.107536384819057E+002 -0.861606388384041E+001
  0.220480179519324E-001  0.208746833774921E+002 -0.177915815682117E+002  0.633902387765439E+002 -0.446589602105451E+000  0.521917280179418E+000 -0.107536384819057E+002 -0.861414544609442E+001
  0.219765027525502E-001  0.208731971013016E+002 -0.192505516350411E+002  0.641735579142218E+002 -0.129424612779040E+000  0.178535794324040E+000 -0.107536384819057E+002 -0.861340230799920E+001
  0.219155176084889E-001  0.208707708055060E+002  0.128797611088500E+001  0.612098887603905E+002 -0.817926935446001E-001  0.204878210050285E+000 -0.107536384819057E+002 -0.861218916010137E+001
  0.220060955256460E-001  0.208545376993191E+002 -0.185576763399644E+002  0.605278930484709E+002 -0.179291202686795E-001  0.349753968149073E+000 -0.107536384819057E+002 -0.860407260700793E+001
  0.219312002380304E-001  0.208533720427415E+002 -0.101716765602579E+002  0.661690424038037E+002 -0.381871551401215E+000  0.386434600241286E+000 -0.107536384819057E+002 -0.860348977871914E+001
  0.218446298388010E-001  0.208532983481668E+002  0.130705382962070E+002  0.613808977896884E+002 -0.141992465184473E+000  0.237705940568283E+000 -0.107536384819057E+002 -0.860345293143178E+001
  0.218165574262238E-001  0.208478861474125E+002 -0.207370194008261E+001  0.705630451759658E+002 -0.266265879535076E+000  0.305635433023411E+000 -0.107536384819057E+002 -0.860074683105464E+001
  0.217782555787900E-001  0.208434164548292E+002  0.171991913910503E+002  0.700589570130235E+002 -0.344436898893010E+000  0.437578213137377E+000 -0.107536384819057E+002 -0.859851198476299E+001
  0.216914900412032E-001  0.208434164160219E+002  0.533362295987287E+001  0.574715962060741E+002 -0.120590467622328E+000  0.393691502565474E+000 -0.107536384819057E+002 -0.859851196535933E+001
  0.216121305293484E-001  0.208427629014759E+002 -0.145109500483061E+001  0.648944519928677E+002 -0.671170427952905E-001  0.166960027440025E+000 -0.107536384819057E+002 -0.859818520808634E+001
  0.216665419823340E-001  0.208297499171051E+002 -0.177266421810804E+002  0.579106313957264E+002 -0.376898420508651E-001  0.381357144597554E+000 -0.107536384819057E+002 -0.859167871590094E+001
  0.215802778474190E-001  0.208297446577149E+002 -0.670264578441857E+001  0.676304820325356E+002 -0.441254348276741E+000  0.444499478114801E+000 -0.107536384819057E+002 -0.859167608620582E+001
  0.214998773498001E-001  0.208292258242121E+002 -0.168521725246888E+002  0.578059379719533E+002 -0.130926435416239E-001  0.363814645283743E+000 -0.107536384819057E+002 -0.859141666945445E+001
  0.214347609875254E-001  0.208273083437519E+002  0.147171588943814E+001  0.631446320921950E+002 -0.534221237475958E-001  0.164551817188978E+000 -0.107536384819057E+002 -0.859045792922433E+001
  0.213915827336506E-001  0.208233571711479E+002  0.400558163255233E+001  0.609117954039052E+002 -0.687093209044121E-001  0.208373602576496E+000 -0.107536384819057E+002 -0.858848234292231E+001
  0.213653982187163E-001  0.208178227419935E+002  0.280517532183788E+001  0.674582426720164E+002 -0.292648393880530E+000  0.433471908378500E+000 -0.107536384819057E+002 -0.858571512834513E+001
  0.213245442260359E-001  0.208136666741775E+002  0.310442941166782E+001  0.587093223038839E+002 -0.240475376599695E+000  0.445637238900457E+000 -0.107536384819057E+002 -0.858363709443713E+001
  0.212721133342319E-001  0.208106061088580E+002  0.843582379888772E+001  0.692980212853665E+002 -0.511918425941322E+000  0.526344878603668E+000 -0.107536384819057E+002 -0.858210681177740E+001
  0.214729970865284E-001  0.207838236372829E+002  0.865709147628338E+001  0.601751204376248E+002 -0.511677302886642E-001  0.375782449007827E+000 -0.107536384819057E+002 -0.856871557598981E+001
  0.213933436303944E-001  0.207832723306834E+002 -0.126137095732661E+002  0.712471547332378E+002 -0.309766926544833E+000  0.354152311738785E+000 -0.107536384819057E+002 -0.856843992269006E+001
  0.214529814062542E-001  0.207697206867855E+002 -0.133138188242129E+002  0.729499734882629E+002 -0.521946817731833E+000  0.540830049785783E+000 -0.107536384819057E+002 -0.856166410074111E+001
  0.213693394974468E-001  0.207695495804358E+002 -0.502327007681041E+001  0.687405279443212E+002 -0.195224082303074E+000  0.275824483424008E+000 -0.107536384819057E+002 -0.856157854756626E+001
  0.214064566892044E-001  0.207580946777952E+002 -0.896021147279591E+001  0.681965039435120E+002 -0.209026520953187E+000  0.330785847784335E+000 -0.107536384819057E+002 -0.855585109624600E+001
  0.214283694560347E-001  0.207480643779731E+002  0.337786842799819E+001  0.580474851108730E+002 -0.476183717481098E-001  0.307565923440202E+000 -0.107536384819057E+002 -0.855083594633494E+001
  0.215316127147570E-001  0.207304673465761E+002 -0.176601659413544E+002  0.675453687929949E+002 -0.256610148362158E+000  0.247905383294063E+000 -0.107536384819057E+002 -0.854203743063645E+001
  0.215154601702773E-001  0.207239842233010E+002 -0.115335258423843E+002  0.724379549207265E+002 -0.378804422088876E+000  0.386016197629045E+000 -0.107536384819057E+002 -0.853879586899890E+001
  0.214386014041544E-001  0.207231574874595E+002  0.167552376475331E+002  0.692843442588818E+002 -0.292615180001921E+000  0.397876343846998E+000 -0.107536384819057E+002 -0.853838250107816E+001
  0.213882133252267E-001  0.207198796648434E+002 -0.166881520743059E+002  0.680864662885435E+002 -0.371666281798784E+000  0.358639894469949E+000 -0.107536384819057E+002 -0.853674358977006E+001
  0.213500959661093E-001  0.207154631353722E+002  0.172765977954667E+002  0.711779701069414E+002 -0.499399414686734E+000  0.501643500685361E+000 -0.107536384819057E+002 -0.853453532503447E+001
  0.214358139035754E-001  0.206994654217522E+002 -0.162734318170335E+002  0.710647263640276E+002 -0.470891160094956E+000  0.533281875758766E+000 -0.107536384819057E+002 -0.852653646822450E+001
  0.213678674683202E-001  0.206978309725331E+002 -0.885325835566759E+001  0.586841172562772E+002 -0.221753704392464E+000  0.402219359130839E+000 -0.107536384819057E+002 -0.852571924361491E+001
  0.213407367805881E-001  0.206923879347268E+002  0.495708630609914E+001  0.645070323793788E+002 -0.305452350943866E+000  0.326797906664137E+000 -0.107536384819057E+002 -0.852299772471176E+001
  0.212867252246006E-001  0.206894721352733E+002  0.167380643156563E+002  0.616470502274117E+002 -0.176610499688538E+000  0.262775157128841E+000 -0.107536384819057E+002 -0.852153982498505E+001
  0.213319713577130E-001  0.206772414917127E+002 -0.107432944946336E+002  0.721927684903449E+002 -0.493917744086873E+000  0.538513913202978E+000 -0.107536384819057E+002 -0.851542450320471E+001
  0.213283040168879E-001  0.206696013138863E+002  0.837557110312849E+001  0.636380818422527E+002 -0.247423754088933E+000  0.283756532163085E+000 -0.107536384819057E+002 -0.851160441429153E+001
  0.212968054802414E-001  0.206645731386988E+002 -0.380840618030973E+001  0.663499233275269E+002 -0.478556997614912E+000  0.513108591196739E+000 -0.107536384819057E+002 -0.850909032669779E+001
  0.212379121832608E-001  0.206621274740167E+002 -0.315961046265485E+001  0.586050064520903E+002 -0.630684797272885E-001  0.387824287394230E+000 -0.107536384819057E+002 -0.850786749435675E+001
  0.211694212418612E-001  0.206606037293007E+002  0.107103370549837E+002  0.577443510685094E+002 -0.551137635753836E-001  0.345891383365773E+000 -0.107536384819057E+002 -0.850710562199873E+001
  0.211072781908381E-001  0.206584993411919E+002  0.318476341416762E+001  0.638894121001176E+002 -0.281552939979882E+000  0.312988905670235E+000 -0.107536384819057E+002 -0.850605342794434E+001
  0.210471912834713E-001  0.206562168955473E+002 -0.537121239571252E+001  0.581944551565956E+002 -0.866925799518214E-002  0.308951803118004E+000 -0.107536384819057E+002 -0.850491220512204E+001
  0.209655479969983E-001  0.206560060561504E+002 -0.156632620851839E+002  0.642174682320451E+002 -0.607097784106119E-001  0.274572948242238E+000 -0.107536384819057E+002 -0.850480678542358E+001
  0.208900788300413E-001  0.206552343532143E+002  0.172413846764379E+002  0.680485885559969E+002 -0.365692762134526E+000  0.353669667896175E+000 -0.107536384819057E+002 -0.850442093395554E+001
  0.208217723524984E-001  0.206538006350233E+002 -0.611559024411754E-001  0.730830287500055E+002 -0.482273584640854E+000  0.510154571585581E+000 -0.107536384819057E+002 -0.850370407486005E+001
  0.207570803235705E-001  0.206520401486400E+002 -0.116930586842540E+002  0.659386043358120E+002 -0.261760035467384E+000  0.428422618940766E+000 -0.107536384819057E+002 -0.850282383166837E+001
  0.206830716556894E-001  0.206511997813077E+002  0.680803929553924E+001  0.608156039662287E+002 -0.144076735892626E+000  0.415937100166031E+000 -0.107536384819057E+002 -0.850240364800222E+001
  0.206995098915420E-001  0.206416268348286E+002 -0.164180781671336E+002  0.584124953948224E+002 -0.106847580658328E+000  0.323095611325765E+000 -0.107536384819057E+002 -0.849761717476266E+001
  0.206185734765877E-001  0.206414782494916E+002  0.178276695473990E+002  0.691192575060765E+002 -0.480890756818894E+000  0.487795740580982E+000 -0.107536384819057E+002 -0.849754288209418E+001
  0.205669733752462E-001  0.206385056862004E+002 -0.629916925052378E+000  0.588483656225750E+002 -0.645048337814749E-001  0.387433771136077E+000 -0.107536384819057E+002 -0.849605660044858E+001
  0.205060252706160E-001  0.206364572365203E+002 -0.488156788373781E+001  0.601535977899468E+002 -0.964111758558008E-001  0.251784473240310E+000 -0.107536384819057E+002 -0.849503237560855E+001
  0.205161743076670E-001  0.206274835798345E+002  0.172650597699086E+002  0.695123985043697E+002 -0.278210847530885E+000  0.273574496094374E+000 -0.107536384819057E+002 -0.849054554726565E+001
  0.205063111017998E-001  0.206204612738610E+002 -0.661713954401385E+000  0.601086824658205E+002 -0.132178392398268E+000  0.414441479798306E+000 -0.107536384819057E+002 -0.848703439427890E+001
  0.204390425800160E-001  0.206190487786411E+002  0.160307880385351E+002  0.641187468319113E+002 -0.402311210253272E-001  0.218039053366117E+000 -0.107536384819057E+002 -0.848632814666894E+001
  0.203600672677243E-001  0.206188075923777E+002 -0.705937118187605E+001  0.648899496354645E+002 -0.313980796144949E+000  0.331863505470888E+000 -0.107536384819057E+002 -0.848620755353723E+001
  0.203011187414847E-001  0.206166225511295E+002  0.486339892258161E+001  0.701978037183098E+002 -0.474477328158011E+000  0.542309646208325E+000 -0.107536384819057E+002 -0.848511503291311E+001
  0.203209264421407E-001  0.206066880698927E+002  0.161209000684782E+002  0.731258287427669E+002 -0.480371786282922E+000  0.495702970617398E+000 -0.107536384819057E+002 -0.848014779229475E+001
  0.205003503380803E-001  0.205811225046241E+002  0.154759452070923E+002  0.596036042121143E+002 -0.175235049753004E+000  0.324342656320345E+000 -0.107536384819057E+002 -0.846736500966042E+001
  0.204868322243277E-001  0.205744577149243E+002  0.385762406275988E+001  0.680614799301436E+002 -0.279685985760034E+000  0.270816090273089E+000 -0.107536384819057E+002 -0.846403261481055E+001
  0.204697540580758E-001  0.205681416011647E+002  0.308563970556715E+001  0.685499503698891E+002 -0.200271896981056E+000  0.282621502871358E+000 -0.107536384819057E+002 -0.846087455793072E+001
  0.204003884583765E-001  0.205669464428361E+002 -0.630880285911211E+000  0.614023819324637E+002 -0.355557960605307E+000  0.495943285084280E+000 -0.107536384819057E+002 -0.846027697876645E+001
  0.204044973558839E-001  0.205585596154404E+002 -0.528737685879656E+001  0.612815622928187E+002 -0.355715233521628E+000  0.460480624217544E+000 -0.107536384819057E+002 -0.845608356506857E+001
  0.203286515130738E-001  0.205580236521755E+002  0.110927628324556E+002  0.593977438117935E+002 -0.723714240531859E-002  0.258263638760036E+000 -0.107536384819057E+002 -0.845581558343611E+001
  0.202643868164812E-001  0.205563721979744E+002 -0.118469040044556E+002  0.610583437784497E+002 -0.256070411998985E+000  0.351765438417476E+000 -0.107536384819057E+002 -0.845498985633559E+001
  0.202106198189506E-001  0.205537017584340E+002 -0.732843994205071E+001  0.647272425705942E+002 -0.348839900501801E+000  0.374173332612624E+000 -0.107536384819057E+002 -0.845365463656537E+001
  0.202038815033417E-001  0.205463846364755E+002  0.158537131693426E+002  0.621515471842076E+002 -0.395094416655504E+000  0.492177714903868E+000 -0.107536384819057E+002 -0.844999607558613E+001
  0.201433051649991E-001  0.205444061064750E+002 -0.135204145102637E+002  0.587532548878893E+002 -0.142741759037439E-001  0.288108449809709E+000 -0.107536384819057E+002 -0.844900681058589E+001
  0.200958735556276E-001  0.205411370340568E+002 -0.749320776503301E+001  0.617094607227835E+002 -0.215898395244463E-001  0.306700592498147E+000 -0.107536384819057E+002 -0.844737227437679E+001
  0.200203885499365E-001  0.205406796244409E+002 -0.142927844319041E+002  0.709513303508599E+002 -0.515226711938820E+000  0.562678081199066E+000 -0.107536384819057E+002 -0.844714356956883E+001
  0.199874201725969E-001  0.205359917769052E+002  0.232449437838297E+001  0.607049279474708E+002 -0.320594087435772E+000  0.434600289934991E+000 -0.107536384819057E+002 -0.844479964580099E+001
  0.199874074189461E-001  0.205280090105343E+002 -0.143801123833048E+002  0.590865473891296E+002 -0.607011906131172E-002  0.275565526185532E+000 -0.107536384819057E+002 -0.844080826261554E+001
  0.199117770816632E-001  0.205276071207446E+002 -0.643849731560391E+001  0.711034258432855E+002 -0.529556130371312E+000  0.554429220368720E+000 -0.107536384819057E+002 -0.844060731772069E+001
  0.199029755067920E-001  0.205205073308448E+002 -0.176168338887677E+001  0.673758106005418E+002 -0.510626453700824E+000  0.563880129923582E+000 -0.107536384819057E+002 -0.843705742277078E+001
  0.199104759003832E-001  0.205117697345780E+002 -0.156574593380279E+001  0.592415465410311E+002 -0.295956818553524E-001  0.355855570859239E+000 -0.107536384819057E+002 -0.843268862463740E+001
  0.199933300584515E-001  0.204954802910733E+002 -0.155514983284190E+002  0.618183444533195E+002 -0.197879511852526E+000  0.282360230816577E+000 -0.107536384819057E+002 -0.842454390288503E+001
  0.199243495650794E-001  0.204944085302787E+002 -0.139823196478937E+002  0.636797189877320E+002 -0.765787966660747E-001  0.185576851760389E+000 -0.107536384819057E+002 -0.842400802248773E+001
  0.199116289800606E-001  0.204877017838840E+002  0.457406517395531E+001  0.680354520906692E+002 -0.189302050292994E+000  0.236987401285612E+000 -0.107536384819057E+002 -0.842065464929040E+001
  0.199284331100692E-001  0.204780305822269E+002 -0.168467102485083E+002  0.633246087874917E+002 -0.310353532710205E+000  0.357688288974986E+000 -0.107536384819057E+002 -0.841581904846182E+001
  0.198627180618319E-001  0.204766525418815E+002  0.111812569298771E+002  0.619873670786971E+002 -0.143402493220433E-001  0.279927811901143E+000 -0.107536384819057E+002 -0.841513002828911E+001
  0.198935270628500E-001  0.204655687088980E+002 -0.204788652676184E+001  0.626095738128560E+002 -0.884038475597684E-001  0.347807828426658E+000 -0.107536384819057E+002 -0.840958811179738E+001
  0.198742650589820E-001  0.204595221141624E+002 -0.102223266804712E+002  0.584654554792628E+002 -0.111225184325041E+000  0.337162949183076E+000 -0.107536384819057E+002 -0.840656481442959E+001
  0.198188231957562E-001  0.204571251298966E+002  0.179444806494767E+002  0.595757575224465E+002 -0.271713216326922E+000  0.434314501587853E+000 -0.107536384819057E+002 -0.840536632229666E+001
  0.198037780233194E-001  0.204506599349543E+002 -0.106461177115413E+002  0.668392272255175E+002 -0.174103730035854E+000  0.212709018549258E+000 -0.107536384819057E+002 -0.840213372482551E+001
  0.197868762504281E-001  0.204443835453174E+002 -0.681730252519356E+001  0.595216258947754E+002 -0.143291280308047E+000  0.310312222995025E+000 -0.107536384819057E+002 -0.839899553000710E+001
  0.197382621541375E-001  0.204413193206732E+002 -0.692264447802077E+001  0.691741226529947E+002 -0.524023991688704E+000  0.560953810206985E+000 -0.107536384819057E+002 -0.839746341768498E+001
  0.198179219397650E-001  0.204252799113043E+002  0.110279895508449E+002  0.673176076342741E+002 -0.270847414976807E+000  0.270549934692010E+000 -0.107536384819057E+002 -0.838944371300055E+001
  0.197525207135140E-001  0.204239069937785E+002 -0.191104084195316E+002  0.705914914915525E+002 -0.374380776300356E+000  0.448368160685687E+000 -0.107536384819057E+002 -0.838875725423765E+001
  0.196818758361347E-001  0.204230887718564E+002  0.121141286082066E+002  0.628223134173228E+002 -0.413896877117055E-001  0.286024666904567E+000 -0.107536384819057E+002 -0.838834814327659E+001
  0.196459078102058E-001  0.204187630118466E+002 -0.114471764180569E+002  0.648811768586743E+002 -0.354093429665592E+000  0.380915070679448E+000 -0.107536384819057E+002 -0.838618526327169E+001
  0.197002068440817E-001  0.204052588239185E+002 -0.888469588616125E+001  0.601281515469365E+002 -0.811678857861842E-002  0.251346651194380E+000 -0.107536384819057E+002 -0.837943316930762E+001
  0.196445123803585E-001  0.204029369898812E+002  0.295001327678299E+001  0.647283883032423E+002 -0.459340661106594E+000  0.525890171459783E+000 -0.107536384819057E+002 -0.837827225228897E+001
  0.195838516292996E-001  0.204011383492513E+002 -0.387715038759726E+001  0.695048290914672E+002 -0.248654594381082E+000  0.293877129579517E+000 -0.107536384819057E+002 -0.837737293197401E+001
  0.195225217046214E-001  0.203994274504205E+002  0.154792589588633E+002  0.626554225995666E+002 -0.159423599330787E+000  0.239085833075623E+000 -0.107536384819057E+002 -0.837651748255864E+001
  0.194544255453170E-001  0.203984317672470E+002 -0.708902328170812E+000  0.603721180220339E+002 -0.277500325289809E+000  0.400973404552907E+000 -0.107536384819057E+002 -0.837601964097185E+001
  0.193906218148875E-001  0.203970178068309E+002  0.164630031987434E+002  0.619530752218271E+002 -0.187532699825994E-001  0.217215239027944E+000 -0.107536384819057E+002 -0.837531266076384E+001
  0.193177019220425E-001  0.203965690923108E+002 -0.194970440416043E+002  0.588229860325428E+002 -0.287526880323088E-001  0.340028319081301E+000 -0.107536384819057E+002 -0.837508830350376E+001
  0.193899109132411E-001  0.203811230473723E+002  0.157461688099973E+001  0.672181477609626E+002 -0.244668051452873E+000  0.252100777293276E+000 -0.107536384819057E+002 -0.836736528103451E+001
  0.193361560492268E-001  0.203786913268483E+002  0.123824575846051E+002  0.625569345349817E+002 -0.424361368535684E-001  0.203876224113885E+000 -0.107536384819057E+002 -0.836614942077253E+001
  0.194335359110266E-001  0.203606602540994E+002 -0.746170219567100E+001  0.599154572038319E+002 -0.269180108976694E+000  0.413258448082328E+000 -0.107536384819057E+002 -0.835713388439810E+001
  0.193893303262039E-001  0.203572308061292E+002  0.228810073786457E+001  0.595927200977473E+002 -0.102464034413516E-001  0.315515698051724E+000 -0.107536384819057E+002 -0.835541916041296E+001
  0.193192016385971E-001  0.203564936170123E+002 -0.118882169639351E+002  0.591419668770034E+002 -0.458189730198129E-001  0.355919057322927E+000 -0.107536384819057E+002 -0.835505056585454E+001
  0.192606583296842E-001  0.203545794102784E+002 -0.765976433770621E+001  0.595880696063786E+002 -0.561406657425814E-001  0.363337640536852E+000 -0.107536384819057E+002 -0.835409346248758E+001
  0.191845713926960E-001  0.203545117762902E+002  0.142359023791484E+002  0.598130150453828E+002 -0.163639038646159E+000  0.420562296242595E+000 -0.107536384819057E+002 -0.835405964549347E+001
  0.191147522023344E-001  0.203538196920575E+002 -0.369577358497728E+001  0.590216113741511E+002 -0.134014714935814E+000  0.405172754189387E+000 -0.107536384819057E+002 -0.835371360337714E+001
  0.190594948664202E-001  0.203516256654323E+002 -0.134426744790626E+002  0.624230082233466E+002 -0.194244472703747E+000  0.270982562380510E+000 -0.107536384819057E+002 -0.835261659006455E+001
  0.190168519539646E-001  0.203481213520527E+002  0.163955061551447E+002  0.588937569352728E+002 -0.177435953140130E+000  0.370429523305267E+000 -0.107536384819057E+002 -0.835086443337472E+001
  0.189423086454758E-001  0.203479924257106E+002  0.894559271159265E+001  0.606547959519468E+002 -0.130805005753240E+000  0.270137560781114E+000 -0.107536384819057E+002 -0.835079997020369E+001
  0.188677610254851E-001  0.203478949295056E+002  0.666776739603329E+001  0.691474223229991E+002 -0.317373078130328E+000  0.310348408264813E+000 -0.107536384819057E+002 -0.835075122210117E+001
  0.188156580532861E-001  0.203454414897276E+002 -0.135268122514406E+002  0.685713188566387E+002 -0.297131076741331E+000  0.408685176080697E+000 -0.107536384819057E+002 -0.834952450221218E+001
  0.187506033146953E-001  0.203443843865488E+002  0.108048343212974E+002  0.637665125491831E+002 -0.172073204091288E+000  0.231034761343224E+000 -0.107536384819057E+002 -0.834899595062276E+001
  0.187016015385176E-001  0.203416338734461E+002  0.170330062148528E+002  0.607041608675847E+002 -0.196017008351316E+000  0.315440062033224E+000 -0.107536384819057E+002 -0.834762069407142E+001
  0.186492050938573E-001  0.203392611130993E+002  0.130776866500422E+002  0.722887742155648E+002 -0.438503189093019E+000  0.474516099488241E+000 -0.107536384819057E+002 -0.834643431389801E+001
  0.186517535750745E-001  0.203310037820108E+002  0.243195069660021E+001  0.627092066886879E+002 -0.286640356883385E-001  0.232016185067383E+000 -0.107536384819057E+002 -0.834230564835379E+001
  0.185993514240846E-001  0.203286466528808E+002 -0.645773138082678E+000  0.706682153552831E+002 -0.474381169506715E+000  0.479178392516165E+000 -0.107536384819057E+002 -0.834112708378880E+001
  0.185626774107423E-001  0.203246100832218E+002  0.114036351801489E+002  0.597979629808352E+002 -0.143156448617520E+000  0.410449611698633E+000 -0.107536384819057E+002 -0.833910879895928E+001
  0.185289950896303E-001  0.203202583740988E+002 -0.131109345896490E+002  0.679800201380805E+002 -0.342147165237773E+000  0.337180164958317E+000 -0.107536384819057E+002 -0.833693294439777E+001
  0.184680311667686E-001  0.203188655616350E+002  0.172492144312933E+002  0.661340609409879E+002 -0.440604095250207E+000  0.471363938154045E+000 -0.107536384819057E+002 -0.833623653816589E+001
  0.183994436731246E-001  0.203183230455980E+002 -0.112394202592184E+002  0.636579127382093E+002 -0.510947459069384E-001  0.226184472541142E+000 -0.107536384819057E+002 -0.833596528014739E+001
  0.184027734214464E-001  0.203099770956964E+002  0.126981674235201E+002  0.672695310588901E+002 -0.181270044580329E+000  0.230318849417813E+000 -0.107536384819057E+002 -0.833179230519660E+001
  0.183365062836957E-001  0.203092079153046E+002 -0.837612679225549E+001  0.629696674172126E+002 -0.403500418438325E-001  0.262547608874520E+000 -0.107536384819057E+002 -0.833140771500066E+001
  0.182663697653972E-001  0.203088884731147E+002  0.426437406041855E+001  0.710325442301360E+002 -0.373519953475365E+000  0.370797807134301E+000 -0.107536384819057E+002 -0.833124799390572E+001
  0.182239646825608E-001  0.203055527959651E+002  0.143311196523326E+002  0.641290898124345E+002 -0.249116208493189E+000  0.435379986228347E+000 -0.107536384819057E+002 -0.832958015533095E+001
  0.181717944020084E-001  0.203033024232377E+002 -0.129611045483962E+002  0.698714399737708E+002 -0.291157318763267E+000  0.363156127695047E+000 -0.107536384819057E+002 -0.832845496896723E+001
  0.182420724102475E-001  0.202875984540169E+002  0.143634856730325E+002  0.651796706545615E+002 -0.133617505402144E+000  0.317531038751105E+000 -0.107536384819057E+002 -0.832060298435684E+001
  0.181751749410706E-001  0.202869623083443E+002 -0.121173636345445E+002  0.648927082252892E+002 -0.398766122248432E+000  0.516764564712657E+000 -0.107536384819057E+002 -0.832028491152055E+001
  0.181335073615959E-001  0.202835686386994E+002  0.128650727130625E+002  0.700033028585418E+002 -0.512742023166059E+000  0.560040240993488E+000 -0.107536384819057E+002 -0.831858807669810E+001
  0.180907454120804E-001  0.202803065121260E+002  0.417901215996465E+001  0.659255950575305E+002 -0.144101023536227E+000  0.211478191080428E+000 -0.107536384819057E+002 -0.831695701341139E+001
  0.180220192139567E-001  0.202799348783079E+002 -0.120175535380262E+001  0.590379644339207E+002 -0.827878434284028E-001  0.375070061632574E+000 -0.107536384819057E+002 -0.831677119650234E+001
  0.179832879481332E-001  0.202762536770793E+002 -0.157478346723536E+002  0.670294715264703E+002 -0.202311058184904E+000  0.341992645498270E+000 -0.107536384819057E+002 -0.831493059588801E+001
  0.180809750409146E-001  0.202574348276042E+002 -0.120491438685304E+002  0.604004423563727E+002 -0.192971623463162E+000  0.325699693968082E+000 -0.107536384819057E+002 -0.830552117115049E+001
  0.180520662471003E-001  0.202526510470915E+002 -0.693586169724226E+001  0.621307193006211E+002 -0.502303690682413E-001  0.308662525218804E+000 -0.107536384819057E+002 -0.830312928089413E+001
  0.180559671639847E-001  0.202442348661576E+002 -0.162533919629046E+002  0.644736802784334E+002 -0.159565159824491E+000  0.362045956382500E+000 -0.107536384819057E+002 -0.829892119042718E+001
  0.180075895229155E-001  0.202416166471293E+002  0.152297784587190E+002  0.597911724220617E+002 -0.111301561794702E+000  0.390900891080713E+000 -0.107536384819057E+002 -0.829761208091301E+001
  0.179407935863619E-001  0.202410650405051E+002  0.768847774731746E+001  0.687971124176825E+002 -0.486648748339561E+000  0.507468481639264E+000 -0.107536384819057E+002 -0.829733627760093E+001
  0.178800556984212E-001  0.202398634107074E+002 -0.134980567359427E+002  0.646048015732254E+002 -0.224706116114729E+000  0.262075659087783E+000 -0.107536384819057E+002 -0.829673546270209E+001
  0.178173787224110E-001  0.202389025104679E+002  0.291283844991442E+001  0.621213640684734E+002 -0.642304618624001E-001  0.324640234164879E+000 -0.107536384819057E+002 -0.829625501258233E+001
  0.177472024094088E-001  0.202388113098347E+002 -0.189615263447398E+002  0.715577410445466E+002 -0.473978754694252E+000  0.482406081018890E+000 -0.107536384819057E+002 -0.829620941226574E+001
  0.177694137036346E-001  0.202283257567857E+002 -0.221436803871789E+000  0.595374547663887E+002 -0.861337984128434E-001  0.292367889483063E+000 -0.107536384819057E+002 -0.829096663574122E+001
  0.177114416452667E-001  0.202268773075276E+002 -0.928352635360237E+001  0.706284625159245E+002 -0.486631194698588E+000  0.540017352774708E+000 -0.107536384819057E+002 -0.829024241111219E+001
  0.177040079607378E-001  0.202197328629291E+002 -0.131684085481697E+002  0.649242734256785E+002 -0.932451637526504E-001  0.245742714370011E+000 -0.107536384819057E+002 -0.828667018881292E+001
  0.176549607618427E-001  0.202172973114376E+002 -0.193003535713041E+002  0.638732481610509E+002 -0.642152294718887E-001  0.241663804866280E+000 -0.107536384819057E+002 -0.828545241306719E+001
  0.176148586606741E-001  0.202138613067515E+002  0.211190670798861E+001  0.623362944106810E+002 -0.316112022201360E-001  0.249299337914470E+000 -0.107536384819057E+002 -0.828373441072411E+001
  0.175475459174799E-001  0.202135346273795E+002 -0.171420280989672E+002  0.611551446652061E+002 -0.244023817566271E+000  0.449466858941900E+000 -0.107536384819057E+002 -0.828357107103814E+001
  0.174812610355903E-001  0.202131197790863E+002  0.207551190228200E+001  0.633423770967967E+002 -0.382329146762475E+000  0.447714863761246E+000 -0.107536384819057E+002 -0.828336364689153E+001
  0.174825072155483E-001  0.202049931683950E+002 -0.173122227146080E+002  0.590178312146873E+002 -0.662702614360269E-001  0.354171343613925E+000 -0.107536384819057E+002 -0.827930034154589E+001
  0.174659220909437E-001  0.201989073657687E+002 -0.112652771469988E+002  0.687857546028621E+002 -0.489879176149390E+000  0.513463237363392E+000 -0.107536384819057E+002 -0.827625744023273E+001
  0.173984044003136E-001  0.201986696681995E+002 -0.179041712883953E+002  0.601589864445878E+002 -0.136890709338354E+000  0.401624545766522E+000 -0.107536384819057E+002 -0.827613859144811E+001
  0.173422151226181E-001  0.201971552082370E+002  0.136842872417993E+002  0.610513444657987E+002 -0.923496545889166E-001  0.248118350548819E+000 -0.107536384819057E+002 -0.827538136146690E+001
  0.173024446838447E-001  0.201937629794396E+002  0.183691386879009E+002  0.709914244558448E+002 -0.465506793473023E+000  0.519814891110189E+000 -0.107536384819057E+002 -0.827368524706817E+001
  0.173032653025215E-001  0.201856840833428E+002 -0.119349392890010E+002  0.589925824731392E+002 -0.744265526518968E-001  0.357808546651759E+000 -0.107536384819057E+002 -0.826964579901980E+001
  0.172451338436911E-001  0.201844304844859E+002  0.183265585051096E+002  0.599102285862278E+002 -0.157275226399822E+000  0.319208269220644E+000 -0.107536384819057E+002 -0.826901899959134E+001
  0.173165130388968E-001  0.201681853429391E+002  0.247750500767782E+001  0.615668132506226E+002 -0.407669203102357E-001  0.304010148771917E+000 -0.107536384819057E+002 -0.826089642881794E+001
  0.172937555657974E-001  0.201628314419501E+002  0.151165509671375E+002  0.602189149404779E+002 -0.238619135040270E+000  0.376900017524154E+000 -0.107536384819057E+002 -0.825821947832345E+001
  0.172847497317920E-001  0.201558891835057E+002  0.411946864426736E+001  0.633722277200386E+002 -0.111227836638558E+000  0.338132083597627E+000 -0.107536384819057E+002 -0.825474834910124E+001
  0.172167921091015E-001  0.201557839437042E+002  0.773386164297311E+001  0.600134890832684E+002 -0.113118088343974E+000  0.387111608623049E+000 -0.107536384819057E+002 -0.825469572920046E+001
  0.171864816508006E-001  0.201513240385893E+002  0.128281210749292E+002  0.589030980389605E+002 -0.902059391720722E-001  0.360947484566054E+000 -0.107536384819057E+002 -0.825246577664304E+001
  0.171318012314131E-001  0.201497133295702E+002 -0.861137881274212E+001  0.594595483580850E+002 -0.555150292989000E-001  0.299232428520090E+000 -0.107536384819057E+002 -0.825166042213347E+001
  0.170985819852082E-001  0.201456111315811E+002  0.181011889552864E+002  0.629835665508833E+002 -0.348993701804190E+000  0.416750783420485E+000 -0.107536384819057E+002 -0.824960932313894E+001
  0.170575755097369E-001  0.201424293265512E+002  0.119230486693749E+001  0.624221654653956E+002 -0.474508518635672E-001  0.282424879416340E+000 -0.107536384819057E+002 -0.824801842062399E+001
  0.170191916932745E-001  0.201389508560891E+002  0.158140672697949E+002  0.701892799136168E+002 -0.313913825364360E+000  0.375017105501550E+000 -0.107536384819057E+002 -0.824627918539292E+001
  0.169812160175072E-001  0.201354344883946E+002  0.170195624209979E+002  0.667704898535034E+002 -0.185428372609918E+000  0.321805777361193E+000 -0.107536384819057E+002 -0.824452100154569E+001
  0.169239468622715E-001  0.201342068457469E+002 -0.178819720487137E+002  0.652542628741311E+002 -0.393781561754129E+000  0.428782675490675E+000 -0.107536384819057E+002 -0.824390718022185E+001
  0.168727667826336E-001  0.201322802109545E+002  0.115424508333454E+002  0.704435019319571E+002 -0.358140645707285E+000  0.425584848871711E+000 -0.107536384819057E+002 -0.824294386282564E+001
  0.168102563161941E-001  0.201317195565147E+002  0.142932410283240E+002  0.667515073297947E+002 -0.166321496718361E+000  0.238225871159246E+000 -0.107536384819057E+002 -0.824266353560575E+001
  0.167500553738258E-001  0.201309107759333E+002  0.118342344570658E+002  0.693857369757180E+002 -0.500677203730673E+000  0.553614244094480E+000 -0.107536384819057E+002 -0.824225914531505E+001
  0.166872078031803E-001  0.201304450095548E+002 -0.863364045015403E+001  0.603662366963233E+002 -0.284665621654316E-001  0.300568477455231E+000 -0.107536384819057E+002 -0.824202626212579E+001
  0.166356097650689E-001  0.201286546904899E+002  0.599291186570871E+001  0.619734788565189E+002 -0.817369234456882E-001  0.229390097157498E+000 -0.107536384819057E+002 -0.824113110259331E+001
  0.165985008987347E-001  0.201251370086886E+002  0.177469641003315E+002  0.590663216979760E+002 -0.738702359534082E-001  0.347731123338732E+000 -0.107536384819057E+002 -0.823937226169269E+001
  0.166361404909929E-001  0.201126228004216E+002  0.171745308143802E+002  0.592068715762772E+002 -0.658548960712950E-001  0.342044860385849E+000 -0.107536384819057E+002 -0.823311515755918E+001
  0.166135874212901E-001  0.201073519317432E+002  0.506007592281440E+001  0.608211587727199E+002 -0.280494875062984E-001  0.276199954755402E+000 -0.107536384819057E+002 -0.823047972321999E+001
  0.166321090461554E-001  0.200971394351485E+002 -0.512814596210737E+001  0.611819163916520E+002 -0.962290353572219E-001  0.252389932485547E+000 -0.107536384819057E+002 -0.822537347492262E+001
  0.165666312401260E-001  0.200970445944727E+002 -0.116565226807868E+002  0.598991646799715E+002 -0.232060119571809E+000  0.432985173299130E+000 -0.107536384819057E+002 -0.822532605458474E+001
  0.165424140353094E-001  0.200919863033631E+002  0.170416771570636E+002  0.598608244397045E+002 -0.590462956060172E-001  0.342752598900384E+000 -0.107536384819057E+002 -0.822279690902991E+001
  0.165524895823214E-001  0.200827844845235E+002  0.873222237919916E+001  0.639183673285022E+002 -0.223827992284715E+000  0.416410968468609E+000 -0.107536384819057E+002 -0.821819599961012E+001
  0.164881833785622E-001  0.200825855479394E+002 -0.544127713685344E+001  0.611530303981885E+002 -0.681093258974501E-001  0.247883705519683E+000 -0.107536384819057E+002 -0.821809653131809E+001
  0.164731943728009E-001  0.200764204835884E+002 -0.107805331499418E+002  0.592729282649102E+002 -0.124804511427446E+000  0.334922807229081E+000 -0.107536384819057E+002 -0.821501399914258E+001
  0.164310200096677E-001  0.200735633692584E+002  0.172005368204782E+002  0.715960313522985E+002 -0.403258760486722E+000  0.417648270921381E+000 -0.107536384819057E+002 -0.821358544197756E+001
  0.163965955067684E-001  0.200697739067978E+002  0.932384314346688E+000  0.649941751403919E+002 -0.130586175830129E+000  0.219505097288703E+000 -0.107536384819057E+002 -0.821169071074728E+001
  0.163405672771269E-001  0.200686356968943E+002 -0.218662332569535E+001  0.610235229671881E+002 -0.345736906053509E-001  0.289989507881040E+000 -0.107536384819057E+002 -0.821112160579553E+001
  0.163004519354062E-001  0.200655675991248E+002 -0.160548454237983E+002  0.594818054367436E+002 -0.570495589080247E-001  0.325346556624937E+000 -0.107536384819057E+002 -0.820958755691075E+001
  0.162652468321718E-001  0.200619077526915E+002 -0.378420190829739E+001  0.606844452524293E+002 -0.210092681069900E+000  0.339398213662686E+000 -0.107536384819057E+002 -0.820775763369414E+001
  0.162766924729229E-001  0.200525168313410E+002 -0.133484501393418E+002  0.611069530976984E+002 -0.153817344611028E+000  0.285751449024024E+000 -0.107536384819057E+002 -0.820306217301887E+001
  0.162800669308113E-001  0.200441181949710E+002  0.453934669160187E+000  0.691941999794373E+002 -0.429522900509461E+000  0.435390986976408E+000 -0.107536384819057E+002 -0.819886285483390E+001
  0.162171714619225E-001  0.200438758007112E+002  0.116492037490214E+002  0.613689322592716E+002 -0.319807785086514E+000  0.469798396488436E+000 -0.107536384819057E+002 -0.819874165770396E+001
  0.161830738451126E-001  0.200401013101770E+002  0.585306815745507E+001  0.593516892464390E+002 -0.102714116682763E+000  0.325054453600231E+000 -0.107536384819057E+002 -0.819685441243687E+001
  0.161527011130702E-001  0.200358744364101E+002 -0.114619822870055E+002  0.652951843111513E+002 -0.168784600747394E+000  0.343703528659590E+000 -0.107536384819057E+002 -0.819474097555345E+001
  0.160893095177985E-001  0.200357548757336E+002 -0.158273121656751E+001  0.624649074107427E+002 -0.151399708162581E+000  0.253314314419231E+000 -0.107536384819057E+002 -0.819468119521518E+001
  0.160422118886423E-001  0.200336339434146E+002  0.836196839664743E+001  0.604382417641645E+002 -0.281767395313421E+000  0.442912236015385E+000 -0.107536384819057E+002 -0.819362072905567E+001
  0.160291458204636E-001  0.200272795255419E+002 -0.712108970475747E+001  0.715910157279468E+002 -0.479823248574839E+000  0.503719871560055E+000 -0.107536384819057E+002 -0.819044352011931E+001
  0.159667265112120E-001  0.200270989131191E+002  0.143359401309977E+002  0.645127485981210E+002 -0.173650104662508E+000  0.366588854386355E+000 -0.107536384819057E+002 -0.819035321390793E+001
  0.159282135492952E-001  0.200239448505783E+002 -0.182832448050120E+002  0.620180913745849E+002 -0.312088139522761E+000  0.472810625964178E+000 -0.107536384819057E+002 -0.818877618263753E+001
  0.159252084721393E-001  0.200163381712202E+002  0.149016362403836E+002  0.667287670744961E+002 -0.462932957782738E+000  0.502559128700523E+000 -0.107536384819057E+002 -0.818497284295848E+001
  0.159003617520447E-001  0.200114769918340E+002 -0.110203223711824E+001  0.594350953367156E+002 -0.128753612819739E+000  0.334656109557142E+000 -0.107536384819057E+002 -0.818254225326537E+001
  0.159173422661283E-001  0.200013582238369E+002  0.194197478512066E+002  0.602823858015799E+002 -0.658024714468648E-001  0.339314450277665E+000 -0.107536384819057E+002 -0.817748286926683E+001
  0.158557093592548E-001  0.200011333332866E+002 -0.155010764741158E+002  0.691128832277716E+002 -0.263485094789637E+000  0.306950800650356E+000 -0.107536384819057E+002 -0.817737042399168E+001
  0.158079431682327E-001  0.199991834938092E+002 -0.996628284956810E+001  0.695311577363288E+002 -0.494179530002520E+000  0.545854658888040E+000 -0.107536384819057E+002 -0.817639550425298E+001
  0.157495401485670E-001  0.199986022071562E+002 -0.978202755166571E+001  0.639981376909466E+002 -0.861960663792645E-001  0.260461371357494E+000 -0.107536384819057E+002 -0.817610486092649E+001
  0.157080858680114E-001  0.199958892940443E+002 -0.241795420656945E+001  0.661053807186444E+002 -0.404987359200348E+000  0.434032032349329E+000 -0.107536384819057E+002 -0.817474840437055E+001
  0.156503621234786E-001  0.199952683467383E+002  0.201668636930079E+001  0.611819970183560E+002 -0.277804686438175E+000  0.390872815400374E+000 -0.107536384819057E+002 -0.817443793071755E+001
  0.156653320961040E-001  0.199853721672802E+002 -0.811315141514460E+001  0.602140063670658E+002 -0.203677100707115E+000  0.354467924655884E+000 -0.107536384819057E+002 -0.816948984098849E+001
  0.156135092608360E-001  0.199840153373152E+002  0.970659312292557E+001  0.654110590248007E+002 -0.340351979348116E+000  0.368884706521214E+000 -0.107536384819057E+002 -0.816881142600599E+001
  0.155547284177238E-001  0.199835749888929E+002 -0.139786275205550E+001  0.622838582015775E+002 -0.343297143599526E+000  0.483134100653514E+000 -0.107536384819057E+002 -0.816859125179480E+001
  0.155607549267306E-001  0.199748162183490E+002 -0.173370627454750E+002  0.652755199290600E+002 -0.442385343661288E+000  0.498912991337551E+000 -0.107536384819057E+002 -0.816421186652289E+001
  0.155028473542791E-001  0.199742888305799E+002 -0.720093585267373E+001  0.670356688845594E+002 -0.180384121993839E+000  0.272761379494094E+000 -0.107536384819057E+002 -0.816394817263831E+001
  0.154592591360874E-001  0.199719359613591E+002 -0.102947942152032E+002  0.620076765242663E+002 -0.287775580130158E+000  0.461575867082481E+000 -0.107536384819057E+002 -0.816277173802795E+001
  0.154423178589023E-001  0.199661448527127E+002 -0.148517611470351E+002  0.623048860317647E+002 -0.149129981868428E+000  0.258570900701589E+000 -0.107536384819057E+002 -0.815987618370475E+001
  0.154025891517735E-001  0.199633128735707E+002 -0.186740054318172E+002  0.609172913552902E+002 -0.103434130225118E+000  0.270828172735452E+000 -0.107536384819057E+002 -0.815846019413373E+001
  0.153461349299476E-001  0.199626727826192E+002 -0.101483560271490E+002  0.657765541780933E+002 -0.396059467324331E+000  0.428359045282280E+000 -0.107536384819057E+002 -0.815814014865797E+001
  0.154020058143672E-001  0.199474205352968E+002  0.513252812706765E+001  0.622959827534896E+002 -0.251782887740610E+000  0.443299674141134E+000 -0.107536384819057E+002 -0.815051402499679E+001
  0.153422023850397E-001  0.199472172759697E+002  0.501705357123307E+001  0.616384782216834E+002 -0.146261283944600E+000  0.272734911338834E+000 -0.107536384819057E+002 -0.815041239533321E+001
  0.153071720113252E-001  0.199438049925164E+002 -0.169833086477806E+002  0.631584799229976E+002 -0.123775317212010E+000  0.234246880989088E+000 -0.107536384819057E+002 -0.814870625360659E+001
  0.153010085946973E-001  0.199366264100327E+002  0.147652835243273E+002  0.642727735785364E+002 -0.163927301554052E+000  0.238474453551813E+000 -0.107536384819057E+002 -0.814511696236473E+001
  0.152467966373041E-001  0.199357410135526E+002 -0.249590711745824E+000  0.635071025161162E+002 -0.798071139224166E-001  0.262840960848943E+000 -0.107536384819057E+002 -0.814467426412468E+001
  0.152032380492058E-001  0.199334789504146E+002  0.154610551722222E+002  0.687198407230150E+002 -0.346777569673124E+000  0.350589759029651E+000 -0.107536384819057E+002 -0.814354323255570E+001
  0.151519737786505E-001  0.199322501655338E+002  0.819671080499779E+001  0.697389186292760E+002 -0.496292193926695E+000  0.541384523254437E+000 -0.107536384819057E+002 -0.814292884011530E+001
  0.151281380639785E-001  0.199274148193693E+002 -0.478174346063112E+001  0.609014394056588E+002 -0.959123838377951E-001  0.271716517387328E+000 -0.107536384819057E+002 -0.814051116703305E+001
  0.150778093296835E-001  0.199260955280083E+002 -0.151748786461946E+002  0.600023727744522E+002 -0.942480998679078E-001  0.358717526356664E+000 -0.107536384819057E+002 -0.813985152135253E+001
  0.150369381687484E-001  0.199235402125115E+002  0.170181984363513E+002  0.631861406462087E+002 -0.920196333780756E-001  0.306075769514428E+000 -0.107536384819057E+002 -0.813857386360415E+001
  0.149795403820039E-001  0.199232050161363E+002  0.360947157503610E+001  0.641350657527771E+002 -0.981174684277004E-001  0.240733752957494E+000 -0.107536384819057E+002 -0.813840626541654E+001
  0.149237040666229E-001  0.199226899130121E+002  0.171261636576819E+000  0.623157061646284E+002 -0.246265437667261E+000  0.439707541862707E+000 -0.107536384819057E+002 -0.813814871385440E+001
  0.148662750724928E-001  0.199224170628850E+002  0.125012263268252E+002  0.700160345301826E+002 -0.477035337812739E+000  0.531232485052598E+000 -0.107536384819057E+002 -0.813801228879089E+001
  0.148310642050139E-001  0.199191756518187E+002 -0.175245191929589E+002  0.641065005249039E+002 -0.418289770871063E+000  0.510386335217094E+000 -0.107536384819057E+002 -0.813639158325773E+001
  0.148111041800849E-001  0.199138850732242E+002 -0.112576974795252E+002  0.613054261841796E+002 -0.599826313461820E-001  0.265235354590417E+000 -0.107536384819057E+002 -0.813374629396046E+001
  0.147643285108188E-001  0.199122273230178E+002  0.133451907818373E+002  0.672297357438005E+002 -0.470609338308513E+000  0.510997693752389E+000 -0.107536384819057E+002 -0.813291741885728E+001
  0.147108069255737E-001  0.199115065745436E+002  0.114251613292799E+001  0.627762306646807E+002 -0.378362928454735E+000  0.488358557321947E+000 -0.107536384819057E+002 -0.813255704462018E+001
  0.146816454814200E-001  0.199074910955416E+002  0.139551882748300E+002  0.687618833574464E+002 -0.439787923916329E+000  0.453944235616878E+000 -0.107536384819057E+002 -0.813054930511918E+001
  0.146520104753196E-001  0.199035481471268E+002  0.458701736731591E+001  0.671853677314341E+002 -0.234416638351337E+000  0.267196815646200E+000 -0.107536384819057E+002 -0.812857783091180E+001
  0.146210648233633E-001  0.198997926542934E+002 -0.965386036542991E+001  0.611764972213356E+002 -0.680082844499221E-001  0.321923498780404E+000 -0.107536384819057E+002 -0.812670008449506E+001
  0.145679608751176E-001  0.198990858682662E+002 -0.641487569823049E+000  0.641511640134325E+002 -0.974900390663200E-001  0.256789437858206E+000 -0.107536384819057E+002 -0.812634669148148E+001
  0.145402489037583E-001  0.198949099582014E+002 -0.166074514061263E+002  0.640480395992514E+002 -0.127113932623909E+000  0.323790531372921E+000 -0.107536384819057E+002 -0.812425873644908E+001
  0.145002539263273E-001  0.198924347738183E+002  0.683840007801815E+001  0.677089112752308E+002 -0.257516321105143E+000  0.282178922755854E+000 -0.107536384819057E+002 -0.812302114425754E+001
  0.144659446623980E-001  0.198891885680194E+002  0.741838452769329E+001  0.628157576949917E+002 -0.159772898075223E+000  0.258558221587051E+000 -0.107536384819057E+002 -0.812139804135807E+001
  0.144293283440137E-001  0.198862733598154E+002 -0.169697391263557E+002  0.649909979332574E+002 -0.348226759802683E+000  0.386124872666793E+000 -0.107536384819057E+002 -0.811994043725607E+001
  0.143852566189777E-001  0.198844072966897E+002 -0.152953240478531E+002  0.661344231216533E+002 -0.158752645046672E+000  0.254387749026018E+000 -0.107536384819057E+002 -0.811900740569324E+001
  0.143456051690760E-001  0.198819436559219E+002 -0.247689768975994E+001  0.629863108482517E+002 -0.978064162405268E-001  0.316982017865239E+000 -0.107536384819057E+002 -0.811777558530933E+001
  0.142912834598562E-001  0.198815472776824E+002 -0.244171410415697E+001  0.656430690931817E+002 -0.141731575712856E+000  0.271486026017612E+000 -0.107536384819057E+002 -0.811757739618956E+001
  0.142464945466234E-001  0.198798410820026E+002  0.193607960561798E+002  0.687914757517283E+002 -0.258793163856982E+000  0.308531993856852E+000 -0.107536384819057E+002 -0.811672429834970E+001
  0.142116342084507E-001  0.198767569196924E+002  0.199707646838583E+000  0.705968100334898E+002 -0.456252966964340E+000  0.470797652066156E+000 -0.107536384819057E+002 -0.811518221719458E+001
  0.141668331867404E-001  0.198750876732705E+002 -0.273388659201366E+001  0.698534001408105E+002 -0.414828642552205E+000  0.485234557343853E+000 -0.107536384819057E+002 -0.811434759398361E+001
  0.141341157341930E-001  0.198717278526561E+002 -0.115749048544404E+002  0.614906079044993E+002 -0.213826570953060E+000  0.327130346553642E+000 -0.107536384819057E+002 -0.811266768367643E+001
  0.140819476005277E-001  0.198711393411647E+002 -0.140339166142365E+002  0.624848297905185E+002 -0.269000889349309E+000  0.449411484380526E+000 -0.107536384819057E+002 -0.811237342793072E+001
  0.140321971075895E-001  0.198702336636814E+002 -0.294418100772338E+001  0.623365294834816E+002 -0.234940776043767E+000  0.323783650348376E+000 -0.107536384819057E+002 -0.811192058918906E+001
  0.139778531459164E-001  0.198700102683913E+002  0.153224952049680E+002  0.651365020916260E+002 -0.335634589790776E+000  0.472824564029189E+000 -0.107536384819057E+002 -0.811180889154401E+001
  0.139559787899953E-001  0.198651585365845E+002  0.124345530793926E+001  0.702766949149076E+002 -0.484708580358828E+000  0.510873356813337E+000 -0.107536384819057E+002 -0.810938302564066E+001
  0.140159076678114E-001  0.198486046080492E+002 -0.198550447133356E+001  0.664515549393991E+002 -0.247007137026230E+000  0.389389746139419E+000 -0.107536384819057E+002 -0.810110606137299E+001
  0.139921877147470E-001  0.198440081516221E+002  0.151087994010863E+001  0.665129513218780E+002 -0.289296402115918E+000  0.425279146630539E+000 -0.107536384819057E+002 -0.809880783315945E+001
  0.139576021565123E-001  0.198409737814844E+002 -0.160613415565976E+002  0.682787005718614E+002 -0.376165540472110E+000  0.384665086897455E+000 -0.107536384819057E+002 -0.809729064809057E+001
  0.140299163196687E-001  0.198226545140997E+002  0.462031705892794E+001  0.664367130230573E+002 -0.224284211207509E+000  0.365881804706203E+000 -0.107536384819057E+002 -0.808813101439821E+001
  0.139743156124011E-001  0.198226122398564E+002  0.781429177057148E+001  0.709716622529170E+002 -0.397629039189021E+000  0.415748711746733E+000 -0.107536384819057E+002 -0.808810987727658E+001
  0.139197430764215E-001  0.198224538932787E+002 -0.190504356471221E+001  0.635914630803585E+002 -0.230574661978424E+000  0.296884807240344E+000 -0.107536384819057E+002 -0.808803070398771E+001
  0.138866855889254E-001  0.198192252263354E+002  0.517560424719673E+001  0.662644626221432E+002 -0.272456930667941E+000  0.414483409264493E+000 -0.107536384819057E+002 -0.808641637051606E+001
  0.138391444727963E-001  0.198180999379062E+002 -0.145735955380795E+001  0.609643680110077E+002 -0.872313393070057E-001  0.339313978027606E+000 -0.107536384819057E+002 -0.808585372630148E+001
  0.137862777392328E-001  0.198177706993654E+002  0.446659281110906E+001  0.615738065577647E+002 -0.212226666277422E+000  0.325968372399337E+000 -0.107536384819057E+002 -0.808568910703108E+001
  0.137322629716518E-001  0.198176380669018E+002  0.116749823877483E+002  0.633598453872217E+002 -0.876703462089461E-001  0.258272616709581E+000 -0.107536384819057E+002 -0.808562279079930E+001
  0.136914968314540E-001  0.198156001339434E+002 -0.188929840422115E+002  0.639079009962743E+002 -0.990879894455137E-001  0.261923601359504E+000 -0.107536384819057E+002 -0.808460382432008E+001
  0.136435486468353E-001  0.198146324666042E+002  0.296925208455972E+001  0.661928252476325E+002 -0.208938045636246E+000  0.257520298411582E+000 -0.107536384819057E+002 -0.808411999065046E+001
  0.135970498467050E-001  0.198134762983210E+002  0.694008157783776E+001  0.609171118608335E+002 -0.667821795640315E-001  0.293405241750877E+000 -0.107536384819057E+002 -0.808354190650886E+001
  0.135689429775673E-001  0.198096307946306E+002 -0.159615631005438E+002  0.627211507313225E+002 -0.102715840066552E+000  0.245729873782529E+000 -0.107536384819057E+002 -0.808161915466369E+001
  0.135195298886472E-001  0.198089433086706E+002 -0.181364559456783E+002  0.654511360498595E+002 -0.141699849647173E+000  0.258312432887998E+000 -0.107536384819057E+002 -0.808127541168368E+001
  0.134734932963833E-001  0.198077812714452E+002  0.134606249054679E+002  0.641795865530067E+002 -0.167673816985220E+000  0.359697048818786E+000 -0.107536384819057E+002 -0.808069439307097E+001
  0.134325571257167E-001  0.198058830276927E+002  0.674405368017946E+001  0.685283866355145E+002 -0.290795562055320E+000  0.311056015911189E+000 -0.107536384819057E+002 -0.807974527119475E+001
  0.134105380381080E-001  0.198011801406856E+002  0.137687732865098E+002  0.615942265627747E+002 -0.213271697247786E+000  0.327005243201992E+000 -0.107536384819057E+002 -0.807739382769116E+001
  0.133608403529654E-001  0.198006216018325E+002 -0.502674927256961E+001  0.610692097078793E+002 -0.785784968599825E-001  0.279477515499190E+000 -0.107536384819057E+002 -0.807711455826464E+001
  0.133357585766116E-001  0.197963956085940E+002 -0.126359595087599E+002  0.643758915933591E+002 -0.275177284166871E+000  0.323772965283803E+000 -0.107536384819057E+002 -0.807500156164537E+001
  0.133260566590388E-001  0.197898671185618E+002 -0.236049550329426E+001  0.612122941831318E+002 -0.173064102464497E+000  0.400632496327866E+000 -0.107536384819057E+002 -0.807173731662928E+001
  0.132807944164446E-001  0.197886876822691E+002  0.172905917444763E+002  0.652241239097892E+002 -0.391793699745593E+000  0.503056819786448E+000 -0.107536384819057E+002 -0.807114759848291E+001
  0.132336067962316E-001  0.197878224382507E+002  0.152185580055602E+002  0.653581402010737E+002 -0.342698586961958E+000  0.474137948466585E+000 -0.107536384819057E+002 -0.807071497647372E+001
  0.131887416770293E-001  0.197866303979239E+002  0.731434308624681E+001  0.649559093390932E+002 -0.434307574967908E+000  0.511123185986876E+000 -0.107536384819057E+002 -0.807011895631031E+001
  0.131741529795813E-001  0.197808598754291E+002  0.162269467306905E+002  0.643943399268115E+002 -0.213460502025260E+000  0.273606322530988E+000 -0.107536384819057E+002 -0.806723369506293E+001
  0.131502388108827E-001  0.197765095996973E+002 -0.181994637109852E+002  0.634313566542727E+002 -0.117992715116867E+000  0.242844833656777E+000 -0.107536384819057E+002 -0.806505855719700E+001
  0.131000297999242E-001  0.197761763851069E+002 -0.190325514554629E+001  0.673950372526477E+002 -0.437463063515317E+000  0.465926299534843E+000 -0.107536384819057E+002 -0.806489194990185E+001
  0.130481519920599E-001  0.197761283247092E+002  0.129196315844031E+002  0.679143291103055E+002 -0.300412163719999E+000  0.316702829284836E+000 -0.107536384819057E+002 -0.806486791970296E+001
  0.130135512927618E-001  0.197734548667086E+002 -0.735164319878175E+001  0.627168718136546E+002 -0.236732036451303E+000  0.320619015570720E+000 -0.107536384819057E+002 -0.806353119070266E+001
  0.129855402114178E-001  0.197697803735516E+002  0.128456761795802E+002  0.683890420244313E+002 -0.301886605198479E+000  0.400679195437535E+000 -0.107536384819057E+002 -0.806169394412419E+001
  0.129386313563677E-001  0.197690341948915E+002 -0.145603170220718E+002  0.597606831359320E+002 -0.145190260339480E+000  0.368105440862141E+000 -0.107536384819057E+002 -0.806132085479416E+001
  0.129000603450308E-001  0.197670212038952E+002 -0.797297331179359E+001  0.701121974102755E+002 -0.348269837117888E+000  0.406316476397458E+000 -0.107536384819057E+002 -0.806031435929600E+001
  0.128501853779156E-001  0.197667846648201E+002  0.956140812840438E+001  0.624474766503364E+002 -0.321243152033202E+000  0.469895068578686E+000 -0.107536384819057E+002 -0.806019608975841E+001
  0.128426382319792E-001  0.197599756034770E+002  0.143259351716385E+002  0.606616031950451E+002 -0.259567302677640E+000  0.429672963775748E+000 -0.107536384819057E+002 -0.805679155908687E+001
  0.128168956442101E-001  0.197560045093461E+002  0.114697014559885E+002  0.677020192643290E+002 -0.464439601939924E+000  0.501115525106809E+000 -0.107536384819057E+002 -0.805480601202141E+001
  0.127758861054381E-001  0.197544300199806E+002 -0.353175717427972E+001  0.654938116800925E+002 -0.220541618773004E+000  0.380528612375858E+000 -0.107536384819057E+002 -0.805401876733869E+001
  0.127362507013416E-001  0.197526603429861E+002 -0.735380228197289E+001  0.694833665639719E+002 -0.343477889066000E+000  0.419386568448699E+000 -0.107536384819057E+002 -0.805313392884143E+001
  0.127076712635834E-001  0.197491692319718E+002  0.774269752358584E+001  0.603881109978159E+002 -0.227610001511865E+000  0.417833879633056E+000 -0.107536384819057E+002 -0.805138837333427E+001
  0.126879574583362E-001  0.197442902606909E+002 -0.124862084845402E+002  0.614384642907466E+002 -0.786463582639527E-001  0.311788330905881E+000 -0.107536384819057E+002 -0.804894888769382E+001
  0.126437953507724E-001  0.197432796246329E+002 -0.128315629866006E+002  0.679606869651590E+002 -0.270256047575200E+000  0.298549772145189E+000 -0.107536384819057E+002 -0.804844356966483E+001
  0.126162363239903E-001  0.197396596364341E+002  0.624232422607297E+001  0.642093356850106E+002 -0.185526497213422E+000  0.372766961547221E+000 -0.107536384819057E+002 -0.804663357556545E+001
  0.125777006779951E-001  0.197377938398912E+002  0.162878447698019E+002  0.665101460119424E+002 -0.180913551823707E+000  0.282730610015433E+000 -0.107536384819057E+002 -0.804570067729398E+001
  0.125276348412286E-001  0.197377867316732E+002 -0.745180974460303E+001  0.652134639745404E+002 -0.311138078477031E+000  0.348187834523035E+000 -0.107536384819057E+002 -0.804569712318500E+001
  0.124791243964748E-001  0.197375622720764E+002 -0.114986397812699E+002  0.623559535832422E+002 -0.276512215436991E+000  0.449732551783818E+000 -0.107536384819057E+002 -0.804558489338657E+001
  0.124561980198972E-001  0.197332559655064E+002  0.158397875483664E+001  0.655292464323560E+002 -0.167919972515098E+000  0.250668413045624E+000 -0.107536384819057E+002 -0.804343174010157E+001
  0.124214703987481E-001  0.197308556686981E+002  0.181056394858456E+002  0.674493165360380E+002 -0.386198059541458E+000  0.404415176496959E+000 -0.107536384819057E+002 -0.804223159169745E+001
  0.123720098470532E-001  0.197308512428674E+002 -0.503830575985426E+001  0.662768503183286E+002 -0.335153891481962E+000  0.360146908794373E+000 -0.107536384819057E+002 -0.804222937878206E+001
  0.123350957304968E-001  0.197288434801329E+002 -0.382051919862329E+001  0.642271894979931E+002 -0.412675057129303E+000  0.494261514639497E+000 -0.107536384819057E+002 -0.804122549741484E+001
  0.122980434285107E-001  0.197268761015181E+002 -0.188819295916052E+002  0.652377221001475E+002 -0.148474854381656E+000  0.253039213306330E+000 -0.107536384819057E+002 -0.804024180810744E+001
  0.122531082113507E-001  0.197262131440337E+002 -0.486768579732132E+001  0.615510885230262E+002 -0.299223430097731E+000  0.453366263833724E+000 -0.107536384819057E+002 -0.803991032936521E+001
  0.122079343035205E-001  0.197256161879867E+002 -0.181138609501100E+002  0.630497961505613E+002 -0.315863796723418E+000  0.467425790310916E+000 -0.107536384819057E+002 -0.803961185134175E+001
  0.122210588877674E-001  0.197154831276135E+002 -0.966156496990377E+001  0.608316591047802E+002 -0.257917481512584E+000  0.400020949170551E+000 -0.107536384819057E+002 -0.803454532115513E+001
  0.121886071388703E-001  0.197128169403832E+002 -0.115217806509451E+002  0.693200708863886E+002 -0.307362770180540E+000  0.374902359304812E+000 -0.107536384819057E+002 -0.803321222753998E+001
  0.121522022449644E-001  0.197108154303847E+002  0.130934124492956E+002  0.631872198742700E+002 -0.299003294982603E+000  0.458438960820368E+000 -0.107536384819057E+002 -0.803221147254075E+001
  0.121151716920714E-001  0.197089351519745E+002 -0.310076822813832E+001  0.632278016061821E+002 -0.355284753666512E+000  0.433941769883006E+000 -0.107536384819057E+002 -0.803127133333565E+001
  0.120720934928964E-001  0.197080752294043E+002 -0.114715495719134E+001  0.639351695440534E+002 -0.402811722576195E+000  0.495187442804167E+000 -0.107536384819057E+002 -0.803084137205053E+001
  0.120278709490427E-001  0.197074310472362E+002 -0.170058718461870E+002  0.696748327329325E+002 -0.482473943625883E+000  0.522454051212520E+000 -0.107536384819057E+002 -0.803051928096650E+001
  0.119908108216159E-001  0.197056188932614E+002  0.154811365324728E+002  0.637718335052332E+002 -0.344465702891763E+000  0.408571130079901E+000 -0.107536384819057E+002 -0.802961320397910E+001
  0.119466660708380E-001  0.197050115347432E+002 -0.590158923440155E+001  0.645664262305614E+002 -0.235660794067382E+000  0.290781452559564E+000 -0.107536384819057E+002 -0.802930952471997E+001
  0.119259034015270E-001  0.197005064096403E+002  0.181566548815082E+002  0.662624966225520E+002 -0.204737382730984E+000  0.342057864503190E+000 -0.107536384819057E+002 -0.802705696216854E+001
  0.119107326007724E-001  0.196950681630435E+002 -0.459449794639968E+001  0.606335229035300E+002 -0.211483928393676E+000  0.413931032434992E+000 -0.107536384819057E+002 -0.802433783887014E+001
  0.118648498312798E-001  0.196948034395299E+002  0.339096160798632E+001  0.605857220838182E+002 -0.247464756333222E+000  0.418425509342565E+000 -0.107536384819057E+002 -0.802420547711332E+001
  0.118301817545539E-001  0.196926717802362E+002  0.152985939059865E+002  0.654622682950685E+002 -0.232550854196167E+000  0.389966981698281E+000 -0.107536384819057E+002 -0.802313964746650E+001
  0.117892867976521E-001  0.196916133800208E+002  0.639790440347153E+001  0.702891863606367E+002 -0.383677977687082E+000  0.440689639602874E+000 -0.107536384819057E+002 -0.802261044735876E+001
  0.117512832572130E-001  0.196900868826246E+002 -0.324704321763344E+001  0.632978065649477E+002 -0.108206255457676E+000  0.304126705031717E+000 -0.107536384819057E+002 -0.802184719866066E+001
  0.117238356869055E-001  0.196867797208085E+002 -0.164074579459376E+002  0.700565641838167E+002 -0.463556503862792E+000  0.488269625496746E+000 -0.107536384819057E+002 -0.802019361775264E+001
  0.116908047512411E-001  0.196844384653390E+002  0.148998309123197E+002  0.679036130992734E+002 -0.391788416189287E+000  0.485051308448830E+000 -0.107536384819057E+002 -0.801902299001788E+001
  0.117069627122768E-001  0.196736921141943E+002 -0.151283224287936E+002  0.628184197797803E+002 -0.100287862102338E+000  0.261314342365805E+000 -0.107536384819057E+002 -0.801364981444553E+001
  0.116682462807578E-001  0.196723332901822E+002  0.175098351432997E+002  0.612677742201618E+002 -0.286837109234833E+000  0.418797766081610E+000 -0.107536384819057E+002 -0.801297040243948E+001
  0.116347702742195E-001  0.196700954615699E+002  0.889322732788255E+001  0.654071816789762E+002 -0.223205670804246E+000  0.381771863836120E+000 -0.107536384819057E+002 -0.801185148813335E+001
  0.115917515527189E-001  0.196695199791264E+002 -0.160384243597337E+002  0.665512907464766E+002 -0.190532439238406E+000  0.300321542931034E+000 -0.107536384819057E+002 -0.801156374691159E+001
  0.115500834675666E-001  0.196687381537227E+002  0.117690190608135E+002  0.670508941112040E+002 -0.268997510322724E+000  0.392727146933306E+000 -0.107536384819057E+002 -0.801117283420972E+001
  0.115072363119461E-001  0.196681872743354E+002 -0.121762871373399E+002  0.622955436096332E+002 -0.155948037307944E+000  0.278367365815949E+000 -0.107536384819057E+002 -0.801089739451608E+001
  0.114902584313085E-001  0.196631562288791E+002 -0.112525792519782E+002  0.669171198575592E+002 -0.411004466124389E+000  0.504847811764048E+000 -0.107536384819057E+002 -0.800838187178793E+001
  0.114696791275607E-001  0.196587574416058E+002  0.748960966161413E+001  0.622327341146006E+002 -0.135767441513276E+000  0.271622361045315E+000 -0.107536384819057E+002 -0.800618247815129E+001
  0.114286522654139E-001  0.196579401930735E+002 -0.102796702667151E+002  0.601068401992281E+002 -0.154914446807084E+000  0.354913931615482E+000 -0.107536384819057E+002 -0.800577385388513E+001
  0.114022152255300E-001  0.196545879590648E+002 -0.757309103690411E+001  0.666258619976023E+002 -0.281018796389050E+000  0.309704000851919E+000 -0.107536384819057E+002 -0.800409773688076E+001
  0.113637686700767E-001  0.196533590108241E+002  0.607450027392495E+000  0.603946682243484E+002 -0.221856682146219E+000  0.403423016829763E+000 -0.107536384819057E+002 -0.800348326276043E+001
  0.113290816124484E-001  0.196514891556544E+002 -0.786814902504619E+001  0.621387870169000E+002 -0.263176092826467E+000  0.362900965251614E+000 -0.107536384819057E+002 -0.800254833517559E+001
  0.112878217241053E-001  0.196508022984994E+002 -0.116720240248023E+001  0.657069761321008E+002 -0.424537670911168E+000  0.475823768339477E+000 -0.107536384819057E+002 -0.800220490659806E+001
  0.112452205879411E-001  0.196503806945040E+002 -0.302022137929056E+001  0.645362607364933E+002 -0.232697133409953E+000  0.291135980788653E+000 -0.107536384819057E+002 -0.800199410460039E+001
  0.112413024671861E-001  0.196430936242421E+002  0.100371764640540E+001  0.691201527612765E+002 -0.457149542721561E+000  0.518363047386741E+000 -0.107536384819057E+002 -0.799835056946942E+001
  0.112193620744710E-001  0.196390169281937E+002  0.352541499180235E+001  0.612122441625776E+002 -0.139116842877049E+000  0.370328261253505E+000 -0.107536384819057E+002 -0.799631222144521E+001
  0.111839692903413E-001  0.196373520911330E+002 -0.433486173722635E+001  0.611661065520823E+002 -0.253573926067823E+000  0.431727651795843E+000 -0.107536384819057E+002 -0.799547980291488E+001
  0.111413166142378E-001  0.196370100968402E+002  0.175451354512568E+002  0.602292521848133E+002 -0.135767177970687E+000  0.358783683383655E+000 -0.107536384819057E+002 -0.799530880576846E+001
  0.111022905367239E-001  0.196360440019375E+002 -0.804427398211941E+001  0.694976526264737E+002 -0.366946582731285E+000  0.381787777044837E+000 -0.107536384819057E+002 -0.799482575831712E+001
  0.110691396615299E-001  0.196340407914155E+002 -0.582962483885870E+001  0.639907876412440E+002 -0.331220747387447E+000  0.470978471356710E+000 -0.107536384819057E+002 -0.799382415305613E+001
  0.110286052525415E-001  0.196333940504171E+002 -0.264286138756190E+001  0.682917573588071E+002 -0.372276207457049E+000  0.464406554669941E+000 -0.107536384819057E+002 -0.799350078255695E+001
  0.109879788805533E-001  0.196327910653307E+002  0.121388033368315E+001  0.613118926602421E+002 -0.184189059801562E+000  0.322127783949835E+000 -0.107536384819057E+002 -0.799319929001372E+001
  0.109457072709100E-001  0.196325160164715E+002  0.746621967703555E+001  0.656367119403032E+002 -0.168543340406421E+000  0.263578429959282E+000 -0.107536384819057E+002 -0.799306176558412E+001
  0.109107681505704E-001  0.196309262620191E+002 -0.103331145716393E+002  0.653960357521167E+002 -0.416951202339071E+000  0.510161863270589E+000 -0.107536384819057E+002 -0.799226688835792E+001
  0.108777202690751E-001  0.196290092593226E+002  0.208319792515956E+001  0.639469267583464E+002 -0.282868880882305E+000  0.443376862395589E+000 -0.107536384819057E+002 -0.799130838700970E+001
  0.108394186404714E-001  0.196280798603028E+002 -0.562210896136881E+001  0.621786679575156E+002 -0.130744555964743E+000  0.273394803520035E+000 -0.107536384819057E+002 -0.799084368749977E+001
  0.107990031100911E-001  0.196275668945074E+002 -0.146668678182422E-001  0.615890414358489E+002 -0.272583782647219E+000  0.441919043013991E+000 -0.107536384819057E+002 -0.799058720460208E+001
  0.107812468224582E-001  0.196228740634595E+002 -0.183581839445677E+002  0.613178303208762E+002 -0.125110436343774E+000  0.356883342333458E+000 -0.107536384819057E+002 -0.798824078907812E+001
  0.107461753699586E-001  0.196214066364658E+002 -0.156895815492352E+002  0.694136038513741E+002 -0.475693841213807E+000  0.514551618445561E+000 -0.107536384819057E+002 -0.798750707558127E+001
  0.107117608266426E-001  0.196198378563281E+002 -0.406703756138930E+001  0.677248961544607E+002 -0.435263211496355E+000  0.464611835091068E+000 -0.107536384819057E+002 -0.798672268551242E+001
  0.106693557405289E-001  0.196197870087801E+002  0.152057033791116E+001  0.635001535041695E+002 -0.365192431218823E+000  0.443700816169840E+000 -0.107536384819057E+002 -0.798669726173841E+001
  0.106575983551040E-001  0.196140081356362E+002 -0.490648496954538E+000  0.604204035053139E+002 -0.121786330059425E+000  0.345268738352075E+000 -0.107536384819057E+002 -0.798380782516646E+001
  0.106227455548576E-001  0.196125752713218E+002 -0.647203724248096E+001  0.603515341963418E+002 -0.151664493990677E+000  0.372212240368365E+000 -0.107536384819057E+002 -0.798309139300926E+001
  0.105875648942899E-001  0.196112258686508E+002 -0.173521016137034E+002  0.696064704720879E+002 -0.361815318256686E+000  0.379520688697166E+000 -0.107536384819057E+002 -0.798241669167377E+001
  0.105529355120091E-001  0.196097940670877E+002  0.799941228222023E+001  0.693793872256838E+002 -0.376804768086625E+000  0.451036593337784E+000 -0.107536384819057E+002 -0.798170079089223E+001
  0.105154243595263E-001  0.196089318303937E+002 -0.481359731145881E+001  0.702310112888519E+002 -0.390997018174844E+000  0.446126831087686E+000 -0.107536384819057E+002 -0.798126967254521E+001
  0.105005531270769E-001  0.196037782505235E+002 -0.647674070939980E+001  0.623042711587163E+002 -0.113929215088645E+000  0.271049571779977E+000 -0.107536384819057E+002 -0.797869288261013E+001
  0.104631164868830E-001  0.196029373619606E+002 -0.340968405948103E+001  0.632054733812445E+002 -0.149046739373102E+000  0.263864320807380E+000 -0.107536384819057E+002 -0.797827243832867E+001
  0.104252764908759E-001  0.196021994560564E+002 -0.148564204307495E+002  0.688382569799587E+002 -0.390062292106079E+000  0.405037790362472E+000 -0.107536384819057E+002 -0.797790348537655E+001
  0.103916297783137E-001  0.196006806858162E+002  0.268772291970175E+001  0.604088089811266E+002 -0.161402986077902E+000  0.346077901050301E+000 -0.107536384819057E+002 -0.797714410025646E+001
  0.103726452922208E-001  0.195963537883146E+002 -0.714807934821307E+001  0.613531814145630E+002 -0.198074963328497E+000  0.405747572252072E+000 -0.107536384819057E+002 -0.797498065150566E+001
  0.103335837767733E-001  0.195959156029480E+002  0.950881637434582E+001  0.672217302278044E+002 -0.361872441517971E+000  0.467669841749113E+000 -0.107536384819057E+002 -0.797476155882239E+001
  0.103020919187330E-001  0.195940359173397E+002 -0.103342251104887E+002  0.668577494814296E+002 -0.407752785666366E+000  0.501633150164529E+000 -0.107536384819057E+002 -0.797382171601822E+001
  0.102879025504029E-001  0.195888084312625E+002 -0.123513164730496E+002  0.647476835755664E+002 -0.293034551677558E+000  0.442523200378391E+000 -0.107536384819057E+002 -0.797120797297965E+001
  0.102610867289300E-001  0.195860442730361E+002  0.564643626425119E+001  0.650487600849391E+002 -0.157166672750914E+000  0.262448808576286E+000 -0.107536384819057E+002 -0.796982589386643E+001
  0.102260784269862E-001  0.195848954047638E+002  0.193159723867091E+002  0.606084353506904E+002 -0.143118150044463E+000  0.367519422871196E+000 -0.107536384819057E+002 -0.796925145973028E+001
  0.101862627772320E-001  0.195847136421987E+002  0.157512885386895E+002  0.631719682694030E+002 -0.356685431543929E+000  0.478370602825338E+000 -0.107536384819057E+002 -0.796916057844774E+001
  0.101559928301566E-001  0.195826817359421E+002  0.115993342789899E+000  0.644825634872526E+002 -0.369323992220247E+000  0.428136458825852E+000 -0.107536384819057E+002 -0.796814462531944E+001
  0.101186890126588E-001  0.195820573866169E+002  0.119634348080493E+002  0.670203921209140E+002 -0.251950675558866E+000  0.292788938419109E+000 -0.107536384819057E+002 -0.796783245065683E+001
  0.100846220827005E-001  0.195808181716133E+002  0.147548038418136E+002  0.643739599899967E+002 -0.294290381408709E+000  0.349077231213410E+000 -0.107536384819057E+002 -0.796721284315501E+001
  0.100555501735476E-001  0.195786080477825E+002  0.141910636527037E+002  0.673164416390455E+002 -0.227665379327817E+000  0.294564073906239E+000 -0.107536384819057E+002 -0.796610778123962E+001
  0.100291658757132E-001  0.195758786103763E+002  0.115110211750432E+002  0.649384697979346E+002 -0.221278515079479E+000  0.282039908896675E+000 -0.107536384819057E+002 -0.796474306253654E+001
  0.100034530373792E-001  0.195730287647321E+002  0.342406371299366E+001  0.687391640749385E+002 -0.373127858498914E+000  0.457304245581502E+000 -0.107536384819057E+002 -0.796331813971441E+001
  0.998194206933042E-002  0.195693500614151E+002 -0.120219146949029E+002  0.617334166819025E+002 -0.223129950814930E+000  0.342433999816119E+000 -0.107536384819057E+002 -0.796147878805592E+001
  0.995900408321525E-002  0.195659672040067E+002  0.195747611031973E+001  0.698813415786945E+002 -0.374143788452273E+000  0.394971857693034E+000 -0.107536384819057E+002 -0.795978735935173E+001
  0.992388825033988E-002  0.195650477009315E+002  0.147845676817214E+002  0.686702140803386E+002 -0.378760809033612E+000  0.394892463457736E+000 -0.107536384819057E+002 -0.795932760781415E+001
  0.988649694028373E-002  0.195646135074436E+002 -0.143390330755489E+002  0.687594338055728E+002 -0.285031859128422E+000  0.341494510307365E+000 -0.107536384819057E+002 -0.795911051107018E+001
  0.985332944252707E-002  0.195633504012139E+002  0.104147840239810E+002  0.615522316012737E+002 -0.122576293798281E+000  0.347471617134792E+000 -0.107536384819057E+002 -0.795847895795534E+001
  0.982330013130457E-002  0.195614709274321E+002 -0.146727222663048E+002  0.620984936341572E+002 -0.247684460415973E+000  0.429963639284385E+000 -0.107536384819057E+002 -0.795753922106445E+001
  0.980849080673592E-002  0.195565043023920E+002 -0.173254114681280E+002  0.664137854766559E+002 -0.274314268297845E+000  0.309565320980196E+000 -0.107536384819057E+002 -0.795505590854436E+001
  0.977127609614235E-002  0.195561229561652E+002  0.107253834878703E+002  0.650423605403011E+002 -0.187113928969643E+000  0.265450964321225E+000 -0.107536384819057E+002 -0.795486523543097E+001
  0.973573354610999E-002  0.195554270813188E+002 -0.149260609076639E+002  0.623864455177397E+002 -0.257656035306093E+000  0.434471992403786E+000 -0.107536384819057E+002 -0.795451729800780E+001
  0.971700309567739E-002  0.195512945187162E+002  0.138195304640021E+002  0.657879784161370E+002 -0.324012099069813E+000  0.359818102299583E+000 -0.107536384819057E+002 -0.795245101670647E+001
  0.968016707645438E-002  0.195509066488513E+002 -0.504497058619971E+001  0.697861661319164E+002 -0.340747791037113E+000  0.387788465916552E+000 -0.107536384819057E+002 -0.795225708177401E+001
  0.965569523418340E-002  0.195479850865769E+002 -0.747832075862513E+001  0.651405697597533E+002 -0.319975599217746E+000  0.456036309917174E+000 -0.107536384819057E+002 -0.795079630063684E+001
  0.961814746910082E-002  0.195477935352729E+002  0.108699415088364E+001  0.675892890947369E+002 -0.421879099191704E+000  0.451058419323119E+000 -0.107536384819057E+002 -0.795070052498483E+001
  0.959239601845345E-002  0.195451714370408E+002 -0.697154393422057E+000  0.627468363761795E+002 -0.268869933773343E+000  0.357735558324887E+000 -0.107536384819057E+002 -0.794938947586877E+001
  0.955506984149453E-002  0.195449850267344E+002  0.989349273120834E+001  0.643368135635154E+002 -0.403426326134932E+000  0.490338934038872E+000 -0.107536384819057E+002 -0.794929627071559E+001
  0.953501445514685E-002  0.195412032482429E+002 -0.152199389413528E+002  0.667035325509008E+002 -0.246241701743133E+000  0.371630580773761E+000 -0.107536384819057E+002 -0.794740538146981E+001
  0.950898240555134E-002  0.195386869793019E+002  0.190272449974804E+002  0.663907232820461E+002 -0.304358482955241E+000  0.335571448581375E+000 -0.107536384819057E+002 -0.794614724699934E+001
  0.949032840419161E-002  0.195346302386614E+002 -0.737923149224642E+001  0.666133949040702E+002 -0.450261397062866E+000  0.513523383688817E+000 -0.107536384819057E+002 -0.794411887667910E+001
  0.945730675631361E-002  0.195336173418153E+002 -0.190992810329483E+002  0.622888132839411E+002 -0.257243728327755E+000  0.433614477927147E+000 -0.107536384819057E+002 -0.794361242825605E+001
  0.942313774817202E-002  0.195328723333863E+002 -0.135603851763050E+002  0.699511814907758E+002 -0.429460843160991E+000  0.452003897705419E+000 -0.107536384819057E+002 -0.794323992404154E+001
  0.939054789750083E-002  0.195318172645491E+002 -0.424875148784281E+001  0.689293001377142E+002 -0.391733664325113E+000  0.409219329260042E+000 -0.107536384819057E+002 -0.794271238962291E+001
  0.935552850641504E-002  0.195313055977899E+002  0.497264267168271E+001  0.675427242848280E+002 -0.345641925938456E+000  0.367006609200804E+000 -0.107536384819057E+002 -0.794245655624335E+001
  0.933031855533105E-002  0.195287181457926E+002 -0.166914535779143E+002  0.691364757447514E+002 -0.459395231402333E+000  0.514545095865548E+000 -0.107536384819057E+002 -0.794116283024470E+001
  0.930018205648107E-002  0.195272044661843E+002 -0.113065623170679E+002  0.659715233706743E+002 -0.189778818266936E+000  0.317107915928884E+000 -0.107536384819057E+002 -0.794040599044054E+001
  0.928289542599204E-002  0.195229413650214E+002  0.115107550120489E+002  0.669100640471289E+002 -0.220327615477106E+000  0.326002669765433E+000 -0.107536384819057E+002 -0.793827443985909E+001
  0.924914146877216E-002  0.195222428669127E+002  0.214787096328724E+001  0.644651249164302E+002 -0.140770155039691E+000  0.289236617310089E+000 -0.107536384819057E+002 -0.793792519080474E+001
  0.922686496466184E-002  0.195190816230634E+002  0.613604163172941E+000  0.629317857652466E+002 -0.166106191335770E+000  0.280227372540897E+000 -0.107536384819057E+002 -0.793634456888009E+001
  0.919846677504781E-002  0.195172626173338E+002 -0.420356484973759E+001  0.633646675954061E+002 -0.126279110372150E+000  0.311948520506209E+000 -0.107536384819057E+002 -0.793543506601529E+001
  0.916318215633923E-002  0.195169651746797E+002  0.192144673644489E+002  0.645372443490756E+002 -0.372936692664910E+000  0.487741021005649E+000 -0.107536384819057E+002 -0.793528634468823E+001
  0.912678040213542E-002  0.195169421768178E+002 -0.880072969205345E+001  0.607518003432667E+002 -0.149429721333225E+000  0.366108166678084E+000 -0.107536384819057E+002 -0.793527484575727E+001
  0.910124568003747E-002  0.195145615361360E+002  0.189850652047990E+002  0.658673518123096E+002 -0.409318918619285E+000  0.457195750852764E+000 -0.107536384819057E+002 -0.793408452541638E+001
  0.906700728246616E-002  0.195141155740439E+002  0.157322343116384E+002  0.666719311285538E+002 -0.257520511601007E+000  0.299040257719684E+000 -0.107536384819057E+002 -0.793386154437031E+001
  0.903344308305017E-002  0.195135488580815E+002 -0.100311604018269E+002  0.625870311029366E+002 -0.308429319237201E+000  0.456439481228471E+000 -0.107536384819057E+002 -0.793357818638913E+001
  0.900835261167191E-002  0.195111275628383E+002 -0.531796939741119E+001  0.613280396901274E+002 -0.219778874713959E+000  0.356030265909565E+000 -0.107536384819057E+002 -0.793236753876752E+001
  0.898728560868752E-002  0.195078262133719E+002  0.851337004801039E+001  0.618052361037601E+002 -0.278525402703095E+000  0.439707464564130E+000 -0.107536384819057E+002 -0.793071686403433E+001
  0.896685849663122E-002  0.195043931248077E+002 -0.125499311569504E+002  0.633651158606844E+002 -0.266496610989262E+000  0.343949506070865E+000 -0.107536384819057E+002 -0.792900031975222E+001
  0.893547212589083E-002  0.195034218905023E+002 -0.127992883631225E+002  0.638035576873086E+002 -0.254465447474571E+000  0.422960405300953E+000 -0.107536384819057E+002 -0.792851470259953E+001
  0.890206490177431E-002  0.195029292999781E+002 -0.106955871024490E+002  0.622562018598444E+002 -0.235372680013578E+000  0.341803688121468E+000 -0.107536384819057E+002 -0.792826840733741E+001
  0.889459074429082E-002  0.194966251591175E+002  0.104770194167578E+002  0.632357641071067E+002 -0.122596499188934E+000  0.275729387838020E+000 -0.107536384819057E+002 -0.792511633690713E+001
  0.886458154965362E-002  0.194954002656430E+002  0.252694819968853E+001  0.608069786037114E+002 -0.193710888841157E+000  0.392771570369993E+000 -0.107536384819057E+002 -0.792450389016990E+001
  0.886226941916663E-002  0.194879379470140E+002 -0.122857165929874E+002  0.616982396580152E+002 -0.232525496326820E+000  0.355924548925399E+000 -0.107536384819057E+002 -0.792077273085539E+001
  0.882785917025586E-002  0.194877345810565E+002  0.124043037080561E+002  0.690384026028485E+002 -0.355920167355838E+000  0.376921519763953E+000 -0.107536384819057E+002 -0.792067104787661E+001
  0.879442011965955E-002  0.194873407236871E+002 -0.167619537612006E+001  0.613472884387624E+002 -0.256393477998087E+000  0.424996504038210E+000 -0.107536384819057E+002 -0.792047411919194E+001
  0.875944534253519E-002  0.194873263955065E+002  0.119930400468586E+002  0.606718443259640E+002 -0.149268268110979E+000  0.356406001843005E+000 -0.107536384819057E+002 -0.792046695510161E+001
  0.872507865733878E-002  0.194872045582991E+002  0.471677601183781E+001  0.652026826161893E+002 -0.227902659336946E+000  0.288296594272060E+000 -0.107536384819057E+002 -0.792040603649794E+001
  0.870228585965060E-002  0.194844520149146E+002  0.130541304422930E+002  0.700731903237794E+002 -0.431478509826595E+000  0.458332587719466E+000 -0.107536384819057E+002 -0.791902976480568E+001
  0.867022391150519E-002  0.194838502067147E+002  0.612688319885778E+001  0.610873751253682E+002 -0.171250383485311E+000  0.382142209143357E+000 -0.107536384819057E+002 -0.791872886070571E+001
  0.863980895508543E-002  0.194828944553300E+002  0.633999480403253E+001  0.657287862270836E+002 -0.300173277580132E+000  0.339961050480525E+000 -0.107536384819057E+002 -0.791825098501339E+001
  0.860630212138836E-002  0.194826818751707E+002  0.140006502272869E+002  0.637169870002912E+002 -0.129059965815114E+000  0.294614450044679E+000 -0.107536384819057E+002 -0.791814469493370E+001
  0.857977174785057E-002  0.194808726913722E+002 -0.140658533685372E+002  0.679293397705391E+002 -0.260679609058657E+000  0.318221772236038E+000 -0.107536384819057E+002 -0.791724010303449E+001
  0.854674792728758E-002  0.194806015670717E+002  0.108029655752248E+002  0.656879953754767E+002 -0.426934474801230E+000  0.489311851234124E+000 -0.107536384819057E+002 -0.791710454088423E+001
  0.852306822136085E-002  0.194781664351735E+002  0.807055600016346E+001  0.678013698058407E+002 -0.457108867531700E+000  0.502701200380010E+000 -0.107536384819057E+002 -0.791588697493515E+001
  0.849512482671152E-002  0.194767502861077E+002  0.191001203369820E+002  0.666460483550461E+002 -0.211778547683481E+000  0.292541531244633E+000 -0.107536384819057E+002 -0.791517890040225E+001
  0.846576269312399E-002  0.194756909196236E+002 -0.184319692098526E+002  0.670598777405430E+002 -0.450079957943124E+000  0.502051227728525E+000 -0.107536384819057E+002 -0.791464921716018E+001
  0.843412961419413E-002  0.194751940528127E+002  0.380638459502087E+001  0.643562249540127E+002 -0.153696975722678E+000  0.318185162106754E+000 -0.107536384819057E+002 -0.791440078375475E+001
  0.840589138283210E-002  0.194739174265730E+002  0.819388995342493E+001  0.612899966886977E+002 -0.259217196584844E+000  0.400796079524723E+000 -0.107536384819057E+002 -0.791376247063488E+001
  0.837592180601464E-002  0.194730767381733E+002  0.156253748659526E+002  0.613588790526795E+002 -0.145373644910881E+000  0.361920273650821E+000 -0.107536384819057E+002 -0.791334212643504E+001
  0.836850928838365E-002  0.194668634379362E+002 -0.103039340770036E+002  0.615486263809643E+002 -0.185019173014547E+000  0.326308673085748E+000 -0.107536384819057E+002 -0.791023547631648E+001
  0.834152177545486E-002  0.194653395955704E+002  0.192499203663518E+002  0.613768818394594E+002 -0.191843401688816E+000  0.394881020842988E+000 -0.107536384819057E+002 -0.790947355513356E+001
  0.830869278594314E-002  0.194652423059454E+002  0.179938274355226E+002  0.662400180669349E+002 -0.198323662886778E+000  0.310045189975855E+000 -0.107536384819057E+002 -0.790942491032108E+001
  0.828489205906222E-002  0.194629955994733E+002 -0.365193385229193E+001  0.626491894049638E+002 -0.288900890739355E+000  0.446434508521474E+000 -0.107536384819057E+002 -0.790830155708502E+001
  0.825865070724222E-002  0.194613563584556E+002  0.108370170009558E+002  0.651113756201681E+002 -0.179972920786041E+000  0.271741517349065E+000 -0.107536384819057E+002 -0.790748193657616E+001
  0.823004508880848E-002  0.194603117724960E+002  0.792555871704354E+001  0.686312993815588E+002 -0.382919616954844E+000  0.403192962289954E+000 -0.107536384819057E+002 -0.790695964359637E+001
  0.820021547201355E-002  0.194595898544884E+002 -0.484459615802347E+000  0.625639650192958E+002 -0.120814004560625E+000  0.285549768864341E+000 -0.107536384819057E+002 -0.790659868459256E+001
  0.816980885204261E-002  0.194590356493981E+002  0.184286865290009E+002  0.678487069830860E+002 -0.358626572176211E+000  0.454409477583604E+000 -0.107536384819057E+002 -0.790632158204742E+001
  0.814611737390872E-002  0.194568597956082E+002 -0.812187191657742E+001  0.689305070474494E+002 -0.457652672259747E+000  0.511392848139187E+000 -0.107536384819057E+002 -0.790523365515248E+001
  0.811929271825937E-002  0.194554724954363E+002 -0.604899029404326E+001  0.687094140019708E+002 -0.462749241896974E+000  0.510538459252175E+000 -0.107536384819057E+002 -0.790454000506654E+001
  0.810432620429543E-002  0.194511785095439E+002 -0.114347473986199E+002  0.653407169307425E+002 -0.217413458257252E+000  0.283489309136831E+000 -0.107536384819057E+002 -0.790239301212035E+001
  0.808033892398590E-002  0.194491228684103E+002 -0.679656257436552E+000  0.689532506796636E+002 -0.329792142771570E+000  0.359561033334773E+000 -0.107536384819057E+002 -0.790136519155352E+001
  0.805356251814427E-002  0.194477773765087E+002  0.836716739133969E+001  0.617214776953557E+002 -0.120502939847265E+000  0.327462983972636E+000 -0.107536384819057E+002 -0.790069244560272E+001
  0.802473380204464E-002  0.194469654239522E+002 -0.108538122995468E+002  0.618071353877859E+002 -0.116141455316042E+000  0.312546925289967E+000 -0.107536384819057E+002 -0.790028646932447E+001
  0.801403022026878E-002  0.194416508098927E+002  0.192964036248317E+001  0.670236901136490E+002 -0.244500002014129E+000  0.354306756120101E+000 -0.107536384819057E+002 -0.789762916229475E+001
  0.798475521002066E-002  0.194409860836978E+002 -0.132039667956686E+002  0.623120999770220E+002 -0.259292803819158E+000  0.431025963054688E+000 -0.107536384819057E+002 -0.789729679919730E+001
  0.795567123724777E-002  0.194403002160582E+002 -0.860942438076336E+001  0.699231376281166E+002 -0.416488686479838E+000  0.469775560450257E+000 -0.107536384819057E+002 -0.789695386537749E+001
  0.792893581964485E-002  0.194390485888072E+002  0.583864268584569E+001  0.683638247116605E+002 -0.319701201136710E+000  0.347869562952331E+000 -0.107536384819057E+002 -0.789632805175198E+001
  0.791236740944332E-002  0.194352481455600E+002 -0.955186730303090E+001  0.633871198151538E+002 -0.276581294521674E+000  0.355584220166586E+000 -0.107536384819057E+002 -0.789442783012838E+001
  0.788223680788015E-002  0.194348947185649E+002 -0.899517177983114E+001  0.616840718403301E+002 -0.151277053605728E+000  0.308062077813798E+000 -0.107536384819057E+002 -0.789425111663085E+001
  0.786082827381326E-002  0.194323501624670E+002  0.678672511553933E+001  0.608736985989282E+002 -0.191217553077498E+000  0.361776182570970E+000 -0.107536384819057E+002 -0.789297883858188E+001
  0.783226671322412E-002  0.194316461605187E+002 -0.303539949464802E+001  0.644324572740315E+002 -0.161077859170825E+000  0.272709250408925E+000 -0.107536384819057E+002 -0.789262683760775E+001
  0.781335142479592E-002  0.194284980528663E+002  0.158094269266854E+002  0.686117794811186E+002 -0.450423658931067E+000  0.486536945201539E+000 -0.107536384819057E+002 -0.789105278378151E+001
  0.778811653652514E-002  0.194269838913255E+002  0.146517029960395E+002  0.624319446610013E+002 -0.199680825777289E+000  0.314722672687624E+000 -0.107536384819057E+002 -0.789029570301115E+001
  0.776127236613759E-002  0.194259053798589E+002  0.167166527929124E+002  0.701527095458242E+002 -0.397118443407927E+000  0.439193220632581E+000 -0.107536384819057E+002 -0.788975644727785E+001
  0.773300088119270E-002  0.194252199090873E+002 -0.178255480006611E+002  0.676476425653410E+002 -0.444119165982153E+000  0.485590053566139E+000 -0.107536384819057E+002 -0.788941371189201E+001
  0.770509821417906E-002  0.194244654347027E+002  0.185382154593285E+002  0.641947393893688E+002 -0.189821448230869E+000  0.363330607068042E+000 -0.107536384819057E+002 -0.788903647469973E+001
  0.768696413549731E-002  0.194211939736644E+002 -0.756927132650574E+001  0.642522244095265E+002 -0.335161040947916E+000  0.466626672137708E+000 -0.107536384819057E+002 -0.788740074418057E+001
  0.766586286516604E-002  0.194187076244472E+002  0.138080390486587E+002  0.609493308522903E+002 -0.201335463955705E+000  0.390379306427818E+000 -0.107536384819057E+002 -0.788615756957197E+001
  0.765718877672472E-002  0.194129879061617E+002  0.964073167330721E+000  0.700186530822759E+002 -0.424430609044248E+000  0.455420696279443E+000 -0.107536384819057E+002 -0.788329771042922E+001
  0.762704261140346E-002  0.194128933553864E+002  0.154570069001580E+002  0.652651050973886E+002 -0.346245579690017E+000  0.394406222035030E+000 -0.107536384819057E+002 -0.788325043504160E+001
  0.759888333595082E-002  0.194123070389772E+002 -0.124972391172177E+002  0.649984944563921E+002 -0.234054297719768E+000  0.389508871860524E+000 -0.107536384819057E+002 -0.788295727683699E+001
  0.757391658352639E-002  0.194109049786934E+002  0.375982780813255E+001  0.643323711433711E+002 -0.316096386562578E+000  0.377483872042880E+000 -0.107536384819057E+002 -0.788225624669509E+001
  0.755120329770599E-002  0.194089277124503E+002 -0.744394158231245E+001  0.654339912106716E+002 -0.320315713909896E+000  0.450413985009117E+000 -0.107536384819057E+002 -0.788126761357351E+001
  0.752993204390913E-002  0.194065854912782E+002 -0.124886635813220E+002  0.654017670608759E+002 -0.229532722093423E+000  0.292159857346039E+000 -0.107536384819057E+002 -0.788009650298749E+001
  0.750335897900030E-002  0.194056719145590E+002 -0.705214226706195E+001  0.635533097194329E+002 -0.168518859155009E+000  0.353075984776730E+000 -0.107536384819057E+002 -0.787963971462788E+001
  0.747873731800456E-002  0.194042615003490E+002  0.192767803990758E+001  0.656257947992821E+002 -0.258219208891631E+000  0.400159978248462E+000 -0.107536384819057E+002 -0.787893450752288E+001
  0.745161628759099E-002  0.194035434773458E+002 -0.727658811445935E+001  0.621840383931473E+002 -0.303587397294118E+000  0.420033361627667E+000 -0.107536384819057E+002 -0.787857549602128E+001
  0.744414686849972E-002  0.193975652185021E+002 -0.173098988135614E+002  0.643757078532608E+002 -0.151768072765857E+000  0.285682882643147E+000 -0.107536384819057E+002 -0.787558636659945E+001
  0.743291443777820E-002  0.193926012436027E+002 -0.163260954275267E+002  0.668066171093932E+002 -0.249867153216606E+000  0.365485927920678E+000 -0.107536384819057E+002 -0.787310437914971E+001
  0.740489740391359E-002  0.193921700848609E+002  0.173987153339108E+002  0.671743501864211E+002 -0.350637658905260E+000  0.379154287745266E+000 -0.107536384819057E+002 -0.787288879977883E+001
  0.737933196890884E-002  0.193911029968259E+002  0.171155714653868E+002  0.615324841635474E+002 -0.135370096218771E+000  0.339859425786750E+000 -0.107536384819057E+002 -0.787235525576131E+001
  0.735184537015884E-002  0.193905824801179E+002  0.164593367742306E+002  0.667714459709247E+002 -0.327434158645312E+000  0.359412674245537E+000 -0.107536384819057E+002 -0.787209499740734E+001
  0.732630783303494E-002  0.193895577770919E+002 -0.799460306106748E+001  0.687342895706056E+002 -0.361120435234926E+000  0.440301329962997E+000 -0.107536384819057E+002 -0.787158264589434E+001
  0.731581262557251E-002  0.193844408627914E+002  0.145431773982012E+002  0.638108995009349E+002 -0.154680221021327E+000  0.328397853574415E+000 -0.107536384819057E+002 -0.786902418874409E+001
  0.729246632528003E-002  0.193828494474050E+002 -0.143294868596215E+002  0.637604377326088E+002 -0.140608500428757E+000  0.289494277698791E+000 -0.107536384819057E+002 -0.786822848105089E+001
  0.727284077156367E-002  0.193802550792375E+002  0.158979984958839E+002  0.631315895570592E+002 -0.130883825826452E+000  0.298735769492185E+000 -0.107536384819057E+002 -0.786693129696712E+001
  0.724532256086686E-002  0.193798527791052E+002 -0.608385365668735E+001  0.627238992840845E+002 -0.156542447049590E+000  0.353168249814698E+000 -0.107536384819057E+002 -0.786673014690096E+001
  0.722104526630851E-002  0.193785814975409E+002 -0.143146636430948E+002  0.659092423892646E+002 -0.358710715481806E+000  0.400489932024987E+000 -0.107536384819057E+002 -0.786609450611881E+001
  0.719861771219426E-002  0.193768188409614E+002  0.148816722766847E+002  0.674260657630994E+002 -0.297774858638887E+000  0.332615175067747E+000 -0.107536384819057E+002 -0.786521317782907E+001
  0.717423149044171E-002  0.193756215516427E+002  0.187946867592827E+002  0.685357539526909E+002 -0.306267427468867E+000  0.381169673923409E+000 -0.107536384819057E+002 -0.786461453316974E+001
  0.715226335123712E-002  0.193737710837610E+002  0.108651926402506E+002  0.660557559208378E+002 -0.229648740229524E+000  0.292876734037931E+000 -0.107536384819057E+002 -0.786368929922889E+001
  0.713830707863262E-002  0.193696934708806E+002  0.129542798548833E+002  0.648754720161701E+002 -0.402490400634114E+000  0.489876988841168E+000 -0.107536384819057E+002 -0.786165049278867E+001
  0.711065425175066E-002  0.193694722009274E+002  0.876016582870826E+001  0.614492927523173E+002 -0.157667731153939E+000  0.325279323599036E+000 -0.107536384819057E+002 -0.786153985781206E+001
  0.708264401239513E-002  0.193693821024730E+002 -0.173613252204825E+002  0.642258290735591E+002 -0.164767948214155E+000  0.278550692919584E+000 -0.107536384819057E+002 -0.786149480858490E+001
  0.706293133674241E-002  0.193669722944001E+002  0.112695769564080E+002  0.621979800304076E+002 -0.237053594776294E+000  0.352051760987212E+000 -0.107536384819057E+002 -0.786028990454841E+001
  0.703546960498128E-002  0.193667797075321E+002  0.471111572054371E+001  0.612056190108497E+002 -0.152668037637838E+000  0.351980535891735E+000 -0.107536384819057E+002 -0.786019361111441E+001
  0.701247270086868E-002  0.193653437911612E+002 -0.185086935363031E+002  0.672965773022284E+002 -0.255992586083089E+000  0.312510964036051E+000 -0.107536384819057E+002 -0.785947565292897E+001
  0.699048930767102E-002  0.193636393946697E+002 -0.187230245893529E+002  0.695038561557696E+002 -0.416811552556791E+000  0.474681080156780E+000 -0.107536384819057E+002 -0.785862345468322E+001
  0.696464952353943E-002  0.193630618893138E+002  0.167067093282746E+002  0.671958857740148E+002 -0.247161758434454E+000  0.344197814211670E+000 -0.107536384819057E+002 -0.785833470200529E+001
  0.695447977829380E-002  0.193580003706869E+002 -0.101681693556161E+002  0.634523216504579E+002 -0.169974161075581E+000  0.285385874123723E+000 -0.107536384819057E+002 -0.785580394269183E+001
  0.692856679535263E-002  0.193574824164870E+002  0.144898079854563E+002  0.631812521512919E+002 -0.334878964993726E+000  0.461981446188203E+000 -0.107536384819057E+002 -0.785554496559189E+001
  0.690637649885326E-002  0.193559141040471E+002  0.142309159701262E+002  0.695763919940142E+002 -0.434001633255442E+000  0.467352847694107E+000 -0.107536384819057E+002 -0.785476080937194E+001
  0.687957493845105E-002  0.193557065560911E+002  0.154544801689961E+002  0.663088721744356E+002 -0.209317392693106E+000  0.307785527506840E+000 -0.107536384819057E+002 -0.785465703539395E+001
  0.685637445238289E-002  0.193544786561296E+002 -0.177560925672293E+002  0.620289558073432E+002 -0.245514341715308E+000  0.419523576215317E+000 -0.107536384819057E+002 -0.785404308541319E+001
  0.682950822577731E-002  0.193543468688665E+002 -0.256299718443761E+001  0.663967916626135E+002 -0.306104216534444E+000  0.344140221183237E+000 -0.107536384819057E+002 -0.785397719178161E+001
  0.680423382061040E-002  0.193537780859190E+002 -0.149463035846024E+002  0.695850670847985E+002 -0.369993747228673E+000  0.403460956338476E+000 -0.107536384819057E+002 -0.785369280030789E+001
  0.678086963043785E-002  0.193526734059973E+002 -0.667475673845383E+001  0.684385175558885E+002 -0.296261266045856E+000  0.365381704113641E+000 -0.107536384819057E+002 -0.785314046034702E+001
  0.675850118818504E-002  0.193512977835698E+002 -0.162063274183581E+002  0.664671075957960E+002 -0.398783146088195E+000  0.441200418867904E+000 -0.107536384819057E+002 -0.785245264913327E+001
  0.674474207840316E-002  0.193473895365332E+002  0.717260162508613E+001  0.624168249301966E+002 -0.161224842246668E+000  0.300919905485138E+000 -0.107536384819057E+002 -0.785049852561498E+001
  0.671860019794857E-002  0.193471723360670E+002 -0.227124969112744E+001  0.617898286893493E+002 -0.263660325981007E+000  0.423960035859854E+000 -0.107536384819057E+002 -0.785038992538187E+001
  0.669292630864463E-002  0.193468455637582E+002 -0.116112847513811E+002  0.674098684559968E+002 -0.437558693482299E+000  0.482656750900835E+000 -0.107536384819057E+002 -0.785022653922749E+001
  0.666832150225771E-002  0.193462275500656E+002 -0.151262756439038E+002  0.627735523145316E+002 -0.161961466079564E+000  0.294188243348655E+000 -0.107536384819057E+002 -0.784991753238116E+001
  0.664471816577921E-002  0.193453353097890E+002  0.151258275758197E+002  0.647457459798388E+002 -0.296761783574267E+000  0.354349732102477E+000 -0.107536384819057E+002 -0.784947141224288E+001
  0.661882805250838E-002  0.193451591779631E+002 -0.164648197630480E+002  0.661262799788166E+002 -0.204718171729635E+000  0.303121046380623E+000 -0.107536384819057E+002 -0.784938334632993E+001
  0.659478026240784E-002  0.193444548476956E+002  0.614264740971283E+001  0.641790219892730E+002 -0.181689417447093E+000  0.282912142609195E+000 -0.107536384819057E+002 -0.784903118119617E+001
  0.656946506328050E-002  0.193441629226176E+002 -0.171029441075650E+002  0.679674655985924E+002 -0.338030731705301E+000  0.430887937744783E+000 -0.107536384819057E+002 -0.784888521865717E+001
  0.655170930472262E-002  0.193415917399028E+002  0.896151516826897E+000  0.627911799109764E+002 -0.222630200214793E+000  0.327376544926548E+000 -0.107536384819057E+002 -0.784759962729977E+001
  0.652971758523002E-002  0.193403322666009E+002  0.127913161117872E+002  0.612201326001222E+002 -0.227639612687039E+000  0.391831728916491E+000 -0.107536384819057E+002 -0.784696989064881E+001
  0.650542576456799E-002  0.193398024877031E+002  0.173718879054241E+002  0.674278105355609E+002 -0.251439315449337E+000  0.329084573623772E+000 -0.107536384819057E+002 -0.784670500119991E+001
  0.648020598614005E-002  0.193395869729093E+002  0.147648901051550E+002  0.613845728898663E+002 -0.150601196164427E+000  0.334091394489055E+000 -0.107536384819057E+002 -0.784659724380305E+001
  0.645498275528135E-002  0.193394028205249E+002  0.863417669283670E+000  0.615013657943699E+002 -0.201140029044997E+000  0.348944014148943E+000 -0.107536384819057E+002 -0.784650516761085E+001
  0.643651033560739E-002  0.193371504437244E+002  0.283892617028562E+001  0.697276900859354E+002 -0.404242374257520E+000  0.435695772503408E+000 -0.107536384819057E+002 -0.784537897921056E+001
  0.641489870521978E-002  0.193358930256951E+002 -0.804759422634006E+001  0.652386798819389E+002 -0.209992181514524E+000  0.356975115805188E+000 -0.107536384819057E+002 -0.784475027019593E+001
  0.640072840532262E-002  0.193323318039980E+002 -0.141776948784239E+002  0.638203784337159E+002 -0.370635725291280E+000  0.463525753138526E+000 -0.107536384819057E+002 -0.784296965934740E+001
  0.637557036294014E-002  0.193322242444232E+002 -0.407430839891101E+001  0.624684705765835E+002 -0.304540589679929E+000  0.444193869528315E+000 -0.107536384819057E+002 -0.784291587956000E+001
  0.635972165508321E-002  0.193292180904214E+002 -0.148757272137568E+002  0.690643427028662E+002 -0.329594233469824E+000  0.377659647637659E+000 -0.107536384819057E+002 -0.784141280255907E+001
  0.633783561280162E-002  0.193281286224824E+002 -0.143850706028133E+002  0.663074168710538E+002 -0.280171784986811E+000  0.324693232470529E+000 -0.107536384819057E+002 -0.784086806858959E+001
  0.631461246110539E-002  0.193274864564370E+002 -0.503187080492876E+001  0.623439566468858E+002 -0.231805524578436E+000  0.346092214417907E+000 -0.107536384819057E+002 -0.784054698556690E+001
  0.629218162976476E-002  0.193266194826307E+002  0.110675232593898E+002  0.680231445210733E+002 -0.370552705567775E+000  0.457977688723849E+000 -0.107536384819057E+002 -0.784011349866374E+001
  0.627260863528673E-002  0.193248665063959E+002  0.134691910091027E+002  0.658464819110999E+002 -0.251245267750977E+000  0.386689419469648E+000 -0.107536384819057E+002 -0.783923701054634E+001
  0.625202247947614E-002  0.193234570844299E+002 -0.111873093470147E+002  0.640647474887794E+002 -0.377284575013891E+000  0.473937118217998E+000 -0.107536384819057E+002 -0.783853229956331E+001
  0.623938675131273E-002  0.193195192570903E+002  0.150927803107423E+001  0.667343674223753E+002 -0.268879601768803E+000  0.385666332668127E+000 -0.107536384819057E+002 -0.783656338589352E+001
  0.621754239591515E-002  0.193185495846357E+002  0.819821397696764E+001  0.671875154279459E+002 -0.346048966190137E+000  0.377279353097634E+000 -0.107536384819057E+002 -0.783607854966622E+001
  0.619569450100651E-002  0.193176057420541E+002  0.390245449138639E+001  0.670769019523262E+002 -0.297949194448502E+000  0.335844056577967E+000 -0.107536384819057E+002 -0.783560662837544E+001
  0.617297396175383E-002  0.193169694798770E+002 -0.123373754141046E+002  0.649026469317195E+002 -0.231000634327402E+000  0.384499523434881E+000 -0.107536384819057E+002 -0.783528849728687E+001
  0.614926116795201E-002  0.193166830093527E+002  0.827883378259295E+001  0.674057259598427E+002 -0.352962481673502E+000  0.382894087192306E+000 -0.107536384819057E+002 -0.783514526202474E+001
  0.612691487712774E-002  0.193159801642887E+002  0.493830378295644E+001  0.623814434944603E+002 -0.150625754932327E+000  0.302970500917009E+000 -0.107536384819057E+002 -0.783479383949273E+001
  0.610546330319690E-002  0.193150108152475E+002  0.191069673586284E+002  0.645534261626684E+002 -0.184092859653430E+000  0.284377292495057E+000 -0.107536384819057E+002 -0.783430916497214E+001
  0.608436389970909E-002  0.193139503899864E+002 -0.934001827925589E+001  0.664617550224592E+002 -0.346974175420983E+000  0.457262178437262E+000 -0.107536384819057E+002 -0.783377895234157E+001
  0.606237857997696E-002  0.193132062617789E+002 -0.169023093987249E+002  0.630482242729719E+002 -0.251489012556061E+000  0.419847525142425E+000 -0.107536384819057E+002 -0.783340688823784E+001
  0.603857912749504E-002  0.193130891943151E+002  0.141843028754001E+002  0.622392535267636E+002 -0.163763924890465E+000  0.309110635706066E+000 -0.107536384819057E+002 -0.783334835450595E+001
  0.601491557457805E-002  0.193129580057087E+002 -0.106233270836061E+001  0.641242748246247E+002 -0.155390525040203E+000  0.303026291828703E+000 -0.107536384819057E+002 -0.783328276020275E+001
  0.599420735853586E-002  0.193118714649048E+002  0.161992965819815E+002  0.690893648749907E+002 -0.386977183392045E+000  0.414478519637823E+000 -0.107536384819057E+002 -0.783273948980080E+001
  0.597496421328470E-002  0.193103183308762E+002 -0.731043711480193E+001  0.638998616075805E+002 -0.324152331173972E+000  0.398255146314814E+000 -0.107536384819057E+002 -0.783196292278646E+001
  0.595270985826830E-002  0.193097973966368E+002  0.118450002031056E+002  0.657354392890475E+002 -0.266001517390014E+000  0.318672763485428E+000 -0.107536384819057E+002 -0.783170245566676E+001
  0.594418558677776E-002  0.193046794036444E+002 -0.112177329002560E+002  0.640538973705455E+002 -0.314659333619816E+000  0.452425220640555E+000 -0.107536384819057E+002 -0.782914345917057E+001
  0.593308362704448E-002  0.193004342552119E+002  0.733304506866746E+001  0.692299856813919E+002 -0.420068765341753E+000  0.451641641061063E+000 -0.107536384819057E+002 -0.782702088495434E+001
  0.590984694223926E-002  0.193002985115336E+002 -0.147773224151290E+002  0.633484065778020E+002 -0.351075566635909E+000  0.457986640611212E+000 -0.107536384819057E+002 -0.782695301311515E+001
  0.589543048506636E-002  0.192971992214039E+002  0.402604937892634E+001  0.648034120724883E+002 -0.227821041734848E+000  0.382402480526174E+000 -0.107536384819057E+002 -0.782540336805034E+001
  0.587229807358775E-002  0.192970781886749E+002  0.275412326293245E+001  0.624780894426175E+002 -0.255401741405661E+000  0.422635605018797E+000 -0.107536384819057E+002 -0.782534285168581E+001
  0.585380305604169E-002  0.192954031597383E+002  0.261426160959154E+001  0.619030394275576E+002 -0.278512149324237E+000  0.418385093065448E+000 -0.107536384819057E+002 -0.782450533721755E+001
  0.583215309236865E-002  0.192948297178101E+002 -0.122776896874125E+002  0.629056504105276E+002 -0.328394492838308E+000  0.451533705542248E+000 -0.107536384819057E+002 -0.782421861625342E+001
  0.581063195405344E-002  0.192942394947877E+002  0.166829350104550E+002  0.666333982871465E+002 -0.234844224981534E+000  0.342121612939622E+000 -0.107536384819057E+002 -0.782392350474223E+001
  0.580596137036655E-002  0.192878636979049E+002  0.192185724339842E+002  0.632176618763288E+002 -0.205617297285359E+000  0.385355080545505E+000 -0.107536384819057E+002 -0.782073560630081E+001
  0.578658972567544E-002  0.192865638312859E+002  0.107204729965470E+002  0.655237828160889E+002 -0.271866504942925E+000  0.409282633033543E+000 -0.107536384819057E+002 -0.782008567299132E+001
  0.576556104921667E-002  0.192858610994206E+002 -0.134984374870898E+002  0.670515881774602E+002 -0.335491702161171E+000  0.369265807335037E+000 -0.107536384819057E+002 -0.781973430705867E+001
  0.574413513169334E-002  0.192853232802870E+002  0.175778799222392E+002  0.613689807231770E+002 -0.197057863701530E+000  0.380759137942206E+000 -0.107536384819057E+002 -0.781946539749188E+001
  0.572385049496942E-002  0.192844144673615E+002 -0.681634226199033E+001  0.648114651507857E+002 -0.318225175231692E+000  0.376605902490397E+000 -0.107536384819057E+002 -0.781901099102915E+001
  0.570592633045773E-002  0.192827032259379E+002 -0.571261072715013E+001  0.622499943966185E+002 -0.282024271533668E+000  0.399804399784220E+000 -0.107536384819057E+002 -0.781815537031735E+001
  0.569170989200694E-002  0.192797084445214E+002  0.394112050014567E+000  0.643948260950985E+002 -0.251872547681747E+000  0.323841295716496E+000 -0.107536384819057E+002 -0.781665797960909E+001
  0.567360294461329E-002  0.192780971126939E+002 -0.659920922561634E+001  0.616625175553250E+002 -0.159108133471302E+000  0.350857841766135E+000 -0.107536384819057E+002 -0.781585231369531E+001
  0.567403764738915E-002  0.192699598390853E+002 -0.140405515507143E+002  0.671130088383137E+002 -0.331480889545528E+000  0.436162042241167E+000 -0.107536384819057E+002 -0.781178367689102E+001
  0.565898591778780E-002  0.192672883200276E+002  0.119751343712508E+002  0.641993334939145E+002 -0.376290838673458E+000  0.463786164324747E+000 -0.107536384819057E+002 -0.781044791736220E+001
  0.563729238935211E-002  0.192669859420207E+002 -0.636246461608564E+001  0.678711906754215E+002 -0.440763002750066E+000  0.500638142258287E+000 -0.107536384819057E+002 -0.781029672835872E+001
  0.562044284338073E-002  0.192649887372264E+002 -0.413922791565011E+001  0.625881186739034E+002 -0.151438873909750E+000  0.336900101969992E+000 -0.107536384819057E+002 -0.780929812596160E+001
  0.559970316395434E-002  0.192643984320000E+002 -0.426341546063974E+001  0.682621406548748E+002 -0.323649279584577E+000  0.405931793535421E+000 -0.107536384819057E+002 -0.780900297334837E+001
  0.558158545528221E-002  0.192628958336470E+002 -0.171695992904814E+002  0.661614460109198E+002 -0.362630253764313E+000  0.405919651691193E+000 -0.107536384819057E+002 -0.780825167417189E+001
  0.556466688992767E-002  0.192609832769576E+002  0.142611321986681E+002  0.648418826485343E+002 -0.390457806091520E+000  0.482751682930827E+000 -0.107536384819057E+002 -0.780729539582717E+001
  0.554308609824201E-002  0.192607706779723E+002  0.168142618447048E+002  0.628859840108890E+002 -0.214810395006212E+000  0.324564713281365E+000 -0.107536384819057E+002 -0.780718909633455E+001
  0.552146872901180E-002  0.192606016436548E+002 -0.191803744824996E+002  0.671218823503227E+002 -0.436458204707510E+000  0.495370235187130E+000 -0.107536384819057E+002 -0.780710457917580E+001
  0.550545330671367E-002  0.192584271764469E+002  0.791604685648789E+000  0.615885020231303E+002 -0.164970602242774E+000  0.350841169260082E+000 -0.107536384819057E+002 -0.780601734557184E+001
  0.549133110841200E-002  0.192555799832020E+002 -0.214351224879326E+001  0.619923646333455E+002 -0.235331075971581E+000  0.407967938513276E+000 -0.107536384819057E+002 -0.780459374894937E+001
  0.547701624833245E-002  0.192528163691346E+002 -0.362092407155014E+001  0.659992268647138E+002 -0.303609887738514E+000  0.427668347541438E+000 -0.107536384819057E+002 -0.780321194191567E+001
  0.545829530268611E-002  0.192516802207221E+002  0.387651258381769E+001  0.619341549715707E+002 -0.188201827477469E+000  0.334168775335170E+000 -0.107536384819057E+002 -0.780264386770945E+001
  0.543951838839126E-002  0.192505881781413E+002 -0.140806657542734E+002  0.635839805847015E+002 -0.257115422605772E+000  0.417846034365076E+000 -0.107536384819057E+002 -0.780209784641905E+001
  0.541816295018785E-002  0.192504715485702E+002  0.175314807035516E+002  0.631756871357985E+002 -0.332589831742817E+000  0.453936457941015E+000 -0.107536384819057E+002 -0.780203953163350E+001
  0.539885234422069E-002  0.192496283395996E+002 -0.146606776423805E+002  0.629902712121866E+002 -0.301295653139853E+000  0.398628197238811E+000 -0.107536384819057E+002 -0.780161792714820E+001
  0.538502188351304E-002  0.192467743525484E+002 -0.271266939228278E+001  0.657190186656908E+002 -0.368979705455852E+000  0.419487647677252E+000 -0.107536384819057E+002 -0.780019093362259E+001
  0.537403992999327E-002  0.192428731780230E+002 -0.226467355605544E+001  0.671453643859539E+002 -0.252544961366277E+000  0.326483989023290E+000 -0.107536384819057E+002 -0.779824034635985E+001
  0.535581895664286E-002  0.192416817656788E+002 -0.160179504769144E+002  0.632230386593421E+002 -0.153792959490545E+000  0.323712772746325E+000 -0.107536384819057E+002 -0.779764464018780E+001
  0.534336025743312E-002  0.192383555401897E+002 -0.153510707607203E+002  0.641847312634905E+002 -0.244643272033693E+000  0.323494440651940E+000 -0.107536384819057E+002 -0.779598152744322E+001
  0.532215681896236E-002  0.192383236545889E+002 -0.147561989190732E+001  0.680038912235995E+002 -0.297899129137039E+000  0.378823592317081E+000 -0.107536384819057E+002 -0.779596558464283E+001
  0.530126324016337E-002  0.192382066099176E+002  0.114063935203850E+002  0.645234034850883E+002 -0.361460847267603E+000  0.432084898035158E+000 -0.107536384819057E+002 -0.779590706230720E+001
  0.528327660618122E-002  0.192370198969013E+002  0.416834623541569E+001  0.652291998112542E+002 -0.386244851708763E+000  0.449916668264252E+000 -0.107536384819057E+002 -0.779531370579905E+001
  0.526280220390823E-002  0.192368015569955E+002 -0.875784807164791E+001  0.692467202255837E+002 -0.424112919722152E+000  0.475795088458581E+000 -0.107536384819057E+002 -0.779520453584615E+001
  0.525017204255708E-002  0.192336230688625E+002  0.703838398156643E+001  0.663559176865251E+002 -0.292023503398950E+000  0.412098708939807E+000 -0.107536384819057E+002 -0.779361529177964E+001
  0.523125632676917E-002  0.192328577891321E+002 -0.466606857862380E+001  0.624682561820880E+002 -0.192762204731349E+000  0.378257135308829E+000 -0.107536384819057E+002 -0.779323265191441E+001
  0.521137874825984E-002  0.192324877644627E+002  0.682693241628769E+001  0.666247339194980E+002 -0.343006379406733E+000  0.450277174593298E+000 -0.107536384819057E+002 -0.779304763957973E+001
  0.519699924729193E-002  0.192300298510179E+002 -0.183857261304495E+002  0.665181249857198E+002 -0.305272446856131E+000  0.421094594949764E+000 -0.107536384819057E+002 -0.779181868285732E+001
  0.517847400665959E-002  0.192291877517386E+002  0.160839292479321E+002  0.653182643916831E+002 -0.370964044426513E+000  0.428843857494515E+000 -0.107536384819057E+002 -0.779139763321766E+001
  0.515822344077668E-002  0.192290400967473E+002  0.205508297052679E+001  0.620234302624156E+002 -0.273760622940914E+000  0.415296857033730E+000 -0.107536384819057E+002 -0.779132380572201E+001
  0.514020485145955E-002  0.192280546396981E+002  0.354803759761517E+001  0.636262848675304E+002 -0.330871947442245E+000  0.416514319829232E+000 -0.107536384819057E+002 -0.779083107719742E+001
  0.512056458845001E-002  0.192277270549367E+002  0.339700894944173E+001  0.653491332851554E+002 -0.204696188287785E+000  0.338156314974309E+000 -0.107536384819057E+002 -0.779066728481671E+001
  0.510113552212435E-002  0.192273460880167E+002 -0.187778391287818E+002  0.673348105074283E+002 -0.425435408353372E+000  0.472123403867208E+000 -0.107536384819057E+002 -0.779047680135674E+001
  0.508354457370297E-002  0.192262708401569E+002  0.659513917226286E+001  0.670156022018872E+002 -0.407768917160838E+000  0.451264085623180E+000 -0.107536384819057E+002 -0.778993917742681E+001
  0.506344116314330E-002  0.192262116877811E+002 -0.112063621021564E+002  0.639348099970357E+002 -0.363890332275629E+000  0.456401177935581E+000 -0.107536384819057E+002 -0.778990960123893E+001
  0.504964701147160E-002  0.192236836088362E+002 -0.366723672758187E+001  0.643003377816356E+002 -0.189850346644299E+000  0.348299253875269E+000 -0.107536384819057E+002 -0.778864556176645E+001
  0.503323093586552E-002  0.192222120283925E+002 -0.756155250931974E+001  0.669961662474365E+002 -0.260654987001212E+000  0.361709546733645E+000 -0.107536384819057E+002 -0.778790977154461E+001
  0.502098935766316E-002  0.192190982130392E+002  0.968122994443216E+001  0.672946351358777E+002 -0.271705944424844E+000  0.366403992901903E+000 -0.107536384819057E+002 -0.778635286386800E+001
  0.500195620058573E-002  0.192187100133968E+002  0.904643270554905E+001  0.643136780898409E+002 -0.181791484250166E+000  0.294634345876025E+000 -0.107536384819057E+002 -0.778615876404680E+001
  0.498529769093571E-002  0.192173978849914E+002 -0.189917594027728E+002  0.659730874922409E+002 -0.214020998334241E+000  0.311848952575247E+000 -0.107536384819057E+002 -0.778550269984410E+001
  0.496836333132875E-002  0.192162191278274E+002 -0.130163587562474E+002  0.631911575108153E+002 -0.321237189522385E+000  0.418451896903961E+000 -0.107536384819057E+002 -0.778491332126209E+001
  0.495164267073356E-002  0.192149772894469E+002 -0.106523548816591E+002  0.687036310114893E+002 -0.423119851053725E+000  0.460613033911726E+000 -0.107536384819057E+002 -0.778429240207185E+001
  0.493424194440580E-002  0.192140338891874E+002  0.157082193309327E+002  0.618367865045707E+002 -0.168920471186187E+000  0.351856598848752E+000 -0.107536384819057E+002 -0.778382070194206E+001
  0.491579902018566E-002  0.192135393366265E+002  0.158156955053288E+002  0.662593496671431E+002 -0.292776511631717E+000  0.340122760505235E+000 -0.107536384819057E+002 -0.778357342566164E+001
  0.489886826958820E-002  0.192124554841364E+002  0.457447580739592E+001  0.630569603316523E+002 -0.157837748793920E+000  0.306756957857828E+000 -0.107536384819057E+002 -0.778303149941656E+001
  0.488096081807987E-002  0.192117956888254E+002  0.230171348453251E+001  0.618952119787215E+002 -0.257864283968159E+000  0.398829631650562E+000 -0.107536384819057E+002 -0.778270160176107E+001
  0.486430831002512E-002  0.192106467676334E+002 -0.114980544410909E+002  0.671454225956654E+002 -0.394093455664818E+000  0.480648894191638E+000 -0.107536384819057E+002 -0.778212714116510E+001
  0.485369464235301E-002  0.192070313888802E+002 -0.115329064153847E+001  0.667740546193149E+002 -0.252240108803327E+000  0.318847071806774E+000 -0.107536384819057E+002 -0.778031945178849E+001
  0.483459073206561E-002  0.192069347833062E+002  0.122478238928795E+002  0.619656180468098E+002 -0.205784206517466E+000  0.386223904746310E+000 -0.107536384819057E+002 -0.778027114900147E+001
  0.481849835607182E-002  0.192056190272625E+002 -0.126421203567226E+002  0.655416363956226E+002 -0.215498457583464E+000  0.301181920840703E+000 -0.107536384819057E+002 -0.777961327097964E+001
  0.480431764728529E-002  0.192035296081047E+002 -0.136597024669918E+002  0.637982529745873E+002 -0.176557118450868E+000  0.298068988194945E+000 -0.107536384819057E+002 -0.777856856140074E+001
  0.478591050420051E-002  0.192032230328366E+002 -0.159890598385505E+002  0.655826925014123E+002 -0.372437217094990E+000  0.427443476760359E+000 -0.107536384819057E+002 -0.777841527376669E+001
  0.476962742043456E-002  0.192020551840713E+002  0.109516377576756E+002  0.654579835293621E+002 -0.313942670344311E+000  0.366741641874073E+000 -0.107536384819057E+002 -0.777783134938405E+001
  0.475305582512873E-002  0.192010320417772E+002  0.117435309306302E+002  0.627298392056521E+002 -0.180334775296304E+000  0.314375209471347E+000 -0.107536384819057E+002 -0.777731977823699E+001
  0.473708199108832E-002  0.191997808199560E+002 -0.238975108308272E+001  0.644898925733119E+002 -0.221208753492197E+000  0.376781413522435E+000 -0.107536384819057E+002 -0.777669416732637E+001
  0.472691729129763E-002  0.191960929331523E+002 -0.184221035969609E+002  0.629808920940170E+002 -0.189222030953990E+000  0.313064206987273E+000 -0.107536384819057E+002 -0.777485022392453E+001
  0.470816269236521E-002  0.191960599090108E+002  0.324016581031712E+001  0.693155826596536E+002 -0.406863730032599E+000  0.446716749444644E+000 -0.107536384819057E+002 -0.777483371185380E+001
  0.468978336850555E-002  0.191958985746134E+002  0.174418103326177E+002  0.671099048130405E+002 -0.375736897467283E+000  0.468150991831466E+000 -0.107536384819057E+002 -0.777475304465509E+001
  0.467378938603342E-002  0.191947469659951E+002  0.122493588100006E+002  0.653916150844654E+002 -0.287483156455245E+000  0.344081730861393E+000 -0.107536384819057E+002 -0.777417724034595E+001
  0.466130328649273E-002  0.191921131036523E+002  0.108199772926241E+002  0.642823804915242E+002 -0.199899454020252E+000  0.358193975617189E+000 -0.107536384819057E+002 -0.777286030917454E+001
  0.464314737669540E-002  0.191919343291503E+002  0.553363556659781E+001  0.618770591698364E+002 -0.231861022516951E+000  0.373143818031703E+000 -0.107536384819057E+002 -0.777277092192355E+001
  0.462487083235906E-002  0.191918383022001E+002  0.177031485451958E+002  0.635279834678736E+002 -0.254085991066200E+000  0.344441527437534E+000 -0.107536384819057E+002 -0.777272290844842E+001
  0.460924366894205E-002  0.191906235837076E+002 -0.105462571027433E+002  0.650847869337679E+002 -0.361204649686730E+000  0.470863790653895E+000 -0.107536384819057E+002 -0.777211554920217E+001
  0.459213414266224E-002  0.191900773603079E+002 -0.101364356870629E+002  0.657221907903781E+002 -0.297415637574821E+000  0.424072909767962E+000 -0.107536384819057E+002 -0.777184243750233E+001
  0.457568992827785E-002  0.191892680767487E+002 -0.309238103818543E+001  0.620111218658457E+002 -0.166573441067765E+000  0.341294873526747E+000 -0.107536384819057E+002 -0.777143779572275E+001
  0.455760716174186E-002  0.191892035357808E+002  0.183469237038112E+002  0.668535497285497E+002 -0.267967208728564E+000  0.374101780486306E+000 -0.107536384819057E+002 -0.777140552523879E+001
  0.454008676504461E-002  0.191889227281484E+002 -0.407734382847410E+001  0.648295019059437E+002 -0.199237794792529E+000  0.343416934664397E+000 -0.107536384819057E+002 -0.777126512142259E+001
  0.452344581739202E-002  0.191882828270687E+002 -0.117230261749047E+000  0.619482649054558E+002 -0.185775231548738E+000  0.340631944148315E+000 -0.107536384819057E+002 -0.777094517088271E+001
  0.450544255209807E-002  0.191882746453075E+002 -0.793321696869170E+001  0.643896108340127E+002 -0.228971735799192E+000  0.313047738895102E+000 -0.107536384819057E+002 -0.777094108000214E+001
  0.448756777806393E-002  0.191882411318648E+002 -0.998123379380977E+001  0.630294564873559E+002 -0.171526502046861E+000  0.347906590420369E+000 -0.107536384819057E+002 -0.777092432328076E+001
  0.447220590917716E-002  0.191871152464514E+002  0.109324047665495E+002  0.664927673637684E+002 -0.257948042439780E+000  0.319145036790348E+000 -0.107536384819057E+002 -0.777036138057410E+001
  0.445589891205611E-002  0.191864371285542E+002  0.192998465449146E+002  0.641185484398032E+002 -0.204857266142263E+000  0.303759087659467E+000 -0.107536384819057E+002 -0.777002232162548E+001
  0.443876986017447E-002  0.191861561600677E+002 -0.428240553168080E+001  0.621533818617706E+002 -0.199543714627589E+000  0.339890072405479E+000 -0.107536384819057E+002 -0.776988183738225E+001
  0.442482366615579E-002  0.191844658201837E+002 -0.193082395389091E+002  0.618630009499990E+002 -0.200027653048896E+000  0.351484832244947E+000 -0.107536384819057E+002 -0.776903666744021E+001
  0.441274460964663E-002  0.191819489213899E+002  0.139620679034111E+002  0.691851108325048E+002 -0.418025793917235E+000  0.466315941345207E+000 -0.107536384819057E+002 -0.776777821804335E+001
  0.439650002068582E-002  0.191813410424407E+002 -0.489501566532194E+001  0.675809345742879E+002 -0.388605673564596E+000  0.472124217185459E+000 -0.107536384819057E+002 -0.776747427856872E+001
  0.438029824873820E-002  0.191807409182069E+002 -0.164628242155769E+002  0.618291187681950E+002 -0.201187916593805E+000  0.354392034357581E+000 -0.107536384819057E+002 -0.776717421645183E+001
  0.436287312939041E-002  0.191807288765198E+002  0.127988767162328E+002  0.618340055024756E+002 -0.180915303335800E+000  0.358424463762458E+000 -0.107536384819057E+002 -0.776716819560830E+001
  0.434681334271162E-002  0.191801204404076E+002 -0.120154983127430E+002  0.691306324943075E+002 -0.384066700547857E+000  0.421935424494178E+000 -0.107536384819057E+002 -0.776686397755216E+001
  0.433187610885126E-002  0.191790209620384E+002 -0.146205769653104E+002  0.642122943041338E+002 -0.282499573221529E+000  0.356843144655916E+000 -0.107536384819057E+002 -0.776631423836758E+001
  0.431685658587676E-002  0.191779833883536E+002  0.176795644741761E+002  0.641411578643312E+002 -0.208235568895931E+000  0.368799733503788E+000 -0.107536384819057E+002 -0.776579545152520E+001
  0.430132459860124E-002  0.191772082933915E+002  0.243541857617485E+001  0.617408987462877E+002 -0.199220608155318E+000  0.373039801142310E+000 -0.107536384819057E+002 -0.776540790404411E+001
  0.428671475174572E-002  0.191760289988762E+002  0.291819133438577E+001  0.629026301138406E+002 -0.193402050553810E+000  0.318204862126130E+000 -0.107536384819057E+002 -0.776481825678646E+001
  0.427032183322105E-002  0.191757078608559E+002  0.663565408538574E+001  0.630906702929947E+002 -0.323681294367463E+000  0.443823716721862E+000 -0.107536384819057E+002 -0.776465768777634E+001
  0.425841676237014E-002  0.191733073303215E+002  0.146371135961227E+002  0.687761269278506E+002 -0.374591889441065E+000  0.409749498709708E+000 -0.107536384819057E+002 -0.776345742250910E+001
  0.424250372636709E-002  0.191728109731976E+002  0.301628011919735E+001  0.643178441285760E+002 -0.319814207098049E+000  0.449828860232743E+000 -0.107536384819057E+002 -0.776320924394720E+001
  0.422687915831367E-002  0.191722062573423E+002  0.598485369745278E+001  0.621369056433115E+002 -0.196836837311230E+000  0.376895562770454E+000 -0.107536384819057E+002 -0.776290688601954E+001
  0.421053471926399E-002  0.191719707783945E+002  0.114964019965436E+002  0.623924489916159E+002 -0.165940138098727E+000  0.325866792276689E+000 -0.107536384819057E+002 -0.776278914654561E+001
  0.419380124372036E-002  0.191719509570524E+002 -0.402490633764381E+001  0.627457896142214E+002 -0.209995621781630E+000  0.330852433226259E+000 -0.107536384819057E+002 -0.776277923587458E+001
  0.417919795951289E-002  0.191709432911545E+002 -0.139920545083525E+002  0.632741189157760E+002 -0.188529493723762E+000  0.361990079473259E+000 -0.107536384819057E+002 -0.776227540292563E+001
  0.416263452984610E-002  0.191709016049048E+002  0.119627564118813E+002  0.633349951732556E+002 -0.191682337385874E+000  0.309992903900254E+000 -0.107536384819057E+002 -0.776225455980079E+001
  0.414629232367398E-002  0.191707848730464E+002  0.610449781628628E+000  0.628764072378186E+002 -0.186421145899742E+000  0.316421083400181E+000 -0.107536384819057E+002 -0.776219619387159E+001
  0.413175122417029E-002  0.191698271837154E+002  0.114573699334535E+000  0.670854215375139E+002 -0.364107609434606E+000  0.402304640432205E+000 -0.107536384819057E+002 -0.776171734920608E+001
  0.411622795848922E-002  0.191693714259433E+002 -0.835203641005435E+001  0.641970915458904E+002 -0.366347942553883E+000  0.464502757276883E+000 -0.107536384819057E+002 -0.776148947032005E+001
  0.410231157978231E-002  0.191681605537188E+002 -0.895990706405694E+001  0.618592620696917E+002 -0.182647643318010E+000  0.356777656106894E+000 -0.107536384819057E+002 -0.776088403420780E+001
  0.408911957584081E-002  0.191666183722396E+002 -0.877694199857160E+001  0.650721885991533E+002 -0.195455104328631E+000  0.307311245633443E+000 -0.107536384819057E+002 -0.776011294346818E+001
  0.407836066317411E-002  0.191639034793403E+002 -0.464779393980979E+001  0.636538438109463E+002 -0.274548632001517E+000  0.360866403930412E+000 -0.107536384819057E+002 -0.775875549701853E+001
  0.406352340350244E-002  0.191632087943871E+002  0.541748112177875E+001  0.624016852924111E+002 -0.195959880444158E+000  0.332828751502444E+000 -0.107536384819057E+002 -0.775840815454191E+001
  0.404770473084716E-002  0.191630256384452E+002 -0.225539155299983E+001  0.686077847287312E+002 -0.331060772710842E+000  0.391990528591415E+000 -0.107536384819057E+002 -0.775831657657097E+001
  0.403380664466928E-002  0.191619205566516E+002 -0.637756843618290E+001  0.651178456526950E+002 -0.281954713039883E+000  0.344103030134509E+000 -0.107536384819057E+002 -0.775776403567417E+001
  0.402251952887553E-002  0.191595406184825E+002 -0.945953845456081E+000  0.628363156050668E+002 -0.227724088005571E+000  0.397925162624059E+000 -0.107536384819057E+002 -0.775657406658964E+001
  0.400873012423082E-002  0.191584244576757E+002 -0.503138040113809E+001  0.623448239389144E+002 -0.173093460746358E+000  0.351342239904044E+000 -0.107536384819057E+002 -0.775601598618625E+001
  0.399311452015262E-002  0.191582464271729E+002  0.215199654693291E+001  0.682271038717911E+002 -0.311894122856889E+000  0.380482323961388E+000 -0.107536384819057E+002 -0.775592697093482E+001
  0.398324206266857E-002  0.191552132478119E+002 -0.192814106878286E+002  0.664317229471862E+002 -0.247912931411084E+000  0.357726801269992E+000 -0.107536384819057E+002 -0.775441038125435E+001
  0.396892146888323E-002  0.191544325829244E+002  0.140234113487811E+002  0.645301281471964E+002 -0.310503082341373E+000  0.378977476856006E+000 -0.107536384819057E+002 -0.775402004881057E+001
  0.395455189771411E-002  0.191537027261485E+002 -0.923181276184800E+001  0.623943557935310E+002 -0.183826447138220E+000  0.363246452990436E+000 -0.107536384819057E+002 -0.775365512042262E+001
  0.394154111597147E-002  0.191523096867778E+002  0.717884127023104E+001  0.644209980316037E+002 -0.371951137217080E+000  0.466059022856923E+000 -0.107536384819057E+002 -0.775295860073727E+001
  0.392616830903432E-002  0.191521412996830E+002  0.841063717061432E+001  0.670153037194766E+002 -0.404375279284759E+000  0.485171553161480E+000 -0.107536384819057E+002 -0.775287440718990E+001
  0.391181387902511E-002  0.191514828395263E+002 -0.154054751995769E+002  0.631559019337517E+002 -0.319383431448130E+000  0.423302242269469E+000 -0.107536384819057E+002 -0.775254517711154E+001
  0.389633627696052E-002  0.191514277543086E+002 -0.630926082832011E+001  0.667879698531049E+002 -0.260007176082392E+000  0.325874766856272E+000 -0.107536384819057E+002 -0.775251763450270E+001
  0.388382984264580E-002  0.191498736233651E+002  0.159076015748419E+002  0.648691422608240E+002 -0.312190267204354E+000  0.441559805252968E+000 -0.107536384819057E+002 -0.775174056903092E+001
  0.387049935103201E-002  0.191487660001334E+002  0.736495631267977E+001  0.619505668493787E+002 -0.214970362711974E+000  0.362204955539816E+000 -0.107536384819057E+002 -0.775118675741506E+001
  0.385844579620699E-002  0.191470200997301E+002  0.249833786292385E+000  0.681794477908281E+002 -0.356982898281591E+000  0.436505729100557E+000 -0.107536384819057E+002 -0.775031380721341E+001
  0.384445427108841E-002  0.191463016534645E+002 -0.427986861481525E+001  0.652052125300394E+002 -0.200339110946234E+000  0.321035829093400E+000 -0.107536384819057E+002 -0.774995458408063E+001
  0.383061231114908E-002  0.191455316069467E+002 -0.117888680363024E+002  0.632187222535888E+002 -0.170658359609759E+000  0.337175761930802E+000 -0.107536384819057E+002 -0.774956956082173E+001
  0.381541708943333E-002  0.191454969148086E+002  0.834269607717726E+000  0.669271145282788E+002 -0.314999651865954E+000  0.358168669002776E+000 -0.107536384819057E+002 -0.774955221475267E+001
  0.380179358368605E-002  0.191446669452541E+002 -0.101247184982420E+002  0.635718730166894E+002 -0.253926885339211E+000  0.411251090501965E+000 -0.107536384819057E+002 -0.774913722997541E+001
  0.378922327154551E-002  0.191433066917911E+002  0.917105130887860E+001  0.679039519588209E+002 -0.318159956412263E+000  0.362520180325857E+000 -0.107536384819057E+002 -0.774845710324390E+001
  0.377461732503221E-002  0.191430467489240E+002 -0.369101102788155E+001  0.681434528460387E+002 -0.394687597677130E+000  0.468440888688438E+000 -0.107536384819057E+002 -0.774832713181037E+001
  0.376068651346506E-002  0.191424576715976E+002  0.760338575410692E+001  0.619150203823545E+002 -0.199913234173244E+000  0.371738871675673E+000 -0.107536384819057E+002 -0.774803259314720E+001
  0.374581445673279E-002  0.191423985337513E+002  0.743225895850879E+001  0.673360663822035E+002 -0.279401354957895E+000  0.368929882194681E+000 -0.107536384819057E+002 -0.774800302422402E+001
  0.373289619412693E-002  0.191413238508904E+002 -0.178391918911138E+002  0.666215996375021E+002 -0.247359398620767E+000  0.346002946297304E+000 -0.107536384819057E+002 -0.774746568279357E+001
  0.372179020560677E-002  0.191392990110011E+002 -0.894936868550126E+001  0.620614401230969E+002 -0.227385846926157E+000  0.393504005965827E+000 -0.107536384819057E+002 -0.774645326284895E+001
  0.370744753486383E-002  0.191390372619532E+002 -0.867732723236283E+001  0.640939356516332E+002 -0.324363547059132E+000  0.402574404312843E+000 -0.107536384819057E+002 -0.774632238832499E+001
  0.369757285024590E-002  0.191363872711561E+002 -0.438214586756095E+001  0.680896093508534E+002 -0.369198827134086E+000  0.448610578853522E+000 -0.107536384819057E+002 -0.774499739292645E+001
  0.368794288478374E-002  0.191336188269667E+002 -0.237450113098178E+001  0.649721429363059E+002 -0.320007168593529E+000  0.382265143074333E+000 -0.107536384819057E+002 -0.774361317083171E+001
  0.367392684056965E-002  0.191332502743353E+002  0.439532305148605E+001  0.627845520124489E+002 -0.260848386161738E+000  0.416988313668806E+000 -0.107536384819057E+002 -0.774342889451604E+001
  0.366461066987204E-002  0.191303441785610E+002  0.177070327977406E+002  0.648492772751141E+002 -0.270893115342405E+000  0.339987053086509E+000 -0.107536384819057E+002 -0.774197584662887E+001
  0.365121352935216E-002  0.191296851646890E+002  0.934689270505969E+001  0.675152210331069E+002 -0.312719793339893E+000  0.357381690907177E+000 -0.107536384819057E+002 -0.774164633969287E+001
  0.363780404015094E-002  0.191290598665630E+002 -0.937182507858748E+001  0.672834070974901E+002 -0.284105063060136E+000  0.340981626318535E+000 -0.107536384819057E+002 -0.774133369062987E+001
  0.362691559898927E-002  0.191270710722129E+002  0.163663475652419E+002  0.680274256349274E+002 -0.305151308684718E+000  0.374038098425085E+000 -0.107536384819057E+002 -0.774033929345485E+001
  0.361618079046418E-002  0.191250153320505E+002  0.130678069370150E+002  0.637657151468833E+002 -0.252583103012457E+000  0.407997375194165E+000 -0.107536384819057E+002 -0.773931142337362E+001
  0.360516717624215E-002  0.191231318805990E+002  0.160373541490245E+001  0.644933716370372E+002 -0.352486747523779E+000  0.463670228708732E+000 -0.107536384819057E+002 -0.773836969764788E+001
  0.359241654374507E-002  0.191222339082365E+002  0.992505169865208E+001  0.688038195918671E+002 -0.408373587468750E+000  0.449778866591492E+000 -0.107536384819057E+002 -0.773792071146663E+001
  0.357884895325165E-002  0.191218176271684E+002  0.107482648371928E+002  0.630146186223478E+002 -0.170590199100676E+000  0.334858313349253E+000 -0.107536384819057E+002 -0.773771257093257E+001
  0.356739795473113E-002  0.191202431075403E+002  0.658335974648885E+001  0.642327360514021E+002 -0.336738865178240E+000  0.414663010244112E+000 -0.107536384819057E+002 -0.773692531111855E+001
  0.355490745691551E-002  0.191192739344283E+002  0.145614700658101E+002  0.647695489576541E+002 -0.243104026431020E+000  0.321779131447064E+000 -0.107536384819057E+002 -0.773644072456253E+001
  0.354135373844543E-002  0.191189298220318E+002  0.146800265758475E+002  0.688405448097595E+002 -0.377378257238628E+000  0.438709144508063E+000 -0.107536384819057E+002 -0.773626866836429E+001
  0.352786945092165E-002  0.191185756440572E+002 -0.926509160290970E+001  0.685996438034835E+002 -0.339890397963923E+000  0.400652111685202E+000 -0.107536384819057E+002 -0.773609157937697E+001
  0.351409405193689E-002  0.191184163603658E+002  0.870802799559495E+001  0.623487269713341E+002 -0.265074116832274E+000  0.412457672789009E+000 -0.107536384819057E+002 -0.773601193753129E+001
  0.350599397189126E-002  0.191150476922282E+002  0.118560514689426E+002  0.661864942892631E+002 -0.361910200941362E+000  0.410876053552661E+000 -0.107536384819057E+002 -0.773432760346250E+001
  0.349224734146549E-002  0.191149208512291E+002 -0.333290785316495E+001  0.629328446496494E+002 -0.277878402840374E+000  0.384560433688000E+000 -0.107536384819057E+002 -0.773426418296295E+001
  0.348299760717116E-002  0.191122411326439E+002  0.162633950669724E+002  0.659012297980988E+002 -0.282753044845994E+000  0.406154606480537E+000 -0.107536384819057E+002 -0.773292432367031E+001
  0.346937611740460E-002  0.191120941297898E+002  0.193158295928535E+002  0.659266896587561E+002 -0.387121083347372E+000  0.478640612226351E+000 -0.107536384819057E+002 -0.773285082224329E+001
  0.345628097271260E-002  0.191116733611048E+002 -0.500687126583605E+001  0.622817454895659E+002 -0.251455632886182E+000  0.405717336911520E+000 -0.107536384819057E+002 -0.773264043790076E+001
  0.344395781050808E-002  0.191108329410942E+002 -0.930231780507370E+001  0.674329464382456E+002 -0.286017098839100E+000  0.371608446981261E+000 -0.107536384819057E+002 -0.773222022789546E+001
  0.343324776474136E-002  0.191090782045183E+002  0.207109997012150E+000  0.653000180708228E+002 -0.237311816249498E+000  0.315516000422199E+000 -0.107536384819057E+002 -0.773134285960751E+001
  0.342097175403887E-002  0.191082582300660E+002  0.966717193551594E+001  0.630768385299064E+002 -0.183813922906078E+000  0.319166897505933E+000 -0.107536384819057E+002 -0.773093287238136E+001
  0.341018306443215E-002  0.191065915372948E+002 -0.120411329795284E+002  0.638395655258314E+002 -0.348062955435423E+000  0.448323095630121E+000 -0.107536384819057E+002 -0.773009952599580E+001
  0.339723748245849E-002  0.191062142512299E+002 -0.846670621448759E+000  0.633807335935503E+002 -0.190796834389148E+000  0.315503199447545E+000 -0.107536384819057E+002 -0.772991088296331E+001
  0.338409944273178E-002  0.191059797461695E+002  0.111834285066994E+002  0.661017793571495E+002 -0.385989011379952E+000  0.440986712320536E+000 -0.107536384819057E+002 -0.772979363043313E+001
  0.337665081838720E-002  0.191024026863295E+002  0.599592076931273E+001  0.633129062595573E+002 -0.273348102374533E+000  0.370806535059672E+000 -0.107536384819057E+002 -0.772800510051314E+001
  0.336331802753025E-002  0.191023313262095E+002 -0.158629821557862E+002  0.667894080106056E+002 -0.264278256142418E+000  0.331990461801343E+000 -0.107536384819057E+002 -0.772796942045314E+001
  0.335069836381144E-002  0.191018656916365E+002 -0.746371126230276E+001  0.642606985528446E+002 -0.277338662209998E+000  0.420631808448455E+000 -0.107536384819057E+002 -0.772773660316661E+001
  0.333917393996857E-002  0.191007723248649E+002  0.506949270393997E+001  0.642822009188665E+002 -0.221847872531594E+000  0.316253687546491E+000 -0.107536384819057E+002 -0.772718991978081E+001
  0.332588485795418E-002  0.191007636656058E+002 -0.554776342810229E+000  0.678127104194837E+002 -0.383946153513161E+000  0.422646313925862E+000 -0.107536384819057E+002 -0.772718559015126E+001
  0.331549992876907E-002  0.190990343051744E+002 -0.369186216056299E+000  0.641138540960990E+002 -0.266476942205467E+000  0.413999072698291E+000 -0.107536384819057E+002 -0.772632090993560E+001
  0.330489000515422E-002  0.190974607205112E+002  0.116950388762997E+002  0.669842666488965E+002 -0.271486163077882E+000  0.366416212983544E+000 -0.107536384819057E+002 -0.772553411760399E+001
  0.329374279455144E-002  0.190962339693961E+002  0.165112922257838E+002  0.655409109079625E+002 -0.217488543163795E+000  0.317044282562231E+000 -0.107536384819057E+002 -0.772492074204642E+001
  0.328680424970460E-002  0.190924675381720E+002 -0.801538845546925E+001  0.621274607134172E+002 -0.227411705220366E+000  0.387450258834753E+000 -0.107536384819057E+002 -0.772303752643438E+001
  0.327510911296903E-002  0.190916126047646E+002 -0.147796322967477E+001  0.650566191795773E+002 -0.380630940402451E+000  0.471508944739885E+000 -0.107536384819057E+002 -0.772261005973069E+001
  0.326222998670976E-002  0.190915089201053E+002  0.139915072619292E+002  0.663384743317977E+002 -0.249075391858329E+000  0.356406025646081E+000 -0.107536384819057E+002 -0.772255821740102E+001
  0.325033067634580E-002  0.190908334151576E+002 -0.155501134891064E+001  0.667724370006889E+002 -0.314571798846143E+000  0.361253104532452E+000 -0.107536384819057E+002 -0.772222046492719E+001
  0.323808352951982E-002  0.190903995449609E+002  0.875158473185022E+001  0.639956120472570E+002 -0.349977872346001E+000  0.443518168259623E+000 -0.107536384819057E+002 -0.772200352982884E+001
  0.322538093120342E-002  0.190902766825971E+002 -0.160035030055659E+002  0.652512082589247E+002 -0.388364722170248E+000  0.470952564104671E+000 -0.107536384819057E+002 -0.772194209864693E+001
  0.321290198533729E-002  0.190900456149768E+002  0.268238269215004E+000  0.641779744450363E+002 -0.221446922212008E+000  0.318056949115038E+000 -0.107536384819057E+002 -0.772182656483680E+001
  0.320278904996774E-002  0.190883667038349E+002  0.107256828423745E+002  0.661529238257374E+002 -0.406772053098353E+000  0.476695053588308E+000 -0.107536384819057E+002 -0.772098710926584E+001
  0.319030237608429E-002  0.190881952758383E+002  0.123733344070443E+002  0.663105005367155E+002 -0.330823712825784E+000  0.378818975380156E+000 -0.107536384819057E+002 -0.772090139526751E+001
  0.317839878330180E-002  0.190876875499585E+002  0.831698484611692E+000  0.659546176789490E+002 -0.295881100919621E+000  0.415798711716575E+000 -0.107536384819057E+002 -0.772064753232764E+001
  0.316595895072245E-002  0.190875466014208E+002 -0.174413906004434E+002  0.634680665989964E+002 -0.218791249670419E+000  0.382107435676316E+000 -0.107536384819057E+002 -0.772057705805878E+001
  0.315726779941794E-002  0.190850604839893E+002 -0.303424686861170E+001  0.652470363200870E+002 -0.383155194098733E+000  0.455747721452376E+000 -0.107536384819057E+002 -0.771933399934303E+001
  0.314773945861761E-002  0.190831213817106E+002 -0.582947290940251E+001  0.626262565387882E+002 -0.201681130073668E+000  0.372016338428022E+000 -0.107536384819057E+002 -0.771836444820369E+001
  0.313873404268869E-002  0.190808673702212E+002  0.772958666918672E+000  0.687114675054466E+002 -0.395399229088709E+000  0.454749067102513E+000 -0.107536384819057E+002 -0.771723744245898E+001
  0.313192312903586E-002  0.190772279545017E+002 -0.753541559785196E+001  0.625315545026811E+002 -0.276642514795768E+000  0.407259922801368E+000 -0.107536384819057E+002 -0.771541773459924E+001
  0.312113456807922E-002  0.190761452214878E+002 -0.144462571054875E+002  0.633356864201192E+002 -0.195184579736774E+000  0.320754212523035E+000 -0.107536384819057E+002 -0.771487636809228E+001
  0.311343719379478E-002  0.190730996918022E+002 -0.140748816200123E+002  0.628828496256490E+002 -0.296578853960447E+000  0.413684114907178E+000 -0.107536384819057E+002 -0.771335360324949E+001
  0.310166978033784E-002  0.190726890844862E+002  0.514049679090535E+001  0.657413751203408E+002 -0.394378432187129E+000  0.476989657559867E+000 -0.107536384819057E+002 -0.771314829959148E+001
  0.308966301984766E-002  0.190724621927445E+002 -0.106869213505270E+002  0.665637784326786E+002 -0.258961969294252E+000  0.331346014003148E+000 -0.107536384819057E+002 -0.771303485372065E+001
  0.308061623657803E-002  0.190703429024323E+002 -0.536247471628663E+000  0.675504662940973E+002 -0.325326313495204E+000  0.370307205913302E+000 -0.107536384819057E+002 -0.771197520856451E+001
  0.307125527223183E-002  0.190684454444765E+002  0.563141335820323E+001  0.684001531644865E+002 -0.377572793017277E+000  0.446300706439601E+000 -0.107536384819057E+002 -0.771102647958663E+001
  0.306099046642950E-002  0.190671570340611E+002 -0.102875465711443E+002  0.655908898951510E+002 -0.363330705714901E+000  0.422903747306156E+000 -0.107536384819057E+002 -0.771038227437894E+001
  0.305214399561096E-002  0.190649614962892E+002 -0.166140367667726E+002  0.664186588979360E+002 -0.270820441457473E+000  0.334078755186786E+000 -0.107536384819057E+002 -0.770928450549296E+001
  0.304006456305719E-002  0.190649085337629E+002 -0.192775547566537E+002  0.679718418819380E+002 -0.370986640584768E+000  0.448538841111490E+000 -0.107536384819057E+002 -0.770925802422982E+001
  0.302803283826300E-002  0.190648556365340E+002  0.799996118581234E+001  0.641063740564146E+002 -0.228437972577427E+000  0.381682114387071E+000 -0.107536384819057E+002 -0.770923157561537E+001
  0.301730541261629E-002  0.190639695835274E+002 -0.136799726093520E+002  0.644410568767110E+002 -0.216959243471808E+000  0.364473924420828E+000 -0.107536384819057E+002 -0.770878854911210E+001
  0.300691361070769E-002  0.190628855638300E+002 -0.138630227264159E+002  0.631124052286590E+002 -0.183238443780753E+000  0.327217012976170E+000 -0.107536384819057E+002 -0.770824653926340E+001
  0.299900495160254E-002  0.190601687679872E+002 -0.115853102858020E+002  0.637346938333065E+002 -0.208607468766822E+000  0.320610056456310E+000 -0.107536384819057E+002 -0.770688814134199E+001
  0.298722615986631E-002  0.190600553249743E+002 -0.326951138064275E+001  0.649198082627608E+002 -0.376513805190399E+000  0.459451779057418E+000 -0.107536384819057E+002 -0.770683141983553E+001
  0.297585698129181E-002  0.190596976677003E+002  0.169187548668755E+002  0.644930680170963E+002 -0.225601555223813E+000  0.319136640510679E+000 -0.107536384819057E+002 -0.770665259119854E+001
  0.296594925541583E-002  0.190583834724527E+002  0.163084972690563E+002  0.643024664792954E+002 -0.273242843200011E+000  0.415475891943949E+000 -0.107536384819057E+002 -0.770599549357473E+001
  0.295528006125484E-002  0.190576068560320E+002 -0.440883033406035E+001  0.660257675234841E+002 -0.281152611152993E+000  0.341179134258923E+000 -0.107536384819057E+002 -0.770560718536439E+001
  0.294535398166113E-002  0.190563516422151E+002  0.240503932418466E+001  0.675004376353022E+002 -0.358825611779830E+000  0.400115172424233E+000 -0.107536384819057E+002 -0.770497957845593E+001
  0.293648501666515E-002  0.190543990274115E+002  0.892893588857479E+000  0.666086890414642E+002 -0.408608635606542E+000  0.470877022101732E+000 -0.107536384819057E+002 -0.770400327105414E+001
  0.292560158061657E-002  0.190538413156662E+002 -0.925437014719662E+000  0.678429787816127E+002 -0.322005214613992E+000  0.371844344922088E+000 -0.107536384819057E+002 -0.770372441518149E+001
  0.291439764045183E-002  0.190535312151852E+002 -0.750612110091092E+001  0.677463374013830E+002 -0.353830046401701E+000  0.436947894969557E+000 -0.107536384819057E+002 -0.770356936494099E+001
  0.290422206258429E-002  0.190525423630935E+002  0.142487359596137E+002  0.660105683259896E+002 -0.299734100745911E+000  0.355538923280236E+000 -0.107536384819057E+002 -0.770307493889512E+001
  0.289319562406360E-002  0.190521661572931E+002  0.101394001378045E+002  0.651310636869786E+002 -0.214229822327608E+000  0.317900672803166E+000 -0.107536384819057E+002 -0.770288683599494E+001
  0.288201745083218E-002  0.190519242964159E+002  0.760913998787215E+001  0.634040570919031E+002 -0.192847994382624E+000  0.322603859400380E+000 -0.107536384819057E+002 -0.770276590555634E+001
  0.287348259484058E-002  0.190498718755813E+002 -0.156695389911950E+002  0.656163886947150E+002 -0.308537198003723E+000  0.366837767270987E+000 -0.107536384819057E+002 -0.770173969513901E+001
  0.286288121572974E-002  0.190492802450513E+002  0.135827987838335E+001  0.623325373550991E+002 -0.220037786486259E+000  0.380040770548416E+000 -0.107536384819057E+002 -0.770144387987402E+001
  0.285173254256125E-002  0.190490998356424E+002  0.491449479730817E+001  0.631769136796241E+002 -0.269267957520847E+000  0.417069850483106E+000 -0.107536384819057E+002 -0.770135367516958E+001
  0.284306576573199E-002  0.190472033017743E+002  0.124353917409957E+002  0.677649261570359E+002 -0.411887452096877E+000  0.461564930937428E+000 -0.107536384819057E+002 -0.770040540823554E+001
  0.283345627982708E-002  0.190459906555284E+002 -0.137783002845873E+002  0.673021998893911E+002 -0.377715120788246E+000  0.421361864327723E+000 -0.107536384819057E+002 -0.769979908511258E+001
  0.282353371624468E-002  0.190450227638154E+002 -0.237597171962643E+001  0.662194880378797E+002 -0.288581602515542E+000  0.346271818201243E+000 -0.107536384819057E+002 -0.769931513925607E+001
  0.281238475402656E-002  0.190449515232942E+002  0.161078586463383E+002  0.624852191754843E+002 -0.251149773659433E+000  0.400901746639337E+000 -0.107536384819057E+002 -0.769927951899550E+001
  0.280134189450933E-002  0.190448359606098E+002  0.988333603992379E+001  0.640683564666837E+002 -0.343998604624131E+000  0.451884615558523E+000 -0.107536384819057E+002 -0.769922173765329E+001
  0.279018504098976E-002  0.190448331857670E+002 -0.646812130204573E+001  0.659280055052892E+002 -0.259370587480084E+000  0.378591344516242E+000 -0.107536384819057E+002 -0.769922035023189E+001
  0.277951775219339E-002  0.190445100919252E+002 -0.150757954209051E+002  0.629325480023105E+002 -0.185288090314591E+000  0.338741359202674E+000 -0.107536384819057E+002 -0.769905880331098E+001
  0.277071523765364E-002  0.190428699430109E+002  0.104632230198152E+002  0.673802612910459E+002 -0.378262337816245E+000  0.421657260252265E+000 -0.107536384819057E+002 -0.769823872885384E+001
  0.276172092638035E-002  0.190413888723495E+002  0.855651414597974E+001  0.684888766158504E+002 -0.359885388336532E+000  0.406812136338647E+000 -0.107536384819057E+002 -0.769749819352313E+001
  0.275083369725932E-002  0.190413047920021E+002 -0.589524579191991E+000  0.682258260788307E+002 -0.339802607881222E+000  0.409028497728170E+000 -0.107536384819057E+002 -0.769745615334942E+001
  0.274075709375832E-002  0.190406604185633E+002 -0.112951448868668E+002  0.662237734882073E+002 -0.376808681515711E+000  0.431276938308374E+000 -0.107536384819057E+002 -0.769713396663002E+001
  0.273274773750824E-002  0.190385295631236E+002  0.952646659362883E+001  0.670437237828315E+002 -0.376316726736982E+000  0.422070219529195E+000 -0.107536384819057E+002 -0.769606853891018E+001
  0.272240352122268E-002  0.190381304458731E+002  0.975473849633353E+001  0.660166480155076E+002 -0.241306366305864E+000  0.327746158548741E+000 -0.107536384819057E+002 -0.769586898028491E+001
  0.271286948591152E-002  0.190371628274047E+002  0.149356982900379E+002  0.628514720045767E+002 -0.188494267665932E+000  0.340396209375980E+000 -0.107536384819057E+002 -0.769538517105073E+001
  0.270226817783910E-002  0.190370096636166E+002  0.114196399518632E+002  0.652243411203821E+002 -0.332992631865058E+000  0.396305682404273E+000 -0.107536384819057E+002 -0.769530858915668E+001
  0.269265115635458E-002  0.190361560570121E+002  0.148768969871385E+002  0.656212848047331E+002 -0.391072345780832E+000  0.468383123329488E+000 -0.107536384819057E+002 -0.769488178585443E+001
  0.268281005471201E-002  0.190354950048180E+002 -0.140624401629321E+002  0.638988411477778E+002 -0.339758594755998E+000  0.446197686726481E+000 -0.107536384819057E+002 -0.769455125975740E+001
  0.267266887480732E-002  0.190350854049456E+002 -0.104992054735097E+002  0.664498247094755E+002 -0.405193683444036E+000  0.476291294692437E+000 -0.107536384819057E+002 -0.769434645982117E+001
  0.266332870358568E-002  0.190341030003373E+002  0.298264392948656E+001  0.635424469920869E+002 -0.282746883820418E+000  0.424021711687415E+000 -0.107536384819057E+002 -0.769385525751703E+001
  0.265274192053751E-002  0.190340848392112E+002 -0.246012170298005E+000  0.642281555770529E+002 -0.238335338236907E+000  0.330894128415650E+000 -0.107536384819057E+002 -0.769384617695399E+001
  0.264226602797472E-002  0.190340145949766E+002  0.148135035529120E+002  0.628121485246594E+002 -0.232846807135642E+000  0.392376971326484E+000 -0.107536384819057E+002 -0.769381105483668E+001
  0.263379754041021E-002  0.190324508654054E+002  0.194108541454206E+000  0.631234241279454E+002 -0.214752438062167E+000  0.377029387526054E+000 -0.107536384819057E+002 -0.769302919005110E+001
  0.262453422755921E-002  0.190315134093826E+002  0.188216317803393E+002  0.662120941670670E+002 -0.245752343918805E+000  0.333650140225225E+000 -0.107536384819057E+002 -0.769256046203970E+001
  0.261474214035584E-002  0.190310052836819E+002 -0.325130425910275E+001  0.656076135122109E+002 -0.290605543471820E+000  0.352695734195151E+000 -0.107536384819057E+002 -0.769230639918933E+001
  0.260587914318357E-002  0.190298120081460E+002 -0.178758064236891E+002  0.660365749903860E+002 -0.282755540830691E+000  0.343963718587395E+000 -0.107536384819057E+002 -0.769170976142139E+001
  0.259796258585527E-002  0.190279131341018E+002 -0.167620044951029E+002  0.647471586963514E+002 -0.364353343789457E+000  0.461385087995701E+000 -0.107536384819057E+002 -0.769076032439930E+001
  0.258935326215230E-002  0.190265678479911E+002 -0.154617161262481E+002  0.662508948275611E+002 -0.330245256029745E+000  0.381787298038986E+000 -0.107536384819057E+002 -0.769008768134393E+001
  0.257932554711965E-002  0.190263441852195E+002  0.746417800243070E+001  0.646762382099606E+002 -0.327227288554816E+000  0.400004920963494E+000 -0.107536384819057E+002 -0.768997584995812E+001
  0.257271967717336E-002  0.190234888814851E+002 -0.476403016926225E+001  0.657689449418608E+002 -0.246342611375918E+000  0.326363234186122E+000 -0.107536384819057E+002 -0.768854819809092E+001
  0.256251614950015E-002  0.190234527045908E+002  0.112643132997154E+002  0.633780824871544E+002 -0.188284779369543E+000  0.336141366346688E+000 -0.107536384819057E+002 -0.768853010964377E+001
  0.255737687500627E-002  0.190194838054896E+002 -0.572210365402140E+001  0.648974822504227E+002 -0.370799642613923E+000  0.461000971927461E+000 -0.107536384819057E+002 -0.768654566009316E+001
  0.254956046016364E-002  0.190176219613901E+002 -0.103659574110358E+001  0.625062753779688E+002 -0.252607937755730E+000  0.389967901661175E+000 -0.107536384819057E+002 -0.768561473804343E+001
  0.254204576823637E-002  0.190155415155131E+002  0.157384775717599E+002  0.631195004387911E+002 -0.275836590563898E+000  0.384988083477622E+000 -0.107536384819057E+002 -0.768457451510493E+001
  0.253218169995986E-002  0.190153333015222E+002  0.105073470572831E+002  0.662112170891330E+002 -0.281599156059842E+000  0.343614906917300E+000 -0.107536384819057E+002 -0.768447040810950E+001
  0.252270058364057E-002  0.190148518095120E+002 -0.189546865227562E+002  0.645703963279232E+002 -0.203917812167678E+000  0.325574118978933E+000 -0.107536384819057E+002 -0.768422966210439E+001
  0.251417461439741E-002  0.190136386136197E+002 -0.637960292288206E+001  0.628520166622171E+002 -0.277011570830300E+000  0.397375400382559E+000 -0.107536384819057E+002 -0.768362306415825E+001
  0.250531176991193E-002  0.190127173285163E+002  0.380455794512092E+001  0.625251761123625E+002 -0.227519926191448E+000  0.366287053032556E+000 -0.107536384819057E+002 -0.768316242160651E+001
  0.249534071766486E-002  0.190127090975228E+002 -0.185248100733053E+002  0.642587662348757E+002 -0.209165360779285E+000  0.353579576845982E+000 -0.107536384819057E+002 -0.768315830610980E+001
  0.248563527861961E-002  0.190125190707230E+002 -0.162322313890746E+002  0.685096689642596E+002 -0.390443628673934E+000  0.447931434183761E+000 -0.107536384819057E+002 -0.768306329270990E+001
  0.247691766786080E-002  0.190115617499702E+002 -0.808728105713160E+001  0.669699642726840E+002 -0.355545098993567E+000  0.447779310275288E+000 -0.107536384819057E+002 -0.768258463233348E+001
  0.246732572430330E-002  0.190113378072728E+002 -0.181244776548070E+002  0.626100868637366E+002 -0.207740924577088E+000  0.353927001523155E+000 -0.107536384819057E+002 -0.768247266098480E+001
  0.245824475399103E-002  0.190107283262316E+002  0.136513828793320E+002  0.632189437273467E+002 -0.196573828303037E+000  0.353234063416105E+000 -0.107536384819057E+002 -0.768216792046419E+001
  0.244865048755888E-002  0.190105653421715E+002  0.789869240774176E+001  0.653129791630471E+002 -0.224771020357334E+000  0.345179573314819E+000 -0.107536384819057E+002 -0.768208642843415E+001
  0.244151488023579E-002  0.190084180039979E+002  0.119185773720112E+002  0.632449644159831E+002 -0.197931707529267E+000  0.332975837039768E+000 -0.107536384819057E+002 -0.768101275934733E+001
  0.243199248067601E-002  0.190082496153382E+002  0.398910510692228E+001  0.642362492925582E+002 -0.199254992020935E+000  0.326910691035410E+000 -0.107536384819057E+002 -0.768092856501749E+001
  0.242295724466509E-002  0.190077097252235E+002  0.123656155245796E+002  0.661485662390142E+002 -0.396262068424807E+000  0.463655749124916E+000 -0.107536384819057E+002 -0.768065861996012E+001
  0.241330937435932E-002  0.190077052949466E+002 -0.780137124891300E+001  0.679187930291388E+002 -0.399234836506868E+000  0.466133029946669E+000 -0.107536384819057E+002 -0.768065640482169E+001
  0.240400539938981E-002  0.190074467069190E+002  0.100169046329435E+002  0.670850777590591E+002 -0.318030043568531E+000  0.368347972650089E+000 -0.107536384819057E+002 -0.768052711080787E+001
  0.239480171542401E-002  0.190071343169640E+002  0.520009968100054E+001  0.667047038413511E+002 -0.352906970876498E+000  0.448628985039564E+000 -0.107536384819057E+002 -0.768037091583036E+001
  0.238686387653770E-002  0.190057905097365E+002  0.367191466084140E+001  0.651125065117512E+002 -0.218865783043240E+000  0.340898815633483E+000 -0.107536384819057E+002 -0.767969901221663E+001
  0.237786548026806E-002  0.190053606481749E+002  0.127145579449066E+001  0.636063975730877E+002 -0.324211076081201E+000  0.433437874612418E+000 -0.107536384819057E+002 -0.767948408143584E+001
  0.236884290547749E-002  0.190049798413299E+002 -0.799372068611625E+000  0.650200519602707E+002 -0.327588289482208E+000  0.444739608789960E+000 -0.107536384819057E+002 -0.767929367801335E+001
  0.236055577026707E-002  0.190040048451921E+002  0.409475098505338E+001  0.631490023124730E+002 -0.223975078967109E+000  0.382343556918903E+000 -0.107536384819057E+002 -0.767880617994444E+001
  0.235194651020219E-002  0.190033284019966E+002 -0.137399884369480E+002  0.655029588475948E+002 -0.227618132294612E+000  0.330308328301012E+000 -0.107536384819057E+002 -0.767846795834670E+001
  0.234407605374921E-002  0.190020482998369E+002  0.123589031046654E+002  0.637255969214654E+002 -0.302869419174072E+000  0.396520700912157E+000 -0.107536384819057E+002 -0.767782790726681E+001
  0.233579579522198E-002  0.190011416025201E+002  0.184852838809778E+001  0.627331394663543E+002 -0.206497775186879E+000  0.350649149804882E+000 -0.107536384819057E+002 -0.767737455860843E+001
  0.232654680186866E-002  0.190010926314978E+002 -0.670244347703193E+001  0.650817385041037E+002 -0.319872067763413E+000  0.386938246153886E+000 -0.107536384819057E+002 -0.767735007309730E+001
  0.231861370185757E-002  0.189999398773222E+002  0.174377065110686E+002  0.633131664379142E+002 -0.302340446301070E+000  0.410124336501154E+000 -0.107536384819057E+002 -0.767677369600946E+001
  0.231044476317207E-002  0.189990146759942E+002  0.945252079476574E+001  0.657205824327891E+002 -0.386851579315215E+000  0.458447265028809E+000 -0.107536384819057E+002 -0.767631109534547E+001
  0.230228582843918E-002  0.189981057860829E+002 -0.281056244756321E+000  0.674274561174890E+002 -0.401202703419804E+000  0.471780633553795E+000 -0.107536384819057E+002 -0.767585665038982E+001
  0.229357915198750E-002  0.189976995874577E+002 -0.911226454124543E+001  0.675423328542769E+002 -0.404889847126037E+000  0.471887334202092E+000 -0.107536384819057E+002 -0.767565355107722E+001
  0.228449108634902E-002  0.189976560762808E+002  0.131563727826843E+002  0.630086766111305E+002 -0.209016335037278E+000  0.342165969920795E+000 -0.107536384819057E+002 -0.767563179548875E+001
  0.227572486382772E-002  0.189973613479453E+002  0.142599505997475E+002  0.644101316660301E+002 -0.285494767831320E+000  0.365727078196072E+000 -0.107536384819057E+002 -0.767548443132105E+001
  0.226699406207552E-002  0.189970650471703E+002  0.196854653788051E+001  0.676076672367010E+002 -0.345818400597978E+000  0.391711145648395E+000 -0.107536384819057E+002 -0.767533628093353E+001
  0.225836332868711E-002  0.189967097889306E+002 -0.109944171361681E+002  0.640694123887047E+002 -0.322350128654044E+000  0.442589894365081E+000 -0.107536384819057E+002 -0.767515865181366E+001
  0.224939390687142E-002  0.189966848561521E+002  0.789676230542869E+001  0.668725085485332E+002 -0.349722306931946E+000  0.443804527526735E+000 -0.107536384819057E+002 -0.767514618542442E+001
  0.224104503917645E-002  0.189961378391827E+002  0.102058960785195E+002  0.678287515281790E+002 -0.317971469807037E+000  0.387004155971308E+000 -0.107536384819057E+002 -0.767487267693971E+001
  0.223337494039573E-002  0.189950106463168E+002  0.187160042242112E+001  0.684992842204371E+002 -0.383084653302053E+000  0.435488695560035E+000 -0.107536384819057E+002 -0.767430908050676E+001
  0.222638616855372E-002  0.189932949014664E+002  0.137521896835614E+002  0.636508718891271E+002 -0.305226610433678E+000  0.432937517723285E+000 -0.107536384819057E+002 -0.767345120808156E+001
  0.221805050885364E-002  0.189928129745644E+002  0.189107278481743E+002  0.658031779476597E+002 -0.246484087544645E+000  0.330263674611443E+000 -0.107536384819057E+002 -0.767321024463060E+001
  0.220965665415465E-002  0.189924119671679E+002  0.190750944282431E+002  0.677128824012572E+002 -0.407957691085177E+000  0.468945826497039E+000 -0.107536384819057E+002 -0.767300974093235E+001
  0.220091742441189E-002  0.189923536422556E+002 -0.623810856738101E+001  0.626421174319356E+002 -0.214332062057827E+000  0.368653170764528E+000 -0.107536384819057E+002 -0.767298057847620E+001
  0.219240005687642E-002  0.189921244485231E+002 -0.134184477674075E+001  0.658343112273801E+002 -0.326953463971337E+000  0.384529078952922E+000 -0.107536384819057E+002 -0.767286598160992E+001
  0.218421812392683E-002  0.189916182732718E+002  0.352123768287613E+001  0.678168485738156E+002 -0.328392908954787E+000  0.381520772548701E+000 -0.107536384819057E+002 -0.767261289398426E+001
  0.217634053253117E-002  0.189908604607515E+002  0.435716839117352E+001  0.637213389457544E+002 -0.315883609202195E+000  0.437080399373545E+000 -0.107536384819057E+002 -0.767223398772414E+001
  0.216774765426095E-002  0.189907886788370E+002 -0.164278302424317E+002  0.660199601642033E+002 -0.370521018973557E+000  0.429312982044986E+000 -0.107536384819057E+002 -0.767219809676686E+001
  0.216185786693002E-002  0.189882460474706E+002  0.761127758512531E+001  0.664948458023842E+002 -0.330176260458136E+000  0.432692985713303E+000 -0.107536384819057E+002 -0.767092678108366E+001
  0.215381871017078E-002  0.189877131342403E+002  0.106501805528166E+002  0.630021693838131E+002 -0.229194189582268E+000  0.353226720862628E+000 -0.107536384819057E+002 -0.767066032446853E+001
  0.214532787511746E-002  0.189876291210906E+002 -0.373084606266072E+001  0.668091208716214E+002 -0.333459086487513E+000  0.382986029576983E+000 -0.107536384819057E+002 -0.767061831789368E+001
  0.213700104526971E-002  0.189874229400815E+002 -0.220344447621896E+001  0.668499392041743E+002 -0.284728251205350E+000  0.379456535613518E+000 -0.107536384819057E+002 -0.767051522738915E+001
  0.212854657789162E-002  0.189873670504513E+002  0.194441569020262E+002  0.675407963594880E+002 -0.325778187567873E+000  0.409426190676733E+000 -0.107536384819057E+002 -0.767048728257405E+001
  0.212133512198001E-002  0.189861704559801E+002 -0.128989232272370E+002  0.664944514860592E+002 -0.289089533983421E+000  0.350147245581907E+000 -0.107536384819057E+002 -0.766988898533841E+001
  0.211417932850632E-002  0.189849443176962E+002  0.842761914600460E+001  0.647765559627909E+002 -0.359193354329291E+000  0.457271766732918E+000 -0.107536384819057E+002 -0.766927591619649E+001
  0.210699962046617E-002  0.189837637914738E+002  0.939864415338947E+001  0.638006138770002E+002 -0.199286210314285E+000  0.331536315384982E+000 -0.107536384819057E+002 -0.766868565308530E+001
  0.209900681023628E-002  0.189833810876231E+002 -0.154707258134734E+002  0.681836328809984E+002 -0.343559133485379E+000  0.400720463606171E+000 -0.107536384819057E+002 -0.766849430115994E+001
  0.209464179465175E-002  0.189795605004158E+002 -0.468439849956556E+001  0.671758973884795E+002 -0.400740150077967E+000  0.471627665852845E+000 -0.107536384819057E+002 -0.766658400755628E+001
  0.208789535257791E-002  0.189780284727063E+002  0.184214274848090E+002  0.674740934873333E+002 -0.314776602544053E+000  0.397370765407289E+000 -0.107536384819057E+002 -0.766581799370151E+001
  0.208221017146312E-002  0.189754977066891E+002 -0.800222344439885E+001  0.657713279805641E+002 -0.386300104208819E+000  0.459883587720183E+000 -0.107536384819057E+002 -0.766455261069292E+001
  0.207408991577136E-002  0.189753285628369E+002  0.578788642167730E+001  0.680461569239240E+002 -0.395315127786905E+000  0.445321258886269E+000 -0.107536384819057E+002 -0.766446803876684E+001
  0.206611517587619E-002  0.189750492108444E+002  0.587485250198514E+001  0.657533168603316E+002 -0.244491998791368E+000  0.332297157983572E+000 -0.107536384819057E+002 -0.766432836277060E+001
  0.205860389072285E-002  0.189743493428976E+002  0.102696593465643E+002  0.630965621117347E+002 -0.233357536572528E+000  0.387221331389734E+000 -0.107536384819057E+002 -0.766397842879721E+001
  0.205191886147481E-002  0.189728705898751E+002 -0.794083554357037E+001  0.650235362323073E+002 -0.345713447877946E+000  0.453240309081366E+000 -0.107536384819057E+002 -0.766323905228593E+001
  0.204417446180984E-002  0.189724492743363E+002  0.244801963032484E+001  0.626753876488391E+002 -0.240332990260726E+000  0.376929289795695E+000 -0.107536384819057E+002 -0.766302839451652E+001
  0.203854760796980E-002  0.189699780806334E+002  0.712828580580065E+001  0.644154068361122E+002 -0.349926018757436E+000  0.447600598802872E+000 -0.107536384819057E+002 -0.766179279766508E+001
  0.203076264930365E-002  0.189696464093036E+002  0.367122242135236E+001  0.664762086888732E+002 -0.396814487823773E+000  0.462248184610415E+000 -0.107536384819057E+002 -0.766162696200018E+001
  0.202300080222186E-002  0.189693212809168E+002  0.148269930968391E+002  0.680516132674545E+002 -0.357832921590874E+000  0.428076179351900E+000 -0.107536384819057E+002 -0.766146439780679E+001
  0.201565424374204E-002  0.189686134890101E+002  0.809748860832898E+001  0.631273474597966E+002 -0.273314007550101E+000  0.387167460327351E+000 -0.107536384819057E+002 -0.766111050185345E+001
  0.200841631240670E-002  0.189678240908389E+002 -0.105909319157505E+002  0.680817839545643E+002 -0.356862645636706E+000  0.406499309263943E+000 -0.107536384819057E+002 -0.766071580276785E+001
  0.200072585676787E-002  0.189675129765693E+002  0.571201568390386E+001  0.651192952496925E+002 -0.370990187893251E+000  0.455578906208000E+000 -0.107536384819057E+002 -0.766056024563301E+001
  0.199279604183980E-002  0.189674716227661E+002 -0.145183852221970E+002  0.659415129053973E+002 -0.253491999090509E+000  0.335664407774351E+000 -0.107536384819057E+002 -0.766053956873144E+001
  0.198502530539750E-002  0.189673016529558E+002 -0.173066950638631E+002  0.669763716284948E+002 -0.380112483194536E+000  0.462539769480143E+000 -0.107536384819057E+002 -0.766045458382626E+001
  0.197787586078920E-002  0.189665339926226E+002 -0.175919515360767E+002  0.649738555971812E+002 -0.301532359363296E+000  0.425996926906346E+000 -0.107536384819057E+002 -0.766007075365968E+001
  0.197155239547310E-002  0.189649543917488E+002 -0.242242975764364E+001  0.660449355044991E+002 -0.263417907432502E+000  0.338770948957412E+000 -0.107536384819057E+002 -0.765928095322279E+001
  0.196435861142507E-002  0.189642812787973E+002  0.104807162448055E+002  0.681524954238739E+002 -0.394008525823563E+000  0.452747653086373E+000 -0.107536384819057E+002 -0.765894439674702E+001
  0.195688438084477E-002  0.189639215937864E+002  0.694544316407854E+001  0.667384601137313E+002 -0.279914126725592E+000  0.373607278903495E+000 -0.107536384819057E+002 -0.765876455424160E+001
  0.194941991075139E-002  0.189635810716918E+002  0.845608307982469E+001  0.676574132079751E+002 -0.315440313652051E+000  0.379862785244653E+000 -0.107536384819057E+002 -0.765859429319430E+001
  0.194200562127004E-002  0.189632181935738E+002  0.132401469841532E+002  0.680450110967736E+002 -0.361777455955613E+000  0.431554985470257E+000 -0.107536384819057E+002 -0.765841285413529E+001
  0.193481249969483E-002  0.189626558351118E+002  0.135518469544076E+002  0.665343015323079E+002 -0.295727240131881E+000  0.399178874649140E+000 -0.107536384819057E+002 -0.765813167490430E+001
  0.192756704080442E-002  0.189621754232371E+002  0.617596706576467E+001  0.663775919552793E+002 -0.307947310578726E+000  0.414037321528279E+000 -0.107536384819057E+002 -0.765789146896695E+001
  0.192154522194930E-002  0.189604492639262E+002  0.722966437443469E+001  0.634057029116780E+002 -0.280210154107513E+000  0.385614401729717E+000 -0.107536384819057E+002 -0.765702838931148E+001
  0.191485698977397E-002  0.189594386705534E+002 -0.600846328673854E+001  0.636788550398251E+002 -0.319356538955840E+000  0.427151922197640E+000 -0.107536384819057E+002 -0.765652309262507E+001
  0.190724106093181E-002  0.189594250555865E+002  0.167733705650222E+002  0.658071600273286E+002 -0.314925474665405E+000  0.375397561989738E+000 -0.107536384819057E+002 -0.765651628514165E+001
  0.190099877925550E-002  0.189579976245309E+002  0.628989143323367E+001  0.672396819949644E+002 -0.360227538386193E+000  0.408302982750238E+000 -0.107536384819057E+002 -0.765580256961382E+001
  0.189355195844987E-002  0.189578636078639E+002  0.118419183174407E+002  0.672436200534786E+002 -0.318529737667927E+000  0.372954700150705E+000 -0.107536384819057E+002 -0.765573556128031E+001
  0.188605214199253E-002  0.189578167207530E+002 -0.173523238578429E+002  0.674078650722707E+002 -0.384994323061435E+000  0.434780560736606E+000 -0.107536384819057E+002 -0.765571211772489E+001
  0.187907143585395E-002  0.189572488641563E+002  0.174201586732914E+001  0.641841479470955E+002 -0.226622592111944E+000  0.332212273462027E+000 -0.107536384819057E+002 -0.765542818942651E+001
  0.187176936162791E-002  0.189570519646554E+002  0.550207077046019E+001  0.634670814375232E+002 -0.213839001566891E+000  0.339026818391624E+000 -0.107536384819057E+002 -0.765532973967610E+001
  0.186446205779355E-002  0.189568911132748E+002 -0.923646986715870E+000  0.633133257806106E+002 -0.280895746670850E+000  0.416446617802499E+000 -0.107536384819057E+002 -0.765524931398575E+001
  0.185725846094113E-002  0.189566493026545E+002  0.661824787189546E+001  0.627268074920201E+002 -0.233375100380103E+000  0.377644240851590E+000 -0.107536384819057E+002 -0.765512840867560E+001
  0.185083898961638E-002  0.189555900810766E+002 -0.191243494813518E+002  0.671201483409092E+002 -0.385611588385294E+000  0.437636407274767E+000 -0.107536384819057E+002 -0.765459879788667E+001
  0.184392878812965E-002  0.189550871144367E+002  0.707524389804979E+001  0.644486532129755E+002 -0.220930278126741E+000  0.358174089010090E+000 -0.107536384819057E+002 -0.765434731456674E+001
  0.183730953816969E-002  0.189542954963016E+002  0.135497824856563E+002  0.646711620700341E+002 -0.255790507434222E+000  0.342034071001228E+000 -0.107536384819057E+002 -0.765395150549918E+001
  0.183015749041842E-002  0.189541119948575E+002 -0.131334661793314E+002  0.640262800093424E+002 -0.305342521426923E+000  0.395132561209611E+000 -0.107536384819057E+002 -0.765385975477713E+001
  0.182287241987589E-002  0.189541049800232E+002 -0.104368350064280E+002  0.654240642993507E+002 -0.359225370119705E+000  0.458181598003807E+000 -0.107536384819057E+002 -0.765385624736000E+001
  0.181566596162605E-002  0.189540433139082E+002  0.792332031371221E+001  0.649047936537251E+002 -0.250629637693593E+000  0.383546178441905E+000 -0.107536384819057E+002 -0.765382541430249E+001
  0.180929272014551E-002  0.189530919010975E+002  0.943418370952024E+001  0.670672196660357E+002 -0.293443100170498E+000  0.360835746540038E+000 -0.107536384819057E+002 -0.765334970789712E+001
  0.180265456116533E-002  0.189524592022375E+002 -0.112394268803235E+002  0.640809660948672E+002 -0.207978819460273E+000  0.344495013699051E+000 -0.107536384819057E+002 -0.765303335846714E+001
  0.179550014883248E-002  0.189524285939868E+002  0.519157109503119E+001  0.680266708016403E+002 -0.365068209423066E+000  0.434046347934710E+000 -0.107536384819057E+002 -0.765301805434179E+001
  0.178867222808303E-002  0.189520646414336E+002 -0.369682977187938E+001  0.629666906531080E+002 -0.259863434392779E+000  0.382750296711190E+000 -0.107536384819057E+002 -0.765283607806517E+001
  0.178162985243141E-002  0.189519705584846E+002  0.359030933479256E+001  0.661299631892523E+002 -0.377175509950916E+000  0.438798118516742E+000 -0.107536384819057E+002 -0.765278903659068E+001
  0.177508695506950E-002  0.189513448805234E+002  0.475255642387599E+001  0.658824997825655E+002 -0.258502168828360E+000  0.370835626546412E+000 -0.107536384819057E+002 -0.765247619761010E+001
  0.176825273002627E-002  0.189510758572885E+002 -0.142258600906031E+002  0.660644747257693E+002 -0.382559868071602E+000  0.447785263034055E+000 -0.107536384819057E+002 -0.765234168599261E+001
  0.176155718748012E-002  0.189506792494646E+002  0.117656094201515E+001  0.659566413648630E+002 -0.285332988520612E+000  0.351401286889486E+000 -0.107536384819057E+002 -0.765214338208066E+001
  0.175468029201981E-002  0.189505182328370E+002 -0.354186607764939E+001  0.654102553269501E+002 -0.296742506087727E+000  0.364301304313278E+000 -0.107536384819057E+002 -0.765206287376689E+001
  0.174819481350402E-002  0.189499400905725E+002 -0.980338491524378E+001  0.636577278181905E+002 -0.302645326884506E+000  0.402946737082494E+000 -0.107536384819057E+002 -0.765177380263463E+001
  0.174160545098565E-002  0.189495087672148E+002 -0.190537784466210E+002  0.670147458071203E+002 -0.368361439067244E+000  0.418648287665234E+000 -0.107536384819057E+002 -0.765155814095579E+001
  0.173532887275304E-002  0.189487455513767E+002 -0.139854251146517E+001  0.646791875168977E+002 -0.285414373496799E+000  0.364350113780524E+000 -0.107536384819057E+002 -0.765117653303673E+001
  0.173092844189428E-002  0.189458395314116E+002  0.100585243405694E+002  0.650106355509402E+002 -0.226223164661463E+000  0.348017317467992E+000 -0.107536384819057E+002 -0.764972352305418E+001
  0.172411475143449E-002  0.189457438988423E+002  0.106512997668319E+002  0.661742712472946E+002 -0.265888091636918E+000  0.342699040745583E+000 -0.107536384819057E+002 -0.764967570676951E+001
  0.171746278916114E-002  0.189454911603094E+002  0.808722383094316E+001  0.631091489425469E+002 -0.218979767606827E+000  0.351628411944437E+000 -0.107536384819057E+002 -0.764954933750309E+001
  0.171140932534996E-002  0.189445688802370E+002  0.462145709963980E+001  0.667552864869713E+002 -0.306151393746315E+000  0.404072108004520E+000 -0.107536384819057E+002 -0.764908819746688E+001
  0.170503910139692E-002  0.189440431459054E+002 -0.183292965571808E+002  0.634157080184181E+002 -0.241869729454810E+000  0.390592066037038E+000 -0.107536384819057E+002 -0.764882533030107E+001
  0.169848413301787E-002  0.189437628574261E+002 -0.541258916842954E+001  0.648824899015705E+002 -0.262011005680605E+000  0.344480958594536E+000 -0.107536384819057E+002 -0.764868518606143E+001
  0.169273572122888E-002  0.189425591683194E+002  0.511965339894437E+001  0.640605499611658E+002 -0.209442980332844E+000  0.335947089019601E+000 -0.107536384819057E+002 -0.764808334150808E+001
  0.168600915286282E-002  0.189425385293561E+002  0.177817231341731E+002  0.655484226839591E+002 -0.344783093801455E+000  0.409254751980065E+000 -0.107536384819057E+002 -0.764807302202641E+001
  0.167950179119933E-002  0.189422886702811E+002  0.145180910598407E+002  0.652751464745852E+002 -0.242032896347040E+000  0.364790997914128E+000 -0.107536384819057E+002 -0.764794809248893E+001
  0.167319196820238E-002  0.189418327002706E+002 -0.155859204549162E+001  0.636336324949471E+002 -0.310606779470819E+000  0.415958040132764E+000 -0.107536384819057E+002 -0.764772010748368E+001
  0.166696604680064E-002  0.189413045069268E+002  0.255295200578298E+001  0.647229935924486E+002 -0.313921096403007E+000  0.434567777954848E+000 -0.107536384819057E+002 -0.764745601081179E+001
  0.166082085580880E-002  0.189407069926203E+002 -0.601699977898543E+001  0.655142298678118E+002 -0.240377579234712E+000  0.335590448252091E+000 -0.107536384819057E+002 -0.764715725365851E+001
  0.165482067846764E-002  0.189399615901200E+002  0.124362350461109E+001  0.655646697916482E+002 -0.363258233864334E+000  0.431127072696809E+000 -0.107536384819057E+002 -0.764678455240839E+001
  0.164876715774922E-002  0.189393071877103E+002 -0.141579860678448E+002  0.643510943617074E+002 -0.227727046501764E+000  0.332970913913723E+000 -0.107536384819057E+002 -0.764645735120351E+001
  0.164236010889895E-002  0.189391102119422E+002  0.174271390566346E+002  0.661317518442885E+002 -0.258156905759057E+000  0.343873881352501E+000 -0.107536384819057E+002 -0.764635886331945E+001
  0.163587138767115E-002  0.189390435232671E+002  0.131002880269931E+002  0.680387603816945E+002 -0.359812924283895E+000  0.426749545638575E+000 -0.107536384819057E+002 -0.764632551898191E+001
  0.163050815277500E-002  0.189376272903160E+002 -0.149437861925132E+002  0.630485004764332E+002 -0.250572916739628E+000  0.395013543297388E+000 -0.107536384819057E+002 -0.764561740250636E+001
  0.162441579136605E-002  0.189371302043119E+002  0.168585165306058E+002  0.634227989274718E+002 -0.243034810703143E+000  0.356560019214499E+000 -0.107536384819057E+002 -0.764536885950431E+001
  0.161799789064225E-002  0.189370636081380E+002 -0.103343241363688E+002  0.646770218534930E+002 -0.279749231287714E+000  0.410899487798609E+000 -0.107536384819057E+002 -0.764533556141740E+001
  0.161212112358986E-002  0.189363570355754E+002  0.172284906842993E+002  0.638065329232555E+002 -0.294487535872068E+000  0.390850242759079E+000 -0.107536384819057E+002 -0.764498227513609E+001
  0.160633043406427E-002  0.189355698647871E+002  0.131759063137275E+002  0.674856616312698E+002 -0.311700945204542E+000  0.380952472878134E+000 -0.107536384819057E+002 -0.764458868974192E+001
  0.159998045204639E-002  0.189355076870272E+002 -0.130098698797611E+002  0.659443698346626E+002 -0.289484628951755E+000  0.355369466475290E+000 -0.107536384819057E+002 -0.764455760086197E+001
  0.159378291267624E-002  0.189352857062836E+002  0.567738651574297E+001  0.659319713322334E+002 -0.274663765686125E+000  0.387691729277131E+000 -0.107536384819057E+002 -0.764444661049018E+001
  0.158808027365581E-002  0.189344706019324E+002  0.897996159375662E+001  0.661228676425135E+002 -0.363053166029232E+000  0.456736168483434E+000 -0.107536384819057E+002 -0.764403905831457E+001
  0.158189953577139E-002  0.189342856572908E+002  0.193498730278200E+002  0.678164168784120E+002 -0.395192331606380E+000  0.455373498945505E+000 -0.107536384819057E+002 -0.764394658599378E+001
  0.157698642568607E-002  0.189325229397466E+002  0.185383961624604E+002  0.677648629632481E+002 -0.329474028295735E+000  0.397802911893109E+000 -0.107536384819057E+002 -0.764306522722169E+001
  0.157127962348145E-002  0.189317896293452E+002  0.127665040849400E+002  0.637422428903119E+002 -0.223884616855373E+000  0.340481930561156E+000 -0.107536384819057E+002 -0.764269857202097E+001
  0.156633230025264E-002  0.189301127113953E+002  0.338069428071663E+001  0.640722140095161E+002 -0.212848175746442E+000  0.336948152630724E+000 -0.107536384819057E+002 -0.764186011304602E+001
  0.156039875896217E-002  0.189297194060200E+002  0.184498939388149E+002  0.665008672230887E+002 -0.382636934918916E+000  0.464342771361347E+000 -0.107536384819057E+002 -0.764166346035840E+001
  0.155465742996912E-002  0.189291077319339E+002  0.142765330735811E+002  0.673705366611649E+002 -0.323514752796851E+000  0.406455111925260E+000 -0.107536384819057E+002 -0.764135762331534E+001
  0.154869504994147E-002  0.189288087814397E+002 -0.113856188920177E+002  0.649892907723367E+002 -0.320269462264523E+000  0.392956539860156E+000 -0.107536384819057E+002 -0.764120814806823E+001
  0.154275715006540E-002  0.189285077393730E+002  0.124362023392104E+001  0.638552329799710E+002 -0.290888973633374E+000  0.421815997400145E+000 -0.107536384819057E+002 -0.764105762703489E+001
  0.153698746752162E-002  0.189280174211653E+002 -0.168890589231722E+002  0.661786723188270E+002 -0.264273987138155E+000  0.345375539391749E+000 -0.107536384819057E+002 -0.764081246793105E+001
  0.153103966483492E-002  0.189277879516876E+002 -0.411706126906740E+000  0.651268525545036E+002 -0.233877408463861E+000  0.354689717397526E+000 -0.107536384819057E+002 -0.764069773319216E+001
  0.152500487114212E-002  0.189277027489277E+002 -0.170238370220219E+002  0.660767287250170E+002 -0.365519712853002E+000  0.426495489897208E+000 -0.107536384819057E+002 -0.764065513181225E+001
  0.151905081148995E-002  0.189275425675344E+002 -0.170796549210802E+002  0.677791603666914E+002 -0.330826982745614E+000  0.395110493494018E+000 -0.107536384819057E+002 -0.764057504111557E+001
  0.151303357370348E-002  0.189274966229126E+002  0.145986947737097E+002  0.633845146277010E+002 -0.287413967718975E+000  0.398030150609126E+000 -0.107536384819057E+002 -0.764055206880467E+001
  0.150756825546408E-002  0.189267499781009E+002 -0.191373985299471E+002  0.630985145922005E+002 -0.235618089261462E+000  0.382784096096444E+000 -0.107536384819057E+002 -0.764017874639881E+001
  0.150211903550229E-002  0.189260081841935E+002  0.463442080807462E+001  0.652967889691307E+002 -0.292396755347218E+000  0.413823162819638E+000 -0.107536384819057E+002 -0.763980784944512E+001
  0.149679151027523E-002  0.189251300966339E+002  0.983123141171565E+001  0.657874027701196E+002 -0.377281993050169E+000  0.448554175026892E+000 -0.107536384819057E+002 -0.763936880566533E+001
  0.149141957255264E-002  0.189243369028811E+002 -0.162739522929836E+002  0.630052558508373E+002 -0.242280392433408E+000  0.371453109409518E+000 -0.107536384819057E+002 -0.763897220878895E+001
  0.148603705434738E-002  0.189235838964149E+002  0.124153954833777E+002  0.649792927610831E+002 -0.236143101482179E+000  0.334127660481958E+000 -0.107536384819057E+002 -0.763859570555583E+001
  0.148065134696710E-002  0.189228614365811E+002  0.106858762466263E+002  0.629984002198471E+002 -0.262445159646314E+000  0.394373788088075E+000 -0.107536384819057E+002 -0.763823447563895E+001
  0.147626044194087E-002  0.189208172509836E+002 -0.931244790022613E+001  0.678377836817827E+002 -0.359520433671623E+000  0.430568297675427E+000 -0.107536384819057E+002 -0.763721238284019E+001
  0.147075170740482E-002  0.189203102606900E+002 -0.177961760429706E+002  0.636750194534722E+002 -0.311110523735752E+000  0.420587535446550E+000 -0.107536384819057E+002 -0.763695888769337E+001
  0.146504168286408E-002  0.189201061004271E+002  0.156538988574670E+002  0.642237303994572E+002 -0.290431627508092E+000  0.378598648151266E+000 -0.107536384819057E+002 -0.763685680756195E+001
  0.145926001956394E-002  0.189200305043097E+002  0.667315752124455E+001  0.677226725463459E+002 -0.335731445784050E+000  0.393374882200638E+000 -0.107536384819057E+002 -0.763681900950322E+001
  0.145353848784430E-002  0.189199035642289E+002 -0.369150455037849E+001  0.639880450280101E+002 -0.232364684078008E+000  0.375502727151897E+000 -0.107536384819057E+002 -0.763675553946283E+001
  0.144860230791825E-002  0.189187230299047E+002  0.191152020637165E+002  0.665712085682757E+002 -0.349617274551968E+000  0.443357374534795E+000 -0.107536384819057E+002 -0.763616527230071E+001
  0.144289774391743E-002  0.189186304918439E+002  0.179651127445015E+002  0.671068996540505E+002 -0.345239202481125E+000  0.396983847280225E+000 -0.107536384819057E+002 -0.763611900327031E+001
  0.143718726922762E-002  0.189185774404344E+002  0.168981184883871E+001  0.636342876405535E+002 -0.299516404016618E+000  0.423326364103307E+000 -0.107536384819057E+002 -0.763609247756560E+001
  0.143249127965875E-002  0.189171390700752E+002 -0.913183023995029E+001  0.651856161906352E+002 -0.359964961379639E+000  0.437257831742228E+000 -0.107536384819057E+002 -0.763537329238596E+001
  0.142757907347488E-002  0.189160250837340E+002 -0.152234377704099E+002  0.659002415686167E+002 -0.334342984985024E+000  0.395304177250639E+000 -0.107536384819057E+002 -0.763481629921536E+001
  0.142260489245347E-002  0.189150219043686E+002  0.414252550062992E+001  0.665027962590814E+002 -0.335142272636056E+000  0.432913720739826E+000 -0.107536384819057E+002 -0.763431470953267E+001
  0.141724346345010E-002  0.189145895824868E+002  0.146930889644773E+002  0.635745306194981E+002 -0.298454532459848E+000  0.405650342992598E+000 -0.107536384819057E+002 -0.763409854859179E+001
  0.141196328318547E-002  0.189140707934524E+002 -0.109827387346887E+002  0.648339419135056E+002 -0.355374339780227E+000  0.444694799844080E+000 -0.107536384819057E+002 -0.763383915407456E+001
  0.140695653922020E-002  0.189131912441880E+002  0.944463946358947E+001  0.664971888952169E+002 -0.273356215661315E+000  0.362681970760697E+000 -0.107536384819057E+002 -0.763339937944237E+001
  0.140196552191970E-002  0.189123145865380E+002 -0.796079040701421E+001  0.671308832629134E+002 -0.339370206119594E+000  0.426688867511553E+000 -0.107536384819057E+002 -0.763296105061739E+001
  0.139648495171285E-002  0.189121642752232E+002  0.179976765238530E+001  0.680338735008929E+002 -0.371058957751391E+000  0.427987850926770E+000 -0.107536384819057E+002 -0.763288589495997E+001
  0.139093833742136E-002  0.189121397293761E+002 -0.665321904062250E+000  0.668447527223075E+002 -0.287414853046760E+000  0.364019638576826E+000 -0.107536384819057E+002 -0.763287362203644E+001
  0.138562608057423E-002  0.189118086889350E+002  0.852363982787338E+000  0.653579255959441E+002 -0.369041169883466E+000  0.453854874708291E+000 -0.107536384819057E+002 -0.763270810181588E+001
  0.138014017376327E-002  0.189117586704614E+002  0.394134488971751E+001  0.670849523153641E+002 -0.365619188270197E+000  0.417851229613396E+000 -0.107536384819057E+002 -0.763268309257909E+001
  0.137491613030006E-002  0.189113593000997E+002 -0.147061048684608E+001  0.652011865294621E+002 -0.240200557627727E+000  0.337037850627667E+000 -0.107536384819057E+002 -0.763248340739825E+001
  0.137039992528142E-002  0.189099554967771E+002 -0.194640037968240E+002  0.672508285427352E+002 -0.329763872336231E+000  0.385000867827346E+000 -0.107536384819057E+002 -0.763178150573691E+001
  0.136533468749669E-002  0.189093774994722E+002 -0.123057824907437E+002  0.662278767197807E+002 -0.297074832221128E+000  0.361445276089788E+000 -0.107536384819057E+002 -0.763149250708448E+001
  0.136005791781671E-002  0.189091380677659E+002  0.170664475892532E+002  0.636806572535741E+002 -0.222043184031233E+000  0.365495434669135E+000 -0.107536384819057E+002 -0.763137279123131E+001
  0.135495378849341E-002  0.189086738975346E+002  0.389789468856332E+001  0.672672460843588E+002 -0.378987629744490E+000  0.432417795470915E+000 -0.107536384819057E+002 -0.763114070611570E+001
  0.134959057492947E-002  0.189086220163853E+002 -0.148700203797652E+000  0.658563533690865E+002 -0.350003405431076E+000  0.449145357476092E+000 -0.107536384819057E+002 -0.763111476554105E+001
  0.134422548245637E-002  0.189086045156629E+002 -0.123520448573924E+002  0.662683671348066E+002 -0.342548070905740E+000  0.440876600234884E+000 -0.107536384819057E+002 -0.763110601517981E+001
  0.133953439450017E-002  0.189076122949691E+002 -0.925676413582968E+001  0.648394757293534E+002 -0.226785336514818E+000  0.342418642097241E+000 -0.107536384819057E+002 -0.763060990483293E+001
  0.133425834488845E-002  0.189075212448551E+002  0.130486130726685E+002  0.660602134003461E+002 -0.381409859734086E+000  0.451819274050658E+000 -0.107536384819057E+002 -0.763056437977591E+001
  0.132907095459832E-002  0.189073280479327E+002 -0.824894982809413E+001  0.636917646977273E+002 -0.306817207789510E+000  0.413592536288439E+000 -0.107536384819057E+002 -0.763046778131475E+001
  0.132400402578893E-002  0.189069833446620E+002 -0.117670352142695E+002  0.678637723434910E+002 -0.376780300064589E+000  0.442286877297220E+000 -0.107536384819057E+002 -0.763029542967938E+001
  0.131876207910372E-002  0.189069333429750E+002  0.123292534403203E+002  0.653055299749018E+002 -0.239690500762344E+000  0.339580597829721E+000 -0.107536384819057E+002 -0.763027042883590E+001
  0.131376984473488E-002  0.189065347588427E+002 -0.510060807688743E+001  0.674616755973992E+002 -0.319805549105895E+000  0.394416311415112E+000 -0.107536384819057E+002 -0.763007113676974E+001
  0.130888548437951E-002  0.189060002136862E+002 -0.116118044555953E+002  0.665261597752108E+002 -0.341770117290510E+000  0.397424833633801E+000 -0.107536384819057E+002 -0.762980386419149E+001
  0.130368859025414E-002  0.189059729231188E+002  0.118683104968453E+002  0.646747033567965E+002 -0.278171701392208E+000  0.361436471496682E+000 -0.107536384819057E+002 -0.762979021890777E+001
  0.129865312371327E-002  0.189057287908280E+002 -0.135537255703443E+002  0.661653020989627E+002 -0.381238624388089E+000  0.448985102600662E+000 -0.107536384819057E+002 -0.762966815276237E+001
  0.129357551912977E-002  0.189055798767086E+002  0.524977414041737E+001  0.655963009365570E+002 -0.249594714243240E+000  0.341330096685363E+000 -0.107536384819057E+002 -0.762959369570267E+001
  0.128858043821606E-002  0.189053336892441E+002 -0.162025875587590E+002  0.670067621913122E+002 -0.336931387727262E+000  0.426256469447943E+000 -0.107536384819057E+002 -0.762947060197043E+001
  0.128378657659821E-002  0.189048040529230E+002 -0.126700468955666E+002  0.634246067655816E+002 -0.224160562656490E+000  0.352037803037419E+000 -0.107536384819057E+002 -0.762920578380990E+001
  0.127886231989676E-002  0.189045062178374E+002  0.953668227672496E+001  0.668095340857232E+002 -0.327460715768936E+000  0.383247385658616E+000 -0.107536384819057E+002 -0.762905686626706E+001
  0.127441224466681E-002  0.189034937400452E+002  0.273654062541695E-001  0.640953197878732E+002 -0.217707709344170E+000  0.342581502512717E+000 -0.107536384819057E+002 -0.762855062737100E+001
  0.126969854139354E-002  0.189029208663796E+002 -0.944709757854175E+001  0.634017691124803E+002 -0.258949503212474E+000  0.398937756354199E+000 -0.107536384819057E+002 -0.762826419053818E+001
  0.126485497786899E-002  0.189025808832521E+002  0.889721472300238E-001  0.634173513892451E+002 -0.280813129907116E+000  0.411091821605912E+000 -0.107536384819057E+002 -0.762809419897442E+001
  0.126055451645737E-002  0.189014083547714E+002 -0.166986807236778E+000  0.633278900273314E+002 -0.221894409311060E+000  0.362671970046867E+000 -0.107536384819057E+002 -0.762750793473407E+001
  0.125588718884986E-002  0.189008432529526E+002  0.135514161458849E+002  0.676715233843899E+002 -0.343350541054043E+000  0.416493621282495E+000 -0.107536384819057E+002 -0.762722538382468E+001
  0.125097739527070E-002  0.189006933788613E+002  0.118128136437219E+001  0.633758655393821E+002 -0.223075122069928E+000  0.365499783145971E+000 -0.107536384819057E+002 -0.762715044677905E+001
  0.124616158916282E-002  0.189004234637429E+002  0.766066165402487E+001  0.644100260688432E+002 -0.312211489765989E+000  0.431827721686050E+000 -0.107536384819057E+002 -0.762701548921984E+001
  0.124132035488147E-002  0.189002243868886E+002 -0.974203409747273E+001  0.647813707840361E+002 -0.261751723611636E+000  0.348857860187906E+000 -0.107536384819057E+002 -0.762691595079269E+001
  0.123695553965776E-002  0.188992852738450E+002  0.176483581721586E+002  0.653378011101649E+002 -0.344714011358278E+000  0.415463466167017E+000 -0.107536384819057E+002 -0.762644639427089E+001
  0.123210891474804E-002  0.188991530006285E+002  0.192211041411340E+002  0.667334319113175E+002 -0.325952330547489E+000  0.382587626240705E+000 -0.107536384819057E+002 -0.762638025766263E+001
  0.122773183471214E-002  0.188982866296812E+002 -0.587495853624834E+001  0.675239820025449E+002 -0.389991657923446E+000  0.453539637386911E+000 -0.107536384819057E+002 -0.762594707218897E+001
  0.122348332082131E-002  0.188972355046961E+002  0.126969037034037E+002  0.677630888854305E+002 -0.373086997557816E+000  0.427095582047238E+000 -0.107536384819057E+002 -0.762542150969644E+001
  0.121935110480263E-002  0.188960177332013E+002  0.175287065661970E+001  0.671652950754522E+002 -0.305342046655500E+000  0.383195031439874E+000 -0.107536384819057E+002 -0.762481262394903E+001
  0.121476060894803E-002  0.188955773071214E+002 -0.145948875730890E+001  0.658419725429972E+002 -0.297152852109116E+000  0.364386638183491E+000 -0.107536384819057E+002 -0.762459241090908E+001
  0.121004659420391E-002  0.188953695870492E+002  0.170257410109936E+002  0.663936672960004E+002 -0.338727698617812E+000  0.396174085524274E+000 -0.107536384819057E+002 -0.762448855087297E+001
  0.120524267862911E-002  0.188953413980198E+002 -0.219523589087969E+001  0.652754813312117E+002 -0.352888993016244E+000  0.451240268466346E+000 -0.107536384819057E+002 -0.762447445635826E+001
  0.120051831498508E-002  0.188952124495313E+002  0.170855833405787E+002  0.642016528416618E+002 -0.224232459612567E+000  0.340772989396116E+000 -0.107536384819057E+002 -0.762440998211404E+001
  0.119607326581276E-002  0.188946473669936E+002 -0.741193501541860E+001  0.657175438016486E+002 -0.319046599763963E+000  0.383973275883953E+000 -0.107536384819057E+002 -0.762412744084519E+001
  0.119172997540702E-002  0.188939391252757E+002 -0.303219431608490E+001  0.666290242251885E+002 -0.343574528377219E+000  0.399276155498097E+000 -0.107536384819057E+002 -0.762377331998621E+001
  0.118730096333617E-002  0.188934018411886E+002 -0.191781531463725E+002  0.670901937507334E+002 -0.388438790113820E+000  0.458868468595412E+000 -0.107536384819057E+002 -0.762350467794267E+001
  0.118268984058567E-002  0.188932003243223E+002  0.985667791363790E+001  0.673605124141027E+002 -0.316184919750492E+000  0.383437385886057E+000 -0.107536384819057E+002 -0.762340391950952E+001
  0.117804717036128E-002  0.188930827678648E+002 -0.119382818200070E+002  0.637286406186180E+002 -0.305827699972767E+000  0.421855061579755E+000 -0.107536384819057E+002 -0.762334514128077E+001
  0.117366526877932E-002  0.188925518587618E+002  0.122884202343927E+002  0.666903065146498E+002 -0.388931726496198E+000  0.457064163171456E+000 -0.107536384819057E+002 -0.762307968672926E+001
  0.116926686258587E-002  0.188920770586829E+002  0.559144850897443E+001  0.634061380756433E+002 -0.281153573468569E+000  0.409072215353884E+000 -0.107536384819057E+002 -0.762284228668981E+001
  0.116462777193401E-002  0.188920438408175E+002 -0.200867726876322E+001  0.660284141357389E+002 -0.346000520604123E+000  0.407347972229615E+000 -0.107536384819057E+002 -0.762282567775713E+001
  0.116025045216427E-002  0.188915910743632E+002  0.112147397664127E+002  0.677092355199164E+002 -0.341174053335278E+000  0.410232619137274E+000 -0.107536384819057E+002 -0.762259929452997E+001
  0.115578204218326E-002  0.188913243942294E+002 -0.437070480397104E-001  0.667523307630420E+002 -0.388502029403421E+000  0.459486417838949E+000 -0.107536384819057E+002 -0.762246595446310E+001
  0.115117946952552E-002  0.188913206820791E+002 -0.121693487010671E+002  0.648310314708983E+002 -0.320126856236601E+000  0.435002294914270E+000 -0.107536384819057E+002 -0.762246409838791E+001
  0.114710023506026E-002  0.188904362780056E+002 -0.157746656594804E+002  0.666057565661984E+002 -0.326464666514470E+000  0.422743063619142E+000 -0.107536384819057E+002 -0.762202189635119E+001
  0.114277710964319E-002  0.188900039596903E+002 -0.123814517089832E+002  0.674161551041003E+002 -0.319316481418427E+000  0.387381698694998E+000 -0.107536384819057E+002 -0.762180573719353E+001
  0.113852115058258E-002  0.188894822714997E+002  0.787547658271578E+001  0.651445609922014E+002 -0.327665450734848E+000  0.438219393167659E+000 -0.107536384819057E+002 -0.762154489309825E+001
  0.113440808951718E-002  0.188887365810966E+002 -0.755141115554452E+001  0.673001227610029E+002 -0.331661544207392E+000  0.388816047666016E+000 -0.107536384819057E+002 -0.762117204789667E+001
  0.112989501226231E-002  0.188887251164824E+002 -0.129251391408114E+002  0.666943047918259E+002 -0.363725974425681E+000  0.450032788748784E+000 -0.107536384819057E+002 -0.762116631558957E+001
  0.112559045578486E-002  0.188883750166392E+002 -0.129826427588871E+002  0.649280882026365E+002 -0.334205226538033E+000  0.411930465113936E+000 -0.107536384819057E+002 -0.762099126566799E+001
  0.112119869041317E-002  0.188882097246446E+002  0.180826098397883E+002  0.634008393641974E+002 -0.264701557164974E+000  0.400689673799215E+000 -0.107536384819057E+002 -0.762090861967070E+001
  0.111689025032327E-002  0.188879259040826E+002 -0.115443901194856E+002  0.658152536675614E+002 -0.363555886917975E+000  0.431240117415350E+000 -0.107536384819057E+002 -0.762076670938970E+001
  0.111270724072768E-002  0.188874463811176E+002  0.149386463942150E+002  0.658792506051662E+002 -0.344643419138108E+000  0.444451538255827E+000 -0.107536384819057E+002 -0.762052694790718E+001
  0.110851573443313E-002  0.188870104529580E+002 -0.164316972562380E+001  0.638340190802228E+002 -0.232154167224620E+000  0.348191504973498E+000 -0.107536384819057E+002 -0.762030898382737E+001
  0.110430550051669E-002  0.188866370369448E+002 -0.827225421757725E+001  0.648065225282254E+002 -0.350167654319808E+000  0.441567085529152E+000 -0.107536384819057E+002 -0.762012227582078E+001
  0.110004443879474E-002  0.188863851007346E+002  0.170309223029609E+002  0.631878532067969E+002 -0.257225763267467E+000  0.391096212670709E+000 -0.107536384819057E+002 -0.761999630771570E+001
  0.109584858766180E-002  0.188860441559035E+002  0.297198842789592E+001  0.672898914612338E+002 -0.381633633812792E+000  0.453647373302475E+000 -0.107536384819057E+002 -0.761982583530015E+001
  0.109184207262930E-002  0.188853856819826E+002 -0.202345069547928E+001  0.646272504437744E+002 -0.326554816283772E+000  0.438116679801438E+000 -0.107536384819057E+002 -0.761949659833966E+001
  0.108749483400237E-002  0.188853806616491E+002  0.153930278487655E+002  0.663865042754676E+002 -0.349879268775427E+000  0.443560028614342E+000 -0.107536384819057E+002 -0.761949408817294E+001
  0.108318659507275E-002  0.188853355907692E+002  0.862146169688289E+001  0.638100492212273E+002 -0.244374998262794E+000  0.385095919657122E+000 -0.107536384819057E+002 -0.761947155273298E+001
  0.107891548314068E-002  0.188852533351642E+002 -0.174734043430793E+002  0.662600675314407E+002 -0.314460347642416E+000  0.376126519293615E+000 -0.107536384819057E+002 -0.761943042493046E+001
  0.107529816350031E-002  0.188839860322500E+002  0.230402016393836E+001  0.670808816514260E+002 -0.303075012330681E+000  0.377737943542245E+000 -0.107536384819057E+002 -0.761879677347339E+001
  0.107121315421889E-002  0.188836143683262E+002  0.190694921769667E+002  0.675188346110176E+002 -0.338534991924463E+000  0.413900094276824E+000 -0.107536384819057E+002 -0.761861094151145E+001
  0.106699353262144E-002  0.188835240941513E+002 -0.165283792091718E+002  0.648989580378936E+002 -0.331633104663980E+000  0.409951832209722E+000 -0.107536384819057E+002 -0.761856580442402E+001
  0.106288845794828E-002  0.188832495487101E+002 -0.105384316310666E+002  0.674258146854138E+002 -0.336489787894920E+000  0.393949096805143E+000 -0.107536384819057E+002 -0.761842853170344E+001
  0.105911727265925E-002  0.188823742320428E+002  0.125421905068509E+001  0.654343240032968E+002 -0.366361384350669E+000  0.447399112349869E+000 -0.107536384819057E+002 -0.761799087336979E+001
  0.105566681143859E-002  0.188809165565375E+002 -0.154735907600236E+002  0.647546330690758E+002 -0.291112161013569E+000  0.372640636456508E+000 -0.107536384819057E+002 -0.761726203561711E+001
  0.105169616014469E-002  0.188804692431641E+002  0.117826255295536E+002  0.652759762736279E+002 -0.340506105724506E+000  0.413108676781424E+000 -0.107536384819057E+002 -0.761703837893045E+001
  0.104803269221099E-002  0.188794641429717E+002 -0.572135237520864E+001  0.652162324460683E+002 -0.276685575936754E+000  0.355912654005065E+000 -0.107536384819057E+002 -0.761653582883421E+001
  0.104394358130609E-002  0.188792987667616E+002  0.891964168355059E-001  0.647823137126212E+002 -0.344154165858544E+000  0.429944545234052E+000 -0.107536384819057E+002 -0.761645314072916E+001
  0.103983356279378E-002  0.188792042892918E+002 -0.908587446680529E+001  0.663305806160920E+002 -0.356768664428117E+000  0.448225828171401E+000 -0.107536384819057E+002 -0.761640590199428E+001
  0.103664018698548E-002  0.188773717877027E+002  0.152073211596933E+001  0.632730771155085E+002 -0.263303488153943E+000  0.387015045899489E+000 -0.107536384819057E+002 -0.761548965119974E+001
  0.103286160643293E-002  0.188766911159816E+002 -0.145603222306900E+002  0.663620301234615E+002 -0.336399441608267E+000  0.395447090444716E+000 -0.107536384819057E+002 -0.761514931533917E+001
  0.102879418241760E-002  0.188765986512986E+002 -0.799465439791703E+001  0.643383240606338E+002 -0.308871482177898E+000  0.428203627020610E+000 -0.107536384819057E+002 -0.761510308299769E+001
  0.102500005064228E-002  0.188760041242825E+002 -0.141739408172547E+002  0.665592466026385E+002 -0.384796743979081E+000  0.455846691451018E+000 -0.107536384819057E+002 -0.761480581948964E+001
  0.102125900231742E-002  0.188753330414345E+002 -0.488664694451905E+001  0.676626022566684E+002 -0.344792927576435E+000  0.413763545897453E+000 -0.107536384819057E+002 -0.761447027806565E+001
  0.101741386773359E-002  0.188748933954484E+002 -0.194078830704731E+002  0.649992686903069E+002 -0.353978487653394E+000  0.442838716411186E+000 -0.107536384819057E+002 -0.761425045507259E+001
  0.101339597093376E-002  0.188748232441380E+002  0.346918384829802E+001  0.640988900424368E+002 -0.230795935134515E+000  0.366158193975073E+000 -0.107536384819057E+002 -0.761421537941736E+001
  0.100944297134366E-002  0.188746559477361E+002 -0.182151336819836E+002  0.657456603468961E+002 -0.319762072707237E+000  0.385646856614526E+000 -0.107536384819057E+002 -0.761413173121644E+001
  0.100546350565453E-002  0.188745719658873E+002 -0.119148185321080E+002  0.647074003815114E+002 -0.261409385271258E+000  0.390895808057701E+000 -0.107536384819057E+002 -0.761408974029201E+001
  0.100146120006928E-002  0.188745649259325E+002 -0.819011071115079E+001  0.633533180423445E+002 -0.263626440786002E+000  0.383235937304205E+000 -0.107536384819057E+002 -0.761408622031461E+001
  0.997486754122163E-003  0.188745339692675E+002  0.895855003445917E+000  0.656819445999218E+002 -0.362732772773178E+000  0.453455498319835E+000 -0.107536384819057E+002 -0.761407074198216E+001
  0.993745509859152E-003  0.188740653707739E+002  0.131456824787468E+002  0.637058059370966E+002 -0.235010830173581E+000  0.374777636918953E+000 -0.107536384819057E+002 -0.761383644273534E+001
  0.989907621119681E-003  0.188738203698411E+002 -0.110215282913048E+001  0.650719757103940E+002 -0.301328781777902E+000  0.420019932146478E+000 -0.107536384819057E+002 -0.761371394226893E+001
  0.986060874045447E-003  0.188736233986916E+002 -0.193304960567426E+002  0.660940494726247E+002 -0.346377107981610E+000  0.443114444080559E+000 -0.107536384819057E+002 -0.761361545669416E+001
  0.982438856307520E-003  0.188729993202299E+002 -0.110679831063381E+002  0.649262778070745E+002 -0.240646666554762E+000  0.342540530573067E+000 -0.107536384819057E+002 -0.761330341746334E+001
  0.978727501611531E-003  0.188725849754097E+002 -0.159366814156142E+002  0.657972788106398E+002 -0.361913673207730E+000  0.453067457717972E+000 -0.107536384819057E+002 -0.761309624505321E+001
  0.974860971123589E-003  0.188725177190118E+002  0.471478912124202E+001  0.637044199508578E+002 -0.266338239863030E+000  0.401513707005887E+000 -0.107536384819057E+002 -0.761306261685426E+001
  0.971160731950363E-003  0.188721394367307E+002  0.107461377068789E+002  0.652569553993688E+002 -0.268812867497948E+000  0.351290981788526E+000 -0.107536384819057E+002 -0.761287347571370E+001
  0.967436069134028E-003  0.188718406795432E+002 -0.124244890424929E+001  0.642338527614768E+002 -0.279308876956901E+000  0.372451634853341E+000 -0.107536384819057E+002 -0.761272409711996E+001
  0.964093378111745E-003  0.188707790152554E+002 -0.175918167657142E+002  0.667743722546812E+002 -0.293806290526228E+000  0.378776281591408E+000 -0.107536384819057E+002 -0.761219326497609E+001
  0.960907955027663E-003  0.188694140351279E+002  0.452782369933696E+001  0.643390318130465E+002 -0.228047387088820E+000  0.346372192678941E+000 -0.107536384819057E+002 -0.761151077491231E+001
  0.957148098988700E-003  0.188692709748102E+002  0.152927725185288E+002  0.650905116885146E+002 -0.259086793678087E+000  0.347554152883318E+000 -0.107536384819057E+002 -0.761143924475346E+001
  0.953867556419093E-003  0.188681535338770E+002 -0.157562454989322E+002  0.635611695402308E+002 -0.267794314550241E+000  0.379829167989167E+000 -0.107536384819057E+002 -0.761088052428686E+001
  0.950355240838683E-003  0.188675474506158E+002  0.178362618043914E+002  0.634559979581858E+002 -0.276187779437325E+000  0.392819819020569E+000 -0.107536384819057E+002 -0.761057748265627E+001
  0.946687484136172E-003  0.188672970478611E+002 -0.106719089527963E+002  0.647203512957966E+002 -0.235544507662947E+000  0.358735501441856E+000 -0.107536384819057E+002 -0.761045228127891E+001
  0.943132485709696E-003  0.188668375371324E+002  0.448142586772379E+001  0.675633756145776E+002 -0.375422386918636E+000  0.442531484909832E+000 -0.107536384819057E+002 -0.761022252591460E+001
  0.939443036738950E-003  0.188666926567416E+002  0.988496398121800E+001  0.647065583466348E+002 -0.316423526319787E+000  0.431485262169174E+000 -0.107536384819057E+002 -0.761015008571918E+001
  0.935934987628311E-003  0.188661909524975E+002 -0.780270007271209E+000  0.656744061667982E+002 -0.258210769723423E+000  0.365291469895011E+000 -0.107536384819057E+002 -0.760989923359711E+001
  0.933491911445766E-003  0.188634343463980E+002 -0.454592778621962E+001  0.636339872130974E+002 -0.229098029833342E+000  0.360007011935076E+000 -0.107536384819057E+002 -0.760852093054740E+001
  0.930410014251190E-003  0.188620641711675E+002  0.907823787730573E+001  0.656853232661617E+002 -0.262818793406509E+000  0.349598635809233E+000 -0.107536384819057E+002 -0.760783584293211E+001
  0.926741135178186E-003  0.188619823047051E+002  0.113619816718430E+002  0.673622790795902E+002 -0.378826924442626E+000  0.447666139299253E+000 -0.107536384819057E+002 -0.760779490970091E+001
  0.923508950921614E-003  0.188609858311842E+002 -0.460309260894797E+001  0.643816952062164E+002 -0.237055191369228E+000  0.367753473024709E+000 -0.107536384819057E+002 -0.760729667294047E+001
  0.919919166355824E-003  0.188607911655561E+002  0.178211015595592E+002  0.644976987169015E+002 -0.278057201746861E+000  0.367621243137989E+000 -0.107536384819057E+002 -0.760719934012644E+001
  0.916494236411692E-003  0.188602671729381E+002  0.659921194040154E+001  0.646552993414766E+002 -0.260577678490322E+000  0.389557336336742E+000 -0.107536384819057E+002 -0.760693734381741E+001
  0.913126503740007E-003  0.188596458289106E+002  0.119749867587472E+002  0.635109756251459E+002 -0.282299904844742E+000  0.401377810068134E+000 -0.107536384819057E+002 -0.760662667180367E+001
  0.909500778393080E-003  0.188596189373812E+002 -0.465993186522613E+001  0.659776683168134E+002 -0.343958316474680E+000  0.441575541667113E+000 -0.107536384819057E+002 -0.760661322603898E+001
  0.906074057102143E-003  0.188591845155858E+002  0.945500993723066E+000  0.668603781089064E+002 -0.357033528043527E+000  0.414092391643007E+000 -0.107536384819057E+002 -0.760639601514127E+001
  0.902576341026302E-003  0.188589360098643E+002  0.862714610740892E+001  0.654315752915383E+002 -0.360240279143069E+000  0.438728641660447E+000 -0.107536384819057E+002 -0.760627176228054E+001
  0.899157903444739E-003  0.188585411924153E+002  0.960747723577030E+001  0.673647657865596E+002 -0.374610554492493E+000  0.432774890495409E+000 -0.107536384819057E+002 -0.760607435355601E+001
  0.895629149500889E-003  0.188584216115347E+002  0.727931316430066E+000  0.634282355902914E+002 -0.251806401710000E+000  0.386739831191367E+000 -0.107536384819057E+002 -0.760601456311574E+001
  0.892333523306706E-003  0.188578104968014E+002 -0.111185943224406E+002  0.645210887777237E+002 -0.237863307757111E+000  0.365652338391290E+000 -0.107536384819057E+002 -0.760570900574906E+001
  0.889325741991462E-003  0.188565792250782E+002 -0.689962322434176E+001  0.635298818169182E+002 -0.280375365320846E+000  0.404031799624175E+000 -0.107536384819057E+002 -0.760509336988746E+001
  0.885959430000527E-003  0.188561800282387E+002  0.657566731624475E+001  0.647375178791124E+002 -0.275859407985287E+000  0.362717360795926E+000 -0.107536384819057E+002 -0.760489377146773E+001
  0.882523714887192E-003  0.188559669829991E+002 -0.115863462651274E+002  0.657089546534799E+002 -0.263567113845750E+000  0.350934117150604E+000 -0.107536384819057E+002 -0.760478724884793E+001
  0.879487613171001E-003  0.188548753018714E+002 -0.158076289669386E+002  0.640260925974556E+002 -0.230986174639050E+000  0.351876273098402E+000 -0.107536384819057E+002 -0.760424140828406E+001
  0.876421046256408E-003  0.188538769758519E+002 -0.158877907468235E+002  0.668993197710921E+002 -0.326300604304260E+000  0.386671167084844E+000 -0.107536384819057E+002 -0.760374224527434E+001
  0.873609155059067E-003  0.188523200078057E+002  0.823122140250959E+001  0.640329861754664E+002 -0.281139486181388E+000  0.380238672788415E+000 -0.107536384819057E+002 -0.760296376125125E+001
  0.870375783150480E-003  0.188517520284276E+002  0.863976202214946E+001  0.636384098549684E+002 -0.235355147003055E+000  0.361942303865012E+000 -0.107536384819057E+002 -0.760267977156216E+001
  0.866926036361326E-003  0.188517107653975E+002 -0.193753170795814E+002  0.669018208168674E+002 -0.316918241573606E+000  0.380686278927175E+000 -0.107536384819057E+002 -0.760265914004713E+001
  0.863490434118589E-003  0.188516684104593E+002  0.169124269996594E+002  0.671745173199499E+002 -0.369935549140820E+000  0.445040454167646E+000 -0.107536384819057E+002 -0.760263796257805E+001
  0.860061585855361E-003  0.188516420106186E+002  0.174034145964443E+002  0.640343277801260E+002 -0.287765372706220E+000  0.386381464446583E+000 -0.107536384819057E+002 -0.760262476265768E+001
  0.856687148635042E-003  0.188515203686705E+002  0.108723247480929E+002  0.662677843432159E+002 -0.368887139907363E+000  0.452753194101403E+000 -0.107536384819057E+002 -0.760256394168360E+001
  0.853431511030297E-003  0.188511513334747E+002  0.441150797557975E+001  0.673080503604247E+002 -0.372218734179581E+000  0.430797360178483E+000 -0.107536384819057E+002 -0.760237942408575E+001
  0.850265857670817E-003  0.188505997306655E+002 -0.285125351144491E+001  0.667193416210136E+002 -0.341756571311101E+000  0.431183902892451E+000 -0.107536384819057E+002 -0.760210362268114E+001
  0.847398734063830E-003  0.188493711481788E+002 -0.102890321303554E+002  0.662015960191265E+002 -0.289699525295105E+000  0.362691337236671E+000 -0.107536384819057E+002 -0.760148933143776E+001
  0.844127985571069E-003  0.188491215446670E+002 -0.121652898301860E+002  0.672906859969627E+002 -0.324479337604244E+000  0.393007686566595E+000 -0.107536384819057E+002 -0.760136452968189E+001
  0.840809765960042E-003  0.188490148825183E+002  0.139390042038523E+002  0.654412040969291E+002 -0.309793589557207E+000  0.421452387772717E+000 -0.107536384819057E+002 -0.760131119860754E+001
  0.837595799028632E-003  0.188486904210169E+002 -0.189249516756258E+002  0.642914217064297E+002 -0.287827420614019E+000  0.380734680008120E+000 -0.107536384819057E+002 -0.760114896785682E+001
  0.835287252472697E-003  0.188462263053353E+002  0.167320479319277E+002  0.673758617131648E+002 -0.331593355780224E+000  0.402915464331369E+000 -0.107536384819057E+002 -0.759991691001604E+001
  0.832094800396934E-003  0.188459008698235E+002 -0.165897979262799E+002  0.634653408172590E+002 -0.252400896542132E+000  0.384134729735659E+000 -0.107536384819057E+002 -0.759975419226015E+001
  0.828935540886167E-003  0.188455247878180E+002  0.386327539312157E+001  0.653272859378673E+002 -0.285758135006605E+000  0.402687716154253E+000 -0.107536384819057E+002 -0.759956615125738E+001
  0.825772857592730E-003  0.188451860491829E+002 -0.152622334234567E+002  0.661042714516138E+002 -0.337258449234017E+000  0.434947986624458E+000 -0.107536384819057E+002 -0.759939678193983E+001
  0.822536164206160E-003  0.188450565958110E+002 -0.187811791889276E+002  0.653019383533313E+002 -0.253089661451592E+000  0.349396571447251E+000 -0.107536384819057E+002 -0.759933205525389E+001
  0.819484883776516E-003  0.188445055492022E+002  0.159141045081346E+002  0.647326619292445E+002 -0.242087272257046E+000  0.348043421326852E+000 -0.107536384819057E+002 -0.759905653194948E+001
  0.816478787174232E-003  0.188438715475936E+002  0.325720586833171E+001  0.646927567532920E+002 -0.252633545569481E+000  0.350610609100245E+000 -0.107536384819057E+002 -0.759873953114520E+001
  0.813313353365466E-003  0.188436564412528E+002  0.126546119199145E+002  0.647446042566646E+002 -0.260282926129594E+000  0.353799054900588E+000 -0.107536384819057E+002 -0.759863197797478E+001
  0.810150075447091E-003  0.188434663086114E+002  0.160054211360292E+002  0.672299105326472E+002 -0.347246544380510E+000  0.405673110201958E+000 -0.107536384819057E+002 -0.759853691165406E+001
  0.807116235790297E-003  0.188429858990719E+002  0.772388811594792E+001  0.661194441114079E+002 -0.363272118786419E+000  0.450204687335923E+000 -0.107536384819057E+002 -0.759829670688431E+001
  0.804035365468942E-003  0.188426507309754E+002 -0.270196359546271E+001  0.640851128313898E+002 -0.312615626247757E+000  0.421188882890906E+000 -0.107536384819057E+002 -0.759812912283607E+001
  0.800837151511749E-003  0.188426379588196E+002 -0.118088007470358E+002  0.641874108224088E+002 -0.248873877050062E+000  0.381498398411674E+000 -0.107536384819057E+002 -0.759812273675819E+001
  0.797878353743748E-003  0.188420568622993E+002  0.305601087082332E+001  0.663701679676962E+002 -0.285925071199169E+000  0.379026311806411E+000 -0.107536384819057E+002 -0.759783218849802E+001
  0.795183946127374E-003  0.188408381802507E+002 -0.147877250084820E+002  0.651781608882133E+002 -0.345955940248778E+000  0.443244533564831E+000 -0.107536384819057E+002 -0.759722284747374E+001
  0.792078225857861E-003  0.188406807571265E+002 -0.167858895016978E+002  0.637804725306551E+002 -0.266851587218949E+000  0.398187263665780E+000 -0.107536384819057E+002 -0.759714413591162E+001
  0.789027841031896E-003  0.188404138151019E+002  0.374431064655175E+001  0.668466255805378E+002 -0.305288005263003E+000  0.388555441390084E+000 -0.107536384819057E+002 -0.759701066489935E+001
  0.786118067719678E-003  0.188398189969032E+002  0.100076633579390E+002  0.667122010283934E+002 -0.373294814306884E+000  0.450550525355479E+000 -0.107536384819057E+002 -0.759671325579997E+001
  0.783139945224247E-003  0.188394261243214E+002 -0.402772002248929E+001  0.665980071132413E+002 -0.299175277733525E+000  0.371120489709061E+000 -0.107536384819057E+002 -0.759651681950909E+001
  0.780104645952667E-003  0.188392087565641E+002  0.173015720079550E+002  0.666806077017322E+002 -0.321154620697084E+000  0.384011523746395E+000 -0.107536384819057E+002 -0.759640813563044E+001
  0.777119705417765E-003  0.188388920592938E+002  0.578282114410330E+001  0.664660138981149E+002 -0.306193957492895E+000  0.401941529470156E+000 -0.107536384819057E+002 -0.759624978699528E+001
  0.774255993692111E-003  0.188382916955887E+002  0.635294915976306E+001  0.644836170763134E+002 -0.275185811105746E+000  0.367684549306214E+000 -0.107536384819057E+002 -0.759594960514274E+001
  0.771427771703586E-003  0.188376266796401E+002 -0.295200837026964E+001  0.653880548112580E+002 -0.252930202646561E+000  0.354530543917996E+000 -0.107536384819057E+002 -0.759561709716842E+001
  0.768367310328913E-003  0.188375929557907E+002 -0.190362154143041E+002  0.644236067628315E+002 -0.282764890652597E+000  0.408347568955625E+000 -0.107536384819057E+002 -0.759560023524375E+001
  0.765320813260199E-003  0.188375544688800E+002  0.110278475062418E+002  0.664798397527863E+002 -0.287766849147516E+000  0.374114604048169E+000 -0.107536384819057E+002 -0.759558099178836E+001
  0.762347722506958E-003  0.188373550849555E+002 -0.132537519656356E+002  0.667965567342471E+002 -0.324685402876550E+000  0.413498909790326E+000 -0.107536384819057E+002 -0.759548129982615E+001
  0.759662305209102E-003  0.188364286045497E+002 -0.249304780953767E+001  0.650595501894883E+002 -0.316409142874398E+000  0.428111963629647E+000 -0.107536384819057E+002 -0.759501805962321E+001
  0.756688394612378E-003  0.188362894870930E+002 -0.379834025073365E+001  0.642593802139068E+002 -0.236685748758673E+000  0.353314827428638E+000 -0.107536384819057E+002 -0.759494850089489E+001
  0.753901431617794E-003  0.188356852537075E+002  0.135229366686725E+001  0.653531508101811E+002 -0.272321310575974E+000  0.388338746684998E+000 -0.107536384819057E+002 -0.759464638420213E+001
  0.750963944390423E-003  0.188355091945405E+002  0.110743350160544E+002  0.666916019616143E+002 -0.363064051819817E+000  0.424134753036951E+000 -0.107536384819057E+002 -0.759455835461861E+001
  0.748078187229023E-003  0.188352254311738E+002 -0.214872757027219E+001  0.646294421624835E+002 -0.238464003140686E+000  0.354380382443217E+000 -0.107536384819057E+002 -0.759441647293528E+001
  0.745432836429861E-003  0.188343263140853E+002  0.555404334908295E+001  0.644349272652580E+002 -0.281127247946811E+000  0.406789387964950E+000 -0.107536384819057E+002 -0.759396691439101E+001
  0.742544516174754E-003  0.188341067012337E+002 -0.516585283764155E+001  0.645618483282925E+002 -0.315100432068037E+000  0.403324976335497E+000 -0.107536384819057E+002 -0.759385710796525E+001
  0.739612802516435E-003  0.188340346865066E+002  0.144495582525955E+002  0.638123575095026E+002 -0.240918877390128E+000  0.372774890215943E+000 -0.107536384819057E+002 -0.759382110060166E+001
  0.736685985475319E-003  0.188339808025492E+002  0.137760257313584E+002  0.636967295000392E+002 -0.282574816858379E+000  0.396045451383502E+000 -0.107536384819057E+002 -0.759379415862299E+001
  0.733916914091618E-003  0.188335285679703E+002 -0.182992668959416E+002  0.665899371086829E+002 -0.373767495407765E+000  0.439989080667957E+000 -0.107536384819057E+002 -0.759356804133352E+001
  0.731081860648140E-003  0.188332853018234E+002  0.177216985500102E+002  0.657260424738887E+002 -0.280008857294823E+000  0.389090226113499E+000 -0.107536384819057E+002 -0.759344640826010E+001
  0.728202964351031E-003  0.188331925221350E+002  0.251664051685913E+001  0.642139924509773E+002 -0.305318215564541E+000  0.421620766625256E+000 -0.107536384819057E+002 -0.759340001841588E+001
  0.725587576945110E-003  0.188324045374960E+002 -0.976795635305510E+001  0.657255086048262E+002 -0.270687885262549E+000  0.377389966300182E+000 -0.107536384819057E+002 -0.759300602609640E+001
  0.723074901541970E-003  0.188313584200021E+002 -0.146269600181253E+002  0.650058531649547E+002 -0.344245897354504E+000  0.430358422028341E+000 -0.107536384819057E+002 -0.759248296734944E+001
  0.720201373180838E-003  0.188313382918108E+002 -0.193072005077533E+002  0.638583283356646E+002 -0.246058423272903E+000  0.362848962694317E+000 -0.107536384819057E+002 -0.759247290325379E+001
  0.717620545494112E-003  0.188305340826709E+002  0.229503683192588E+001  0.655139558277609E+002 -0.272003933026498E+000  0.356214721100814E+000 -0.107536384819057E+002 -0.759207079868381E+001
  0.714784639396232E-003  0.188304693351276E+002 -0.131226734990861E+000  0.663870543335540E+002 -0.295610615327662E+000  0.390689901174372E+000 -0.107536384819057E+002 -0.759203842491220E+001
  0.711953051979102E-003  0.188304239379388E+002  0.167169870076642E+002  0.640396391542087E+002 -0.307124532475202E+000  0.414203673994916E+000 -0.107536384819057E+002 -0.759201572631775E+001
  0.709322273943700E-003  0.188298438965582E+002 -0.153188611701927E+002  0.652369441130484E+002 -0.323189540080931E+000  0.398944122688604E+000 -0.107536384819057E+002 -0.759172570562748E+001
  0.706747468106551E-003  0.188291329666300E+002 -0.863180045977053E+001  0.642133755542856E+002 -0.269594991839322E+000  0.369412229183891E+000 -0.107536384819057E+002 -0.759137024066338E+001
  0.703934675839308E-003  0.188291246286306E+002 -0.620810920674049E+001  0.649965336608203E+002 -0.320659945252233E+000  0.430422130008990E+000 -0.107536384819057E+002 -0.759136607166370E+001
  0.701313536681033E-003  0.188286015945446E+002 -0.493011435390070E+001  0.636231064226570E+002 -0.248367218772422E+000  0.376807690897898E+000 -0.107536384819057E+002 -0.759110455462069E+001
  0.698589849450797E-003  0.188284000624103E+002  0.133151323635811E+002  0.666555899328100E+002 -0.308192442839723E+000  0.377034963687466E+000 -0.107536384819057E+002 -0.759100378855352E+001
  0.696063334295097E-003  0.188276623172274E+002  0.265240576335815E+001  0.664468518772604E+002 -0.324813348455545E+000  0.388364460712220E+000 -0.107536384819057E+002 -0.759063491596207E+001
  0.693294455768946E-003  0.188276499640881E+002  0.125971479743327E+002  0.639856458821041E+002 -0.239003303715076E+000  0.367433577963173E+000 -0.107536384819057E+002 -0.759062873939244E+001
  0.690783388833083E-003  0.188269229402225E+002  0.499498384896527E+001  0.646200981761711E+002 -0.243388061217844E+000  0.352340072996199E+000 -0.107536384819057E+002 -0.759026522745962E+001
  0.688108381566004E-003  0.188266987833547E+002  0.177846019330056E+002  0.649307479933384E+002 -0.252731790437227E+000  0.351766734029217E+000 -0.107536384819057E+002 -0.759015314902575E+001
  0.685445289303946E-003  0.188264700856718E+002  0.107976632168864E+002  0.667253428374219E+002 -0.301868596771643E+000  0.385172546859948E+000 -0.107536384819057E+002 -0.759003880018426E+001
  0.682826543915204E-003  0.188261416815013E+002  0.679213571814214E+001  0.637052368737349E+002 -0.252136945801249E+000  0.371601185549078E+000 -0.107536384819057E+002 -0.758987459809904E+001
  0.680580358570399E-003  0.188247475641648E+002  0.163437490769088E+002  0.673066932160136E+002 -0.335577571839320E+000  0.403900679457294E+000 -0.107536384819057E+002 -0.758917753943077E+001
  0.677916176996107E-003  0.188246080318472E+002 -0.168621841504984E+002  0.658168023715048E+002 -0.267587694746763E+000  0.361165619047593E+000 -0.107536384819057E+002 -0.758910777327199E+001
  0.675550889555514E-003  0.188236143030200E+002 -0.191682951511760E+002  0.641181115217587E+002 -0.271058726459974E+000  0.399390319416790E+000 -0.107536384819057E+002 -0.758861090885840E+001
  0.673022838715131E-003  0.188231287123601E+002  0.382874031137456E+001  0.671685928359094E+002 -0.349309977856997E+000  0.409905064290736E+000 -0.107536384819057E+002 -0.758836811352843E+001
  0.670397843873382E-003  0.188229605333595E+002 -0.478517138084688E+001  0.671714603702086E+002 -0.326983846477502E+000  0.396020964749252E+000 -0.107536384819057E+002 -0.758828402402813E+001
  0.667777685133194E-003  0.188228085338724E+002 -0.569297320562234E+001  0.666705838593729E+002 -0.309495999378463E+000  0.378626664309256E+000 -0.107536384819057E+002 -0.758820802428459E+001
  0.665323287819328E-003  0.188221889750054E+002  0.128668232304242E+002  0.637932095348479E+002 -0.252464761578179E+000  0.383088186015970E+000 -0.107536384819057E+002 -0.758789824485106E+001
  0.662754990513936E-003  0.188219403214080E+002  0.122931003461231E+002  0.661836408360488E+002 -0.283036327325233E+000  0.365168083525091E+000 -0.107536384819057E+002 -0.758777391805240E+001
  0.660131591117479E-003  0.188218886379143E+002  0.140260334632202E+002  0.669183697571723E+002 -0.313303867221924E+000  0.385110292254716E+000 -0.107536384819057E+002 -0.758774807630551E+001
  0.657542572909530E-003  0.188217639633748E+002  0.351102704150741E+001  0.640724711073030E+002 -0.276408691265371E+000  0.403153172958532E+000 -0.107536384819057E+002 -0.758768573903578E+001
  0.655048390970111E-003  0.188213807195918E+002  0.345165569902046E+001  0.639255210654812E+002 -0.294378714979700E+000  0.402245554453090E+000 -0.107536384819057E+002 -0.758749411714429E+001
  0.652443297344146E-003  0.188213664319552E+002  0.112714408600388E+002  0.668945214908505E+002 -0.310905093976942E+000  0.389862962250719E+000 -0.107536384819057E+002 -0.758748697332598E+001
  0.649906951392361E-003  0.188211724571368E+002 -0.466643184815024E+001  0.646245274035140E+002 -0.246553950217886E+000  0.369083860872282E+000 -0.107536384819057E+002 -0.758738998591677E+001
  0.647360050657512E-003  0.188210415520109E+002 -0.520843007269151E+001  0.640783684905747E+002 -0.241915832560184E+000  0.369761227088039E+000 -0.107536384819057E+002 -0.758732453335383E+001
  0.644814006060333E-003  0.188209389489073E+002 -0.574001433604003E+000  0.664148165849894E+002 -0.336708611280923E+000  0.399700614488074E+000 -0.107536384819057E+002 -0.758727323180204E+001
  0.642367354648919E-003  0.188205580443025E+002  0.186903625693884E+002  0.656469193701210E+002 -0.354144598772838E+000  0.444880469642293E+000 -0.107536384819057E+002 -0.758708277949965E+001
  0.639914820692878E-003  0.188202245391999E+002 -0.805504541974867E+001  0.656506969392658E+002 -0.322632145591440E+000  0.393403518973838E+000 -0.107536384819057E+002 -0.758691602694833E+001
  0.637693572327682E-003  0.188191948986996E+002  0.142086527781705E+002  0.649689261560299E+002 -0.319585135185336E+000  0.429048408578129E+000 -0.107536384819057E+002 -0.758640120669815E+001
  0.635266127446655E-003  0.188188385849058E+002 -0.255356198946435E+001  0.644796712876901E+002 -0.241060761504027E+000  0.359110936726811E+000 -0.107536384819057E+002 -0.758622304980129E+001
  0.632747030052086E-003  0.188188011498409E+002 -0.176110328841050E+002  0.658056488257685E+002 -0.354154064484515E+000  0.426036146065437E+000 -0.107536384819057E+002 -0.758620433226884E+001
  0.630233675476870E-003  0.188187771905620E+002  0.216789976004392E+001  0.639247368559041E+002 -0.291543277783580E+000  0.409759801606210E+000 -0.107536384819057E+002 -0.758619235262938E+001
  0.627753576292224E-003  0.188186790861175E+002 -0.504060445555556E+001  0.670861956252679E+002 -0.366840743878568E+000  0.429306562142440E+000 -0.107536384819057E+002 -0.758614330040715E+001
  0.625285929592339E-003  0.188185723686855E+002  0.172943956442819E+002  0.651493186104880E+002 -0.286337769621414E+000  0.403368602941949E+000 -0.107536384819057E+002 -0.758608994169112E+001
  0.622812362167186E-003  0.188185158128838E+002 -0.730429465691069E+001  0.649624307869523E+002 -0.278877330422762E+000  0.365455055231640E+000 -0.107536384819057E+002 -0.758606166379029E+001
  0.620389622264197E-003  0.188183269412031E+002 -0.762100449908598E+001  0.672934895326331E+002 -0.360784729483265E+000  0.423429221269227E+000 -0.107536384819057E+002 -0.758596722794990E+001
  0.617968242104264E-003  0.188181641700927E+002  0.138061543906620E+002  0.636904503514755E+002 -0.274211830613921E+000  0.394704451415397E+000 -0.107536384819057E+002 -0.758588584239475E+001
  0.615512066459349E-003  0.188181451639607E+002 -0.595927387361773E+000  0.638676241741026E+002 -0.276220826967772E+000  0.385162027885518E+000 -0.107536384819057E+002 -0.758587633932871E+001
  0.613111713332998E-003  0.188179759015677E+002 -0.927100452003536E+000  0.637967184823926E+002 -0.262549835785098E+000  0.391225199438512E+000 -0.107536384819057E+002 -0.758579170813223E+001
  0.610747938593767E-003  0.188177175085334E+002 -0.996960387383520E+000  0.652834912261244E+002 -0.254644127847898E+000  0.358635134977501E+000 -0.107536384819057E+002 -0.758566251161510E+001
  0.608351688983457E-003  0.188175958347200E+002 -0.192776000482790E+002  0.669341061653754E+002 -0.368447686011102E+000  0.443018679281164E+000 -0.107536384819057E+002 -0.758560167470837E+001
  0.605947041289943E-003  0.188175329100306E+002  0.132956884522731E+002  0.654413147809224E+002 -0.276035786659521E+000  0.359895623640691E+000 -0.107536384819057E+002 -0.758557021236366E+001
  0.603543880110097E-003  0.188174965562249E+002  0.147334785174109E+002  0.636781052835233E+002 -0.264503274206257E+000  0.383739029582221E+000 -0.107536384819057E+002 -0.758555203546082E+001
  0.601212805133016E-003  0.188172520943486E+002 -0.130616150863090E+002  0.669835743310210E+002 -0.317021736383426E+000  0.393990917794586E+000 -0.107536384819057E+002 -0.758542980452269E+001
  0.598840651683965E-003  0.188171748880432E+002 -0.105647555838609E+002  0.644143664868414E+002 -0.256121010175488E+000  0.383353925493745E+000 -0.107536384819057E+002 -0.758539120137000E+001
  0.596567954790071E-003  0.188167956079923E+002 -0.724357749992690E+001  0.657196310227707E+002 -0.324052831559962E+000  0.394235880688093E+000 -0.107536384819057E+002 -0.758520156134454E+001
  0.594293491716642E-003  0.188164512983398E+002 -0.182656386384222E+002  0.660154438740366E+002 -0.366314951456546E+000  0.442517357088017E+000 -0.107536384819057E+002 -0.758502940651829E+001
  0.591969007005783E-003  0.188163052771103E+002 -0.707985577935933E+001  0.645476819562801E+002 -0.299017089027311E+000  0.417220348859354E+000 -0.107536384819057E+002 -0.758495639590355E+001
  0.589703764389952E-003  0.188159891624290E+002  0.846483452075624E+000  0.652834984140100E+002 -0.256979264126262E+000  0.366546510602480E+000 -0.107536384819057E+002 -0.758479833856286E+001
  0.587541177300562E-003  0.188153530878289E+002  0.164136984950811E+002  0.661704904654920E+002 -0.321684212799169E+000  0.419956648652457E+000 -0.107536384819057E+002 -0.758448030126281E+001
  0.585206118183884E-003  0.188153334625566E+002 -0.121697809509969E+002  0.660796042187106E+002 -0.304583365007264E+000  0.405998220003810E+000 -0.107536384819057E+002 -0.758447048862670E+001
  0.582976694536572E-003  0.188149832469485E+002 -0.623421298115741E+000  0.670001115860725E+002 -0.328948457389888E+000  0.410009056218329E+000 -0.107536384819057E+002 -0.758429538082261E+001
  0.580758526770420E-003  0.188146235176100E+002  0.135315388690303E+001  0.638791163715126E+002 -0.256715587354876E+000  0.386021049305000E+000 -0.107536384819057E+002 -0.758411551615336E+001
  0.578583869728959E-003  0.188141425547428E+002 -0.154650008631464E+002  0.652510692701206E+002 -0.260246573380477E+000  0.355266641297053E+000 -0.107536384819057E+002 -0.758387503471977E+001
  0.576409951285647E-003  0.188136872832530E+002  0.498033106692723E+000  0.641826042807320E+002 -0.242442101919370E+000  0.366827029338344E+000 -0.107536384819057E+002 -0.758364739897491E+001
  0.574165340603340E-003  0.188135066884177E+002  0.152105046540197E+002  0.663057136784401E+002 -0.289554001070368E+000  0.369571772682598E+000 -0.107536384819057E+002 -0.758355710155723E+001
  0.571963573945380E-003  0.188132068403475E+002  0.512797622085990E+001  0.668483673630506E+002 -0.316014578728194E+000  0.385646154040494E+000 -0.107536384819057E+002 -0.758340717752213E+001
  0.569694728972039E-003  0.188131721043722E+002 -0.606250803755088E-001  0.664275568178656E+002 -0.370054363971887E+000  0.446234982514744E+000 -0.107536384819057E+002 -0.758338980953449E+001
  0.567455420462083E-003  0.188130649861097E+002  0.124976227333205E+002  0.653780299012155E+002 -0.317793029794368E+000  0.425345606021416E+000 -0.107536384819057E+002 -0.758333625040323E+001
  0.565396929835868E-003  0.188123492972665E+002 -0.116105246620283E+002  0.672090426224919E+002 -0.337172972836592E+000  0.410846787655817E+000 -0.107536384819057E+002 -0.758297840598163E+001
  0.563510906107139E-003  0.188110479100280E+002 -0.154264774857358E+002  0.655446069972307E+002 -0.308162765515694E+000  0.382301306836851E+000 -0.107536384819057E+002 -0.758232771236238E+001
  0.561317353389107E-003  0.188108643667392E+002 -0.579128471140191E+001  0.649015979335456E+002 -0.266903795876775E+000  0.359590673115387E+000 -0.107536384819057E+002 -0.758223594071797E+001
  0.559146800414127E-003  0.188106290975376E+002 -0.176030530792301E+002  0.651722751222802E+002 -0.260771988221636E+000  0.375128379554166E+000 -0.107536384819057E+002 -0.758211830611716E+001
  0.557031583612805E-003  0.188102252746611E+002 -0.171347481518437E+002  0.641364155492716E+002 -0.304086115328942E+000  0.415499803117145E+000 -0.107536384819057E+002 -0.758191639467893E+001
  0.554893521635265E-003  0.188099326300498E+002  0.149957959236388E+002  0.659812828312701E+002 -0.314017700572080E+000  0.383483821511632E+000 -0.107536384819057E+002 -0.758177007237329E+001
  0.552758824943931E-003  0.188096575021023E+002 -0.179295634010669E+002  0.670923653149966E+002 -0.334758579432710E+000  0.412487808525225E+000 -0.107536384819057E+002 -0.758163250839955E+001
  0.550560947697615E-003  0.188096417030702E+002 -0.150297058288778E+002  0.661072794854211E+002 -0.359455690131987E+000  0.429277352368398E+000 -0.107536384819057E+002 -0.758162460888347E+001
  0.548368875796065E-003  0.188096366042710E+002 -0.191358374965900E+002  0.658914783839112E+002 -0.277504898451340E+000  0.378054723566100E+000 -0.107536384819057E+002 -0.758162205948390E+001
  0.546221741226850E-003  0.188094989192277E+002  0.301940693355580E+001  0.650743938096362E+002 -0.253290213759868E+000  0.356718129581736E+000 -0.107536384819057E+002 -0.758155321696221E+001
  0.544127572399495E-003  0.188091974473152E+002  0.104024664344312E+002  0.648758127170617E+002 -0.285607535185110E+000  0.404865424516520E+000 -0.107536384819057E+002 -0.758140248100596E+001
  0.541984434080229E-003  0.188091062964410E+002  0.119912496339738E+002  0.659015346696099E+002 -0.284878879374486E+000  0.387877264604085E+000 -0.107536384819057E+002 -0.758135690556889E+001
  0.539840730094484E-003  0.188090485135696E+002  0.182841815999363E+002  0.645368009036245E+002 -0.312301586594038E+000  0.403771496876374E+000 -0.107536384819057E+002 -0.758132801413318E+001
  0.537694830262427E-003  0.188090304361380E+002 -0.275491383393408E+001  0.645050777409951E+002 -0.297843982136495E+000  0.415837014679125E+000 -0.107536384819057E+002 -0.758131897541737E+001
  0.535738235432265E-003  0.188083373819598E+002 -0.429149557787501E+001  0.657231776071821E+002 -0.350724431120328E+000  0.442353071805587E+000 -0.107536384819057E+002 -0.758097244832826E+001
  0.533629524371901E-003  0.188082410423153E+002  0.154378611473692E+002  0.657137383836055E+002 -0.309444274304873E+000  0.415283911072790E+000 -0.107536384819057E+002 -0.758092427850602E+001
  0.531522049397504E-003  0.188081712826872E+002 -0.399053390648824E+000  0.647959953998556E+002 -0.309569225991056E+000  0.422523701934282E+000 -0.107536384819057E+002 -0.758088939869196E+001
  0.529507070565555E-003  0.188077835679637E+002 -0.190555735846606E+002  0.647353089178413E+002 -0.297035277554630E+000  0.414463097531966E+000 -0.107536384819057E+002 -0.758069554133025E+001
  0.527441202177796E-003  0.188076177737601E+002 -0.993639440185438E+001  0.669244814157221E+002 -0.365289174587004E+000  0.429448558123113E+000 -0.107536384819057E+002 -0.758061264422845E+001
  0.525466552574580E-003  0.188071354403096E+002 -0.120031549334294E+002  0.648327271291065E+002 -0.250485873272298E+000  0.356511015238360E+000 -0.107536384819057E+002 -0.758037147750320E+001
  0.523404023344990E-003  0.188070171228102E+002 -0.144910237834557E+002  0.652399472811214E+002 -0.311093164866866E+000  0.421184602457370E+000 -0.107536384819057E+002 -0.758031231875347E+001
  0.521370038082599E-003  0.188068203633102E+002  0.161323022344037E+002  0.639880691737489E+002 -0.264411510814360E+000  0.391749281846493E+000 -0.107536384819057E+002 -0.758021393900350E+001
  0.519465516945687E-003  0.188061555298557E+002  0.150873270141962E+001  0.641172716975368E+002 -0.248897275843686E+000  0.363812358362811E+000 -0.107536384819057E+002 -0.757988152227624E+001
  0.517572773407596E-003  0.188054720688183E+002  0.812718869781606E+001  0.668186602630685E+002 -0.367464324681942E+000  0.433463135521927E+000 -0.107536384819057E+002 -0.757953979175752E+001
  0.515880322331372E-003  0.188040386964402E+002 -0.125476430539907E+002  0.646202441871955E+002 -0.300080230307497E+000  0.416579090601187E+000 -0.107536384819057E+002 -0.757882310556846E+001
  0.513836405865964E-003  0.188039943875919E+002  0.498911235680288E+001  0.661125823586476E+002 -0.350452809041066E+000  0.440197492095219E+000 -0.107536384819057E+002 -0.757880095114435E+001
  0.511860561718786E-003  0.188037157264807E+002 -0.429519602558731E+001  0.663954873940510E+002 -0.364947705924619E+000  0.444577914621131E+000 -0.107536384819057E+002 -0.757866162058875E+001
  0.509834431440277E-003  0.188036641215014E+002 -0.107552201646303E+002  0.657061233956409E+002 -0.350468477137647E+000  0.441696274941056E+000 -0.107536384819057E+002 -0.757863581809908E+001
  0.507823436659643E-003  0.188035844934470E+002  0.120207158043703E+002  0.654679048465927E+002 -0.352597088961732E+000  0.435667725735246E+000 -0.107536384819057E+002 -0.757859600407189E+001
  0.505843725614930E-003  0.188034125361188E+002  0.128852651543571E+001  0.670645403887569E+002 -0.364930207597445E+000  0.430566163206548E+000 -0.107536384819057E+002 -0.757851002540776E+001
  0.503845469351004E-003  0.188033448261810E+002 -0.170684156005375E+002  0.662485477072876E+002 -0.295224777918039E+000  0.371677160671050E+000 -0.107536384819057E+002 -0.757847617043889E+001
  0.502071567045743E-003  0.188024146621624E+002 -0.181320702816616E+002  0.665156641512363E+002 -0.345321619484234E+000  0.432747087718130E+000 -0.107536384819057E+002 -0.757801108842959E+001
  0.500098948213794E-003  0.188023040158148E+002  0.712948043531476E+000  0.647371972508673E+002 -0.311249540210193E+000  0.423024506668474E+000 -0.107536384819057E+002 -0.757795576525580E+001
  0.498175087610455E-003  0.188020287302546E+002  0.191853398638389E+002  0.663862247342343E+002 -0.367923673490946E+000  0.442185377579804E+000 -0.107536384819057E+002 -0.757781812247569E+001
  0.496222697365916E-003  0.188018982561076E+002 -0.773885144991938E+001  0.637921377386987E+002 -0.265955476746054E+000  0.387967541739517E+000 -0.107536384819057E+002 -0.757775288540217E+001
  0.494279091217584E-003  0.188017631994675E+002  0.122109645276956E+002  0.667571521593849E+002 -0.338579108489222E+000  0.402093872316315E+000 -0.107536384819057E+002 -0.757768535708215E+001
  0.492456319730255E-003  0.188011682646486E+002 -0.121642737604235E+002  0.661098886797179E+002 -0.340407117467657E+000  0.433768112898615E+000 -0.107536384819057E+002 -0.757738788967267E+001
  0.490501959684597E-003  0.188011372051073E+002 -0.168185519000783E+002  0.656109910162353E+002 -0.296818883650990E+000  0.405093231495467E+000 -0.107536384819057E+002 -0.757737235990204E+001
  0.488751317852339E-003  0.188003040957841E+002 -0.181809212473115E+002  0.658526219569190E+002 -0.360278686020080E+000  0.440366876092400E+000 -0.107536384819057E+002 -0.757695580524043E+001
  0.486867815620970E-003  0.188000423477624E+002 -0.688463689989079E+001  0.640047069895530E+002 -0.263413998166668E+000  0.389643943104514E+000 -0.107536384819057E+002 -0.757682493122960E+001
  0.484968219563148E-003  0.187998769018108E+002 -0.192128093503225E+002  0.660983966882623E+002 -0.282455351260679E+000  0.371377575959157E+000 -0.107536384819057E+002 -0.757674220825377E+001
  0.483047260979122E-003  0.187998305881374E+002  0.137213019399655E+002  0.639112390672630E+002 -0.275761987381932E+000  0.387203983599846E+000 -0.107536384819057E+002 -0.757671905141708E+001
  0.481174336424795E-003  0.187996162405103E+002  0.819906174941709E+001  0.657123622882738E+002 -0.270172035450217E+000  0.365634114962557E+000 -0.107536384819057E+002 -0.757661187760354E+001
  0.479361861888924E-003  0.187991799684361E+002  0.141865939187437E+002  0.649017281820861E+002 -0.282042553773153E+000  0.370420453460685E+000 -0.107536384819057E+002 -0.757639374156642E+001
  0.477453274889309E-003  0.187991748528920E+002 -0.749447224678629E+000  0.658727625567707E+002 -0.360047403784499E+000  0.438145657103314E+000 -0.107536384819057E+002 -0.757639118379436E+001
  0.475659506750632E-003  0.187987188607203E+002 -0.122673072911245E+002  0.652945184484799E+002 -0.287335710008370E+000  0.400649455519954E+000 -0.107536384819057E+002 -0.757616318770853E+001
  0.473807804542260E-003  0.187985358431728E+002 -0.315478947140718E+000  0.656952724953914E+002 -0.280889781222569E+000  0.364219523013912E+000 -0.107536384819057E+002 -0.757607167893478E+001
  0.471927157359025E-003  0.187985060361772E+002  0.382220406149042E+001  0.662272016902451E+002 -0.294445415257687E+000  0.372058848992040E+000 -0.107536384819057E+002 -0.757605677543697E+001
  0.470222948190159E-003  0.187977574055646E+002  0.919759891972092E+001  0.659721536984265E+002 -0.312746557406317E+000  0.383646424625336E+000 -0.107536384819057E+002 -0.757568246013068E+001
  0.468361199809290E-003  0.187977076577888E+002 -0.113549005388016E+002  0.650837300537857E+002 -0.269280316506802E+000  0.385582307345588E+000 -0.107536384819057E+002 -0.757565758624277E+001
  0.466688275176157E-003  0.187968801410289E+002 -0.151928067633348E+002  0.647367733997304E+002 -0.316235952577306E+000  0.425038332167377E+000 -0.107536384819057E+002 -0.757524382786283E+001
  0.464846733373106E-003  0.187968036669017E+002  0.408567969443114E+001  0.642679624451443E+002 -0.248786579318605E+000  0.371010139362580E+000 -0.107536384819057E+002 -0.757520559079921E+001
  0.463061010441736E-003  0.187965174807402E+002 -0.715714782353168E+001  0.664153316496410E+002 -0.310002421921561E+000  0.380896511557313E+000 -0.107536384819057E+002 -0.757506249771846E+001
  0.461259788113582E-003  0.187963282410919E+002 -0.698449054216343E+001  0.639790971991132E+002 -0.266905151668324E+000  0.391653520773854E+000 -0.107536384819057E+002 -0.757496787789434E+001
  0.459433103128221E-003  0.187962803405589E+002 -0.104135457977481E+002  0.654298052448302E+002 -0.284404416718147E+000  0.395548714372026E+000 -0.107536384819057E+002 -0.757494392762783E+001
  0.457606961235061E-003  0.187962616830797E+002 -0.621557321632607E+001  0.651477345442311E+002 -0.269344310682248E+000  0.360889205991059E+000 -0.107536384819057E+002 -0.757493459888822E+001
  0.455831179817951E-003  0.187960539028814E+002  0.719319881502936E+001  0.652708657407925E+002 -0.268035802908607E+000  0.380125536530046E+000 -0.107536384819057E+002 -0.757483070878908E+001
  0.454079962445234E-003  0.187957682803467E+002 -0.103926995254152E+002  0.660377436899607E+002 -0.353128842050311E+000  0.423721433285582E+000 -0.107536384819057E+002 -0.757468789752173E+001
  0.452295776189647E-003  0.187956581844903E+002  0.118524020639320E+002  0.643967205710888E+002 -0.304864422530993E+000  0.417748682405006E+000 -0.107536384819057E+002 -0.757463284959354E+001
  0.450496880896559E-003  0.187956445110488E+002 -0.491674986305508E+001  0.658352096206232E+002 -0.276891280320739E+000  0.365460772553715E+000 -0.107536384819057E+002 -0.757462601287277E+001
  0.448718707025120E-003  0.187955703678180E+002 -0.137208426619940E+002  0.667968225125827E+002 -0.351387415056505E+000  0.432192222746083E+000 -0.107536384819057E+002 -0.757458894125739E+001
  0.446933106838733E-003  0.187955608641541E+002  0.187570992094297E+002  0.651120656797975E+002 -0.310493881399178E+000  0.391460809794737E+000 -0.107536384819057E+002 -0.757458418942541E+001
  0.445183854171958E-003  0.187954199856171E+002 -0.154731543322195E+002  0.671241434195532E+002 -0.350609542624307E+000  0.416123759707797E+000 -0.107536384819057E+002 -0.757451375015691E+001
  0.443491991592673E-003  0.187950511590485E+002  0.149128246375548E+002  0.641953323659054E+002 -0.293430366350747E+000  0.410424488585932E+000 -0.107536384819057E+002 -0.757432933687263E+001
  0.441805126419702E-003  0.187946888162986E+002 -0.187105288316774E+002  0.639464344426466E+002 -0.283964485593089E+000  0.400379195737214E+000 -0.107536384819057E+002 -0.757414816549770E+001
  0.440161911869345E-003  0.187941572810772E+002  0.986383661849039E+001  0.666017850571047E+002 -0.354921814052939E+000  0.437126521297243E+000 -0.107536384819057E+002 -0.757388239788697E+001
  0.438416226941330E-003  0.187941210221134E+002  0.176600757208814E+002  0.668409762490945E+002 -0.364882668919848E+000  0.432489004876030E+000 -0.107536384819057E+002 -0.757386426840508E+001
  0.436685482041020E-003  0.187940480470042E+002  0.648817865010436E+000  0.662041092226074E+002 -0.317295907866862E+000  0.386438732557652E+000 -0.107536384819057E+002 -0.757382778085050E+001
  0.434964064046652E-003  0.187939636023715E+002  0.160099319574545E+002  0.640423934380877E+002 -0.285928874758125E+000  0.393255303257951E+000 -0.107536384819057E+002 -0.757378555853414E+001
  0.433298111180676E-003  0.187936544532364E+002  0.117489855841985E+002  0.664739355664481E+002 -0.307142385380772E+000  0.397197451695858E+000 -0.107536384819057E+002 -0.757363098396656E+001
  0.431673090800998E-003  0.187931852148332E+002  0.512524949905239E+001  0.643823080739940E+002 -0.290547256825861E+000  0.409432807687216E+000 -0.107536384819057E+002 -0.757339636476498E+001
  0.429953847280314E-003  0.187931825652909E+002 -0.148573000113468E+002  0.667300991025647E+002 -0.338850721954701E+000  0.423331099774645E+000 -0.107536384819057E+002 -0.757339503999382E+001
  0.428335646102296E-003  0.187927400485791E+002 -0.113090462398611E+002  0.646604808571795E+002 -0.262007373287583E+000  0.362335748813174E+000 -0.107536384819057E+002 -0.757317378163792E+001
  0.426711652413505E-003  0.187923532261909E+002  0.126842907490896E+002  0.642557570343954E+002 -0.291916741668610E+000  0.392155326517423E+000 -0.107536384819057E+002 -0.757298037044384E+001
  0.425059015846138E-003  0.187921301395182E+002  0.128980290244591E+002  0.658706429392372E+002 -0.357736546901209E+000  0.434999802517040E+000 -0.107536384819057E+002 -0.757286882710750E+001
  0.423446754447944E-003  0.187917465795921E+002 -0.158344062131129E+002  0.642397625108404E+002 -0.255951439431883E+000  0.380121333378498E+000 -0.107536384819057E+002 -0.757267704714444E+001
  0.421793232507944E-003  0.187915876474353E+002  0.125473471038508E+002  0.651336103463784E+002 -0.281446337196278E+000  0.368191558538782E+000 -0.107536384819057E+002 -0.757259758106602E+001
  0.420160116660835E-003  0.187913623145532E+002  0.116091356932519E+002  0.670196868925351E+002 -0.357699490359399E+000  0.423661986892906E+000 -0.107536384819057E+002 -0.757248491462496E+001
  0.418495002816648E-003  0.187913201112446E+002  0.278938311330903E+001  0.663417291645308E+002 -0.303167301054573E+000  0.395883510482729E+000 -0.107536384819057E+002 -0.757246381297066E+001
  0.416828903642578E-003  0.187913142978479E+002  0.720719037315904E+001  0.646643748165019E+002 -0.268520448433609E+000  0.389829198294024E+000 -0.107536384819057E+002 -0.757246090627232E+001
  0.415217764474432E-003  0.187910756919221E+002  0.158174403517810E+002  0.657889603889533E+002 -0.350495466111140E+000  0.440017822054052E+000 -0.107536384819057E+002 -0.757234160330941E+001
  0.413676415452041E-003  0.187905297558931E+002 -0.273027720988332E+001  0.639354359970521E+002 -0.274150184757946E+000  0.394411892090146E+000 -0.107536384819057E+002 -0.757206863529491E+001
  0.412037214269138E-003  0.187904864970701E+002 -0.135177850262920E+002  0.653150628394884E+002 -0.342873697180702E+000  0.425388072743862E+000 -0.107536384819057E+002 -0.757204700588343E+001
  0.410417282357536E-003  0.187903809889086E+002 -0.531737636540312E+001  0.649441124331943E+002 -0.320819171393707E+000  0.405775765437700E+000 -0.107536384819057E+002 -0.757199425180270E+001
  0.408839421632461E-003  0.187901008207149E+002  0.111220576224335E+002  0.656335026490815E+002 -0.326783789738541E+000  0.400314560411806E+000 -0.107536384819057E+002 -0.757185416770581E+001
  0.407215823030951E-003  0.187900750665608E+002  0.183560795757669E+002  0.660091477588850E+002 -0.337879479517802E+000  0.432025377673510E+000 -0.107536384819057E+002 -0.757184129062881E+001
  0.405599678306377E-003  0.187900443509537E+002 -0.190112642581778E+002  0.668557252934481E+002 -0.320051019001509E+000  0.393847313973861E+000 -0.107536384819057E+002 -0.757182593282522E+001
  0.403992749501371E-003  0.187899997646648E+002  0.302139848398002E+001  0.661286296926932E+002 -0.356611792081303E+000  0.441217607544719E+000 -0.107536384819057E+002 -0.757180363968079E+001
  0.402438446277941E-003  0.187897252708447E+002 -0.133537753863385E+002  0.651020309078931E+002 -0.334367706044512E+000  0.432783438996548E+000 -0.107536384819057E+002 -0.757166639277072E+001
  0.400913809602054E-003  0.187893326105179E+002 -0.115658199091859E+002  0.660564130639031E+002 -0.284748328038724E+000  0.378013627483218E+000 -0.107536384819057E+002 -0.757147006260733E+001
  0.399388069726942E-003  0.187889743989958E+002 -0.110106227834486E-001  0.649210794204931E+002 -0.261863772592956E+000  0.378262245200220E+000 -0.107536384819057E+002 -0.757129095684628E+001
  0.397834256829440E-003  0.187887864997069E+002  0.455439991083685E+001  0.645694495046218E+002 -0.283147499605083E+000  0.377625637094182E+000 -0.107536384819057E+002 -0.757119700720182E+001
  0.396249698522851E-003  0.187887842852809E+002 -0.757406784996712E+001  0.649326517895215E+002 -0.255330250437669E+000  0.365973869479142E+000 -0.107536384819057E+002 -0.757119589998883E+001
  0.394673724757917E-003  0.187887705508868E+002  0.184457181505362E+002  0.647594096980823E+002 -0.312971874398067E+000  0.401482371598907E+000 -0.107536384819057E+002 -0.757118903279179E+001
  0.393148506118299E-003  0.187885304916241E+002 -0.163390739348646E+002  0.649291323396291E+002 -0.305733519942876E+000  0.417760283938704E+000 -0.107536384819057E+002 -0.757106900316044E+001
  0.391658719201355E-003  0.187881395937879E+002 -0.186226015039501E+002  0.648451475210004E+002 -0.317299584002857E+000  0.424774079400856E+000 -0.107536384819057E+002 -0.757087355424232E+001
  0.390185630578454E-003  0.187876920404051E+002 -0.854193075946428E+001  0.652977573347929E+002 -0.300760960893366E+000  0.381037002417584E+000 -0.107536384819057E+002 -0.757064977755095E+001
  0.388663584849868E-003  0.187875249033004E+002  0.162570749683833E+002  0.650168126942637E+002 -0.267538093481309E+000  0.362266744410858E+000 -0.107536384819057E+002 -0.757056620899858E+001
  0.387138990098993E-003  0.187874016065889E+002  0.113604655324351E+001  0.648198669897813E+002 -0.284167956245928E+000  0.402072961475090E+000 -0.107536384819057E+002 -0.757050456064284E+001
  0.385628803648779E-003  0.187872345998268E+002  0.172531210951015E+002  0.651635503241486E+002 -0.316855403613256E+000  0.397649512455486E+000 -0.107536384819057E+002 -0.757042105726176E+001
  0.384115804028442E-003  0.187871129134705E+002 -0.161690121645677E+002  0.643314668623018E+002 -0.259959296262846E+000  0.383239434354174E+000 -0.107536384819057E+002 -0.757036021408365E+001
  0.382627138476683E-003  0.187868950587360E+002 -0.190368415150463E+002  0.651540993559369E+002 -0.289006973717455E+000  0.402791652510684E+000 -0.107536384819057E+002 -0.757025128671636E+001
  0.381177068079135E-003  0.187865049630605E+002  0.178166809374285E+002  0.669320866471609E+002 -0.360957972170125E+000  0.429541391219878E+000 -0.107536384819057E+002 -0.757005623887861E+001
  0.379661260744800E-003  0.187864900739272E+002  0.148084359303268E+002  0.659922048075112E+002 -0.284574334125675E+000  0.370080798311299E+000 -0.107536384819057E+002 -0.757004879431198E+001
  0.378171451356420E-003  0.187863695679381E+002 -0.141406068510455E+002  0.665048011971540E+002 -0.318315326372255E+000  0.387866685619304E+000 -0.107536384819057E+002 -0.756998854131745E+001
  0.376696549590847E-003  0.187862009508274E+002  0.555121258769876E+000  0.650441254546657E+002 -0.270894218317310E+000  0.386496360810522E+000 -0.107536384819057E+002 -0.756990423276208E+001
  0.375221579619848E-003  0.187860633575522E+002 -0.548724425404325E+001  0.655124727409709E+002 -0.349710385590968E+000  0.433111777611251E+000 -0.107536384819057E+002 -0.756983543612447E+001
  0.373780474812039E-003  0.187857754572470E+002 -0.178986123530640E+002  0.652220289938244E+002 -0.290887489268719E+000  0.374428239498799E+000 -0.107536384819057E+002 -0.756969148597186E+001
  0.372315532581811E-003  0.187856453321570E+002 -0.102442650356150E+002  0.659880909785321E+002 -0.330889623169081E+000  0.400784952647059E+000 -0.107536384819057E+002 -0.756962642342690E+001
  0.370837620745768E-003  0.187856161171137E+002  0.734798415867035E+001  0.644087718815334E+002 -0.303067153461930E+000  0.400547028958277E+000 -0.107536384819057E+002 -0.756961181590520E+001
  0.369474863193090E-003  0.187849952306552E+002  0.628293060831796E+001  0.664250615341337E+002 -0.351099335522320E+000  0.418188654094699E+000 -0.107536384819057E+002 -0.756930137267597E+001
  0.368110041357392E-003  0.187844127679748E+002 -0.103962053727664E+002  0.668749067513711E+002 -0.340224260599517E+000  0.420077437282954E+000 -0.107536384819057E+002 -0.756901014133577E+001
  0.366668309664004E-003  0.187842772612103E+002 -0.163949995725977E+002  0.654842942958850E+002 -0.347942065798651E+000  0.430534819845157E+000 -0.107536384819057E+002 -0.756894238795353E+001
  0.365220438587637E-003  0.187842062954529E+002 -0.153868660057910E-002  0.641648664764729E+002 -0.292933729929223E+000  0.407180089066004E+000 -0.107536384819057E+002 -0.756890690507482E+001
  0.363789480086727E-003  0.187840737803185E+002 -0.995030322214789E+001  0.659950787663499E+002 -0.347008726184977E+000  0.418192608867351E+000 -0.107536384819057E+002 -0.756884064750763E+001
  0.362354968223705E-003  0.187839918224542E+002 -0.567012976908018E+001  0.664477924396236E+002 -0.307637678209960E+000  0.396967605447935E+000 -0.107536384819057E+002 -0.756879966857549E+001
  0.360922872008106E-003  0.187839278239559E+002 -0.180737816397549E+002  0.668385186851644E+002 -0.352271181482629E+000  0.418009909038157E+000 -0.107536384819057E+002 -0.756876766932633E+001
  0.359492740322244E-003  0.187838843842578E+002 -0.310801903154095E+001  0.652727752541469E+002 -0.315226867186210E+000  0.394636537874216E+000 -0.107536384819057E+002 -0.756874594947729E+001
  0.358112626960284E-003  0.187835932332520E+002  0.186109190925765E+002  0.659663623293051E+002 -0.355562247823019E+000  0.430525804752572E+000 -0.107536384819057E+002 -0.756860037397436E+001
  0.356733597810955E-003  0.187833257082645E+002  0.601827427638512E+001  0.647241382122226E+002 -0.302967260347498E+000  0.392634112552463E+000 -0.107536384819057E+002 -0.756846661148062E+001
  0.355376585336526E-003  0.187829641609469E+002 -0.176978868170885E+001  0.643278552862840E+002 -0.252935750912485E+000  0.369353217086211E+000 -0.107536384819057E+002 -0.756828583782181E+001
  0.353984658939868E-003  0.187828290286456E+002 -0.611888629899616E+001  0.667724332220577E+002 -0.353913714366385E+000  0.420051015686015E+000 -0.107536384819057E+002 -0.756821827167116E+001
  0.352591400237684E-003  0.187827323776468E+002  0.203207010944726E+001  0.667964826706849E+002 -0.319058804976135E+000  0.396228734444976E+000 -0.107536384819057E+002 -0.756816994617176E+001
  0.351241583430846E-003  0.187824195781044E+002  0.106488681858223E+002  0.648680141196248E+002 -0.256993925436195E+000  0.363103863301843E+000 -0.107536384819057E+002 -0.756801354640060E+001
  0.349852102736754E-003  0.187823630496236E+002  0.179085943261813E+002  0.659517833412183E+002 -0.321262581727647E+000  0.392487414938135E+000 -0.107536384819057E+002 -0.756798528216019E+001
  0.348485454030542E-003  0.187822070291502E+002  0.112394420232623E+002  0.651107646892598E+002 -0.325262824321631E+000  0.408238951359801E+000 -0.107536384819057E+002 -0.756790727192347E+001
  0.347146769324663E-003  0.187819206539329E+002 -0.149852277021598E+002  0.640066828403719E+002 -0.263537408762567E+000  0.381746558125217E+000 -0.107536384819057E+002 -0.756776408431484E+001
  0.345774729590558E-003  0.187818569402010E+002  0.391788612393822E+001  0.662709799290504E+002 -0.357578884652428E+000  0.439502119270475E+000 -0.107536384819057E+002 -0.756773222744887E+001
  0.344421622013650E-003  0.187817147780618E+002  0.172526218657772E+002  0.646370296016336E+002 -0.291647715105559E+000  0.384215265477885E+000 -0.107536384819057E+002 -0.756766114637930E+001
  0.343166660197170E-003  0.187810314021715E+002  0.125469300586946E+002  0.661687747578524E+002 -0.295695875362515E+000  0.389697335439609E+000 -0.107536384819057E+002 -0.756731945843414E+001
  0.341827335237677E-003  0.187808683138314E+002 -0.370052258162445E+001  0.667644787753778E+002 -0.328710375983356E+000  0.411236526066325E+000 -0.107536384819057E+002 -0.756723791426410E+001
  0.340489723302644E-003  0.187807258671126E+002  0.326510694894486E+001  0.654931911775136E+002 -0.338675231195245E+000  0.416717285404399E+000 -0.107536384819057E+002 -0.756716669090470E+001
  0.339207487856504E-003  0.187802877550036E+002  0.192353755647554E+002  0.645704190628350E+002 -0.275454112889111E+000  0.395686733121408E+000 -0.107536384819057E+002 -0.756694763485017E+001
  0.337900624104450E-003  0.187800239884543E+002  0.121952180888956E+002  0.641222769184999E+002 -0.272033767087003E+000  0.393204653903901E+000 -0.107536384819057E+002 -0.756681575157552E+001
  0.336555136332288E-003  0.187800196512479E+002 -0.217453329442208E+000  0.655140174426808E+002 -0.288308040845491E+000  0.370938402824380E+000 -0.107536384819057E+002 -0.756681358297232E+001
  0.335239987246511E-003  0.187798662744562E+002  0.183134942257914E+002  0.647711428302442E+002 -0.270330215872721E+000  0.388872885448261E+000 -0.107536384819057E+002 -0.756673689457646E+001
  0.333968048201291E-003  0.187794848936276E+002 -0.111697561465935E+002  0.658205663275451E+002 -0.286459656952339E+000  0.369763895202261E+000 -0.107536384819057E+002 -0.756654620416216E+001
  0.332638117184895E-003  0.187794811720035E+002  0.100559118829702E+001  0.650388034689467E+002 -0.334699799061656E+000  0.428914568885100E+000 -0.107536384819057E+002 -0.756654434335012E+001
  0.331331886511398E-003  0.187793663545884E+002  0.171753860672227E+002  0.670029432248734E+002 -0.338711962566818E+000  0.410968022789903E+000 -0.107536384819057E+002 -0.756648693464257E+001
  0.330036230237387E-003  0.187792185406109E+002  0.427697605922502E+001  0.662682150692569E+002 -0.357755908789608E+000  0.429571097643438E+000 -0.107536384819057E+002 -0.756641302765381E+001
  0.328724130715855E-003  0.187792015910204E+002  0.218414406940723E+001  0.650336643875623E+002 -0.277847128153154E+000  0.393039867420645E+000 -0.107536384819057E+002 -0.756640455285856E+001
  0.327416260128947E-003  0.187791906733630E+002 -0.691328102859073E+001  0.643106577491763E+002 -0.256919627210600E+000  0.369427179293976E+000 -0.107536384819057E+002 -0.756639909402988E+001
  0.326143063142452E-003  0.187789990288621E+002 -0.178758615572043E+001  0.649050589554527E+002 -0.328737916062891E+000  0.419453360684869E+000 -0.107536384819057E+002 -0.756630327177945E+001
  0.324852502063729E-003  0.187789447655005E+002  0.681814866932534E+001  0.640672212694032E+002 -0.262335541106713E+000  0.381828445903643E+000 -0.107536384819057E+002 -0.756627614009863E+001
  0.323558947942863E-003  0.187789405687023E+002 -0.104735100944896E+002  0.658224990973147E+002 -0.351500215774935E+000  0.438208345814384E+000 -0.107536384819057E+002 -0.756627404169955E+001
  0.322278615857018E-003  0.187788862833336E+002  0.768089569281993E+001  0.668373916943574E+002 -0.355019991901935E+000  0.422375685285723E+000 -0.107536384819057E+002 -0.756624689901519E+001
  0.321005528031642E-003  0.187788184283738E+002  0.854053846201248E+001  0.642605402060260E+002 -0.267405217222532E+000  0.374507606142674E+000 -0.107536384819057E+002 -0.756621297153529E+001
  0.319735875233244E-003  0.187787605442112E+002 -0.858592411242519E+000  0.655142441057651E+002 -0.304066594647821E+000  0.410706556011861E+000 -0.107536384819057E+002 -0.756618402945399E+001
  0.318516249901476E-003  0.187784200442048E+002 -0.140577371592911E+002  0.661185293401226E+002 -0.358755487760747E+000  0.435124073878205E+000 -0.107536384819057E+002 -0.756601377945076E+001
  0.317258859028199E-003  0.187783469279980E+002 -0.142106298623064E+002  0.641646070649788E+002 -0.259833537870548E+000  0.374304490949378E+000 -0.107536384819057E+002 -0.756597722134739E+001
  0.316012779036067E-003  0.187782336412321E+002 -0.239259623054117E+001  0.667907535661254E+002 -0.339884873781771E+000  0.420829554091816E+000 -0.107536384819057E+002 -0.756592057796445E+001
  0.314754490091526E-003  0.187782290273998E+002 -0.668201821426324E+001  0.665620133025178E+002 -0.360951918284617E+000  0.431978329157103E+000 -0.107536384819057E+002 -0.756591827104830E+001
  0.313528251956987E-003  0.187780519138721E+002 -0.433758688921304E+001  0.666813074767219E+002 -0.325719008226646E+000  0.395106421102172E+000 -0.107536384819057E+002 -0.756582971428444E+001
  0.312281767646817E-003  0.187780350557468E+002 -0.122574068147747E+002  0.645684380155468E+002 -0.282786786020446E+000  0.401560852153962E+000 -0.107536384819057E+002 -0.756582128522179E+001
  0.311067012771955E-003  0.187778460483519E+002  0.108425641751197E+002  0.658740512132584E+002 -0.291672139472365E+000  0.392397657091132E+000 -0.107536384819057E+002 -0.756572678152431E+001
  0.309865085720133E-003  0.187776047432612E+002  0.357971647241867E+001  0.654510958974849E+002 -0.268859221609752E+000  0.368508429248968E+000 -0.107536384819057E+002 -0.756560612897898E+001
  0.308640141208701E-003  0.187775426781584E+002  0.119824979972674E+002  0.643034760255807E+002 -0.302673458128171E+000  0.408756931211107E+000 -0.107536384819057E+002 -0.756557509642758E+001
  0.307495093772869E-003  0.187769923851540E+002  0.947187703641324E+001  0.660305265780541E+002 -0.286488351868259E+000  0.377649323107070E+000 -0.107536384819057E+002 -0.756529994992538E+001
  0.306329640603018E-003  0.187766030484328E+002 -0.134145017971941E+002  0.641993969250667E+002 -0.260435489484364E+000  0.380892996611567E+000 -0.107536384819057E+002 -0.756510528156476E+001
  0.305188326348649E-003  0.187760844649071E+002  0.131900468650598E+002  0.669550308988800E+002 -0.352537299201942E+000  0.422311246763737E+000 -0.107536384819057E+002 -0.756484598980192E+001
  0.304044906118311E-003  0.187756077053720E+002  0.101201812910522E+002  0.663413520209956E+002 -0.299590535708771E+000  0.381125723272243E+000 -0.107536384819057E+002 -0.756460761003436E+001
  0.302865411640112E-003  0.187753974371693E+002  0.926246373529940E+001  0.647978373409459E+002 -0.287994975989264E+000  0.404083259824000E+000 -0.107536384819057E+002 -0.756450247593302E+001
  0.301727144394224E-003  0.187749442090897E+002 -0.392604948956133E+001  0.651497985167216E+002 -0.282823251748397E+000  0.370946677134429E+000 -0.107536384819057E+002 -0.756427586189325E+001
  0.300550102131476E-003  0.187747774551370E+002  0.103646955498775E+002  0.656897327688082E+002 -0.277640392516658E+000  0.377183006266030E+000 -0.107536384819057E+002 -0.756419248491688E+001
  0.299355477918654E-003  0.187747588380358E+002 -0.876847397787273E+001  0.648617453860015E+002 -0.259789477229154E+000  0.364858687495763E+000 -0.107536384819057E+002 -0.756418317636629E+001
  0.298187840281082E-003  0.187745910597786E+002  0.190553734475831E+002  0.668584485068797E+002 -0.330827376496268E+000  0.401949642694694E+000 -0.107536384819057E+002 -0.756409928723770E+001
  0.297070387188458E-003  0.187741160568713E+002  0.579380228843805E+001  0.665034682048469E+002 -0.351767417748594E+000  0.420029282997996E+000 -0.107536384819057E+002 -0.756386178578403E+001
  0.295899977757305E-003  0.187740272551084E+002  0.331128357806127E+001  0.666920637175781E+002 -0.316719962033744E+000  0.395204471362893E+000 -0.107536384819057E+002 -0.756381738490258E+001
  0.294722265276972E-003  0.187740193025668E+002  0.172379702568189E+002  0.661595654949590E+002 -0.293118052877081E+000  0.383786777165321E+000 -0.107536384819057E+002 -0.756381340863180E+001
  0.293551247672705E-003  0.187739976729205E+002 -0.125572849279258E+002  0.655838024307708E+002 -0.279613865642321E+000  0.367754533257677E+000 -0.107536384819057E+002 -0.756380259380861E+001
  0.292454105452735E-003  0.187735025961122E+002 -0.299074550879951E+000  0.649019664151837E+002 -0.324110002475570E+000  0.425587676325013E+000 -0.107536384819057E+002 -0.756355505540447E+001
  0.291326215062089E-003  0.187732467468980E+002  0.837256145520237E+001  0.660350583494262E+002 -0.308548733493609E+000  0.406411714820067E+000 -0.107536384819057E+002 -0.756342713079736E+001
  0.290166574682178E-003  0.187732397038173E+002 -0.737244243218651E+001  0.647105499559607E+002 -0.277362625961523E+000  0.395385737095332E+000 -0.107536384819057E+002 -0.756342360925704E+001
  0.289072821857053E-003  0.187728086981165E+002 -0.490794639106857E+001  0.643464117746633E+002 -0.290879593274075E+000  0.406406194564493E+000 -0.107536384819057E+002 -0.756320810640664E+001
  0.287929218504610E-003  0.187727525641108E+002  0.180443515214271E+002  0.656276503211524E+002 -0.285041721186590E+000  0.389505849186699E+000 -0.107536384819057E+002 -0.756318003940378E+001
  0.286797233837110E-003  0.187726469557498E+002  0.186616934116468E+002  0.659559690805196E+002 -0.352152930280513E+000  0.437257434446971E+000 -0.107536384819057E+002 -0.756312723522328E+001
  0.285729192201299E-003  0.187721248770691E+002  0.541549660741547E+001  0.654630280371762E+002 -0.283597564037496E+000  0.369656134214339E+000 -0.107536384819057E+002 -0.756286619588290E+001
  0.284608658950423E-003  0.187719995778370E+002  0.441810443004666E+000  0.651257957978908E+002 -0.275013482784517E+000  0.367278617634936E+000 -0.107536384819057E+002 -0.756280354626689E+001
  0.283495498127444E-003  0.187718532688102E+002 -0.133291217097668E+002  0.664609503456270E+002 -0.305506123855835E+000  0.388338305000539E+000 -0.107536384819057E+002 -0.756273039175348E+001
  0.282375635596008E-003  0.187717852617546E+002 -0.171298193668911E+001  0.659506967487902E+002 -0.295186046276853E+000  0.393765265408387E+000 -0.107536384819057E+002 -0.756269638822568E+001
  0.281251580080065E-003  0.187717785274429E+002 -0.725654362479053E+001  0.656898836867482E+002 -0.291830184523294E+000  0.373364816680763E+000 -0.107536384819057E+002 -0.756269302106982E+001
  0.280213618407798E-003  0.187711891576814E+002 -0.213797829274053E+001  0.645797035057097E+002 -0.258867291684178E+000  0.375049569961261E+000 -0.107536384819057E+002 -0.756239833618907E+001
  0.279116579559943E-003  0.187710505006306E+002  0.369505058735258E+001  0.657567391185585E+002 -0.286642750179726E+000  0.371101049424168E+000 -0.107536384819057E+002 -0.756232900766369E+001
  0.278012562013881E-003  0.187709929434162E+002 -0.812391181033504E+001  0.660581298225073E+002 -0.310284849560378E+000  0.407403534633190E+000 -0.107536384819057E+002 -0.756230022905649E+001
  0.276916677042783E-003  0.187709081883436E+002  0.107582469896838E+002  0.656716904284113E+002 -0.343932583462643E+000  0.421553527253647E+000 -0.107536384819057E+002 -0.756225785152020E+001
  0.275881477207177E-003  0.187704147717246E+002 -0.173567524189762E+002  0.648079352543471E+002 -0.281235771059343E+000  0.397668373384440E+000 -0.107536384819057E+002 -0.756201114321070E+001
  0.274789230871840E-003  0.187703646741127E+002  0.464127685804069E+001  0.644961971102296E+002 -0.310414811672334E+000  0.413030712608432E+000 -0.107536384819057E+002 -0.756198609440471E+001
  0.273702437413902E-003  0.187703063299427E+002  0.140556612366085E+002  0.661094383695462E+002 -0.299323270607105E+000  0.377958404177368E+000 -0.107536384819057E+002 -0.756195692231974E+001
  0.272642004046413E-003  0.187700861419883E+002 -0.126557646613635E+002  0.665692064234597E+002 -0.324131452345872E+000  0.394642665988654E+000 -0.107536384819057E+002 -0.756184682834253E+001
  0.271591312498354E-003  0.187698244701420E+002 -0.108016347726749E+002  0.645708613240355E+002 -0.283070675626485E+000  0.380124292661095E+000 -0.107536384819057E+002 -0.756171599241940E+001
  0.270531022193484E-003  0.187696636924933E+002  0.507229960694634E+001  0.641187519661372E+002 -0.270805543520819E+000  0.385108244673599E+000 -0.107536384819057E+002 -0.756163560359504E+001
  0.269462702707689E-003  0.187695932299116E+002 -0.181980409783181E+002  0.657595716715963E+002 -0.283791980019096E+000  0.370783584236545E+000 -0.107536384819057E+002 -0.756160037230415E+001
  0.268389369789041E-003  0.187695915631843E+002  0.161026391341545E+002  0.651903313059697E+002 -0.309197520741080E+000  0.391721421366550E+000 -0.107536384819057E+002 -0.756159953894053E+001
  0.267321875638544E-003  0.187695781994205E+002  0.192022117356229E+002  0.665814678348200E+002 -0.347569174359982E+000  0.415605780477594E+000 -0.107536384819057E+002 -0.756159285705865E+001
  0.266259639097331E-003  0.187695572359249E+002  0.169333622755577E+002  0.651315142273684E+002 -0.295881171475400E+000  0.407108298794363E+000 -0.107536384819057E+002 -0.756158237531081E+001
  0.265202864749320E-003  0.187695269115363E+002 -0.158057225137947E+002  0.646727343688564E+002 -0.262386951476899E+000  0.378824243132405E+000 -0.107536384819057E+002 -0.756156721311653E+001
  0.264153563795009E-003  0.187694717597939E+002 -0.373911743764146E+001  0.653234069978623E+002 -0.327358927110456E+000  0.407994472850098E+000 -0.107536384819057E+002 -0.756153963724535E+001
  0.263135876412966E-003  0.187692078691721E+002  0.753369948167352E+001  0.649428693218944E+002 -0.270549488667024E+000  0.385066956240134E+000 -0.107536384819057E+002 -0.756140769193441E+001
  0.262089953833053E-003  0.187691893447187E+002  0.133781017817237E+002  0.642981014624168E+002 -0.275668293495448E+000  0.381046269787224E+000 -0.107536384819057E+002 -0.756139842970774E+001
  0.261046044263199E-003  0.187691872492011E+002  0.873072484558939E+000  0.652156186234412E+002 -0.282250240330440E+000  0.370807848871441E+000 -0.107536384819057E+002 -0.756139738194895E+001
  0.260015858380789E-003  0.187691115739365E+002 -0.834225165866579E+001  0.657920377154186E+002 -0.302205427598210E+000  0.404090942674006E+000 -0.107536384819057E+002 -0.756135954431662E+001
  0.259023956716473E-003  0.187687716684594E+002 -0.141921751857021E+002  0.649262482813897E+002 -0.291338374115365E+000  0.380532645488078E+000 -0.107536384819057E+002 -0.756118959157808E+001
  0.258013665842996E-003  0.187686036309087E+002 -0.320229281104150E+001  0.659803639204293E+002 -0.308290951351150E+000  0.406614440815762E+000 -0.107536384819057E+002 -0.756110557280275E+001
  0.257005391582998E-003  0.187684505649801E+002  0.150347930664713E+002  0.648074696742812E+002 -0.260244763946866E+000  0.367918331950730E+000 -0.107536384819057E+002 -0.756102903983842E+001
  0.255990064627547E-003  0.187683833822801E+002  0.484722186339992E+001  0.646377085734456E+002 -0.258673987165478E+000  0.370907426953011E+000 -0.107536384819057E+002 -0.756099544848844E+001
  0.254983128277506E-003  0.187682818483928E+002 -0.174391861000480E+002  0.668635509900361E+002 -0.351138680879879E+000  0.422220096889095E+000 -0.107536384819057E+002 -0.756094468154479E+001
  0.254008476466872E-003  0.187679572878005E+002  0.912542137648684E+001  0.667380094454707E+002 -0.355691172967619E+000  0.427191882559922E+000 -0.107536384819057E+002 -0.756078240124862E+001
  0.253024359046007E-003  0.187677369922043E+002  0.175450829846488E+002  0.643756403760490E+002 -0.300018189567874E+000  0.409476244971470E+000 -0.107536384819057E+002 -0.756067225345053E+001
  0.252040450728398E-003  0.187675452926931E+002 -0.767638240850214E+001  0.645070232736787E+002 -0.306465075247791E+000  0.405250288588624E+000 -0.107536384819057E+002 -0.756057640369492E+001
  0.251055968378851E-003  0.187673886452120E+002 -0.988098146038360E+001  0.660602848209837E+002 -0.303549595057229E+000  0.380390137070411E+000 -0.107536384819057E+002 -0.756049807995440E+001
  0.250057921313759E-003  0.187673712418364E+002  0.314668979652529E+001  0.643731003268325E+002 -0.260008143704730E+000  0.374775439326230E+000 -0.107536384819057E+002 -0.756048937826660E+001
  0.249125445315472E-003  0.187668592197630E+002  0.108495024923422E+002  0.662355034231499E+002 -0.344294140233586E+000  0.414553304412025E+000 -0.107536384819057E+002 -0.756023336722989E+001
  0.248140204058088E-003  0.187668004585930E+002 -0.943808987054969E+001  0.655519438635135E+002 -0.274876534174013E+000  0.374089489149547E+000 -0.107536384819057E+002 -0.756020398664489E+001
  0.247163702622255E-003  0.187667025052840E+002  0.387073875179614E+001  0.658705037197760E+002 -0.348976859106494E+000  0.435437584746886E+000 -0.107536384819057E+002 -0.756015500999039E+001
  0.246181448941436E-003  0.187666825015168E+002 -0.954447792378073E+001  0.645188520138765E+002 -0.300917530481638E+000  0.412034924366282E+000 -0.107536384819057E+002 -0.756014500810679E+001
  0.245224886703499E-003  0.187664847928261E+002 -0.801852765645288E+001  0.653541968127710E+002 -0.276305239842093E+000  0.383748819824748E+000 -0.107536384819057E+002 -0.756004615376144E+001
  0.244259657527626E-003  0.187663884798454E+002 -0.170230229648322E+002  0.647814418524974E+002 -0.274240807731029E+000  0.371250936950544E+000 -0.107536384819057E+002 -0.755999799727110E+001
  0.243309861733350E-003  0.187661965322440E+002 -0.116588296614797E+002  0.668506413961281E+002 -0.342956949663680E+000  0.413108713255969E+000 -0.107536384819057E+002 -0.755990202347040E+001
  0.242359944240887E-003  0.187660360660697E+002 -0.171927955456653E+002  0.662376590935465E+002 -0.353514891028207E+000  0.435395297683009E+000 -0.107536384819057E+002 -0.755982179038324E+001
  0.241401872615791E-003  0.187659738796533E+002  0.300009008939154E+001  0.657417713993694E+002 -0.308815687671320E+000  0.410556124883696E+000 -0.107536384819057E+002 -0.755979069717502E+001
  0.240446573392141E-003  0.187659201353912E+002  0.156009666871504E+002  0.652116023572972E+002 -0.304548158692993E+000  0.387657483472498E+000 -0.107536384819057E+002 -0.755976382504396E+001
  0.239496467014318E-003  0.187658545959990E+002 -0.172288524388025E+001  0.644612057370070E+002 -0.306440936589647E+000  0.409342682465905E+000 -0.107536384819057E+002 -0.755973105534790E+001
  0.238567381537969E-003  0.187656442987357E+002  0.846622484203527E+001  0.643212210907241E+002 -0.262435291401576E+000  0.379003885837099E+000 -0.107536384819057E+002 -0.755962590671624E+001
  0.237635894978156E-003  0.187654845429563E+002  0.221859491575632E+001  0.656033215310918E+002 -0.327971052526023E+000  0.404553565991440E+000 -0.107536384819057E+002 -0.755954602882653E+001
  0.236692533993623E-003  0.187654558509358E+002  0.578027163255811E+001  0.663838617546694E+002 -0.310738179233199E+000  0.399361076110195E+000 -0.107536384819057E+002 -0.755953168281627E+001
  0.235761407341912E-003  0.187653551407244E+002  0.105887700707183E+002  0.655646784754902E+002 -0.333181221422445E+000  0.429552304963364E+000 -0.107536384819057E+002 -0.755948132771056E+001
  0.234846803514519E-003  0.187651449105225E+002 -0.121570720533306E+002  0.658763063004497E+002 -0.308438011472081E+000  0.408117449965630E+000 -0.107536384819057E+002 -0.755937621260961E+001
  0.233911993466501E-003  0.187651377745995E+002  0.979273218866256E+001  0.659578631541757E+002 -0.350027665658494E+000  0.435315000756241E+000 -0.107536384819057E+002 -0.755937264464812E+001
  0.232996872235993E-003  0.187649935695064E+002  0.133685631329024E+001  0.647849793119490E+002 -0.302705952309110E+000  0.413583754429672E+000 -0.107536384819057E+002 -0.755930054210158E+001
  0.232077675831309E-003  0.187649153356632E+002  0.170617895059835E+002  0.652135587385554E+002 -0.274491190467937E+000  0.384185684854065E+000 -0.107536384819057E+002 -0.755926142518000E+001
  0.231186714619729E-003  0.187646241987603E+002  0.147189650828257E+002  0.661597077603405E+002 -0.327721405951300E+000  0.398742743339536E+000 -0.107536384819057E+002 -0.755911585672851E+001
  0.230267698277437E-003  0.187646064257520E+002  0.765652403797084E+001  0.651014632918118E+002 -0.268656273015463E+000  0.367097486351483E+000 -0.107536384819057E+002 -0.755910697022440E+001
  0.229358110659635E-003  0.187645382903490E+002 -0.604154196072968E+001  0.650041071809428E+002 -0.301467767241878E+000  0.411879065619225E+000 -0.107536384819057E+002 -0.755907290252290E+001
  0.228452217110876E-003  0.187644692700464E+002  0.674726987330772E+001  0.657474232160456E+002 -0.304901498382168E+000  0.406813393258943E+000 -0.107536384819057E+002 -0.755903839237157E+001
  0.227563543423710E-003  0.187642803511768E+002  0.312782994730938E+000  0.654977530523514E+002 -0.309814338683338E+000  0.414149620543593E+000 -0.107536384819057E+002 -0.755894393293678E+001
  0.226681544057607E-003  0.187640630451316E+002 -0.414969069468156E+001  0.649680136886270E+002 -0.277014350270666E+000  0.370935027073271E+000 -0.107536384819057E+002 -0.755883527991417E+001
  0.225828431991822E-003  0.187636201673993E+002  0.116074692677510E+002  0.642102562873694E+002 -0.271720305608221E+000  0.383573202368668E+000 -0.107536384819057E+002 -0.755861384104804E+001
  0.224928994582863E-003  0.187636177003123E+002  0.176088733097385E+002  0.662639692667405E+002 -0.341165412421643E+000  0.428710220169574E+000 -0.107536384819057E+002 -0.755861260750452E+001
  0.224036841227572E-003  0.187635821871125E+002 -0.547176117836386E+001  0.668247828120152E+002 -0.347815677822408E+000  0.421811082330121E+000 -0.107536384819057E+002 -0.755859485090463E+001
  0.223148793131911E-003  0.187635415953000E+002 -0.120507880163166E+002  0.646393461636063E+002 -0.276472173508069E+000  0.375228182309168E+000 -0.107536384819057E+002 -0.755857455499839E+001
  0.222262089516533E-003  0.187635205803500E+002  0.164839314213356E+002  0.657844458230045E+002 -0.326957088824173E+000  0.401436731657665E+000 -0.107536384819057E+002 -0.755856404752337E+001
  0.221404266033795E-003  0.187632704986215E+002  0.130453459043662E+002  0.645530712523151E+002 -0.279727991333011E+000  0.396968316353260E+000 -0.107536384819057E+002 -0.755843900665911E+001
  0.220537919265370E-003  0.187631277340322E+002 -0.136383951801326E+002  0.657849274844337E+002 -0.300152736699669E+000  0.379293058719174E+000 -0.107536384819057E+002 -0.755836762436448E+001
  0.219695591092834E-003  0.187627971679381E+002  0.747957089854815E+000  0.655053859977338E+002 -0.337383966025626E+000  0.431161106259280E+000 -0.107536384819057E+002 -0.755820234131743E+001
  0.218822030894771E-003  0.187627814378207E+002  0.153125698927754E+002  0.655543332048344E+002 -0.284800199107395E+000  0.371564644251715E+000 -0.107536384819057E+002 -0.755819447625873E+001
  0.217990859452031E-003  0.187624086399518E+002  0.754661101781116E+001  0.644364662018121E+002 -0.289236912926164E+000  0.389742325849162E+000 -0.107536384819057E+002 -0.755800807732427E+001
  0.217129575510461E-003  0.187623422679906E+002  0.155363014608816E+002  0.650309850444957E+002 -0.316931159109843E+000  0.403252093256591E+000 -0.107536384819057E+002 -0.755797489134367E+001
  0.216273238248930E-003  0.187622616201570E+002 -0.555266226330222E+001  0.657529370785485E+002 -0.318681010545346E+000  0.418129682762177E+000 -0.107536384819057E+002 -0.755793456742689E+001
  0.215432744034863E-003  0.187620652415422E+002 -0.571489675489893E+000  0.664714841808664E+002 -0.351527220949426E+000  0.431687595276825E+000 -0.107536384819057E+002 -0.755783637811946E+001
  0.214576984872790E-003  0.187620415797506E+002 -0.978302816003952E+001  0.663657311756309E+002 -0.355553288941326E+000  0.430100941669727E+000 -0.107536384819057E+002 -0.755782454722369E+001
  0.213728575090382E-003  0.187619809542425E+002  0.838181211487003E+001  0.654076775846320E+002 -0.278061837529520E+000  0.369435866945791E+000 -0.107536384819057E+002 -0.755779423446962E+001
  0.212882785185220E-003  0.187619272304158E+002 -0.843019550759760E+000  0.667866623302889E+002 -0.331738871196906E+000  0.405935221553671E+000 -0.107536384819057E+002 -0.755776737255626E+001
  0.212063858402402E-003  0.187616517113721E+002 -0.997887177814713E+001  0.651754159173645E+002 -0.315562642803264E+000  0.420305644327270E+000 -0.107536384819057E+002 -0.755762961303445E+001
  0.211222606828938E-003  0.187616173931940E+002 -0.416505767761816E+001  0.647104848422181E+002 -0.308569247551876E+000  0.402009690039286E+000 -0.107536384819057E+002 -0.755761245394539E+001
  0.210401007597347E-003  0.187614279830562E+002  0.429714471057052E+001  0.660197869355891E+002 -0.337417219672774E+000  0.409865720568158E+000 -0.107536384819057E+002 -0.755751774887648E+001
  0.209572193450365E-003  0.187613379225227E+002  0.247652100539278E+001  0.647754099064304E+002 -0.319369844950217E+000  0.415145682178002E+000 -0.107536384819057E+002 -0.755747271860973E+001
  0.208764353422553E-003  0.187610781970486E+002 -0.296305213665344E+001  0.653382490067263E+002 -0.295380005206855E+000  0.379374603017758E+000 -0.107536384819057E+002 -0.755734285587266E+001
  0.207979540031976E-003  0.187606269758002E+002  0.406353964125028E+001  0.651689996978683E+002 -0.331958324203335E+000  0.419505666853397E+000 -0.107536384819057E+002 -0.755711724524847E+001
  0.207158419481135E-003  0.187605547283918E+002 -0.170134210643709E+001  0.647624994859281E+002 -0.287036595573305E+000  0.380975851019993E+000 -0.107536384819057E+002 -0.755708112154428E+001
  0.206339852300318E-003  0.187604891542573E+002 -0.126819328576063E+002  0.649907031242166E+002 -0.266720986682360E+000  0.376607199129393E+000 -0.107536384819057E+002 -0.755704833447701E+001
  0.205529975618543E-003  0.187603704873362E+002 -0.177070912435551E+002  0.662488501270863E+002 -0.311059297305259E+000  0.386411188589889E+000 -0.107536384819057E+002 -0.755698900101645E+001
  0.204748292531269E-003  0.187600074580828E+002 -0.281555379222725E+001  0.643134671409750E+002 -0.266490120597482E+000  0.380074945097628E+000 -0.107536384819057E+002 -0.755680748638980E+001
  0.203956201136983E-003  0.187597756414015E+002 -0.124779969330460E+002  0.665257333898915E+002 -0.323417618777976E+000  0.408569140153188E+000 -0.107536384819057E+002 -0.755669157804915E+001
  0.203160483326929E-003  0.187596096898784E+002 -0.177099898636338E+002  0.648939972925789E+002 -0.301811750841191E+000  0.391191477672916E+000 -0.107536384819057E+002 -0.755660860228758E+001
  0.202363133272858E-003  0.187594905513692E+002  0.514929171401174E+001  0.647550606021778E+002 -0.270474118242456E+000  0.385662409803317E+000 -0.107536384819057E+002 -0.755654903303297E+001
  0.201569046427114E-003  0.187593700850306E+002 -0.138224764066298E+002  0.663950076985330E+002 -0.319171699972122E+000  0.392280966536870E+000 -0.107536384819057E+002 -0.755648879986367E+001
  0.200767380138210E-003  0.187593561619924E+002  0.127606650777796E+002  0.644175194646042E+002 -0.264024064249580E+000  0.377858459200037E+000 -0.107536384819057E+002 -0.755648183834458E+001
  0.199968565920547E-003  0.187593456020775E+002 -0.178909261239727E+002  0.667980336448766E+002 -0.342196687389697E+000  0.417181098928021E+000 -0.107536384819057E+002 -0.755647655838715E+001
  0.199176792956313E-003  0.187592962528541E+002 -0.160733628774721E+001  0.653600841275932E+002 -0.338948988358655E+000  0.427654944077505E+000 -0.107536384819057E+002 -0.755645188377545E+001
  0.198386355748361E-003  0.187592650424833E+002  0.104469903332368E+002  0.653597803038565E+002 -0.335982731842049E+000  0.429383784443431E+000 -0.107536384819057E+002 -0.755643627859001E+001
  0.197638654605156E-003  0.187588330687487E+002 -0.105790909286159E+002  0.661399584699413E+002 -0.306332129559495E+000  0.383575157088144E+000 -0.107536384819057E+002 -0.755622029172274E+001
  0.196895784358402E-003  0.187583806488139E+002 -0.759638303477774E+001  0.645116878857361E+002 -0.292478622710118E+000  0.405658227769976E+000 -0.107536384819057E+002 -0.755599408175531E+001
  0.196128486619761E-003  0.187582057801110E+002 -0.350829748087158E+001  0.667812692235864E+002 -0.344267111690998E+000  0.416792101647092E+000 -0.107536384819057E+002 -0.755590664740388E+001
  0.195370232557732E-003  0.187579689405435E+002  0.565216861856535E+001  0.648034176316847E+002 -0.319157960485090E+000  0.418834407364894E+000 -0.107536384819057E+002 -0.755578822762015E+001
  0.194597697778523E-003  0.187579089936001E+002 -0.165586033743393E+002  0.664269711921471E+002 -0.315103298626455E+000  0.390583334305968E+000 -0.107536384819057E+002 -0.755575825414842E+001
  0.193840455988904E-003  0.187577227715536E+002  0.143440803577041E+002  0.644289232305629E+002 -0.275664274629826E+000  0.392440752780676E+000 -0.107536384819057E+002 -0.755566514312516E+001
  0.193075761236918E-003  0.187576442725260E+002  0.698712920067216E+001  0.662262038931963E+002 -0.342249786222031E+000  0.428982725177546E+000 -0.107536384819057E+002 -0.755562589361137E+001
  0.192314530102505E-003  0.187575611256919E+002  0.131937830604477E+002  0.645112372129942E+002 -0.288415921374653E+000  0.387934686944612E+000 -0.107536384819057E+002 -0.755558432019432E+001
  0.191551144514604E-003  0.187575318094515E+002  0.403535416230668E+001  0.656232054910665E+002 -0.340556196777161E+000  0.431362071948166E+000 -0.107536384819057E+002 -0.755556966207413E+001
  0.190792414745949E-003  0.187574854527577E+002 -0.114689487647046E+002  0.651783992735511E+002 -0.284460252040359E+000  0.374149206095705E+000 -0.107536384819057E+002 -0.755554648372725E+001
  0.190042781740180E-003  0.187573749889304E+002 -0.118007626171504E+002  0.656043524765598E+002 -0.342658644485847E+000  0.424337836497958E+000 -0.107536384819057E+002 -0.755549125181360E+001
  0.189291332326174E-003  0.187573148358503E+002  0.131632091149537E+002  0.658486432738767E+002 -0.287060141368191E+000  0.376431475176014E+000 -0.107536384819057E+002 -0.755546117527353E+001
  0.188541658642320E-003  0.187572673651358E+002  0.655668106995216E+001  0.667387535456455E+002 -0.347799097650356E+000  0.421249270072104E+000 -0.107536384819057E+002 -0.755543743991629E+001
  0.187828610891339E-003  0.187568614833795E+002 -0.958307594889795E+001  0.659663908237245E+002 -0.290715093682716E+000  0.381959995699996E+000 -0.107536384819057E+002 -0.755523449903812E+001
  0.187096896222261E-003  0.187566839579665E+002 -0.243106262326447E+001  0.648384644630011E+002 -0.318347717541139E+000  0.419636717595963E+000 -0.107536384819057E+002 -0.755514573633164E+001
  0.186366443124516E-003  0.187565234841930E+002  0.945442394382425E+001  0.667625211847412E+002 -0.336240985421076E+000  0.411632502957163E+000 -0.107536384819057E+002 -0.755506549944488E+001
  0.185633725478415E-003  0.187564181326384E+002  0.123816926483587E+002  0.648584065753259E+002 -0.265013319023905E+000  0.373762040502161E+000 -0.107536384819057E+002 -0.755501282366760E+001
  0.184905992550131E-003  0.187562900237934E+002  0.992724496409462E+001  0.656241414341945E+002 -0.281878690670174E+000  0.373005922582128E+000 -0.107536384819057E+002 -0.755494876924510E+001
  0.184183103411143E-003  0.187561402962882E+002 -0.140104824526324E+002  0.652941042464627E+002 -0.325880892647507E+000  0.425161742988039E+000 -0.107536384819057E+002 -0.755487390549249E+001
  0.183457718717443E-003  0.187560485833421E+002 -0.188284756473010E+001  0.646064043848487E+002 -0.288374350115329E+000  0.402573474025245E+000 -0.107536384819057E+002 -0.755482804901945E+001
  0.182745053039446E-003  0.187558489338514E+002 -0.156245689578396E+002  0.665839101259504E+002 -0.351811000220337E+000  0.427021479345571E+000 -0.107536384819057E+002 -0.755472822427409E+001
  0.182018341857632E-003  0.187558340258633E+002  0.746722754104323E+001  0.646959615878770E+002 -0.278869005075682E+000  0.394208625403739E+000 -0.107536384819057E+002 -0.755472077028004E+001
  0.181309811151074E-003  0.187556504424834E+002 -0.178515191914515E+001  0.666550422909886E+002 -0.331748557414703E+000  0.403996651870218E+000 -0.107536384819057E+002 -0.755462897859006E+001
  0.180599216072067E-003  0.187555202630835E+002 -0.142693045750137E+002  0.643526645285980E+002 -0.286406245323983E+000  0.391889016596699E+000 -0.107536384819057E+002 -0.755456388889015E+001
  0.179880163180073E-003  0.187555150829933E+002 -0.108815000934893E+002  0.658837396973910E+002 -0.344184011984120E+000  0.420746142202169E+000 -0.107536384819057E+002 -0.755456129884502E+001
  0.179171175912994E-003  0.187554295007729E+002  0.135379039962683E+002  0.654836845602432E+002 -0.281348014817103E+000  0.384996814969035E+000 -0.107536384819057E+002 -0.755451850773483E+001
  0.178463557765370E-003  0.187553598916420E+002  0.914856312881579E+001  0.652716653744508E+002 -0.277550870798231E+000  0.384935884285129E+000 -0.107536384819057E+002 -0.755448370316939E+001
  0.177766208862384E-003  0.187552061862515E+002 -0.731674845194076E+001  0.660143994940280E+002 -0.301147312156508E+000  0.381095539196328E+000 -0.107536384819057E+002 -0.755440685047415E+001
  0.177059193721068E-003  0.187551924420267E+002  0.131661581555702E+002  0.665961428287660E+002 -0.348411657874507E+000  0.419996989812117E+000 -0.107536384819057E+002 -0.755439997836174E+001
  0.176382065940439E-003  0.187548716656237E+002 -0.151354585998341E+002  0.666409573127147E+002 -0.337241787833773E+000  0.408383650324962E+000 -0.107536384819057E+002 -0.755423959016023E+001
  0.175685408047453E-003  0.187548026831650E+002  0.235950849991231E+001  0.657025281903452E+002 -0.302406412294819E+000  0.382338168647346E+000 -0.107536384819057E+002 -0.755420509893090E+001
  0.175010118326287E-003  0.187545209408266E+002  0.670031599030726E+001  0.651132394875738E+002 -0.324482925451760E+000  0.411593880650751E+000 -0.107536384819057E+002 -0.755406422776167E+001
  0.174341218890054E-003  0.187541956667808E+002 -0.180827286046188E+002  0.643876566199363E+002 -0.288678232699198E+000  0.400967025604764E+000 -0.107536384819057E+002 -0.755390159073877E+001
  0.173660278299628E-003  0.187540385038957E+002  0.171823189373447E+002  0.654819531662672E+002 -0.329041360391277E+000  0.426141444490469E+000 -0.107536384819057E+002 -0.755382300929622E+001
  0.172990635933801E-003  0.187537814647631E+002  0.444444177559937E+001  0.652437781935142E+002 -0.331877912782095E+000  0.426322280581688E+000 -0.107536384819057E+002 -0.755369448972993E+001
  0.172305301792031E-003  0.187537365256633E+002 -0.150701359227853E+002  0.658890350123145E+002 -0.295999666097465E+000  0.393170468686595E+000 -0.107536384819057E+002 -0.755367202018002E+001
  0.171664559427258E-003  0.187532036371715E+002 -0.164265827230697E+002  0.650986913727246E+002 -0.288804374290253E+000  0.399345164280888E+000 -0.107536384819057E+002 -0.755340557593413E+001
  0.170984252176071E-003  0.187531613486624E+002  0.147715177735136E+002  0.663945171383168E+002 -0.332096176053567E+000  0.403403203425862E+000 -0.107536384819057E+002 -0.755338443167958E+001
  0.929681725055519E-003  0.151058662326545E+002  0.163809025263168E+002  0.656478560618123E+002 -0.282610874151592E+000  0.380037528578110E+000 -0.107536384819057E+002 -0.755293311632724E+001
  0.929794767501753E-003  0.151056230621776E+002  0.171585808403279E+002  0.653371787029281E+002 -0.278995642363524E+000  0.384603471592549E+000 -0.107536384819057E+002 -0.755281153108879E+001
  0.909412685315112E-003  0.151050071330548E+002  0.184669719266128E+002  0.653319302191048E+002 -0.278675321930068E+000  0.384123006987559E+000 -0.107536384819057E+002 -0.755250356652740E+001
  0.870161380659863E-003  0.151043442097925E+002  0.143611385880473E+002  0.655016381191365E+002 -0.329249435899300E+000  0.425717553032847E+000 -0.107536384819057E+002 -0.755217210489623E+001
  0.870181303173744E-003  0.151042984199280E+002  0.173397867252786E+002  0.652321956236642E+002 -0.295182968828286E+000  0.403268243137389E+000 -0.107536384819057E+002 -0.755214920996402E+001
  0.870333960427948E-003  0.151039475876020E+002  0.142725096088019E+002  0.650185534741048E+002 -0.269355747985175E+000  0.375628504987448E+000 -0.107536384819057E+002 -0.755197379380102E+001
  0.870545421613587E-003  0.151034617154874E+002  0.163165495146503E+002  0.648620633794417E+002 -0.319058028359339E+000  0.415259933930897E+000 -0.107536384819057E+002 -0.755173085774368E+001
  0.850959376971207E-003  0.151019118102979E+002  0.170921441817679E+002  0.660873994758439E+002 -0.334571893728265E+000  0.424287415952640E+000 -0.107536384819057E+002 -0.755095590514894E+001
  0.851010587216973E-003  0.151017914550699E+002  0.148072999068551E+002  0.661003400705517E+002 -0.299244784777444E+000  0.388023836948554E+000 -0.107536384819057E+002 -0.755089572753493E+001
  0.851067871585349E-003  0.151016568329128E+002  0.139575775076099E+002  0.655381757315670E+002 -0.284879235627223E+000  0.386683082267854E+000 -0.107536384819057E+002 -0.755082841645640E+001
  0.851116586781931E-003  0.151015423560208E+002  0.155958168571240E+002  0.649804906698734E+002 -0.314734680550905E+000  0.404371064066585E+000 -0.107536384819057E+002 -0.755077117801041E+001
  0.851137088918957E-003  0.151014941795655E+002  0.167008716482211E+002  0.664921863366960E+002 -0.346336984250535E+000  0.419532787063451E+000 -0.107536384819057E+002 -0.755074708978276E+001
  0.829518844595162E-003  0.151009979663023E+002  0.138401442755651E+002  0.648285536283607E+002 -0.309799035959326E+000  0.402917833271387E+000 -0.107536384819057E+002 -0.755049898315114E+001
  0.829566295400881E-003  0.151008835639619E+002  0.189592709509861E+002  0.643882994146460E+002 -0.284957932514275E+000  0.394873411415747E+000 -0.107536384819057E+002 -0.755044178198095E+001
  0.829626468443956E-003  0.151007384981337E+002  0.137971001646363E+002  0.653243298647545E+002 -0.326579129133995E+000  0.424043696967539E+000 -0.107536384819057E+002 -0.755036924906686E+001
  0.807328715749376E-003  0.151004298409494E+002  0.182530548592733E+002  0.650399521317573E+002 -0.315713047203710E+000  0.404229223475000E+000 -0.107536384819057E+002 -0.755021492047471E+001
  0.727817259942686E-003  0.150970706411404E+002  0.157332339911200E+002  0.651416152757052E+002 -0.325545151180513E+000  0.421447670684501E+000 -0.107536384819057E+002 -0.754853532057022E+001
  0.727865328341968E-003  0.150969385563036E+002  0.149186264926849E+002  0.661995960137678E+002 -0.313429501191188E+000  0.390912989232458E+000 -0.107536384819057E+002 -0.754846927815179E+001
  0.709479192012073E-003  0.150961573316000E+002  0.144252388699972E+002  0.649814494721657E+002 -0.298742050129899E+000  0.407085939361886E+000 -0.107536384819057E+002 -0.754807866579998E+001
  0.709645178685313E-003  0.150956894750049E+002  0.141325789331203E+002  0.660597286278942E+002 -0.326129978387708E+000  0.401032412390795E+000 -0.107536384819057E+002 -0.754784473750247E+001
  0.709702063577884E-003  0.150955291621769E+002  0.153787815611548E+002  0.665533183474594E+002 -0.331437980056832E+000  0.410538434223016E+000 -0.107536384819057E+002 -0.754776458108844E+001
  0.709723732838706E-003  0.150954680973128E+002  0.180270445688004E+002  0.656980521670070E+002 -0.292308469694233E+000  0.379059198793460E+000 -0.107536384819057E+002 -0.754773404865641E+001
  0.690388510781416E-003  0.150943689181765E+002  0.180390220062729E+002  0.664521420012837E+002 -0.324045073118017E+000  0.400681499587410E+000 -0.107536384819057E+002 -0.754718445908827E+001
  0.671363104993809E-003  0.150939158993394E+002  0.162091962034386E+002  0.646216817202525E+002 -0.293558993003389E+000  0.393637568570393E+000 -0.107536384819057E+002 -0.754695794966969E+001
  0.653481568719207E-003  0.150915657493480E+002  0.172205171525246E+002  0.662109356775752E+002 -0.329566635846497E+000  0.417219321071631E+000 -0.107536384819057E+002 -0.754578287467403E+001
  0.653540247875579E-003  0.150913861680873E+002  0.132839351934547E+002  0.649568697311364E+002 -0.304406780693012E+000  0.410327521524141E+000 -0.107536384819057E+002 -0.754569308404365E+001
  0.653586487803291E-003  0.150912446671097E+002  0.179216854975548E+002  0.654014786659965E+002 -0.326940762090431E+000  0.422451041155560E+000 -0.107536384819057E+002 -0.754562233355486E+001
  0.634711984219741E-003  0.150901458248001E+002  0.145436054290460E+002  0.663145388692368E+002 -0.319715190255665E+000  0.397388677406085E+000 -0.107536384819057E+002 -0.754507291240004E+001
  0.634816478292413E-003  0.150898165873675E+002  0.170191997278163E+002  0.657173621094845E+002 -0.333945073167460E+000  0.414115794529804E+000 -0.107536384819057E+002 -0.754490829368373E+001
  0.564556677883120E-003  0.150888408446910E+002  0.191581994446868E+002  0.657830254631251E+002 -0.314308270988958E+000  0.393710322376158E+000 -0.107536384819057E+002 -0.754442042234550E+001
  0.564817345692667E-003  0.150879176153313E+002  0.152657287545861E+002  0.661998004655132E+002 -0.323175781117946E+000  0.411290161548274E+000 -0.107536384819057E+002 -0.754395880766563E+001
  0.565142007955000E-003  0.150867683270132E+002  0.173777732009064E+002  0.662274384390999E+002 -0.339418529466933E+000  0.415902881822002E+000 -0.107536384819057E+002 -0.754338416350658E+001
  0.565309021351915E-003  0.150861773650208E+002  0.193909874688674E+002  0.646357283282401E+002 -0.282010659953324E+000  0.389954787081877E+000 -0.107536384819057E+002 -0.754308868251042E+001
  0.532317072147718E-003  0.150851945413744E+002  0.159911476585217E+002  0.660740016005790E+002 -0.308357004689735E+000  0.397789948403553E+000 -0.107536384819057E+002 -0.754259727068719E+001
  0.532384859891094E-003  0.150849398682441E+002  0.147428577424904E+002  0.649334809987648E+002 -0.285389614646899E+000  0.382662046432843E+000 -0.107536384819057E+002 -0.754246993412204E+001
  0.532508452534064E-003  0.150844756240157E+002  0.154696524999385E+002  0.661291887472794E+002 -0.309553486489022E+000  0.392701781127911E+000 -0.107536384819057E+002 -0.754223781200787E+001
  0.532716007543105E-003  0.150836962389398E+002  0.184815740473297E+002  0.656195457236956E+002 -0.334363469848138E+000  0.419337996201633E+000 -0.107536384819057E+002 -0.754184811946992E+001
  0.533074264779679E-003  0.150823516695274E+002  0.171668727995800E+002  0.659307227427156E+002 -0.302017535977245E+000  0.388419376607390E+000 -0.107536384819057E+002 -0.754117583476368E+001
  0.533313094242620E-003  0.150814558244485E+002  0.154737176992532E+002  0.651542553165330E+002 -0.313998597739596E+000  0.403605359480189E+000 -0.107536384819057E+002 -0.754072791222426E+001
  0.533362154556494E-003  0.150812718497516E+002  0.192603278267057E+002  0.654198106384943E+002 -0.295993221245921E+000  0.384486961700125E+000 -0.107536384819057E+002 -0.754063592487579E+001
  0.533429919991527E-003  0.150810177592433E+002  0.133044728577293E+002  0.648330611732107E+002 -0.288439537867560E+000  0.387637096698603E+000 -0.107536384819057E+002 -0.754050887962163E+001
  0.533684617401865E-003  0.150800630448007E+002  0.131009472488750E+002  0.648996706008166E+002 -0.285258256083028E+000  0.384806355619194E+000 -0.107536384819057E+002 -0.754003152240035E+001
  0.533749568403831E-003  0.150798196536749E+002  0.161866793516491E+002  0.663177606836787E+002 -0.329807230859671E+000  0.409715676242365E+000 -0.107536384819057E+002 -0.753990982683747E+001
  0.533758115516018E-003  0.150797876272556E+002  0.132411855300491E+002  0.652690971301062E+002 -0.284126825766408E+000  0.384236371729650E+000 -0.107536384819057E+002 -0.753989381362779E+001
  0.533942782264549E-003  0.150790957977338E+002  0.191907829740218E+002  0.662153388397803E+002 -0.320009881537009E+000  0.400495914852812E+000 -0.107536384819057E+002 -0.753954789886691E+001
  0.534258590497006E-003  0.150779132183075E+002  0.158364341260023E+002  0.658233351756352E+002 -0.308063580556969E+000  0.391094695362830E+000 -0.107536384819057E+002 -0.753895660915373E+001
  0.534462242055569E-003  0.150771509928326E+002  0.188314694133213E+002  0.648172840978259E+002 -0.285799642105426E+000  0.390074398182579E+000 -0.107536384819057E+002 -0.753857549641629E+001
  0.534581859175757E-003  0.150767034261866E+002  0.153743919045468E+002  0.650235106762895E+002 -0.312134950182338E+000  0.409185895280507E+000 -0.107536384819057E+002 -0.753835171309332E+001
  0.534814786750075E-003  0.150758321776040E+002  0.163258932973270E+002  0.659661246021450E+002 -0.332876161811019E+000  0.413224748507666E+000 -0.107536384819057E+002 -0.753791608880201E+001
  0.535152006291068E-003  0.150745715046398E+002  0.142178749283586E+002  0.649683773874630E+002 -0.291741110384774E+000  0.389192536673781E+000 -0.107536384819057E+002 -0.753728575231989E+001
  0.535216656175642E-003  0.150743299060694E+002  0.143344000920914E+002  0.655107726326092E+002 -0.323890427525230E+000  0.409363511267903E+000 -0.107536384819057E+002 -0.753716495303471E+001
  0.535679575533430E-003  0.150726008145929E+002  0.168552671536791E+002  0.650426760881621E+002 -0.307190956108621E+000  0.401887934678325E+000 -0.107536384819057E+002 -0.753630040729645E+001
  0.535941796758925E-003  0.150716220314611E+002  0.144099854967433E+002  0.657817768927298E+002 -0.303008194187700E+000  0.394845406811361E+000 -0.107536384819057E+002 -0.753581101573053E+001
  0.536062845448660E-003  0.150711703591996E+002  0.135526643486978E+002  0.653292378017612E+002 -0.295863713255791E+000  0.387790084467856E+000 -0.107536384819057E+002 -0.753558517959982E+001
  0.536492796086151E-003  0.150695668968006E+002  0.134126583029713E+002  0.653245306011517E+002 -0.291603236361467E+000  0.387882232277797E+000 -0.107536384819057E+002 -0.753478344840030E+001
  0.536527251986493E-003  0.150694384522280E+002  0.168868031494829E+002  0.656241337341961E+002 -0.311916689070389E+000  0.396891681459177E+000 -0.107536384819057E+002 -0.753471922611402E+001
  0.536550956143190E-003  0.150693500927533E+002  0.135375304824582E+002  0.654805552223713E+002 -0.306424339080132E+000  0.393883469483141E+000 -0.107536384819057E+002 -0.753467504637666E+001
  0.536635308076322E-003  0.150690356946433E+002  0.141315588514263E+002  0.655436294809313E+002 -0.316135073115209E+000  0.411178314333788E+000 -0.107536384819057E+002 -0.753451784732163E+001
  0.536860424782862E-003  0.150681968772993E+002  0.185923188254624E+002  0.650122600976499E+002 -0.299617996138453E+000  0.397426416361625E+000 -0.107536384819057E+002 -0.753409843864967E+001
  0.537218703203925E-003  0.150668626052703E+002  0.157788573452871E+002  0.659568297735527E+002 -0.322515983179616E+000  0.405562276519253E+000 -0.107536384819057E+002 -0.753343130263517E+001
  0.537439921675506E-003  0.150660392052823E+002  0.148667148709604E+002  0.654956524427714E+002 -0.300538550267986E+000  0.391238552398935E+000 -0.107536384819057E+002 -0.753301960264117E+001
  0.537447236295302E-003  0.150660119852351E+002  0.192042452933067E+002  0.654710765138677E+002 -0.316703687325265E+000  0.410916747637803E+000 -0.107536384819057E+002 -0.753300599261757E+001
  0.537569132379137E-003  0.150655584253158E+002  0.186699038902684E+002  0.655884621237690E+002 -0.322309300548857E+000  0.412710670683877E+000 -0.107536384819057E+002 -0.753277921265792E+001
  0.537704021829846E-003  0.150650566385805E+002  0.183958834724109E+002  0.658109263999245E+002 -0.309570107218890E+000  0.397543983519021E+000 -0.107536384819057E+002 -0.753252831929024E+001
  0.538220971072643E-003  0.150631347600630E+002  0.167964965192560E+002  0.652659026270114E+002 -0.309871337483623E+000  0.403426140286793E+000 -0.107536384819057E+002 -0.753156738003148E+001
  0.538712084156203E-003  0.150613106425276E+002  0.164962709463315E+002  0.654871310853351E+002 -0.305980351508732E+000  0.396629262525331E+000 -0.107536384819057E+002 -0.753065532126382E+001
