#        weight    minuslogpost               M              h0              q0              j0              s0   minuslogprior minuslogprior__0            chi2    chi2__lnlike
 8.0038635e-322       1741.6495      -18.850265       79.846154     -0.19221191      -4.9445562      -37.868309       16.745103        16.745103       3449.8087       3449.8087
 8.5473357e-322       1741.5755      -19.169405       71.446745     -0.31971745      -6.6824201      -93.815449       16.745103        16.745103       3449.6608       3449.6608
 1.4526568e-318       1734.1329      -18.798815       88.492967     -0.85341846       3.2930679       85.153309       16.745103        16.745103       3434.7755       3434.7755
 9.4578937e-318       1732.2528      -18.832761       90.029816      -1.5132011        7.456413        62.10494       16.745103        16.745103       3431.0153       3431.0153
 1.6298203e-317       1731.7019      -18.835162       83.412279     -0.96288431        3.846687       67.074748       16.745103        16.745103       3429.9136       3429.9136
 2.9568391e-317       1731.0996      -19.228212       71.809632     -0.84512293      0.79213506       75.103208       16.745103        16.745103        3428.709        3428.709
  7.897422e-317       1730.1106      -19.031501       76.098947      -1.1396606        3.896985       26.820546       16.745103        16.745103       3426.7309       3426.7309
 9.0325635e-317       1729.9696      -18.503505       99.923724      -0.6200557    -0.098539999      -99.981694       16.745103        16.745103        3426.449        3426.449
 1.6826369e-316       1729.3409      -18.953549       76.844193       -1.173318       7.1163738       92.494839       16.745103        16.745103       3425.1915       3425.1915
 3.5943143e-316       1728.5752      -18.610985       90.673804     -0.25315245      -5.3780029      -62.605702       16.745103        16.745103       3423.6602       3423.6602
 3.7708845e-316       1728.5206       -18.80242       84.816543    -0.053112959      -7.4041562      -70.685524       16.745103        16.745103        3423.551        3423.551
 4.2010516e-316       1728.4059      -18.712365       91.778968      -1.4624353        8.154678       86.114021       16.745103        16.745103       3423.3217       3423.3217
 4.1206511e-315        1726.116      -18.922147       79.918756       -0.632926      -2.5525599      -58.853742       16.745103        16.745103       3418.7419       3418.7419
 2.0757365e-314       1724.4925      -18.306149        99.42553   -0.0054704566      -1.0401556     -0.36707178       16.745103        16.745103       3415.4948       3415.4948
 8.2538078e-313       1720.8029      -19.406443       67.998676      -1.1478223       6.4440399       97.819684       16.745103        16.745103       3408.1156       3408.1156
 2.7765778e-311       1717.2806      -19.195359       76.386184      -1.5519146       8.9963823       96.107518       16.745103        16.745103       3401.0709       3401.0709
   3.48202e-311       1717.0475      -19.312568       67.372137     -0.78077975      -1.3526522      -88.729043       16.745103        16.745103       3400.6048       3400.6048
 1.4317457e-310        1715.627      -18.753059       87.644048     -0.80500166       1.1928674       68.915739       16.745103        16.745103       3397.7638       3397.7638
 1.2502548e-309       1713.4533      -18.525813       91.299096    -0.072954491      -7.2171496      -95.167561       16.745103        16.745103       3393.4164       3393.4164
 2.0280758e-309       1712.9629      -18.495674       97.976152     -0.17060719      -5.0390331      -58.651524       16.745103        16.745103       3392.4357       3392.4357
 2.6001852e-309       1712.7078      -19.436873       61.541295     -0.76941006       1.5487308       81.751653       16.745103        16.745103       3391.9254       3391.9254
 3.8102451e-309        1712.319      -18.706928       85.466194     -0.95005981       4.7154561       59.033304       16.745103        16.745103       3391.1479       3391.1479
   8.53106e-307       1706.9012      -19.277064       69.074257      -1.1168712       4.3692519       46.879413       16.745103        16.745103       3380.3122       3380.3122
  3.433229e-306       1705.5022      -18.667261       90.999934     -0.40237233      -4.9128918      -86.050596       16.745103        16.745103       3377.5142       3377.5142
 3.8999888e-305       1703.0655      -18.481399       96.368744     -0.69156993      0.76633227       33.109596       16.745103        16.745103       3372.6408       3372.6408
 3.9420358e-305       1703.0481       -19.01058       78.985625     -0.25600792      -1.7681347      -16.697807       16.745103        16.745103        3372.606        3372.606
 5.6029997e-304       1700.3873      -19.235548       63.539796    -0.096453723      -5.8962772      -89.768792       16.745103        16.745103       3367.2844       3367.2844
 1.1627828e-302        1697.348      -18.957266       83.380537     -0.99392552       4.0571534       46.194211       16.745103        16.745103       3361.2057       3361.2057
 8.6568193e-302       1695.3338      -18.625329       91.641647     -0.64736788     -0.33868776      -7.5037489       16.745103        16.745103       3357.1774       3357.1774
 3.7733664e-301       1693.8549       -19.16528       73.362551     -0.13067963      -4.0202257      -32.839907       16.745103        16.745103       3354.2197       3354.2197
 1.4246125e-299       1690.2172      -18.460474       98.685301      -0.3973068      -3.6744334       -61.56469       16.745103        16.745103       3346.9442       3346.9442
 3.4981808e-299       1689.3122      -18.705769       87.943197  -5.6521409e-05      -8.4985481      -92.329673       16.745103        16.745103       3345.1342       3345.1342
 1.2789123e-297       1685.7066      -19.140085       72.301277      -1.0284804       4.0916822       52.494424       16.745103        16.745103        3337.923        3337.923
 1.9393705e-296        1682.981      -18.693022       90.246955     -0.77573654       0.6142833      -82.942844       16.745103        16.745103       3332.4719       3332.4719
 6.9145683e-296       1681.7031       -18.73266         88.4554   -0.0077248165       -6.513783      -69.989464       16.745103        16.745103        3329.916        3329.916
 1.0300308e-295       1681.2979      -18.925123       78.975928     -0.78231075      0.39088589       69.905025       16.745103        16.745103       3329.1057       3329.1057
 8.7283675e-294       1676.8517      -18.740255       86.533226      -0.7864468       1.5899512       48.916596       16.745103        16.745103       3320.2132       3320.2132
 5.0578448e-291        1670.483      -19.021179       70.963225     -0.20618783      -5.4251227      -94.453728       16.745103        16.745103       3307.4757       3307.4757
  2.537206e-289        1666.561      -19.318942       63.131049     -0.58806328     -0.56325544      -25.617572       16.745103        16.745103       3299.6318       3299.6318
 3.8248195e-287       1661.5388      -18.835223       83.141034     -0.78619738       1.1573432       86.047741       16.745103        16.745103       3289.5873       3289.5873
 9.1809538e-287       1660.6565      -18.800152       83.908263      -0.2646626      -2.3114111      -7.0459544       16.745103        16.745103       3287.8228       3287.8228
 1.3133209e-285       1657.9892      -18.514306       99.662966     -0.97018513       2.8166731       14.642309       16.745103        16.745103       3282.4883       3282.4883
 2.1567676e-285       1657.4865       -19.39884       67.293379     -0.61616889    -0.068552213      -71.162302       16.745103        16.745103       3281.4829       3281.4829
 4.6371227e-285       1656.7144      -18.789911       79.746255    -0.081854463      -2.1305225      -1.8403996       16.745103        16.745103       3279.9386       3279.9386
 4.2700755e-283       1652.1851      -19.212446        71.11709     -0.28569735      -4.6949754      -47.267538       16.745103        16.745103       3270.8799       3270.8799
  4.921775e-283       1652.0364      -18.803565       86.735318     -0.32479031      -3.3417761      -42.618697       16.745103        16.745103       3270.5826       3270.5826
 6.6006737e-283       1651.7362      -19.031658       72.699209     -0.70269848       2.1724731       94.978906       16.745103        16.745103       3269.9823       3269.9823
 3.1549617e-282       1650.1652      -18.797169       88.553932     -0.83650678       3.6637732       76.246858       16.745103        16.745103       3266.8402       3266.8402
 3.8087884e-281       1647.6676      -18.927839       75.893426     -0.54890758      -2.0491811      -78.686313       16.745103        16.745103       3261.8451       3261.8451
 3.9771773e-281       1647.6177       -19.01293       72.054143     -0.52954278     -0.23084096       -12.79976       16.745103        16.745103       3261.7453       3261.7453
  1.215952e-280       1646.4936      -18.419817       94.144203    -0.011591595      -1.9990068      -6.1141677       16.745103        16.745103       3259.4969       3259.4969
 2.1552572e-280       1645.9145      -18.441487       94.067798    -0.061248421      -3.5386112      -24.630534       16.745103        16.745103       3258.3388       3258.3388
  3.402024e-280       1645.4514      -19.280505       70.410228     -0.83628377       1.6908774       28.494105       16.745103        16.745103       3257.4126       3257.4126
 1.4151794e-278       1641.7167      -18.726301        83.09153     -0.31474175      -2.6229768      -24.830354       16.745103        16.745103       3249.9432       3249.9432
  9.838431e-278        1639.771      -19.300186          70.348     -0.59669623     0.061659839      -10.576605       16.745103        16.745103       3246.0519       3246.0519
 1.1203829e-277       1639.6344      -18.978232       73.240098     -0.48097265      -1.8136036      -60.142661       16.745103        16.745103       3245.7787       3245.7787
 3.0780232e-277       1638.6172      -18.985174        73.56673     -0.60595995     -0.47711181      -85.219423       16.745103        16.745103       3243.7441       3243.7441
 5.8183364e-275       1633.3686      -18.419374       99.387052    -0.098766383       -5.562727      -65.367713       16.745103        16.745103        3233.247        3233.247
 6.8587547e-275       1633.1975      -18.924057       81.714142     -0.75311004      -0.9766959      -80.256248       16.745103        16.745103       3232.9047       3232.9047
 1.6027635e-274        1632.342      -18.504618       92.133566    -0.052915312      -1.7536217     -0.67561303       16.745103        16.745103       3231.1939       3231.1939
  8.158022e-274       1630.7081      -18.463848       97.687493     -0.70881536       1.9527859       44.833473       16.745103        16.745103        3227.926        3227.926
 1.4848557e-273       1630.1026      -18.610118       88.638044     -0.01002129      -3.1332694      -6.0428377       16.745103        16.745103       3226.7149       3226.7149
 1.7147959e-271       1625.3468      -19.218573       66.367506     -0.67184693       1.6621781        56.57471       16.745103        16.745103       3217.2034       3217.2034
 8.5832202e-271       1623.7296      -18.836453       85.251107     -0.82273807       2.4325642       80.632262       16.745103        16.745103        3213.969        3213.969
 8.9090787e-270       1621.3831       -18.67091       86.683319     -0.36804379      -4.1386098      -70.785848       16.745103        16.745103       3209.2761       3209.2761
 1.7498384e-269       1620.7015      -18.974235       77.833431     -0.54793384      -3.1230873      -59.543708       16.745103        16.745103       3207.9127       3207.9127
 4.5166117e-269       1619.7466      -19.454407        66.45193      -1.3417836       6.9656557       72.273069       16.745103        16.745103       3206.0029       3206.0029
 2.3369833e-268       1618.0962      -18.617118       92.266543    -0.046134832      -4.9500882      -43.271377       16.745103        16.745103       3202.7023       3202.7023
 1.0806897e-266       1614.2557      -18.974669       80.081639      -0.7965877      0.17107503       99.499107       16.745103        16.745103       3195.0212       3195.0212
 1.1000287e-266       1614.2313      -18.394769       97.237906    -0.051898374     -0.53683853        1.038858       16.745103        16.745103       3194.9724       3194.9724
 7.9738188e-266       1612.2438      -19.416965       66.511543     -0.60100666     -0.64331405      -44.198581       16.745103        16.745103       3190.9975       3190.9975
 2.7231596e-265        1611.009      -18.379197       97.100289   -0.0056055131      -1.4853165      -3.4405281       16.745103        16.745103       3188.5277       3188.5277
 2.7749825e-264       1608.6809      -19.026522       75.266104      -0.7434282     -0.48162351      -76.160879       16.745103        16.745103       3183.8716       3183.8716
 9.6139234e-263       1605.1291      -18.764988       87.832137     -0.93491207        2.965155        31.10107       16.745103        16.745103        3176.768        3176.768
 1.0871295e-262       1604.9995      -18.763563       82.468462    -0.093355337      -6.9849259       -82.27901       16.745103        16.745103       3176.5089       3176.5089
  4.676066e-262        1603.534      -18.542549       91.501147     -0.31319548      -4.8249813       -99.26968       16.745103        16.745103       3173.5777       3173.5777
 1.9829939e-261       1602.0826      -18.439499        98.92515     -0.70549558       2.9280592       86.471861       16.745103        16.745103        3170.675        3170.675
 1.9981765e-260       1599.7657      -19.204052       67.823992     -0.57257222      -1.5217536      -32.802057       16.745103        16.745103       3166.0413       3166.0413
 4.4169766e-260       1598.9659      -19.020662        78.37143     -0.76134524     -0.66392528      -77.895769       16.745103        16.745103       3164.4415       3164.4415
 2.9259264e-259       1597.0685      -18.867784       83.926513     -0.97408047       4.4486856       80.593345       16.745103        16.745103       3160.6468       3160.6468
  5.910926e-259       1596.3587      -19.018328       79.759179     -0.58463639     -0.78290263      -68.477702       16.745103        16.745103       3159.2271       3159.2271
 9.2672513e-258       1593.5997       -18.44805        99.75584     -0.59493196     -0.17404233       -67.52848       16.745103        16.745103       3153.7093       3153.7093
 7.7375657e-257       1591.4709      -19.330288       65.643812     -0.60475131       -2.937989      -81.752237       16.745103        16.745103       3149.4516       3149.4516
 5.4189108e-256       1589.5179      -19.368335       64.835153     -0.92912499       4.3345511       96.485242       16.745103        16.745103       3145.5455       3145.5455
 8.1463009e-256       1589.1036      -19.159767       74.332238     -0.53236029       -3.020328      -79.767779       16.745103        16.745103       3144.7169       3144.7169
 3.0645442e-255        1587.772      -18.756221       89.186782      -0.6083441      0.88597362      -72.423203       16.745103        16.745103       3142.0538       3142.0538
 3.2387804e-254       1585.4075      -18.691431       85.536385     -0.37959695      -4.1047776      -81.738666       16.745103        16.745103       3137.3247       3137.3247
 3.2391452e-254       1585.4007      -19.449914       64.067808     -0.14293582      -4.6058839      -55.918603       16.745103        16.745103       3137.3112       3137.3112
  8.533816e-253       1582.1228      -19.337488       61.698391     -0.21002123      -1.7403545      -5.8366345       16.745103        16.745103       3130.7553       3130.7553
 1.5560159e-252       1581.5154      -18.820404       87.247024      -1.0020123       3.6662639        34.47561       16.745103        16.745103       3129.5407       3129.5407
 2.4134172e-252       1581.0699      -19.042519       77.165776     -0.28312561      -4.2099457      -46.741461       16.745103        16.745103       3128.6495       3128.6495
 2.9498779e-252       1580.8625      -19.223808        68.43982     -0.61659513       -2.761234      -91.794314       16.745103        16.745103       3128.2348       3128.2348
 3.2293785e-251       1578.4628      -19.018747       75.110842     -0.16019304      -5.2385655      -40.887667       16.745103        16.745103       3123.4353       3123.4353
 1.5542219e-250       1576.8848      -19.050337       71.382076     -0.16397465      -6.4217632      -89.786423       16.745103        16.745103       3120.2795       3120.2795
 3.3127683e-250       1576.1214      -18.801595        84.10296     -0.28305556      -3.2120624      -22.652537       16.745103        16.745103       3118.7526       3118.7526
 2.9135345e-248        1571.638      -19.411932       61.503452     -0.57487143      -2.4582792      -95.915502       16.745103        16.745103       3109.7858       3109.7858
  1.802032e-247       1569.8092      -18.882862       84.641981      -1.2112496       5.6142526       55.676964       16.745103        16.745103       3106.1282       3106.1282
  2.341602e-246       1567.2381      -19.158974       71.286377      -0.6641387     -0.20107297       59.127393       16.745103        16.745103       3100.9859       3100.9859
  2.689805e-245       1564.7902      -18.671687       90.193896     -0.69700854     -0.57493491      -70.530106       16.745103        16.745103       3096.0902       3096.0902
  5.224542e-245       1564.1197      -19.466031       62.597309     -0.77706451      0.61201624      -11.781065       16.745103        16.745103       3094.7491       3094.7491
 8.9307558e-245       1563.5769      -19.462697       64.442184     -0.43064985      -2.3041253       -58.32641       16.745103        16.745103       3093.6635       3093.6635
 1.4452902e-244       1563.0888      -18.802857       87.643805     -0.71528209       2.9566823       82.008774       16.745103        16.745103       3092.6875       3092.6875
  1.591691e-243       1560.6831      -19.465403       60.389916     -0.67181806     -0.41188253      -51.456739       16.745103        16.745103        3087.876        3087.876
 3.5577326e-243       1559.8721      -18.856193       85.462236     -0.70226018       1.7843228       93.890739       16.745103        16.745103       3086.2541       3086.2541
 6.4908461e-243       1559.2642       -19.30387       71.753591      -1.5876644       8.8559455       85.480683       16.745103        16.745103       3085.0383       3085.0383
 4.3399438e-242       1557.3575      -18.697805       92.133311     -0.92862397       5.4591467       89.422168       16.745103        16.745103       3081.2249       3081.2249
 7.8997143e-242       1556.7519      -19.096684       70.728067     -0.30099057      -4.5980599      -62.135589       16.745103        16.745103       3080.0136       3080.0136
 1.2120406e-240       1554.0146      -18.622131       88.502039    -0.037608488      0.22642975      -1.3468278       16.745103        16.745103       3074.5391       3074.5391
 1.5718049e-240       1553.7481      -19.370302        67.73784     -0.59956072     -0.62439746      -45.246504       16.745103        16.745103       3074.0059       3074.0059
 9.2158797e-240       1551.9727      -18.770378       84.576116      -0.1765985      -3.9356573      -25.806555       16.745103        16.745103       3070.4552       3070.4552
 5.6121552e-239       1550.1595      -19.229051       68.824102     -0.76416916       0.6422446       1.7270031       16.745103        16.745103       3066.8288       3066.8288
 6.4274772e-239       1550.0172       -19.38102       62.656112     -0.69837903       1.1881695       75.993441       16.745103        16.745103       3066.5442       3066.5442
 7.1876119e-239       1549.8988      -18.655039       92.230771      -0.6632041     -0.51030922      -60.824014       16.745103        16.745103       3066.3073       3066.3073
 1.8147407e-238        1548.966      -18.659666       87.142374     -0.13283858      -4.9160718      -44.603416       16.745103        16.745103       3064.4417       3064.4417
  3.402393e-238       1548.3308      -18.586806       95.956333     -0.92945901       4.6458559        60.30201       16.745103        16.745103       3063.1713       3063.1713
 5.9902811e-238       1547.7585      -19.263673       64.696065      -0.2369347      -3.9738438      -40.889628       16.745103        16.745103       3062.0267       3062.0267
 1.5196803e-237       1546.8209      -18.769229       86.287694     -0.35413203      -4.9938837      -85.348918       16.745103        16.745103       3060.1516       3060.1516
 1.5564767e-237       1546.7903      -19.103912       74.343893     -0.64024598      -2.0880475      -58.367836       16.745103        16.745103       3060.0904       3060.0904
 4.0862518e-237       1545.8185      -19.007795       78.452654      -1.2061352       6.4361669       80.325471       16.745103        16.745103       3058.1467       3058.1467
 4.6079132e-237       1545.6917      -19.209014       72.332702      -0.7700309       1.3208004       73.161105       16.745103        16.745103       3057.8931       3057.8931
  1.661006e-236       1544.4028      -19.062679        74.11537      -0.3748865      -1.6810206      -6.4961604       16.745103        16.745103       3055.3154       3055.3154
 2.7994002e-235       1541.5716      -19.038016       70.485629     -0.11943528      -3.9443773      -35.430888       16.745103        16.745103        3049.653        3049.653
 3.7975383e-235         1541.26      -18.552294       92.883708      -0.6454256      0.13501763       55.199047       16.745103        16.745103       3049.0298       3049.0298
 5.7010831e-235        1540.847      -19.004014       75.857646     -0.73637156      0.32075731      -80.939572       16.745103        16.745103       3048.2039       3048.2039
 1.2253134e-234       1540.0753      -18.753888       83.869439   -0.0067454258       -2.652555      -2.2854991       16.745103        16.745103       3046.6603       3046.6603
 7.8813499e-233       1535.9047      -19.019523       79.081901     -0.69761659     -0.85568614      -91.842358       16.745103        16.745103       3038.3193       3038.3193
 9.5475712e-233       1535.7063      -18.525552       90.988462     -0.07054276      -4.4266394      -46.654389       16.745103        16.745103       3037.9224       3037.9224
 2.7413494e-232       1534.6449      -18.750081       88.931449     -0.54385346       -1.384311      -73.752825       16.745103        16.745103       3035.7996       3035.7996
 2.7744706e-232       1534.6263      -18.649768       92.785836     -0.63104787      0.86098725      -90.019509       16.745103        16.745103       3035.7623       3035.7623
 3.3856103e-232       1534.4205      -18.705581       85.239853     -0.59269941     -0.83535428      -67.487533       16.745103        16.745103       3035.3509       3035.3509
 1.3471736e-231       1533.0328      -18.646678       90.052627     -0.13177809        -6.69558      -90.775125       16.745103        16.745103       3032.5755       3032.5755
 1.0233194e-230       1530.9986      -19.036499       71.863456     -0.26447711     -0.83930017   -0.0012636553       16.745103        16.745103       3028.5069       3028.5069
 1.3685014e-230       1530.7013      -18.634027       92.945694      -0.5395281      -2.0558249      -75.592826       16.745103        16.745103       3027.9123       3027.9123
 1.5227462e-230       1530.5878      -18.570549       95.467062     -0.73094544       3.7433924       89.466382       16.745103        16.745103       3027.6854       3027.6854
 6.5522548e-230       1529.1219      -18.676098       91.934882     -0.71936259        2.960368       91.661507       16.745103        16.745103       3024.7535       3024.7535
 1.7820541e-229       1528.1147      -18.586399       94.655083     -0.53670393      -1.5090962      -68.632047       16.745103        16.745103       3022.7392       3022.7392
 2.2232187e-229       1527.8869       -19.26858       69.605705     -0.23231517      -3.3727853      -33.063523       16.745103        16.745103       3022.2835       3022.2835
 2.8540632e-229       1527.6304      -19.006468       73.028766     -0.51476611      -2.1197365      -93.327763       16.745103        16.745103       3021.7706       3021.7706
 1.4088348e-228       1526.0272      -19.258022       66.013147     -0.67228772     -0.84467199        87.64899       16.745103        16.745103       3018.5641       3018.5641
 1.4739065e-227       1523.6728      -19.304512       68.277494     -0.89631341       2.0607548       15.579125       16.745103        16.745103       3013.8554       3013.8554
 1.5566949e-227       1523.6115      -19.445367       66.018866      -1.1838525       6.4611505       80.653149       16.745103        16.745103       3013.7328       3013.7328
 7.8027952e-227       1521.9929      -19.141106       67.397459     -0.36774335    -0.049151236     -0.96039518       16.745103        16.745103       3010.4957       3010.4957
 2.5825551e-225       1518.4868      -18.492694       94.418814     -0.17901239      -5.1228908      -78.637972       16.745103        16.745103       3003.4834       3003.4834
 1.0785542e-223       1514.7482      -19.340932       63.326279    -0.038809983      -6.4719615      -55.767642       16.745103        16.745103       2996.0061       2996.0061
 3.4477085e-223       1513.5794      -18.733317       89.042997     -0.70610998       1.3187213       91.701482       16.745103        16.745103       2993.6687       2993.6687
 1.0887174e-222       1512.4229      -18.647461       92.379642      -1.0665347       6.4247396       98.417739       16.745103        16.745103       2991.3556       2991.3556
 2.3498589e-221       1509.3443      -19.383347        65.80601     -0.76355074      0.27891415      -69.288679       16.745103        16.745103       2985.1984       2985.1984
 1.3254294e-220       1507.6077      -18.587652       89.432722   -0.0026143301      -3.9691453      -20.039179       16.745103        16.745103       2981.7252       2981.7252
 1.5112107e-219       1505.1673      -19.159894       70.796713     -0.57798491      -1.9538525       -40.19592       16.745103        16.745103       2976.8444       2976.8444
 6.5327622e-219       1503.6967      -18.928507       81.409766     -0.63584862      -1.8873669      -74.616758       16.745103        16.745103       2973.9033       2973.9033
 7.0834838e-219       1503.6092      -18.601264       91.122394     -0.62969976     -0.29028754      -57.162321       16.745103        16.745103       2973.7281       2973.7281
 8.3139266e-219       1503.4424      -19.108547       70.373099    -0.060898616      -7.3615713      -83.500686       16.745103        16.745103       2973.3945       2973.3945
 1.6892783e-217       1500.4242      -19.189138       70.997789     -0.76644737      0.71249053      -59.366658       16.745103        16.745103       2967.3581       2967.3581
 1.1894857e-216       1498.4657      -18.743359       87.993991     -0.34230732      -4.2437052      -77.576134       16.745103        16.745103       2963.4412       2963.4412
 1.5089039e-215       1495.9186      -19.111318       76.093785      -0.7115811       2.0310247       78.108682       16.745103        16.745103       2958.3471       2958.3471
 1.6177955e-215       1495.8423      -19.250122       69.117729       -1.139218       5.0253193       47.580037       16.745103        16.745103       2958.1944       2958.1944
 2.6394531e-215       1495.3462      -19.141094       69.779469     -0.91090639       5.2915836       84.778009       16.745103        16.745103       2957.2021       2957.2021
 3.2926271e-214       1492.8158      -19.492167       58.666176     -0.60773757      0.64719741      -64.681749       16.745103        16.745103       2952.1414       2952.1414
 4.8053193e-214       1492.4311      -19.053595       77.436218      -0.7451455     -0.52577657       82.215399       16.745103        16.745103       2951.3721       2951.3721
 6.8289859e-214        1492.073       -19.05321       74.272335     -0.19683911      -6.9148532      -95.401995       16.745103        16.745103       2950.6559       2950.6559
 8.3747324e-214       1491.8623      -18.769916       84.210057     -0.25079303      -2.3117014      -10.771089       16.745103        16.745103       2950.2345       2950.2345
  6.375136e-213       1489.8259      -18.521759       94.301343      -0.1230044      -6.0380963      -91.735486       16.745103        16.745103       2946.1616       2946.1616
 2.4473543e-211       1486.1715      -18.717996       89.867559     -0.61985424      0.91990915      -71.077889       16.745103        16.745103       2938.8528       2938.8528
 6.0654434e-210       1482.9547      -18.944619       79.466005      -1.1517454       6.1276233       72.598963       16.745103        16.745103       2932.4192       2932.4192
 4.2924146e-209       1480.9912      -19.125402       68.967836     -0.15143403       -6.361704      -92.328138       16.745103        16.745103       2928.4922       2928.4922
 5.9770197e-209       1480.6535      -19.270272       69.811839     -0.76402463       1.6039057        77.58445       16.745103        16.745103       2927.8168       2927.8168
   6.41594e-209        1480.576      -18.941716       75.591211     -0.52915461      -1.6162786      -77.768062       16.745103        16.745103       2927.6618       2927.6618
 1.8738062e-206       1474.8924       -19.35356       65.760257     -0.92583642       2.0511516        8.648184       16.745103        16.745103       2916.2946       2916.2946
 1.9734442e-205       1472.5314      -19.225195       63.907921   -0.0096062935      -2.9233245      -15.306625       16.745103        16.745103       2911.5725       2911.5725
 2.1589803e-205       1472.4349      -19.240698       69.932657      -0.5618752      -3.1516913      -83.133745       16.745103        16.745103       2911.3795       2911.3795
 1.8236718e-204       1470.2944      -18.802387       86.731422     -0.61314246      0.18685369      -38.485926       16.745103        16.745103       2907.0986       2907.0986
 9.5062413e-204       1468.6367       -18.52885       92.935136     -0.10999568      -4.6963671      -54.130299       16.745103        16.745103       2903.7831       2903.7831
 1.0377363e-203       1468.5424      -19.472477        60.81286     -0.24225025      -4.0828019      -36.287185       16.745103        16.745103       2903.5945       2903.5945
 2.6483736e-203       1467.5988      -18.678856       90.083765     -0.81600814       4.0207322       99.762669       16.745103        16.745103       2901.7074       2901.7074
 3.2588622e-203       1467.3847      -18.845304       79.464758     -0.60427484      0.47372857       42.101836       16.745103        16.745103       2901.2792       2901.2792
 2.1056421e-202       1465.5123      -18.646523        88.55995     -0.52348333         -1.9376      -71.258071       16.745103        16.745103       2897.5343       2897.5343
 1.0354038e-200       1461.6103      -19.245882       70.538579     -0.67454581      -1.2648387      -70.647934       16.745103        16.745103       2889.7303       2889.7303
 4.4673257e-199        1457.839      -19.245093       68.868657     -0.37846081      -5.1352766      -91.088592       16.745103        16.745103       2882.1879       2882.1879
 3.0651952e-198       1455.9065        -19.1564       71.245894     -0.54217801      -2.5303513      -52.332495       16.745103        16.745103       2878.3228       2878.3228
 6.1040457e-198        1455.211      -19.021332        78.93023      -1.1261205       6.2677106       88.024906       16.745103        16.745103       2876.9318       2876.9318
 2.7436673e-197       1453.7014      -19.069764       71.011931     -0.28007791      -1.3761987      -4.6361198       16.745103        16.745103       2873.9127       2873.9127
 5.7474297e-197       1452.9553      -18.645257       89.951194     -0.17948891       -1.198312      -4.5009603       16.745103        16.745103       2872.4204       2872.4204
 5.8917721e-197       1452.9239      -18.801728       84.726049     -0.61638466      -1.6360044      -66.315111       16.745103        16.745103       2872.3576       2872.3576
 1.0084962e-196       1452.3797      -19.357357       61.504181     -0.26892919       -3.704788       -60.97183       16.745103        16.745103       2871.2693       2871.2693
 1.1214047e-195       1449.9644      -19.142122       75.848412      -1.3406847       7.5052178       81.861074       16.745103        16.745103       2866.4386       2866.4386
  3.517864e-195       1448.8145      -19.209329       67.477129     -0.49823389     -0.89595866      -11.016738       16.745103        16.745103       2864.1388       2864.1388
 2.9884903e-194       1446.6683      -18.949478       78.097651      -0.1548665      -7.0056444       -95.71001       16.745103        16.745103       2859.8465       2859.8465
 6.4070638e-194       1445.8991      -19.031668       76.617551    -0.046024364      -5.6013258       -71.06412       16.745103        16.745103       2858.3079       2858.3079
 2.6516241e-193       1444.4721      -19.047258        75.06926     -0.62426232      -2.0337766      -77.118529       16.745103        16.745103       2855.4539       2855.4539
 6.0255011e-193       1443.6446      -18.983786       77.950679   -0.0061859238      -5.1766124      -55.446746       16.745103        16.745103        2853.799        2853.799
 4.9804023e-192       1441.5258      -19.099935       73.072282     -0.49922426      -3.4331683      -74.519477       16.745103        16.745103       2849.5615       2849.5615
 9.4117348e-192       1440.8828      -19.010625       79.206402     -0.66151787      0.71038311       64.333296       16.745103        16.745103       2848.2753       2848.2753
 1.1283418e-191       1440.6947      -18.765681        87.23315     -0.66473125     -0.43340531      -92.971796       16.745103        16.745103       2847.8993       2847.8993
 2.4306467e-191       1439.9207      -19.145234       72.581674     -0.82254004       3.1119405       90.588198       16.745103        16.745103       2846.3512       2846.3512
 4.9595188e-191       1439.2009      -19.372877       68.787557      -1.3026311       7.6431756       84.647885       16.745103        16.745103       2844.9116       2844.9116
 1.1036498e-190       1438.3943      -19.340415       67.121058     -0.59295817      -2.3789709      -76.722678       16.745103        16.745103       2843.2985       2843.2985
 6.4635905e-190       1436.6201      -18.575247       89.411363    -0.024895736      -3.8406473      -29.921943       16.745103        16.745103       2839.7501       2839.7501
 7.9124528e-189       1434.1086      -18.851494       84.174269     -0.73497379       2.3774075       95.270547       16.745103        16.745103       2834.7271       2834.7271
 8.1571656e-189       1434.0715      -19.266708       66.768077     -0.30112733      -3.1454685      -25.485041       16.745103        16.745103       2834.6529       2834.6529
 2.5605364e-188        1432.921       -18.99628       75.028234     -0.63640873     -0.39943451      -45.343512       16.745103        16.745103       2832.3518       2832.3518
 5.2140322e-187       1429.9006      -18.922861       79.354372     -0.01786432      -7.0315245      -74.965744       16.745103        16.745103       2826.3111       2826.3111
 1.3450998e-186       1428.9463       -19.01142       72.865702     -0.13452927      -2.4373417      -8.0151568       16.745103        16.745103       2824.4024       2824.4024
 2.5680445e-186        1428.293      -19.116019       70.252965     -0.62573287       0.1098922      -75.221934       16.745103        16.745103       2823.0957       2823.0957
 4.6444747e-186       1427.6938      -19.258156        70.78775     -0.63272147       1.1244031       39.265339       16.745103        16.745103       2821.8974       2821.8974
 6.7794411e-186       1427.3089      -19.228742       70.006332     -0.32940503      -2.7389874      -24.414354       16.745103        16.745103       2821.1276       2821.1276
 9.6098764e-186       1426.9534      -18.852492       84.434068       -0.629873      -0.8361973      -75.790771       16.745103        16.745103       2820.4166       2820.4166
 2.6735499e-185       1425.9235      -18.672884       88.155117     -0.63369201      0.56723607      -14.761963       16.745103        16.745103       2818.3569       2818.3569
 6.0103463e-185       1425.1068      -19.048485       73.444056     -0.25556549      -3.3156278      -25.228151       16.745103        16.745103       2816.7234       2816.7234
 2.5162027e-184       1423.6683      -19.084058       75.177171     -0.73850156     -0.77922089       57.993229       16.745103        16.745103       2813.8464       2813.8464
 3.9141298e-184       1423.2198      -19.296347       66.831188     -0.19849416      -5.6114521      -65.430852       16.745103        16.745103       2812.9495       2812.9495
 9.7773137e-183       1419.9951      -19.201704       66.417735     -0.33033774      -2.9611301      -50.165309       16.745103        16.745103       2806.5001       2806.5001
 1.1289824e-182       1419.8447      -19.080253       75.477732     -0.77254757      -0.6654825       60.047247       16.745103        16.745103       2806.1991       2806.1991
 7.1094327e-181       1415.6953      -19.109129       69.578366     -0.44081294     -0.88471131      -14.823245       16.745103        16.745103       2797.9004       2797.9004
 1.1745612e-179        1412.884       -19.21373       70.035232     -0.68147247       -1.391546      -99.107027       16.745103        16.745103       2792.2779       2792.2779
 2.0058523e-178       1410.0396      -19.058871       71.730971    -0.053885455      -1.6859284      0.87228318       16.745103        16.745103        2786.589        2786.589
  3.425283e-178       1409.4979      -18.876102       82.275341     -0.79237581       3.1548334       85.050244       16.745103        16.745103       2785.5055       2785.5055
 3.7588422e-178       1409.3983      -18.969665       78.606318     -0.65929029     -0.65666665      -33.220318       16.745103        16.745103       2785.3064       2785.3064
 6.3606043e-178       1408.8656      -18.803444       82.711186     -0.64963444      0.19797364       -54.00854       16.745103        16.745103       2784.2411       2784.2411
 9.2992012e-178       1408.4792      -19.396287       65.698888      -0.7114098      0.18855973       73.973084       16.745103        16.745103       2783.4682       2783.4682
 1.9050045e-177       1407.7554      -18.996479       75.780827     -0.45628111      -1.0876779      -8.1955276       16.745103        16.745103       2782.0206       2782.0206
 1.8930868e-177        1407.755      -19.143458       74.501119     -0.85582165       3.3492476       52.060236       16.745103        16.745103       2782.0199       2782.0199
 2.0254588e-177       1407.6808       -18.66263       87.005543     -0.32525945      -1.5359044      -13.319225       16.745103        16.745103       2781.8714       2781.8714
 1.2990045e-176       1405.8158      -18.869609       83.128124     -0.78456984       1.6987564       12.631692       16.745103        16.745103       2778.1413       2778.1413
 3.6636281e-175       1402.4697      -19.029951       77.659911     -0.68709419     -0.33549246      -67.090656       16.745103        16.745103       2771.4492       2771.4492
 5.3641285e-175       1402.0818      -18.777276       80.673193     -0.16460632      -2.2865352      -14.883922       16.745103        16.745103       2770.6733       2770.6733
 1.6279872e-174       1400.9649      -19.277009       69.212189     -0.71989807      0.87096221      -58.468764       16.745103        16.745103       2768.4396       2768.4396
  2.482792e-174       1400.5362      -19.201358       66.616369   -0.0039327071      -6.8762201      -74.251261       16.745103        16.745103       2767.5823       2767.5823
 3.1344753e-174       1400.2965      -18.870713       80.198389     -0.21534473      -5.7243284       -81.38558       16.745103        16.745103       2767.1028       2767.1028
 4.1311944e-174       1400.0138      -18.854684       83.712937      -1.0816519       5.3231238       58.465699       16.745103        16.745103       2766.5373       2766.5373
  2.385576e-173       1398.2537      -18.656649       89.738445     -0.60753923      -0.4461394      -94.533234       16.745103        16.745103       2763.0171       2763.0171
  1.095346e-172       1396.7228      -19.040859       75.708628     -0.63058135      -1.7173073      -74.214679       16.745103        16.745103       2759.9554       2759.9554
 3.0646013e-172       1395.6873      -19.047384       77.650624     -0.62833188      0.74182738       89.625043       16.745103        16.745103       2757.8844       2757.8844
 2.9284965e-171       1393.4235      -18.632706       88.728448     -0.19003935      -5.3747875      -94.379515       16.745103        16.745103       2753.3568       2753.3568
 7.9966307e-171       1392.4123      -19.324454       67.732257     -0.33344416      -4.0664979      -84.026875       16.745103        16.745103       2751.3345       2751.3345
 1.7299734e-170        1391.634      -19.287415       69.260908     -0.51184343       -2.060114      -58.534295       16.745103        16.745103       2749.7778       2749.7778
 2.1970719e-170       1391.3884      -19.384571       62.003518      -0.1980945      -5.1418776      -65.959055       16.745103        16.745103       2749.2865       2749.2865
 1.2862797e-169       1389.6145      -19.136439       71.246238     -0.79453002       2.4251401       30.873199       16.745103        16.745103       2745.7388       2745.7388
   2.54373e-169        1388.926      -18.775382       85.096771     -0.66874912      0.75396029      -47.279643       16.745103        16.745103       2744.3617       2744.3617
 4.2281481e-169       1388.4112      -19.145488       68.559719      -0.2660691      -4.9487901      -91.758327       16.745103        16.745103       2743.3322       2743.3322
 4.6812805e-169       1388.3027      -19.090487       73.665931     -0.71845683       -1.464602       89.763137       16.745103        16.745103       2743.1153       2743.1153
 2.7911675e-168       1386.5106      -18.901279       81.754808     -0.58142211      -2.3108389      -99.097335       16.745103        16.745103        2739.531        2739.531
 3.0219931e-168       1386.4245      -19.447315       64.078639     -0.42740308      -3.2655164      -88.224912       16.745103        16.745103       2739.3588       2739.3588
 1.1018731e-167       1385.1242      -18.763268       85.092318    -0.091796832      -4.0765113      -33.608354       16.745103        16.745103       2736.7582       2736.7582
 1.3637536e-167       1384.9043      -18.683763       84.993286     -0.01777812      -6.1623455      -81.456448       16.745103        16.745103       2736.3184       2736.3184
 7.2429026e-167       1383.2279      -19.253947       67.502174      -0.5190637       -2.750234      -67.972338       16.745103        16.745103       2732.9656       2732.9656
 8.2536332e-167       1383.0906      -19.143442       71.787901     -0.10610134      -1.6334866      -2.9291845       16.745103        16.745103        2732.691        2732.691
  1.460117e-166       1382.5135       -19.04356       75.292156     -0.94581411       4.4886753        63.35609       16.745103        16.745103       2731.5369       2731.5369
 7.8828451e-166       1380.8207      -18.753276       86.796532     -0.90703887       3.3064074       25.700485       16.745103        16.745103       2728.1512       2728.1512
 1.3503736e-165       1380.2758      -19.455872       63.916205     -0.67646435      0.36925841      -92.319841       16.745103        16.745103       2727.0614       2727.0614
  3.037842e-165       1379.4584      -19.226145       69.870233      -0.7428166      -0.4414145       80.654265       16.745103        16.745103       2725.4266       2725.4266
 1.0441953e-164       1378.2171      -19.078916        72.07554     -0.64393002      0.45974808      -65.192032       16.745103        16.745103       2722.9439       2722.9439
 1.1012715e-164       1378.1572      -18.855706       80.688689     -0.51309792      -1.8427187      -45.047171       16.745103        16.745103       2722.8242       2722.8242
 2.3014051e-164       1377.4135      -19.132766       69.229581     -0.31240162      -3.4485481      -51.269289       16.745103        16.745103       2721.3368       2721.3368
 4.3164447e-164       1376.7779      -19.241464       67.355159     -0.38737296      -2.8254861      -35.344909       16.745103        16.745103       2720.0657       2720.0657
 4.9989171e-164       1376.6245      -19.167817        72.60533     -0.58467773      -2.2864268      -84.482293       16.745103        16.745103       2719.7588       2719.7588
 2.2723658e-163       1375.1037      -19.207627        70.34183     -0.12184545      -2.8164863      -22.573609       16.745103        16.745103       2716.7171       2716.7171
 1.0909487e-162       1373.5282      -18.938411       79.819445     -0.73500987       2.0388641       65.600724       16.745103        16.745103       2713.5662       2713.5662
 1.2732584e-162        1373.367      -19.369702       64.691213     -0.15902204       -6.801996      -98.342894       16.745103        16.745103       2713.2439       2713.2439
 1.3829796e-161       1370.9751       -19.46213       63.615122     -0.67742997      0.42790241      -96.935749       16.745103        16.745103       2708.4601       2708.4601
 2.4492938e-161       1370.3969      -18.672751       86.904096     -0.27531994     -0.66960575      -1.9392237       16.745103        16.745103       2707.3037       2707.3037
 3.5219312e-161       1370.0271      -18.646017       88.287417    -0.091375982      -3.1158662      -21.841227       16.745103        16.745103        2706.564        2706.564
 4.9882228e-161       1369.6724       -19.48295       60.727278     -0.41394848       -1.164352      -7.8254812       16.745103        16.745103       2705.8545       2705.8545
 9.8429067e-161       1368.9861      -19.255421       70.481748     -0.62547767     -0.23453902      -58.172541       16.745103        16.745103       2704.4819       2704.4819
 1.7015401e-160        1368.432      -19.230977       70.285984     -0.23461847      -4.5023126      -76.655048       16.745103        16.745103       2703.3739       2703.3739
 1.8544502e-160       1368.3393      -19.091459       71.474085     -0.63884533       1.2822377       65.368815       16.745103        16.745103       2703.1885       2703.1885
 1.7523427e-159       1366.0868       -19.41568       64.320112     -0.42988877      -3.9794104      -90.509615       16.745103        16.745103       2698.6833       2698.6833
 3.3229832e-159       1365.4402      -19.470496       60.692403     -0.69748217      -1.2043279       92.650848       16.745103        16.745103       2697.3902       2697.3902
 4.3316143e-159       1365.1685      -18.846298       80.844196     -0.48041803        -2.68377      -73.474696       16.745103        16.745103       2696.8467       2696.8467
 2.8377856e-158       1363.2822      -18.663184       87.350601    -0.039803557      -5.8532095      -77.806338       16.745103        16.745103       2693.0741       2693.0741
 5.0226474e-158       1362.7046      -18.757216       86.687927     -0.66033662       1.1712077       20.276113       16.745103        16.745103        2691.919        2691.919
 1.8424761e-157       1361.3982      -18.793785       83.544219     -0.35647709      -2.5003958      -29.650193       16.745103        16.745103       2689.3062       2689.3062
 2.8202166e-157       1360.9659      -18.992699       77.880029     -0.68184413      0.46207895       -2.008326       16.745103        16.745103       2688.4415       2688.4415
  2.857467e-157       1360.9461        -18.9756       75.129851     -0.20020493       -1.717352      -4.5315519       16.745103        16.745103        2688.402        2688.402
 4.1304361e-157        1360.571      -18.687793       87.205192     -0.39564354      -1.0023523      -10.309689       16.745103        16.745103       2687.6518       2687.6518
 4.4820033e-157       1360.4827      -19.023288         77.9471     -0.63776196     -0.80722743      -84.464053       16.745103        16.745103       2687.4751       2687.4751
 6.7127638e-157       1360.0721      -19.423426       66.278887       -1.179723        6.343752       66.312914       16.745103        16.745103        2686.654        2686.654
 1.0631383e-156       1359.6056       -19.12838       69.707334     -0.52533681      -1.7566022      -99.221671       16.745103        16.745103       2685.7211       2685.7211
 1.8822981e-156       1359.0277       -19.18035       68.714453    -0.039766989      -7.1558811      -81.176726       16.745103        16.745103       2684.5652       2684.5652
 1.9288232e-156       1358.9967       -19.20202        71.23465      -1.0209226       3.7730494       30.522291       16.745103        16.745103       2684.5031       2684.5031
 1.9848199e-156       1358.9614      -19.322489       65.955975     -0.55607904      -1.9143458      -48.012078       16.745103        16.745103       2684.4326       2684.4326
 2.7603841e-156       1358.6249      -18.735299       87.222654     -0.84700815       4.2926484        66.15207       16.745103        16.745103       2683.7596       2683.7596
 5.9678568e-156       1357.8472      -19.175303       70.118254    -0.062679749      -2.5603361      -6.6502331       16.745103        16.745103       2682.2043       2682.2043
  1.094633e-155        1357.234      -19.493396       62.001815     -0.69338796      0.96641885       48.813397       16.745103        16.745103       2680.9778       2680.9778
 1.3208649e-155       1357.0395      -18.806198       83.677689     -0.63216954      0.23578254      -7.3643938       16.745103        16.745103       2680.5887       2680.5887
 1.4027067e-155       1356.9727      -19.143688       72.875049     -0.68748099     -0.46531856      -69.690939       16.745103        16.745103       2680.4552       2680.4552
 1.5514464e-155       1356.8653      -19.382077       66.767121     -0.87102873       2.6179267       18.605452       16.745103        16.745103       2680.2404       2680.2404
 1.5710543e-155       1356.8461      -18.741352       83.618595    -0.021659861      -1.8348724       -2.245196       16.745103        16.745103        2680.202        2680.202
 1.6151382e-155       1356.8118      -19.041494       77.299817     -0.60556551      -1.3459497      -83.626645       16.745103        16.745103       2680.1333       2680.1333
 2.5586876e-155        1356.345      -19.201798       71.973701     -0.52865851      -1.3402665      -64.871815       16.745103        16.745103       2679.1999       2679.1999
 2.6709264e-155       1356.2955      -19.447093       64.288437     -0.61514686      0.76373828      -28.778725       16.745103        16.745103       2679.1007       2679.1007
 3.5698194e-155       1355.9987      -19.483844       61.557679     -0.86922415       4.2227849       77.915987       16.745103        16.745103       2678.5073       2678.5073
 7.2138547e-155       1355.2886      -18.653089       86.762711     -0.05680613      -2.7487436      -16.310302       16.745103        16.745103        2677.087        2677.087
 2.4897151e-154       1354.0432      -19.092636       72.603726      -0.6605453     -0.18692993       -52.18681       16.745103        16.745103       2674.5962       2674.5962
 3.1894397e-154       1353.7889      -18.766438       86.030383     -0.66423826       1.3013734       28.374811       16.745103        16.745103       2674.0876       2674.0876
 1.2580342e-153         1352.41      -18.782435       85.461673     -0.40750544      -1.4990359      -21.401346       16.745103        16.745103       2671.3297       2671.3297
 2.4123926e-153       1351.7522      -19.194403       71.648984     -0.69999103      0.34386881      -68.048983       16.745103        16.745103       2670.0143       2670.0143
 4.6983139e-153        1351.079      -19.177439       69.418889     -0.47439727      -2.2647119      -41.722748       16.745103        16.745103       2668.6678       2668.6678
 5.1406166e-153       1350.9824      -19.010583       77.356377     -0.54714329      -1.4882604      -33.506695       16.745103        16.745103       2668.4746       2668.4746
 1.0171111e-152       1350.2934      -18.860978       83.699743      -0.7012169       3.2972398        92.75772       16.745103        16.745103       2667.0965       2667.0965
 1.9924569e-152       1349.6143      -19.007547       76.167693     -0.69040189      0.20719444       78.270975       16.745103        16.745103       2665.7384       2665.7384
 2.0146005e-152       1349.5966       -19.11191       73.113775     -0.12732514      -6.1707973      -78.907334       16.745103        16.745103       2665.7031       2665.7031
 8.1855559e-152        1348.188      -18.805312       82.227787     -0.58529934      -0.3375164      -85.107818       16.745103        16.745103       2662.8859       2662.8859
 7.1557672e-151       1346.0133      -18.870207       78.212841     -0.10737191      -3.9914484      -32.231905       16.745103        16.745103       2658.5363       2658.5363
 1.6777531e-150       1345.1545      -18.988234       74.842586     -0.55303303      -1.3770283      -94.585554       16.745103        16.745103       2656.8188       2656.8188
 1.8557238e-150        1345.047      -19.490011       61.025842     -0.62224998     -0.95535771       -53.55281       16.745103        16.745103       2656.6038       2656.6038
 2.0175074e-150       1344.9568      -18.817801       80.995793     -0.20917822      -4.5844855      -61.738995       16.745103        16.745103       2656.4234       2656.4234
 5.6607108e-150       1343.9185      -18.832325       81.753579      -0.6464523       1.5790539       94.868483       16.745103        16.745103       2654.3467       2654.3467
 7.7664845e-150       1343.5956      -19.141683       72.915698     -0.92211896       4.9342475       96.102699       16.745103        16.745103       2653.7009       2653.7009
 2.3160239e-149       1342.4963      -18.918153       79.489522     -0.60395258     -0.63787289      -25.401276       16.745103        16.745103       2651.5024       2651.5024
 2.9912919e-149       1342.2338      -18.785905       85.242342     -0.87758994       5.1082281       95.984941       16.745103        16.745103       2650.9774       2650.9774
 4.3927986e-149       1341.8429      -18.809516       82.749427   -0.0023840547       -6.061095      -62.012882       16.745103        16.745103       2650.1956       2650.1956
 1.0061307e-148       1341.0075       -19.01107       74.063857     -0.55078456      -1.4769848      -95.229424       16.745103        16.745103       2648.5248       2648.5248
 1.2242316e-148       1340.8047      -19.011752       75.900078      -0.8674283       4.1017238        65.73172       16.745103        16.745103       2648.1191       2648.1191
 2.0648129e-148       1340.2753      -18.917018       81.054168     -0.56003369      -2.0953794      -87.562547       16.745103        16.745103       2647.0604       2647.0604
 8.2081963e-148       1338.8886      -18.930185       81.139804     -0.64001951      0.99408284       23.092601       16.745103        16.745103       2644.2869       2644.2869
 9.5941546e-148       1338.7259       -19.08289       72.227025     -0.63441296    -0.023692231      -63.261343       16.745103        16.745103       2643.9616       2643.9616
 1.7717646e-147       1338.1058       -19.04731       73.988503     -0.64519928      -0.2897714      -59.875939       16.745103        16.745103       2642.7215       2642.7215
 4.7959865e-147       1337.1034      -18.767068       82.134231     -0.22779496      -2.3108318      -21.473551       16.745103        16.745103       2640.7166       2640.7166
 2.2326514e-146       1335.5587      -19.173909       71.782214     -0.76678375       2.7215472       80.327922       16.745103        16.745103       2637.6273       2637.6273
 4.2846807e-146       1334.9002      -18.991548       75.848003     -0.47916001      -3.0761844      -82.231214       16.745103        16.745103       2636.3103       2636.3103
 2.1908393e-145       1333.2618      -19.250499       70.341563     -0.57109144      -1.2504777      -83.739315       16.745103        16.745103       2633.0334       2633.0334
 4.7276147e-145        1332.486      -19.391354       64.664446     -0.31291276      -4.1089188      -63.641963       16.745103        16.745103       2631.4818       2631.4818
 7.7560788e-145       1331.9843      -19.488296       62.249412     -0.61523211     -0.75586869      -41.735557       16.745103        16.745103       2630.4784       2630.4784
  3.792414e-144       1330.3905      -19.315708       67.502004      -0.4113409      -2.1942848      -33.127753       16.745103        16.745103       2627.2909       2627.2909
 4.6361485e-144        1330.183      -18.650135       86.919122     -0.31930203      0.33439881     -0.64635575       16.745103        16.745103       2626.8758       2626.8758
   1.05779e-143       1329.3515      -19.324986       63.503913     -0.41122571      0.14468756     -0.14320405       16.745103        16.745103       2625.2128       2625.2128
 1.8223103e-143       1328.8009      -19.221612       69.219914     -0.51720903      -3.2413862      -95.257926       16.745103        16.745103       2624.1116       2624.1116
 3.0141293e-143       1328.2911      -19.085056       75.228692     -0.68572326     -0.61792709       90.792402       16.745103        16.745103       2623.0919       2623.0919
 4.6003101e-143       1327.8616      -18.710713       86.200919     -0.20263129      -2.5963903      -22.791014       16.745103        16.745103        2622.233        2622.233
 8.2457436e-143       1327.2714      -19.124758       70.575268     -0.32348952       -4.321176      -73.828402       16.745103        16.745103       2621.0526       2621.0526
  8.880332e-143       1327.1906      -19.314038       65.442656     -0.67716514     -0.15652319       71.616316       16.745103        16.745103        2620.891        2620.891
 8.9972495e-143       1327.1709      -19.140033       72.143777    -0.056854093      -4.0758322      -37.840296       16.745103        16.745103       2620.8516       2620.8516
 1.3085071e-142       1326.7897      -19.090618       71.379589    -0.016462722      -7.8238417      -99.962674       16.745103        16.745103       2620.0892       2620.0892
  2.919121e-142       1325.9806      -19.022684       71.286287     -0.13730273      -1.2787852      -4.7737683       16.745103        16.745103       2618.4711       2618.4711
 3.2041159e-142       1325.8808      -19.102871       71.118104     -0.67225125       2.9273631       93.858665       16.745103        16.745103       2618.2715       2618.2715
  3.578481e-142       1325.7637      -18.875904       82.292905     -0.56914754      -1.8974018      -95.035534       16.745103        16.745103       2618.0372       2618.0372
 7.7078784e-142       1324.9898      -19.294977       68.689773     -0.61623752    -0.054905327      -13.940716       16.745103        16.745103       2616.4893       2616.4893
 4.3353814e-141        1323.256       -18.99761         77.6496     -0.30448574      -3.1994387      -43.410039       16.745103        16.745103       2613.0217       2613.0217
 5.5293751e-141        1323.006      -18.995564       78.036235     -0.55560272      -2.2903612      -87.103907       16.745103        16.745103       2612.5219       2612.5219
 6.3983777e-141       1322.8534      -18.803042       84.984754      -0.7598017       3.6887003       84.491667       16.745103        16.745103       2612.2167       2612.2167
 7.2434365e-141       1322.7227      -18.992313       76.918379     -0.68097172      0.89574675       21.332472       16.745103        16.745103       2611.9553       2611.9553
 1.5549887e-139       1319.6495       -19.38642        64.14761     -0.36882372      -4.6865217        -95.3862       16.745103        16.745103       2605.8089       2605.8089
 2.9551856e-139       1319.0008      -19.336261       66.359792     -0.16923044      -5.3150968      -78.646683       16.745103        16.745103       2604.5114       2604.5114
  8.137198e-139       1317.9813      -19.152387       72.278839     -0.69813587      0.45861508        17.28794       16.745103        16.745103       2602.4724       2602.4724
 6.3690195e-138       1315.9171      -18.781329       85.160286     -0.57416655     -0.98172944      -81.014407       16.745103        16.745103       2598.3439       2598.3439
 1.0884828e-137       1315.3745      -19.106905       69.121803    -0.070967381      -1.1503714      0.16279067       16.745103        16.745103       2597.2588       2597.2588
 1.4015926e-137        1315.115      -19.093985       72.228263     -0.75570506       3.0086433       53.870214       16.745103        16.745103       2596.7398       2596.7398
 2.0190702e-137       1314.7433      -19.153768       71.980555     -0.21367938      -4.8362313      -65.471436       16.745103        16.745103       2595.9965       2595.9965
 3.2223577e-137       1314.2692      -18.942681       79.635876     -0.67373119    0.0013317779       63.067364       16.745103        16.745103       2595.0482       2595.0482
 3.5776562e-137        1314.158      -19.175691       70.849666    -0.029110078      -6.6174276      -79.718985       16.745103        16.745103       2594.8258       2594.8258
 5.7712858e-137       1313.6732      -18.868421       79.220711    -0.055041646      -3.5660051      -19.502976       16.745103        16.745103       2593.8561       2593.8561
 6.9290612e-137       1313.4837      -19.004921       75.818964     -0.39106006      -1.1565039      -7.4977233       16.745103        16.745103       2593.4772       2593.4772
 1.4166601e-136       1312.7619      -18.964046       79.360834     -0.47071745      -2.3523905      -65.928554       16.745103        16.745103       2592.0335       2592.0335
 2.2096908e-136       1312.3107      -18.780972       83.772393     -0.19190389      -1.4273932      -8.7956763       16.745103        16.745103       2591.1311       2591.1311
 3.2119754e-136         1311.93      -19.195935       69.788897  -0.00061359978      -3.3880481      -17.976289       16.745103        16.745103       2590.3698       2590.3698
 6.1312172e-136       1311.2768      -19.252428       67.050347     -0.66685268     -0.47783732       62.830891       16.745103        16.745103       2589.0635       2589.0635
 3.0953059e-135       1309.6511      -18.956205       76.132091    -0.060616213      -5.3218557      -49.076531       16.745103        16.745103        2585.812        2585.812
 2.0855145e-134       1307.7368      -19.138536       68.420745     -0.22032723      -2.8574201       -32.10779       16.745103        16.745103       2581.9833       2581.9833
 3.1339773e-134       1307.3228      -19.477424       62.822511     -0.51468789        -1.72623      -77.801486       16.745103        16.745103       2581.1555       2581.1555
 6.6875619e-134       1306.5582       -18.99491       78.008814     -0.64154871     -0.69060323      -82.770196       16.745103        16.745103       2579.6263       2579.6263
 1.8095992e-133       1305.5562      -18.945739       77.798628     -0.76070338       3.6171728       82.588124       16.745103        16.745103       2577.6221       2577.6221
 1.6276143e-132       1303.3529      -19.112203       72.645501     -0.67727487      0.67536293      -16.674607       16.745103        16.745103       2573.2156       2573.2156
  1.190098e-131       1301.3568      -19.331483       66.397969     -0.55476936      -2.2646073      -77.133334       16.745103        16.745103       2569.2233       2569.2233
 2.3957529e-131       1300.6505      -18.869313       80.738348     -0.55731559     -0.50143456      -17.783357       16.745103        16.745103       2567.8107       2567.8107
 2.0526526e-130       1298.4958      -19.409865       62.149574   -0.0015163319      -1.6769255      -1.0025864       16.745103        16.745103       2563.5014       2563.5014
  2.351132e-130       1298.3534      -19.255354       68.757509     -0.69510043     -0.15100402       99.833202       16.745103        16.745103       2563.2166       2563.2166
 3.8963937e-130       1297.8416      -18.847578       83.123881     -0.57510303     -0.75598242       -76.48674       16.745103        16.745103        2562.193        2562.193
 1.9180241e-129       1296.2411      -18.872863       79.508993     -0.35048011      -2.8853689      -46.012476       16.745103        16.745103        2558.992        2558.992
 2.2970362e-129       1296.0541       -19.44508       62.847185      -0.6276629     -0.65146931       -49.36812       16.745103        16.745103       2558.6181       2558.6181
 1.7401091e-128       1294.0226      -19.171932       70.727324     -0.13345378      -1.5982098      -5.6202965       16.745103        16.745103        2554.555        2554.555
 2.3631279e-128       1293.7099      -19.243673       67.358114      -0.3344255      -3.1352239      -39.448702       16.745103        16.745103       2553.9296       2553.9296
 6.2036555e-128       1292.7381      -19.297225       66.843029     -0.17332437      -1.8633401      -8.3808325       16.745103        16.745103        2551.986        2551.986
  1.068485e-127       1292.1878      -19.040676       73.489775     -0.26040456      -4.4267223      -63.679102       16.745103        16.745103       2550.8853       2550.8853
 2.4469393e-127       1291.3525       -18.92786       76.123967     -0.15568522      -4.8708025      -68.423902       16.745103        16.745103       2549.2149       2549.2149
 2.4494919e-127       1291.3448      -19.262663       69.664524     -0.60444392      0.50839692      -34.768804       16.745103        16.745103       2549.1995       2549.1995
 8.6255732e-127       1290.0794      -19.261822        68.21845     -0.19977944      -4.3673905      -51.876079       16.745103        16.745103       2546.6685       2546.6685
 1.2470024e-126       1289.7041      -19.121562       70.752898     -0.63550636       1.8969637       75.762088       16.745103        16.745103        2545.918        2545.918
 1.4052142e-126        1289.578      -19.097265       74.251826     -0.71265021     -0.65658626       59.487365       16.745103        16.745103       2545.6658       2545.6658
 2.5989074e-126       1288.9565      -19.172358       72.697337       -1.205142       7.0224519       81.288324       16.745103        16.745103       2544.4227       2544.4227
 3.3451299e-126       1288.6974      -19.074647       74.641103     -0.49775069      -2.2781727      -53.763531       16.745103        16.745103       2543.9046       2543.9046
  1.272046e-125       1287.3551      -19.308359       67.093005      -0.4013899      -3.3074738      -62.154277       16.745103        16.745103       2541.2199       2541.2199
 3.6692915e-125        1286.289      -18.790023       82.404049    -0.040315062      -3.0793485      -16.906277       16.745103        16.745103       2539.0879       2539.0879
 3.9460231e-125       1286.2097      -19.211844       67.622256     -0.50094458      -1.3376972      -38.652001       16.745103        16.745103       2538.9292       2538.9292
 5.8725929e-125       1285.8055      -18.902212       77.408268    -0.063682541      -4.2975084       -34.37187       16.745103        16.745103       2538.1207       2538.1207
 9.2219544e-125       1285.3475      -19.063029       73.845672     -0.72088257       2.1482193       35.955687       16.745103        16.745103       2537.2048       2537.2048
 1.3817601e-124       1284.9365      -18.800548       80.556759    -0.029121841      -2.6237004      -11.209436       16.745103        16.745103       2536.3828       2536.3828
 1.6049697e-124       1284.7801      -19.253276       69.058016      -0.9037692       3.3402886       32.494817       16.745103        16.745103       2536.0701       2536.0701
 1.6225795e-124       1284.7626       -19.17265       70.215492    -0.037842182      -2.5444791      -9.3747757       16.745103        16.745103       2536.0349       2536.0349
 2.6481674e-124       1284.2661       -19.17553       72.448983     -0.63336373      0.74824985      -26.398095       16.745103        16.745103        2535.042        2535.042
 1.1447289e-123       1282.7956      -19.198639       68.706257   -0.0041035123      -2.0217362      -2.7261812       16.745103        16.745103       2532.1009       2532.1009
 1.9934739e-123       1282.2342      -18.886711       79.704158     -0.60744396      0.53700137       -79.08728       16.745103        16.745103       2530.9782       2530.9782
 2.9220352e-123       1281.8451      -19.416679       63.841862     -0.53675583       -2.598541      -99.218175       16.745103        16.745103       2530.2001       2530.2001
 1.3184939e-122       1280.3317      -19.017543       77.011198     -0.38932655       -2.191807      -41.474762       16.745103        16.745103       2527.1732       2527.1732
 1.6467289e-122       1280.1028      -19.405922       62.426937     -0.22682182       -1.861469      -8.3743441       16.745103        16.745103       2526.7153       2526.7153
 1.8015247e-122       1280.0063      -19.325888       64.254753     -0.44966217      -3.1502858      -98.549496       16.745103        16.745103       2526.5223       2526.5223
 3.1017038e-122       1279.4563      -18.989013       76.337258     -0.65165597       1.4765671       88.976516       16.745103        16.745103       2525.4224       2525.4224
 5.1437936e-122       1278.9438      -19.173015       70.425828    -0.043395888      -6.8479394      -85.545185       16.745103        16.745103       2524.3975       2524.3975
 5.7387644e-122       1278.8277      -18.912783       80.401199     -0.73293794       3.1108706       79.860134       16.745103        16.745103       2524.1653       2524.1653
 9.2406423e-122       1278.3447      -18.877856       79.261672     -0.15246544      -5.0494552      -64.563581       16.745103        16.745103       2523.1992       2523.1992
 3.7129941e-121       1276.9473      -19.150592       71.119805     -0.20795412      -5.2499282      -72.711004       16.745103        16.745103       2520.4043       2520.4043
 5.7902128e-121       1276.4963      -18.843042       80.689718    -0.014730787      -2.3747176      -8.9230017       16.745103        16.745103       2519.5024       2519.5024
 8.6801093e-121       1276.0848      -19.202019       69.362322     -0.65601409      0.16798806      -71.288936       16.745103        16.745103       2518.6794       2518.6794
  1.567157e-120       1275.4873      -19.202775        68.88679     -0.43542515      -1.2485663      -12.952709       16.745103        16.745103       2517.4844       2517.4844
  2.702359e-120       1274.9358      -19.113685       69.726088     -0.13544465      -3.5180161      -28.757256       16.745103        16.745103       2516.3814       2516.3814
 4.4956982e-120       1274.4202      -19.225997       66.296819     -0.42569513    -0.013359283      -2.4720163       16.745103        16.745103       2515.3501       2515.3501
 6.4667777e-120         1274.05       -18.77433       80.953587     -0.07662608     -0.59105519     -0.57123699       16.745103        16.745103       2514.6097       2514.6097
 1.4356958e-119       1273.2458      -19.463205       59.993047     -0.16548708      -1.8571609      -6.8887873       16.745103        16.745103       2513.0013       2513.0013
 1.8323008e-119       1272.9952      -19.053731       72.722612     -0.38361251      -3.6863624      -91.571428       16.745103        16.745103       2512.5002       2512.5002
 2.6580861e-119       1272.6165      -19.014772       76.411754     -0.74717465       2.0542537       23.247262       16.745103        16.745103       2511.7428       2511.7428
 3.3355336e-119       1272.3829      -19.497561       60.166807     -0.54495529      -1.9435948      -99.291165       16.745103        16.745103       2511.2755       2511.2755
 5.7626054e-119       1271.8295       -19.01588       76.943372     -0.65384136     -0.03462475        76.42402       16.745103        16.745103       2510.1687       2510.1687
 1.0513675e-118       1271.2215       -18.91832       79.106585     -0.52772644     -0.99248686      -26.903478       16.745103        16.745103       2508.9528       2508.9528
 1.5022062e-118        1270.858      -18.818709        80.55046    -0.085748202      -4.4385783      -49.649966       16.745103        16.745103       2508.2259       2508.2259
 4.1943803e-118       1269.8246      -19.453536       61.343807      -0.5235555      -1.2637111      -36.636217       16.745103        16.745103        2506.159        2506.159
 6.1677969e-118       1269.4323      -19.135806       73.565179     -0.63822553      0.88886571       47.722984       16.745103        16.745103       2505.3745       2505.3745
 2.0652164e-117       1268.2172      -18.857807        79.16786    -0.037468235      -4.9181104      -46.422507       16.745103        16.745103       2502.9442       2502.9442
 2.9392256e-117       1267.8577      -19.460057       62.795674     -0.48867287      -2.0555781      -59.838858       16.745103        16.745103       2502.2251       2502.2251
 2.6278583e-116       1265.6604      -19.163658       68.121832     -0.22941915       -3.904265      -61.431623       16.745103        16.745103       2497.8306       2497.8306
 2.7141421e-116       1265.6215      -18.891374       80.453313     -0.24383866      -4.6022788      -83.700017       16.745103        16.745103       2497.7527       2497.7527
 3.3932119e-116       1265.3915       -19.19696       69.670823   -0.0061537201      -7.3712602       -96.12241       16.745103        16.745103       2497.2928       2497.2928
 9.4589563e-116       1264.3597      -19.302559       65.656502     -0.05164058      -7.0545845      -91.175501       16.745103        16.745103       2495.2292       2495.2292
 1.1750378e-115       1264.1361      -19.291687       68.077153     -0.40898558       -3.635023      -99.631194       16.745103        16.745103        2494.782        2494.782
 1.4404504e-115       1263.9258        -19.2809       67.137364      -0.6634905      0.22401215       17.087572       16.745103        16.745103       2494.3614       2494.3614
 2.4154122e-115       1263.4023        -19.1947       70.615634     -0.97419932       5.9104595       98.654665       16.745103        16.745103       2493.3143       2493.3143
 3.2953504e-115        1263.085       -19.38064       61.696375     -0.21577135      -3.5078134      -45.382079       16.745103        16.745103       2492.6797       2492.6797
 3.7051733e-115       1262.9611      -18.931249       77.879615     -0.43728943      -2.7192728       -69.23857       16.745103        16.745103        2492.432        2492.432
  4.220997e-115       1262.8241      -19.062122       76.043724       -0.802638       4.1097892        88.97285       16.745103        16.745103        2492.158        2492.158
 4.9075264e-115       1262.6668      -19.403125       63.614199     -0.25601563      -3.1119307      -33.287063       16.745103        16.745103       2491.8433       2491.8433
 5.5246614e-115       1262.5417      -19.027881       74.577883     -0.29630792      -4.7195479      -84.546244       16.745103        16.745103       2491.5932       2491.5932
 7.6727882e-115       1262.2066       -19.07582       73.186806     -0.63898859      0.74864914       43.224426       16.745103        16.745103       2490.9229       2490.9229
 1.2217941e-114       1261.7347      -19.099426       72.691221      -0.0601685      -2.5547039      -12.678727       16.745103        16.745103       2489.9792       2489.9792
 1.4386734e-114       1261.5647       -19.04129       74.719786     -0.53357068     -0.51031676      -10.654404       16.745103        16.745103       2489.6391       2489.6391
 1.6909504e-114       1261.3964      -18.908022       80.549901     -0.53285396     -0.51865176      -21.921011       16.745103        16.745103       2489.3027       2489.3027
 2.0549354e-114       1261.1948      -18.957702       78.383136     -0.37538501      -3.5235284       -72.88296       16.745103        16.745103       2488.8995       2488.8995
 2.1942871e-114       1261.1226       -19.06634       74.049376      -0.5420635      -1.5630737      -48.699799       16.745103        16.745103        2488.755        2488.755
 2.9938843e-114       1260.8052      -19.270471       64.862319     -0.36084192     -0.58038178      -6.1959436       16.745103        16.745103       2488.1203       2488.1203
  2.137774e-113       1258.8328      -19.238006       67.599323     -0.64273523        1.345048       44.659647       16.745103        16.745103       2484.1754       2484.1754
 2.4762487e-113       1258.6792      -19.342323       64.302568     -0.48708151      -1.5995751      -36.866579       16.745103        16.745103       2483.8682       2483.8682
  2.583681e-113       1258.6301      -19.185862       68.853694     -0.51530439      -1.0970785       -31.09925       16.745103        16.745103       2483.7699       2483.7699
 3.8968841e-113       1258.2125      -19.235658         67.1759     -0.59793008      0.31040426      -62.798073       16.745103        16.745103       2482.9347       2482.9347
 4.3721375e-113       1258.0907      -19.261775       69.408847     -0.61091747       1.0542119        32.64837       16.745103        16.745103       2482.6913       2482.6913
 4.7018224e-113       1258.0114      -18.833966       80.839991     -0.04386643      -2.7464768      -14.532443       16.745103        16.745103       2482.5326       2482.5326
  5.634634e-113       1257.8238      -18.911544       80.119435     -0.62746771      0.72312973       2.0152697       16.745103        16.745103       2482.1573       2482.1573
 8.2239477e-113        1257.439      -19.361604       65.452064     -0.64494616     -0.23188681       -75.75202       16.745103        16.745103       2481.3878       2481.3878
 9.5919433e-113       1257.2785      -19.202242       68.238389     -0.59649135      0.17308941      -69.124421       16.745103        16.745103       2481.0668       2481.0668
 1.0211767e-112       1257.2092      -19.316161       65.261238     -0.51479761      -2.0487688      -67.961492       16.745103        16.745103       2480.9283       2480.9283
 1.5239384e-112       1256.8022      -18.992642       75.879176     -0.61805719      0.67568808      -60.340292       16.745103        16.745103       2480.1143       2480.1143
 1.8463104e-112       1256.6037      -19.060398       74.196251     -0.27238566      -4.3501668      -65.177844       16.745103        16.745103       2479.7172       2479.7172
 2.0717766e-112       1256.4818       -19.23053        69.20021     -0.68345653      -0.1058273       41.915136       16.745103        16.745103       2479.4735       2479.4735
 2.6437186e-112       1256.2314      -18.945329       75.456583    -0.067051692      -5.8945426      -81.896729       16.745103        16.745103       2478.9726       2478.9726
 3.8691103e-112       1255.8439       -18.79101       80.525674    -0.091066427     -0.39428428     -0.86602678       16.745103        16.745103       2478.1977       2478.1977
 5.4355598e-112       1255.4974      -19.025005       76.481225      -0.3761443      -2.6892432       -52.22816       16.745103        16.745103       2477.5045       2477.5045
 6.6286841e-112       1255.2923      -18.989654       76.961407     -0.49924917       -2.414085       -73.79948       16.745103        16.745103       2477.0943       2477.0943
   8.04617e-112       1255.0918      -18.929397       75.914863    -0.002473224      -6.0937642      -72.051517       16.745103        16.745103       2476.6935       2476.6935
  1.171139e-111       1254.7098      -19.115682       73.768638     -0.64813093      0.52918839       5.3255699       16.745103        16.745103       2475.9294       2475.9294
 2.7063021e-111       1253.8656      -19.038432       72.949164     -0.26657847      -4.7147254      -91.584596       16.745103        16.745103       2474.2409       2474.2409
 2.8167702e-111       1253.8189      -18.951777       76.470413    -0.067495874      -5.8500805      -68.605992       16.745103        16.745103       2474.1476       2474.1476
 7.5032086e-111       1252.8325      -18.834511       79.962649    -0.071367298      -2.2814451      -13.361528       16.745103        16.745103       2472.1749       2472.1749
  1.014739e-110        1252.524      -18.852175       79.303667   -0.0017471534      -5.9326585      -68.728636       16.745103        16.745103       2471.5578       2471.5578
 1.0601088e-110       1252.4736      -19.067573       73.779825      -0.2357464      -2.0145692      -12.017768       16.745103        16.745103        2471.457        2471.457
 1.1884363e-110       1252.3527       -18.84619       78.757873    -0.096906286      -0.7478533     -0.44238962       16.745103        16.745103       2471.2152       2471.2152
 1.1825009e-110       1252.3511      -18.929455       79.763581     -0.54210664     -0.11717203      -10.620837       16.745103        16.745103       2471.2119       2471.2119
 2.8592617e-110       1251.4615      -19.138115       68.446377     -0.15384654      -2.5191811      -19.460867       16.745103        16.745103       2469.4328       2469.4328
 2.9491103e-110       1251.4239      -19.349462       66.619181     -0.98614216       4.7868487       54.428412       16.745103        16.745103       2469.3576       2469.3576
 3.4300203e-110       1251.2662       -19.10265       73.076719     -0.65383353      0.46294758      -80.745772       16.745103        16.745103       2469.0422       2469.0422
 5.8944546e-110       1250.7181      -18.895286       80.270508     -0.36784132      -3.0759426      -68.759181       16.745103        16.745103        2467.946        2467.946
 1.1856502e-109       1250.0126       -19.05203       76.386742     -0.73893362       2.3901765       25.638818       16.745103        16.745103        2466.535        2466.535
 1.5364263e-109       1249.7468       -19.10182       74.020467     -0.47715907      -2.0406469      -51.106172       16.745103        16.745103       2466.0034       2466.0034
 1.7412367e-109        1249.615      -19.045702       71.172333    -0.047253384      -3.3535253       -25.58832       16.745103        16.745103       2465.7398       2465.7398
 2.0354624e-109       1249.4522       -18.95581       78.915402     -0.74691034       3.1241335       60.016503       16.745103        16.745103       2465.4143       2465.4143
 2.0616438e-109       1249.4328       -18.86749       80.275453     -0.14544703      -4.9709895      -68.238241       16.745103        16.745103       2465.3754       2465.3754
 1.0775256e-108       1247.7724      -19.128242       72.685238     -0.57330203     -0.68042637      -23.598958       16.745103        16.745103       2462.0546       2462.0546
 1.7888459e-108       1247.2589      -18.957523       77.351069     -0.43105518      -2.5561668      -56.652207       16.745103        16.745103       2461.0275       2461.0275
 1.8250434e-108       1247.2322      -18.982417       76.773605     -0.70226562       2.5926469       53.917929       16.745103        16.745103       2460.9742       2460.9742
 6.7226906e-108       1245.9217      -19.181442       67.868074     -0.29818871      -1.7680398      -16.711072       16.745103        16.745103       2458.3531       2458.3531
 7.3894722e-108       1245.8205      -19.030847       76.718589     -0.60578622      0.13978867      -45.313953       16.745103        16.745103       2458.1507       2458.1507
  8.381766e-108       1245.6878      -19.118376       71.402292     -0.35738104      -1.3777622       -10.37176       16.745103        16.745103       2457.8854       2457.8854
 1.0152841e-107       1245.4895      -19.119348        71.05403     -0.44848382      -2.8962615       -83.06025       16.745103        16.745103       2457.4887       2457.4887
 1.0201261e-107       1245.4781      -19.071525       74.355327     -0.62976583      -0.5481101      -88.326527       16.745103        16.745103       2457.4659       2457.4659
 1.4172441e-107       1245.1426      -19.232064       66.637646     -0.32483944      -2.7137366      -40.643411       16.745103        16.745103       2456.7951       2456.7951
 1.7984372e-107       1244.8978      -18.990574       77.323324     -0.37569243      -3.6138224      -81.331999       16.745103        16.745103       2456.3054       2456.3054
 1.8931077e-107       1244.8398      -18.904731       77.879105     -0.21164758      -4.4272642      -72.506231       16.745103        16.745103       2456.1895       2456.1895
  2.184949e-107       1244.6898      -19.171674       69.425528     -0.49305165      -2.2165561      -74.466057       16.745103        16.745103       2455.8894       2455.8894
 2.8747416e-107       1244.4088      -19.327724       66.631175     -0.61660409     -0.39781689      -40.777034       16.745103        16.745103       2455.3274       2455.3274
 3.9675474e-107         1244.08       -19.23187       69.858425     -0.68063011       1.7316486       48.712758       16.745103        16.745103       2454.6697       2454.6697
 4.2129653e-107       1244.0133       -19.08044       71.085428     -0.11334332       -5.658179      -79.139509       16.745103        16.745103       2454.5364       2454.5364
 4.2661558e-107       1243.9941      -19.258781       67.147184      -0.3027063      -4.5348628      -79.324548       16.745103        16.745103        2454.498        2454.498
 9.0503759e-107       1243.2354      -19.138022       73.243145     -0.62548804       0.3280405       58.486487       16.745103        16.745103       2452.9806       2452.9806
    9.7745e-107       1243.1518      -19.459872       62.374796     -0.60137734     -0.88787242      -88.201395       16.745103        16.745103       2452.8133       2452.8133
 2.1847731e-106       1242.3408       -19.26159       67.768139     -0.39502363      -2.6931421      -43.237325       16.745103        16.745103       2451.1914       2451.1914
 2.6428178e-106       1242.1438      -19.329658       65.609564     -0.63168212      0.20030067      -17.328128       16.745103        16.745103       2450.7974       2450.7974
 7.0038692e-106       1241.1626      -19.094129       74.648273     -0.61594697      0.83345829      -59.223348       16.745103        16.745103       2448.8349       2448.8349
 1.6337409e-105       1240.3089       -18.90789        79.27192     -0.20448453      -4.1030525      -60.586443       16.745103        16.745103       2447.1276       2447.1276
 1.7479841e-105       1240.2347      -19.162687       71.512683     -0.29350254       -3.366504      -49.423745       16.745103        16.745103       2446.9792       2446.9792
 3.2042188e-105        1239.622      -19.374417       63.368363     -0.24366124      -1.1747606      -3.8398093       16.745103        16.745103       2445.7539       2445.7539
 4.6786361e-105       1239.2369      -18.887962       80.236738     -0.47174054    -0.010275881      -3.7699611       16.745103        16.745103       2444.9835       2444.9835
 6.8892768e-105       1238.8433      -19.093485       74.621239       -0.605439      0.67264367      -61.261947       16.745103        16.745103       2444.1963       2444.1963
 7.5794043e-105       1238.7411      -19.423119       63.312313     -0.52672583      -1.6883173       -56.72173       16.745103        16.745103       2443.9921       2443.9921
  7.617486e-105       1238.7295      -19.046373       74.462852     -0.44900809      -3.2483165      -90.228108       16.745103        16.745103       2443.9688       2443.9688
 1.2568158e-104       1238.2221       -19.31018       63.775229      -0.4125836      0.30953181     -0.68268583       16.745103        16.745103        2442.954        2442.954
 1.9800082e-104        1237.761      -19.354589       63.338846     -0.43888441      -1.1213725      -20.419101       16.745103        16.745103       2442.0317       2442.0317
 2.0536968e-104       1237.7178       -18.98211        77.73138     -0.47186683      -2.1820384      -63.424466       16.745103        16.745103       2441.9453       2441.9453
 2.4154467e-104       1237.5489      -19.439264       62.529192     -0.63468948       0.6896859      -89.810561       16.745103        16.745103       2441.6076       2441.6076
 2.5127091e-104       1237.5028      -18.963833       76.319059     -0.18662006       -5.822535      -99.496102       16.745103        16.745103       2441.5153       2441.5153
 2.5252749e-104       1237.4911      -19.222419        68.92668     -0.23673009      -3.2781525      -33.755108       16.745103        16.745103       2441.4921       2441.4921
 2.5570122e-104        1237.472      -19.032635       73.938406     -0.45267729      -2.0322182      -53.493883       16.745103        16.745103       2441.4538       2441.4538
 2.9235388e-104       1237.3314      -18.988288       76.621679     -0.71069467        3.075323       71.967205       16.745103        16.745103       2441.1726       2441.1726
 3.8677584e-104       1237.0449      -19.000539       77.200605      -0.4610496      -1.8566922      -47.799978       16.745103        16.745103       2440.5995       2440.5995
 1.0352145e-103       1236.0537      -19.222868       69.973177     -0.54117606       -2.249635      -99.292607       16.745103        16.745103       2438.6172       2438.6172
 1.2759142e-103        1235.838      -19.371516       65.224493     -0.56435526     -0.90064355      -38.751669       16.745103        16.745103       2438.1858       2438.1858
 1.5362805e-103       1235.6457      -19.261931         69.4056     -0.98633151       5.6506631       81.573256       16.745103        16.745103       2437.8011       2437.8011
 1.8454497e-103       1235.4557      -19.354618       65.858621     -0.63848963      0.27343039      -94.517948       16.745103        16.745103       2437.4211       2437.4211
  1.905002e-103       1235.4173      -19.162702       70.247405     -0.04847665      -2.2205314      -11.499889       16.745103        16.745103       2437.3443       2437.3443
 2.1257689e-103        1235.301      -19.253363       67.561876    -0.018619452      -4.5348778      -36.961834       16.745103        16.745103       2437.1117       2437.1117
 2.5894823e-103        1235.097      -19.124026       71.907558     -0.25225619      -2.2890096      -17.260417       16.745103        16.745103       2436.7038       2436.7038
 3.7538342e-103        1234.719      -18.901874       79.887763     -0.51353489      0.25573236      -1.4076132       16.745103        16.745103       2435.9478       2435.9478
 3.7489875e-103       1234.7137      -19.221427       70.110027     -0.75158113       1.6097018        8.331223       16.745103        16.745103       2435.9371       2435.9371
 4.4249039e-103       1234.5413      -19.490464       61.195478     -0.53366266      -1.0878227      -39.361875       16.745103        16.745103       2435.5923       2435.5923
 1.2912048e-102       1233.4637      -19.074953       73.011086     -0.61334454       0.6676566      -6.6855679       16.745103        16.745103       2433.4372       2433.4372
 1.8170746e-102       1233.1154      -19.312705       63.676336     -0.36529951     -0.12905323      -2.2587368       16.745103        16.745103       2432.7406       2432.7406
 4.2202503e-102       1232.2661      -19.355411       64.991353     -0.21355829      -4.0939423      -53.706711       16.745103        16.745103        2431.042        2431.042
 4.4482017e-102       1232.2069      -18.986066        75.08604   -0.0045273516      -5.9331899      -61.344852       16.745103        16.745103       2430.9235       2430.9235
 4.6965089e-102       1232.1459       -19.47433       61.834739      -0.4300995      -2.8846646      -77.402597       16.745103        16.745103       2430.8016       2430.8016
 5.8408736e-102       1231.9212      -19.397028       64.065571     -0.63757347       1.0173293      -71.911262       16.745103        16.745103       2430.3522       2430.3522
 1.0330227e-101       1231.3443      -19.277246       67.369767     -0.64453948      0.52475829      -13.858643       16.745103        16.745103       2429.1985       2429.1985
 1.9020195e-101       1230.7273      -19.444756       60.919543    -0.092912472      -2.8933962      -15.935579       16.745103        16.745103       2427.9643       2427.9643
 1.9909297e-101       1230.6749      -19.301312       68.193398      -1.0508239       6.7143198        99.71902       16.745103        16.745103       2427.8597       2427.8597
   2.06817e-101       1230.6302      -19.286591       67.458572     -0.26645537      -3.0147952      -40.676602       16.745103        16.745103       2427.7703       2427.7703
 2.6512318e-101       1230.3752      -19.188448       67.826017     -0.28660045      -1.5801188      -12.030612       16.745103        16.745103       2427.2603       2427.2603
  3.837964e-101       1229.9987      -19.007118       76.129863     -0.58959338     -0.87321878      -79.843015       16.745103        16.745103       2426.5071       2426.5071
 6.2184646e-101       1229.5094      -19.000889       74.035923     -0.24381996      -2.8025884      -35.196506       16.745103        16.745103       2425.5287       2425.5287
 6.6986466e-101       1229.4284      -19.059161       72.914836     -0.37910479      -2.8583312      -57.137103       16.745103        16.745103       2425.3666       2425.3666
 7.1929751e-101       1229.3506      -19.213919       69.604695     -0.85721491       3.4475612       36.210284       16.745103        16.745103       2425.2109       2425.2109
 7.2351667e-101       1229.3381      -19.250486       65.554208     -0.10455843      -4.3820472      -45.310483       16.745103        16.745103        2425.186        2425.186
 7.9872097e-101       1229.2325      -19.057288       74.322482     -0.46953497      -2.9385519      -87.957735       16.745103        16.745103       2424.9749       2424.9749
  1.058846e-100        1228.944       -19.19405        67.94893     -0.29969814      -4.1747083      -85.145563       16.745103        16.745103       2424.3978       2424.3978
 1.2158846e-100        1228.799      -19.250072       66.814003     -0.16813635      -4.5426838      -52.008652       16.745103        16.745103       2424.1079       2424.1079
 1.5466745e-100       1228.5518       -18.95755       77.985602     -0.44494128      -2.8419564      -83.244084       16.745103        16.745103       2423.6133       2423.6133
 1.6467883e-100       1228.4824      -19.424829       62.997931     -0.20165411      -5.0848353      -88.677281       16.745103        16.745103       2423.4746       2423.4746
 1.9380284e-100       1228.3129      -19.226183       68.308551     -0.63390446      0.95921588       18.608885       16.745103        16.745103       2423.1356       2423.1356
 1.9254527e-100       1228.3128      -19.279764       68.979064      -1.0255288       6.3010469       90.997609       16.745103        16.745103       2423.1353       2423.1353
 2.1893719e-100       1228.1777       -19.39855       63.182541     -0.22498106      -4.2546096      -57.247651       16.745103        16.745103       2422.8651       2422.8651
 2.5105505e-100       1228.0341      -18.988167        77.44816     -0.49254267      -2.1706651      -80.461132       16.745103        16.745103       2422.5781       2422.5781
 6.3456455e-100       1227.1002      -19.295332       66.441245     -0.37065106      -4.1997282      -93.921039       16.745103        16.745103       2420.7103       2420.7103
  1.1055971e-99       1226.5384      -19.125589       70.697704     -0.22849558       -2.925334      -26.076703       16.745103        16.745103       2419.5866       2419.5866
   1.151025e-99       1226.4915      -19.477471        61.05169     -0.43909294     -0.69623827      -8.5823916       16.745103        16.745103       2419.4927       2419.4927
   1.378232e-99       1226.3047      -19.283293       67.784078     -0.56083971      -1.7456499      -84.770385       16.745103        16.745103       2419.1192       2419.1192
  2.1437403e-99       1225.8563      -19.109177       72.601255      -0.5978528      0.41392793      -1.2323319       16.745103        16.745103       2418.2224       2418.2224
  2.4595605e-99       1225.7122      -19.350561       63.226478     -0.24814448      -3.6292663      -50.448044       16.745103        16.745103       2417.9342       2417.9342
   2.939322e-99       1225.5274      -18.980163       74.453676    -0.012882826      -5.4134857       -55.71287       16.745103        16.745103       2417.5645       2417.5645
  3.1315321e-99       1225.4574      -19.197532       70.084174     -0.25785649      -4.7264015      -81.267713       16.745103        16.745103       2417.4246       2417.4246
  3.3432845e-99       1225.3853      -19.239337       69.915848     -0.68633312       2.3681233        44.15116       16.745103        16.745103       2417.2804       2417.2804
  3.5759746e-99       1225.3114       -19.08752       71.291523     -0.21525877      -1.4028891       -5.389507       16.745103        16.745103       2417.1326       2417.1326
  5.9959368e-99       1224.7879      -19.231597        70.04301     -0.62630072       1.0775681       13.649494       16.745103        16.745103       2416.0856       2416.0856
  9.9873043e-99        1224.271      -18.994025       76.520802     -0.34181731      -2.9660404      -47.920731       16.745103        16.745103       2415.0518       2415.0518
   1.338818e-98       1223.9713      -19.094922       72.217876      -0.5735316     -0.59407278      -67.792012       16.745103        16.745103       2414.4524       2414.4524
  1.3931721e-98       1223.9249      -19.210882        66.56729    -0.015454327      -1.9156269      -3.0132267       16.745103        16.745103       2414.3595       2414.3595
  1.6890691e-98       1223.7256      -19.245568       68.846699     -0.62947078      0.18409361       -17.26299       16.745103        16.745103       2413.9611       2413.9611
  1.9572211e-98       1223.5716      -19.412197       63.985886     -0.50448968     -0.61940586      -20.500293       16.745103        16.745103       2413.6531       2413.6531
  2.8806469e-98       1223.1785      -19.409754       62.829995     -0.30220907      -3.3569582      -48.502999       16.745103        16.745103       2412.8668       2412.8668
  3.0285265e-98       1223.1218      -19.162638       69.847922     -0.45741151     -0.13458218      -2.0503372       16.745103        16.745103       2412.7534       2412.7534
  3.3077291e-98        1223.027      -19.051721       74.037592     -0.15545784      -3.1285882      -24.691039       16.745103        16.745103       2412.5637       2412.5637
  4.6512273e-98       1222.6795        -19.1993       69.369087    -0.082517588      -3.0390669      -21.148872       16.745103        16.745103       2411.8687       2411.8687
  5.6321594e-98       1222.4814       -19.16244       71.295305     -0.44311845      -2.8205462      -67.418935       16.745103        16.745103       2411.4727       2411.4727
  1.4319366e-97       1221.5417      -19.407138       62.368394     -0.42963117      -2.3844064      -57.519474       16.745103        16.745103       2409.5932       2409.5932
  1.4943312e-97       1221.4924      -19.480717       60.428092     -0.15530009      -2.1480914      -12.245787       16.745103        16.745103       2409.4946       2409.4946
  1.8987748e-97       1221.2462      -19.168233        71.13762     -0.41709526      -3.6171784      -92.315394       16.745103        16.745103       2409.0022       2409.0022
  1.9057138e-97       1221.2359      -19.361017       66.089069     -0.94845493       5.9490253       99.426591       16.745103        16.745103       2408.9816       2408.9816
  2.0239853e-97       1221.1691      -19.157257       70.917867     -0.20141715      -4.6481312      -63.443745       16.745103        16.745103       2408.8479       2408.8479
  2.0376289e-97       1221.1557      -19.457329       61.741153     -0.61206187      0.50476925       -16.73269       16.745103        16.745103       2408.8212       2408.8212
   4.595972e-97       1220.3357      -19.313822       64.705338     -0.40655123       -3.011789      -82.325918       16.745103        16.745103       2407.1811       2407.1811
  6.6579758e-97       1219.9584      -19.087176       72.992715     -0.49246082       -2.176156      -66.857353       16.745103        16.745103       2406.4266       2406.4266
  1.8658207e-96       1218.9213      -19.249245       66.814962     -0.39805272      -1.0809523      -11.225397       16.745103        16.745103       2404.3523       2404.3523
  2.3509099e-96       1218.6835      -19.023778       74.025275     -0.30457035      -3.4908904      -59.857946       16.745103        16.745103       2403.8768       2403.8768
  3.2240972e-96        1218.361      -19.017471       73.432728    -0.075284946      -5.9273325      -80.944794       16.745103        16.745103       2403.2318       2403.2318
  4.0841614e-96       1218.1179        -18.9284       76.839402    -0.075120569      -5.3394845      -69.935244       16.745103        16.745103       2402.7456       2402.7456
  5.5946369e-96       1217.7966       -19.10484        71.40043     -0.38147263      -3.1548165      -71.641315       16.745103        16.745103        2402.103        2402.103
  5.6465145e-96       1217.7807      -19.193858       68.851468    -0.051750065      -6.8298912      -91.061544       16.745103        16.745103       2402.0712       2402.0712
   5.888548e-96       1217.7321      -19.082351       70.836265    -0.040086105      -4.5628084      -40.790771       16.745103        16.745103        2401.974        2401.974
  6.0130967e-96       1217.7045      -19.478994        59.18611    -0.075452066      -3.7345359       -31.61037       16.745103        16.745103       2401.9188       2401.9188
  7.9719812e-96       1217.4159      -18.981986       76.963622     -0.31822837      -4.4102026      -98.222301       16.745103        16.745103       2401.3416       2401.3416
  8.3189969e-96       1217.3666      -19.143013       69.980519     -0.26534685      -4.5612155       -80.75438       16.745103        16.745103        2401.243        2401.243
  8.5210486e-96        1217.336      -19.489302       60.327129     -0.46738767      -1.3489427      -35.756895       16.745103        16.745103       2401.1818       2401.1818
  9.0104945e-96       1217.2735      -19.050324       74.539857     -0.61248444     -0.14950475      -89.173491       16.745103        16.745103       2401.0568       2401.0568
   1.138607e-95       1217.0328      -19.136863       72.921814     -0.68707911       2.7025868       82.371385       16.745103        16.745103       2400.5755       2400.5755
   1.147772e-95       1217.0182       -19.31431        63.44573     -0.12315913      -1.2515698      -2.5817597       16.745103        16.745103       2400.5462       2400.5462
  1.7852978e-95       1216.5698      -19.298125       66.326306     -0.61806315      0.45330253      -5.2499274       16.745103        16.745103       2399.6493       2399.6493
  3.0283262e-95       1216.0347      -19.130315       70.440251     -0.40906643      -2.3458865      -54.852872       16.745103        16.745103       2398.5792       2398.5792
  3.2154757e-95       1215.9681      -19.475614       59.359328    -0.053606349      -3.4605046      -23.891723       16.745103        16.745103        2398.446        2398.446
  4.4133133e-95       1215.6448      -19.317437       65.099894     -0.50037916      0.43494286     -0.22191842       16.745103        16.745103       2397.7994       2397.7994
   4.901375e-95       1215.5333      -19.494628       60.590215     -0.51086903       -1.977854      -98.467144       16.745103        16.745103       2397.5763       2397.5763
  5.5300177e-95       1215.4059      -18.930874       77.662143     -0.10669713      -5.0976863      -69.265903       16.745103        16.745103       2397.3217       2397.3217
  6.7198069e-95       1215.2044      -19.425267       61.252652    -0.071421223      -4.2231864      -36.247872       16.745103        16.745103       2396.9187       2396.9187
  2.4665666e-94       1213.8974      -19.341767       64.067637     -0.35645398      -3.0363495      -56.359973       16.745103        16.745103       2394.3047       2394.3047
  4.0793449e-94       1213.3877      -19.086719       73.639603     -0.42655854      -2.6218373       -57.78765       16.745103        16.745103       2393.2852       2393.2852
  5.2495531e-94       1213.1288      -19.341313       66.105163     -0.51418759     -0.88911785      -27.588148       16.745103        16.745103       2392.7675       2392.7675
  6.6047523e-94       1212.8925      -19.402719       63.522476     -0.60923498     -0.27354165      -84.371368       16.745103        16.745103       2392.2949       2392.2949
  7.0679783e-94       1212.8181      -19.152603       69.539161      -0.3958225      -1.6273958      -27.748954       16.745103        16.745103        2392.146        2392.146
  7.5810621e-94       1212.7414      -19.243941       67.486527     -0.22509323      -4.9317733      -76.113263       16.745103        16.745103       2391.9926       2391.9926
  7.9771362e-94       1212.6838      -19.386674        63.56866     -0.25322033      -5.1636474      -96.030364       16.745103        16.745103       2391.8774       2391.8774
  9.8566065e-94       1212.4656       -19.41979       63.128156       -0.359984      -2.9709355      -55.546771       16.745103        16.745103        2391.441        2391.441
  9.9048897e-94       1212.4541      -19.078043       74.040553     -0.46074062      -2.0235107      -47.579995       16.745103        16.745103        2391.418        2391.418
  9.9906527e-94       1212.4388       -19.06222       74.806127     -0.45417772       -2.055981      -51.771462       16.745103        16.745103       2391.3874       2391.3874
  1.8728801e-93       1211.8038      -19.310495       63.389488    -0.031850512      -1.9438633      -4.7413165       16.745103        16.745103       2390.1173       2390.1173
  2.1463736e-93       1211.6608      -19.127205        72.64567     -0.71214351       3.0194787       85.384988       16.745103        16.745103       2389.8314       2389.8314
  2.6879238e-93       1211.4292      -19.167799       70.535721    -0.072664123      -6.1092792      -85.965194       16.745103        16.745103       2389.3681       2389.3681
  2.6844477e-93       1211.4238       -19.07839       74.506287     -0.51379833      -1.8790703      -88.303499       16.745103        16.745103       2389.3574       2389.3574
  4.6931911e-93       1210.8585      -19.030345       73.994905     -0.24629395      -5.1369179      -98.563538       16.745103        16.745103       2388.2269       2388.2269
  5.8284498e-93       1210.6353      -19.350367       66.281646     -0.92764232       5.8632799       99.994827       16.745103        16.745103       2387.7803       2387.7803
  6.2614107e-93        1210.557      -19.110262        73.20909     -0.46523535      -2.0959942      -54.166479       16.745103        16.745103       2387.6237       2387.6237
  6.7023934e-93       1210.4823      -19.146695       71.960797     -0.48585998      -1.8935664      -50.834401       16.745103        16.745103       2387.4743       2387.4743
   6.695307e-93       1210.4767      -19.321251       65.699217     -0.18444076      -4.1115853      -49.677736       16.745103        16.745103       2387.4631       2387.4631
  6.9145951e-93       1210.4378      -19.101466       73.329037     -0.47244125      -2.6518633       -81.39529       16.745103        16.745103       2387.3854       2387.3854
  6.9506323e-93        1210.426      -18.985081       75.725786      -0.3283202      -2.9056685      -49.257646       16.745103        16.745103       2387.3617       2387.3617
  9.0772001e-93       1210.1524      -19.450549       60.171745    -0.012139656      -4.0799068      -29.388942       16.745103        16.745103       2386.8145       2386.8145
  1.3565895e-92       1209.7439      -18.992934       75.772976      -0.2926777      -4.4231366      -88.324997       16.745103        16.745103       2385.9977       2385.9977
  1.4460265e-92       1209.6735      -19.300246       64.345749     -0.36867243     -0.22597694      -2.6929949       16.745103        16.745103       2385.8567       2385.8567
  1.4939928e-92       1209.6342       -19.09029       74.052425     -0.48245432      -2.4943043       -97.00922       16.745103        16.745103       2385.7781       2385.7781
  1.4914742e-92       1209.6292      -19.009373       74.051601    -0.045565837      -4.1779121      -32.905727       16.745103        16.745103       2385.7682       2385.7682
  1.5128719e-92       1209.6083      -19.191491       71.320358     -0.79412193       4.4760978        98.32686       16.745103        16.745103       2385.7264       2385.7264
  2.4340047e-92       1209.1262      -19.418002       62.092354     -0.39547595       -3.335818      -89.327448       16.745103        16.745103       2384.7621       2384.7621
  2.4494638e-92       1209.1132      -19.101899       73.354915     -0.69999991       2.5399174       58.231682       16.745103        16.745103       2384.7361       2384.7361
   2.442525e-92       1209.1094      -19.008636       73.320926     -0.23892558     -0.91146027       -5.359407       16.745103        16.745103       2384.7285       2384.7285
  3.4798474e-92       1208.7488      -18.928965       77.033949     -0.12133533      -3.0904639      -27.592195       16.745103        16.745103       2384.0073       2384.0073
  3.7236625e-92       1208.6744      -18.951233       77.059844     -0.15555806      -2.4535329      -19.272479       16.745103        16.745103       2383.8586       2383.8586
  4.0036255e-92       1208.5953      -19.331177       64.140683    -0.028356748      -4.6990512      -38.859718       16.745103        16.745103       2383.7003       2383.7003
  4.1046935e-92       1208.5637      -19.222718        67.04365     -0.16026965      -3.8264171      -38.917715       16.745103        16.745103       2383.6372       2383.6372
  4.5955369e-92       1208.4441      -19.004476       75.751104     -0.16239956      -5.2217856      -80.105943       16.745103        16.745103        2383.398        2383.398
  5.7159833e-92       1208.2193      -19.237197       67.647885     -0.16403623      -5.3566049      -75.091403       16.745103        16.745103       2382.9483       2382.9483
  1.2328753e-91        1207.444      -19.326275       65.501545     -0.26543515      -2.2260841      -19.555704       16.745103        16.745103       2381.3977       2381.3977
  1.8205879e-91       1207.0475      -19.405255       63.807025     -0.44873322       -2.212749      -58.997344       16.745103        16.745103       2380.6048       2380.6048
   2.035195e-91       1206.9294      -19.280187       67.173005     -0.35188808      -2.6720634      -39.681596       16.745103        16.745103       2380.3686       2380.3686
  2.1969839e-91       1206.8463      -19.233079       69.710034      -0.7543756       3.7676847       90.416794       16.745103        16.745103       2380.2024       2380.2024
  2.2331545e-91       1206.8233      -19.243774       66.196936    -0.033412377      -5.5307994      -58.268286       16.745103        16.745103       2380.1564       2380.1564
  2.2238646e-91       1206.8208      -19.399078       63.355642     -0.61095415      0.41619182      -89.008057       16.745103        16.745103       2380.1515       2380.1515
  2.7065274e-91       1206.6178      -19.463937       61.650958     -0.52457376      -1.6610086      -85.844659       16.745103        16.745103       2379.7453       2379.7453
  2.9490186e-91       1206.5253      -19.381256       64.486931     -0.62239762      0.86938913      -91.671906       16.745103        16.745103       2379.5604       2379.5604
  3.7314214e-91       1206.2834      -19.144974       68.968238     -0.20091985      -1.3441636      -5.5715043       16.745103        16.745103       2379.0765       2379.0765
  3.8679414e-91       1206.2408      -19.042088       74.231558    -0.094841748      -5.8476773      -80.063947       16.745103        16.745103       2378.9914       2378.9914
  4.0090806e-91       1206.1983       -19.33862       64.783194     -0.29445329      -4.7574638      -94.407154       16.745103        16.745103       2378.9064       2378.9064
   4.330025e-91       1206.1146      -18.950403       77.089593      -0.1772138      -3.4189063      -37.671602       16.745103        16.745103       2378.7391       2378.7391
  5.6140067e-91       1205.8483      -19.024781       75.378694     -0.55226414      -1.0949793      -82.149238       16.745103        16.745103       2378.2064       2378.2064
  5.8605171e-91       1205.7987      -19.314105       65.891226    -0.081810505      -6.0951502      -94.997016       16.745103        16.745103       2378.1072       2378.1072
  9.7947337e-91       1205.2784      -19.409148       61.829539    -0.072076256      -3.0557687      -17.795955       16.745103        16.745103       2377.0667       2377.0667
  1.0575467e-90       1205.1951      -19.242514       68.866294     -0.43898234      -3.0704927      -85.618739       16.745103        16.745103          2376.9          2376.9
  1.0882168e-90       1205.1599      -19.357546       65.511022     -0.78754377       3.0655821       37.404453       16.745103        16.745103       2376.8295       2376.8295
  1.2179896e-90       1205.0406      -19.149179        71.03525     -0.19252909      -5.0433579       -75.31384       16.745103        16.745103       2376.5909       2376.5909
  1.2103216e-90       1205.0402      -19.057358       75.036968      -0.5908631     -0.49435514      -98.358964       16.745103        16.745103       2376.5903       2376.5903
  1.3726541e-90       1204.9077      -19.176447       69.284196    -0.095674419      -5.7647784      -72.739316       16.745103        16.745103       2376.3252       2376.3252
  1.8612766e-90       1204.5966      -19.110393       69.898088    -0.097506018      -2.0755772       -8.210544       16.745103        16.745103       2375.7029       2375.7029
  1.8747843e-90       1204.5827      -19.018622        75.03508     -0.30867208      -4.5332679      -97.737533       16.745103        16.745103       2375.6752       2375.6752
  3.1605642e-90       1204.0538       -19.22089       68.564205   -0.0079812546      -6.6880055      -96.028227       16.745103        16.745103       2374.6174       2374.6174
  4.4848692e-90       1203.6972      -19.166214       70.438454     -0.22433206      -4.5891731       -68.15051       16.745103        16.745103       2373.9042       2373.9042
  4.5429076e-90       1203.6777      -18.982322       74.624309    -0.008322815      -6.2691016      -81.646243       16.745103        16.745103       2373.8652       2373.8652
  6.0260039e-90       1203.3885      -19.207951       69.107364     -0.15438919      -2.5138113       -20.87007       16.745103        16.745103       2373.2868       2373.2868
  8.4822507e-90         1203.04      -19.057359       72.140425     -0.29832174     -0.54512496      -2.5380021       16.745103        16.745103       2372.5898       2372.5898
  9.0042806e-90       1202.9736      -19.181474       67.900746    -0.011528556      -5.6470282      -59.139146       16.745103        16.745103        2372.457        2372.457
  1.0494678e-89       1202.8138      -19.267292       67.261436     -0.61986558      0.59852268      -87.220187       16.745103        16.745103       2372.1374       2372.1374
   1.230978e-89       1202.6476       -19.03443       73.350526     -0.28445199      -2.1426261      -23.486389       16.745103        16.745103       2371.8051       2371.8051
  2.8486172e-89        1201.802      -19.430269       62.156057     -0.34542061     -0.79984815      -5.5451954       16.745103        16.745103       2370.1137       2370.1137
  3.3304758e-89        1201.639       -19.25936       66.975672     -0.25843889       -2.517119      -22.784004       16.745103        16.745103       2369.7879       2369.7879
  3.6162668e-89       1201.5501       -18.99005       75.278582     -0.13829883      -3.3085595      -28.049926       16.745103        16.745103       2369.6099       2369.6099
  9.3491025e-89       1200.5936      -19.272577       68.342515     -0.60805204      0.84929388       34.970735       16.745103        16.745103        2367.697        2367.697
  1.1944919e-88       1200.3419      -19.037193       74.625624      -0.2143827      -1.8125085      -12.804844       16.745103        16.745103       2367.1936       2367.1936
  3.1722149e-88       1199.3586      -19.421111       62.078984     -0.16839832      -2.6264335      -19.523437       16.745103        16.745103       2365.2269       2365.2269
  4.0553417e-88       1199.1063      -19.028441       75.115096     -0.25816765      -4.7286874       -91.40556       16.745103        16.745103       2364.7224       2364.7224
    4.99811e-88       1198.8906      -18.993411       75.255282     -0.26525627      -2.6832413       -31.88804       16.745103        16.745103       2364.2911       2364.2911
  5.2143667e-88       1198.8416      -19.283582       66.756662     -0.63768009       1.3579793       24.333753       16.745103        16.745103       2364.1931       2364.1931
  6.4135847e-88        1198.628      -19.078954        73.12375     -0.47392508      -2.5547289      -92.188221       16.745103        16.745103       2363.7658       2363.7658
   7.860186e-88        1198.418      -19.036737       73.921768    -0.038950063      -4.2389912      -35.213727       16.745103        16.745103       2363.3457       2363.3457
  1.0664417e-87       1198.1062      -19.039202       73.361134     -0.21025015      -5.0722009      -93.489251       16.745103        16.745103       2362.7222       2362.7222
  1.5888864e-87       1197.7009      -19.183004       71.125972     -0.59459541      0.12422719      -64.254579       16.745103        16.745103       2361.9115       2361.9115
  1.9233875e-87       1197.5032      -19.053844       74.453144     -0.39136752     0.044745149     -0.81229126       16.745103        16.745103       2361.5161       2361.5161
   2.136309e-87       1197.3915       -19.11275       72.792281     -0.61898438      0.84994361      -64.878845       16.745103        16.745103       2361.2928       2361.2928
  2.5179519e-87       1197.2205      -18.973889       75.085849    -0.087536717      -3.7563312      -34.448643       16.745103        16.745103       2360.9508       2360.9508
   2.542081e-87       1197.2043      -19.241547       69.215309     -0.57718903      -0.8939433      -90.931306       16.745103        16.745103       2360.9185       2360.9185
  2.5413733e-87        1197.198      -19.301732       66.692924     -0.38719298      -2.6180221      -49.278337       16.745103        16.745103       2360.9057       2360.9057
  2.7825312e-87       1197.1007      -19.386085       63.926661     -0.45370783     0.079137047      -1.2322609       16.745103        16.745103       2360.7111       2360.7111
  2.9163972e-87        1197.047      -19.328403       66.408218      -0.7661428       3.7460179        74.61385       16.745103        16.745103       2360.6039       2360.6039
  3.5555787e-87       1196.8422      -19.183776       68.927854     -0.20629694      -4.5640548      -64.686969       16.745103        16.745103       2360.1942       2360.1942
  3.5604834e-87       1196.8342      -19.155313       69.138448     -0.19577158      -5.0107434      -86.479112       16.745103        16.745103       2360.1782       2360.1782
  5.1116371e-87       1196.4659      -19.014264       75.432989     -0.40090066      -1.9065164      -35.538136       16.745103        16.745103       2359.4417       2359.4417
  5.9498168e-87       1196.3074      -19.277641       68.100813      -0.6043915       1.0233577       40.597801       16.745103        16.745103       2359.1247       2359.1247
  6.8438192e-87       1196.1608      -19.009517       75.333644     -0.28387672      -4.3716111      -92.120748       16.745103        16.745103       2358.8314       2358.8314
  6.8871678e-87       1196.1479      -19.274843       67.912307     -0.63389118       1.0235243       14.070725       16.745103        16.745103       2358.8055       2358.8055
  9.3422872e-87       1195.8363      -19.013893       74.730483    -0.045189983      -4.5566331      -47.193116       16.745103        16.745103       2358.1824       2358.1824
  1.0952464e-86       1195.6707       -19.05566       74.081773      -0.3831811       -3.568488       -88.67304       16.745103        16.745103       2357.8511       2357.8511
  1.4819524e-86       1195.3616      -19.118394       71.936121      -0.2291633      -5.3471789      -97.229708       16.745103        16.745103       2357.2331       2357.2331
  1.6479543e-86       1195.2488      -19.118583       72.311821     -0.35225927      -1.0501274      -8.8997915       16.745103        16.745103       2357.0074       2357.0074
  2.0655168e-86       1195.0163      -19.068713       73.649727     -0.37177321       -3.876895      -95.990674       16.745103        16.745103       2356.5424       2356.5424
  2.9038953e-86        1194.669      -19.086074       73.511237     -0.41289388      -1.6364167      -26.870015       16.745103        16.745103       2355.8478       2355.8478
  4.7099242e-86       1194.1787      -19.441436       62.235131     -0.44298573      -0.8788454       -15.39926       16.745103        16.745103       2354.8673       2354.8673
   6.044399e-86       1193.9226      -19.071245       71.078527      -0.1132063      -2.5423195      -18.063474       16.745103        16.745103       2354.3551       2354.3551
  7.4365287e-86       1193.7087      -19.350487       64.788888     -0.42483968       -2.308911      -49.632575       16.745103        16.745103       2353.9272       2353.9272
  7.6268794e-86       1193.6768      -18.996633       74.613392    -0.030676691      -6.6485933      -99.660388       16.745103        16.745103       2353.8634       2353.8634
  7.6175819e-86       1193.6714      -19.451561       61.403402      -0.1422047      -5.7309978      -95.852978       16.745103        16.745103       2353.8526       2353.8526
  8.6298311e-86         1193.54      -19.150301       70.148548    -0.027090917      -5.5094122      -57.173222       16.745103        16.745103       2353.5897       2353.5897
  9.0248626e-86       1193.4886      -19.225721       69.319902     -0.41705357      -3.3377399      -94.337471       16.745103        16.745103       2353.4869       2353.4869
  1.0637762e-85       1193.3175      -19.236922       67.773279     -0.30538958      -3.0247599      -41.360546       16.745103        16.745103       2353.1448       2353.1448
  1.6466312e-85       1192.8739      -19.340092       64.398797     -0.29480553      -4.1524702      -77.448289       16.745103        16.745103       2352.2577       2352.2577
   1.744205e-85       1192.8097      -19.162261       68.946433     -0.20411309      -4.7811034      -83.033388       16.745103        16.745103       2352.1293       2352.1293
  1.7346232e-85       1192.8086        -19.0834       72.819866     -0.46192559      -1.8844928      -56.395088       16.745103        16.745103        2352.127        2352.127
  1.9394869e-85       1192.6903      -19.102108         71.7862     -0.09752833      -4.3117331      -41.465666       16.745103        16.745103       2351.8904       2351.8904
  2.0965642e-85       1192.6058      -19.191869       70.191343     -0.51598316      -1.0012598      -28.537386       16.745103        16.745103       2351.7214       2351.7214
  3.4507685e-85       1192.1009       -19.20705       69.007861     -0.59948265     0.074025768      -79.664744       16.745103        16.745103       2350.7115       2350.7115
  3.5321055e-85       1192.0709      -19.201428        67.63302     -0.07382623      -5.2412636      -59.928336       16.745103        16.745103       2350.6516       2350.6516
  4.7088986e-85       1191.7767      -19.309163       64.737993     -0.30489733       -3.033188      -49.767622       16.745103        16.745103       2350.0632       2350.0632
   6.406559e-85       1191.4622      -19.329955       65.735557     -0.61090654      0.30902355      -39.384473       16.745103        16.745103       2349.4342       2349.4342
  6.8123904e-85       1191.3941      -19.274483       64.983704   -0.0067518861      -1.5394746      -1.5307957       16.745103        16.745103       2349.2981       2349.2981
  8.3816183e-85       1191.1802      -19.115084       70.843986    -0.088120967      -5.6600739       -72.49364       16.745103        16.745103       2348.8702       2348.8702
  8.3652305e-85       1191.1755      -19.431509       62.279638     -0.29569813      -1.8032225      -18.579473       16.745103        16.745103       2348.8608       2348.8608
  1.0647859e-84       1190.9276      -19.307145       66.094185     -0.60778674      0.31878407      -95.834536       16.745103        16.745103        2348.365        2348.365
  1.3883599e-84       1190.6556      -19.406773       61.205608    -0.055852927      -4.8585754      -55.667823       16.745103        16.745103        2347.821        2347.821
  1.4223349e-84       1190.6248      -19.296201       66.353637     -0.60696241      0.56800022      -37.126778       16.745103        16.745103       2347.7593       2347.7593
   1.529287e-84       1190.5456      -19.352629       64.725464     -0.34270379      -3.1286872      -55.648342       16.745103        16.745103        2347.601        2347.601
  1.8881904e-84       1190.3282      -19.247636       68.888033     -0.55748324      -1.0450312       -88.09123       16.745103        16.745103       2347.1661       2347.1661
  1.9020209e-84       1190.3142      -19.385464       64.305605     -0.59930276      0.89092284      -81.215258       16.745103        16.745103       2347.1382       2347.1382
  2.4257503e-84       1190.0643      -19.110283       72.368718     -0.19998796      -4.7267498       -79.70914       16.745103        16.745103       2346.6385       2346.6385
  2.6680285e-84       1189.9625       -19.44389        60.71321     -0.16007502      -3.6257897      -40.586454       16.745103        16.745103       2346.4348       2346.4348
  3.2936305e-84       1189.7452       -19.23565       67.855132     -0.39217505      -2.3984913      -43.158056       16.745103        16.745103       2346.0002       2346.0002
  4.3068344e-84       1189.4704      -19.098091        71.71044     -0.09875939      -5.2726347      -64.257279       16.745103        16.745103       2345.4505       2345.4505
  5.4667593e-84       1189.2252      -19.120185       72.642629     -0.47350775       -1.530837      -45.552477       16.745103        16.745103       2344.9602       2344.9602
  5.4333912e-84       1189.2247      -19.381345       63.431279       -0.100832      -3.9085694      -39.608314       16.745103        16.745103       2344.9592       2344.9592
  6.2347321e-84       1189.0805      -19.355424       64.933865     -0.39032559      -1.3436928      -18.083731       16.745103        16.745103       2344.6708       2344.6708
  8.8622002e-84       1188.7222      -19.138357       72.044627     -0.60058669      0.17074097      -26.378518       16.745103        16.745103       2343.9542       2343.9542
  1.1288823e-83       1188.4735       -19.44509       61.433726     -0.14658698      -4.2582356      -53.606498       16.745103        16.745103       2343.4568       2343.4568
   1.649242e-83       1188.0878      -19.199856       68.272501     -0.39975031      -1.0141871       -13.34497       16.745103        16.745103       2342.6854       2342.6854
  1.7029806e-83       1188.0491      -19.377003        63.14327    -0.055330888      -4.2626128      -37.738098       16.745103        16.745103        2342.608        2342.608
  1.9544193e-83       1187.9047      -19.186834       70.040753     -0.33851439      -2.1999842      -28.484122       16.745103        16.745103       2342.3192       2342.3192
  2.6304607e-83        1187.601      -19.213297        66.88783    -0.099237871      -1.2944442       -2.229581       16.745103        16.745103       2341.7118       2341.7118
   2.794372e-83       1187.5339      -19.300422       65.199682     -0.25028105      -4.7442997       -88.57129       16.745103        16.745103       2341.5776       2341.5776
  3.0623258e-83       1187.4357      -19.052666       74.468219      -0.3783005     -0.11956641      -1.7646241       16.745103        16.745103       2341.3812       2341.3812
  3.0833663e-83       1187.4222      -19.304198       65.426716     -0.40958561       -1.438878      -22.516286       16.745103        16.745103       2341.3542       2341.3542
  3.2169304e-83       1187.3732      -19.450467       61.063243      -0.2188951      -2.5527175       -24.51232       16.745103        16.745103       2341.2561       2341.2561
  4.5814943e-83       1187.0129      -19.255857       68.134508     -0.43738883      -3.1071738      -92.193616       16.745103        16.745103       2340.5356       2340.5356
  4.7713814e-83       1186.9657      -19.154773       69.870209     -0.30465161       -4.298269       -91.86517       16.745103        16.745103       2340.4411       2340.4411
  5.0805209e-83       1186.8962      -19.439715       61.765994     -0.32689708      -1.0258517      -8.2888228       16.745103        16.745103       2340.3023       2340.3023
  5.7902757e-83       1186.7588      -19.056743       72.437523     -0.23920094      -2.2035144      -21.991143       16.745103        16.745103       2340.0275       2340.0275
   6.658469e-83       1186.6125      -19.148171       70.368281     -0.14626686      -5.3331156      -75.032392       16.745103        16.745103       2339.7348       2339.7348
  7.2244619e-83       1186.5243      -19.274679       66.501773    -0.049774197      -3.4351805      -25.420892       16.745103        16.745103       2339.5583       2339.5583
   7.192019e-83       1186.5221      -19.367922       63.457268     -0.28621134      -4.0795373      -76.610951       16.745103        16.745103        2339.554        2339.554
   7.348753e-83       1186.4939      -19.138476       69.328491     -0.01000202      -6.7253265       -91.70529       16.745103        16.745103       2339.4976       2339.4976
  7.9096329e-83       1186.4137      -19.086176       72.668209     -0.44384421      -1.2224107      -24.475938       16.745103        16.745103       2339.3372       2339.3372
  7.9245959e-83       1186.4052      -19.099701       72.245125     -0.10778433      -3.7771159      -37.066178       16.745103        16.745103       2339.3201       2339.3201
  8.3111531e-83       1186.3509      -19.052951       71.616293    -0.039668556      -2.6092137      -12.994331       16.745103        16.745103       2339.2116       2339.2116
  9.3644852e-83       1186.2249      -19.307037       64.339151    -0.032605722      -3.6301839      -23.439419       16.745103        16.745103       2338.9597       2338.9597
  1.3125974e-82       1185.8806      -19.161049       69.548258    -0.061639439      -4.8470624       -47.77724       16.745103        16.745103        2338.271        2338.271
  1.8017289e-82       1185.5572      -19.184083       70.776791     -0.66010157       2.4270415       74.881064       16.745103        16.745103       2337.6243       2337.6243
  1.8980683e-82       1185.4985       -19.05102       73.014021     -0.25112697      -2.6566896      -30.374992       16.745103        16.745103       2337.5068       2337.5068
  2.1064202e-82       1185.3877      -19.199017       69.262317     -0.38522878      -2.9819772      -61.676971       16.745103        16.745103       2337.2852       2337.2852
  2.2136259e-82       1185.3314      -19.352514       64.896742     -0.60692452        1.056414        28.87171       16.745103        16.745103       2337.1726       2337.1726
  2.9254392e-82        1185.046       -19.17541       71.043883     -0.60044762      0.73703704      -81.831409       16.745103        16.745103       2336.6017       2336.6017
  3.7686293e-82        1184.786      -19.440521       60.832844     -0.15388134      -3.5986212      -39.867622       16.745103        16.745103       2336.0819       2336.0819
  4.1895668e-82       1184.6735      -19.261251        67.61376     -0.54026978     -0.54767734      -22.391921       16.745103        16.745103       2335.8568       2335.8568
  4.8244433e-82       1184.5258      -19.393182        61.95367    -0.091239168      -1.4877633      -3.8448481       16.745103        16.745103       2335.5613       2335.5613
   5.567104e-82        1184.376      -19.367441        63.90376     -0.25517613      -4.0969312      -66.356165       16.745103        16.745103       2335.2617       2335.2617
  6.1691172e-82       1184.2666      -19.129608       72.187218     -0.62554869       2.0005828       89.228952       16.745103        16.745103        2335.043        2335.043
   7.443494e-82       1184.0722      -19.449376       60.437326    -0.046225877      -3.8004455        -30.8637       16.745103        16.745103       2334.6542       2334.6542
  8.2975244e-82       1183.9569      -19.363333       62.326059     -0.12502596      -1.8399757      -8.4318535       16.745103        16.745103       2334.4237       2334.4237
  1.0208584e-81        1183.743       -19.11237       72.692512     -0.48748721      -1.0310219      -30.042083       16.745103        16.745103       2333.9958       2333.9958
  1.4275684e-81        1183.401      -19.330969       64.001702     -0.22051821      -4.3395711      -72.154938       16.745103        16.745103       2333.3119       2333.3119
   1.772135e-81       1183.1782      -19.310357       66.420952     -0.39739527      -1.9916902      -39.138345       16.745103        16.745103       2332.8662       2332.8662
  2.0997373e-81       1183.0019      -19.173055       69.150878   -0.0042039826      -3.9756633      -26.723511       16.745103        16.745103       2332.5136       2332.5136
  2.2443442e-81       1182.9287      -19.309001       66.652166     -0.68494117       2.7448312       64.216772       16.745103        16.745103       2332.3671       2332.3671
  3.3811358e-81       1182.5122      -19.335789       65.560248     -0.59054027      0.33133189      -11.820438       16.745103        16.745103       2331.5343       2331.5343
  5.1778554e-81       1182.0794      -19.273446       67.631523     -0.57607555     -0.69965992      -68.461592       16.745103        16.745103       2330.6686       2330.6686
  8.4312091e-81       1181.5852      -19.243389       68.197251     -0.60624354      0.57840127      -87.400807       16.745103        16.745103       2329.6802       2329.6802
  9.4454318e-81        1181.465      -19.376695       63.716986     -0.19327844      -4.1474633      -57.961158       16.745103        16.745103       2329.4397       2329.4397
  9.9876817e-81       1181.4025      -19.161016       70.754062     -0.47128215      -1.2009629      -26.195645       16.745103        16.745103       2329.3148       2329.3148
  1.0068126e-80       1181.3878      -19.207243       67.567555     -0.36701567     -0.36597123      -3.4744965       16.745103        16.745103       2329.2855       2329.2855
  1.1425141e-80       1181.2548       -19.25041       67.921757     -0.58787918      0.31577358        -8.61338       16.745103        16.745103       2329.0193       2329.0193
   1.492034e-80       1180.9812      -19.180589       70.389924     -0.36614642      -2.4973272      -44.838032       16.745103        16.745103       2328.4722       2328.4722
  1.4976834e-80       1180.9708      -19.217383       68.374066     -0.45455099     -0.94060248      -16.874737       16.745103        16.745103       2328.4514       2328.4514
   1.536104e-80       1180.9388      -19.080228       72.537676     -0.35443166      -1.4570677      -16.633557       16.745103        16.745103       2328.3874       2328.3874
  1.7472362e-80       1180.8034      -19.219859       67.441208     -0.34990658      -1.3638941         -16.389       16.745103        16.745103       2328.1165       2328.1165
  2.0192127e-80       1180.6521      -19.276965       66.371091     -0.33699238      -2.8215498      -45.721799       16.745103        16.745103       2327.8139       2327.8139
  2.1557337e-80         1180.58      -19.231595       67.276082     -0.27774293      0.21471175     -0.10428853       16.745103        16.745103       2327.6698       2327.6698
  2.1812804e-80       1180.5616      -19.221767       67.461948    -0.041696707      -5.8546257      -69.076505       16.745103        16.745103       2327.6329       2327.6329
  2.3811399e-80       1180.4673      -19.304109       64.493025    -0.015226682      -6.4117246      -81.965972       16.745103        16.745103       2327.4443       2327.4443
   2.412444e-80       1180.4475      -19.192997       69.838783      -0.4268093      -2.3853347      -55.241236       16.745103        16.745103       2327.4049       2327.4049
  2.7493271e-80       1180.3102      -19.106423       70.733419    -0.014941276      -6.9427682      -97.919393       16.745103        16.745103       2327.1302       2327.1302
  3.0526519e-80       1180.1989      -19.297876        66.58481     -0.33542403      -2.9198755      -50.963258       16.745103        16.745103       2326.9076       2326.9076
  3.6194983e-80       1180.0219      -19.219878       68.897652     -0.50213865      -2.2578688      -95.962498       16.745103        16.745103       2326.5536       2326.5536
  3.8053918e-80       1179.9652      -19.101444       72.734492      -0.4003678      -1.6314869      -26.885007       16.745103        16.745103       2326.4402       2326.4402
  4.5317552e-80       1179.7839      -19.086316       71.572482      -0.2693261      -1.5355854      -12.026637       16.745103        16.745103       2326.0775       2326.0775
  4.9307514e-80       1179.6928      -19.114133       72.266366     -0.40763205      -3.2861898      -95.194394       16.745103        16.745103       2325.8955       2325.8955
   8.131221e-80        1179.186      -19.207871       67.816592     -0.38471535     -0.22702387      -2.3031544       16.745103        16.745103       2324.8817       2324.8817
  9.7768737e-80        1178.995      -19.196647       69.764185     -0.60043393      0.29697434      -93.422874       16.745103        16.745103       2324.4998       2324.4998
  1.1365614e-79       1178.8378       -19.23591       66.604606     -0.21529482     -0.80329449      -2.0548307       16.745103        16.745103       2324.1854       2324.1854
  1.1414989e-79       1178.8268      -19.426443       61.879096      -0.1877297      -3.9758307      -54.853661       16.745103        16.745103       2324.1634       2324.1634
  2.4529162e-79       1178.0552      -19.269002       66.927242     -0.18105347      -1.9185596      -13.822452       16.745103        16.745103       2322.6203       2322.6203
  2.8069233e-79       1177.9138      -19.167976       70.904495     -0.52746455     -0.57699708      -25.302246       16.745103        16.745103       2322.3374       2322.3374
  2.8853498e-79       1177.8796      -19.192038       68.425271    -0.037652105       -6.926019      -99.110146       16.745103        16.745103       2322.2689       2322.2689
   3.817806e-79       1177.5929      -19.130908       71.121378     -0.10398008      -3.8096576      -37.754699       16.745103        16.745103       2321.6956       2321.6956
   5.595221e-79        1177.204       -19.38355       63.180767     -0.28924039      -3.7354388      -68.707378       16.745103        16.745103       2320.9178       2320.9178
   6.144752e-79       1177.1037      -19.385585        62.57846    -0.075464579      -2.5452678      -13.632899       16.745103        16.745103       2320.7172       2320.7172
  6.3149553e-79       1177.0697      -19.199202       69.491354     -0.50345105      -1.6666733      -64.404727       16.745103        16.745103       2320.6492       2320.6492
  7.0404508e-79       1176.9543      -19.396555       62.682548     -0.11601083      -3.3528743      -30.158072       16.745103        16.745103       2320.4185       2320.4185
    7.26564e-79       1176.9162      -19.280645       65.980007    -0.024737811      -6.5350105      -85.551659       16.745103        16.745103       2320.3422       2320.3422
  8.2448623e-79       1176.7831      -19.047246       72.310384     -0.14616909      -2.0121003      -12.975285       16.745103        16.745103        2320.076        2320.076
  8.8514656e-79       1176.7055      -19.209163       67.908927      -0.1250097      -3.5920993      -31.208668       16.745103        16.745103       2319.9208       2319.9208
  9.6156273e-79        1176.616      -19.124894       71.631824     -0.44417256     -0.47176881      -6.7043991       16.745103        16.745103       2319.7419       2319.7419
  1.0853079e-78       1176.4883      -19.088418       72.678163     -0.33667956      -2.0289893      -26.567271       16.745103        16.745103       2319.4865       2319.4865
  1.1359801e-78       1176.4361      -19.121716       70.422483     -0.21656989      -1.8810116       -12.52874       16.745103        16.745103       2319.3819       2319.3819
  1.3074759e-78       1176.2888      -19.335334       65.370518     -0.39060806      -2.5758849       -56.50683       16.745103        16.745103       2319.0874       2319.0874
  1.7694061e-78       1175.9796      -19.279049       66.144845      -0.1370472      -5.9516918       -94.59288       16.745103        16.745103        2318.469        2318.469
  2.0344831e-78       1175.8334      -19.371741       63.594882     -0.13944984       -5.856639       -97.44049       16.745103        16.745103       2318.1765       2318.1765
  2.2712819e-78       1175.7166      -19.123444        71.18747     -0.27872833      -2.9555641      -39.100921       16.745103        16.745103        2317.943        2317.943
  2.7802051e-78       1175.5078      -19.125536       70.246744      -0.3660875     0.017213235     -0.86782049       16.745103        16.745103       2317.5254       2317.5254
  3.6720626e-78       1175.2229      -19.179882       68.317404       -0.316391     -0.41665888       -2.356019       16.745103        16.745103       2316.9557       2316.9557
  3.6771343e-78       1175.2149      -19.086399       73.146069     -0.40591533     0.019467249      -1.1834149       16.745103        16.745103       2316.9396       2316.9396
  5.0469178e-78       1174.8916      -19.383201       63.663211     -0.41020238      0.53546903     -0.59958065       16.745103        16.745103        2316.293        2316.293
   5.089978e-78       1174.8765      -19.342537       64.791133     -0.22987945      -4.1002026      -64.314395       16.745103        16.745103       2316.2627       2316.2627
   5.461268e-78       1174.7994      -19.424086       61.056419     -0.22792681      -1.2524251      -8.6283682       16.745103        16.745103       2316.1086       2316.1086
  5.5195103e-78       1174.7822      -19.268399       66.375277    -0.089295733      -4.6091117      -48.343055       16.745103        16.745103       2316.0741       2316.0741
  5.6391411e-78       1174.7541      -19.251911       67.135627     -0.38098342      -1.5942387      -22.055912       16.745103        16.745103        2316.018        2316.018
   5.769771e-78       1174.7245      -19.251722       65.631067    -0.068840047       -2.535043      -12.663508       16.745103        16.745103       2315.9589       2315.9589
  5.9133952e-78       1174.6933      -19.287694       64.619934     -0.13551972       -2.754474      -22.136778       16.745103        16.745103       2315.8964       2315.8964
  6.5374735e-78       1174.5863      -19.171159       69.567408     -0.29097768      -3.1018749      -45.152809       16.745103        16.745103       2315.6825       2315.6825
  7.5503658e-78       1174.4356      -19.219528       68.794019     -0.44474051      -2.5966135      -76.871509       16.745103        16.745103       2315.3811       2315.3811
   7.878411e-78       1174.3865      -19.050833       71.954467    -0.061388496        -2.63832      -15.935899       16.745103        16.745103       2315.2827       2315.2827
  8.0760086e-78        1174.355      -19.258494       66.641233    -0.038365775      -6.8073789      -96.581526       16.745103        16.745103       2315.2199       2315.2199
  8.3637799e-78       1174.3134      -19.096558       72.266313     -0.32184507      -2.5478638      -37.913791       16.745103        16.745103       2315.1366       2315.1366
  8.7197721e-78       1174.2651      -19.210981       68.468643     -0.26091483      -3.8782805       -60.25027       16.745103        16.745103       2315.0399       2315.0399
  9.0079656e-78       1174.2259      -19.364949       64.388846     -0.44504782     -0.77636478      -14.867148       16.745103        16.745103       2314.9616       2314.9616
  9.4512338e-78       1174.1712      -19.177995       70.243038     -0.49966319      -0.8392655      -24.871084       16.745103        16.745103       2314.8522       2314.8522
  9.5810366e-78       1174.1509      -19.285596       66.425989     -0.12563013      -5.2816741      -79.292859       16.745103        16.745103       2314.8117       2314.8117
  1.0821692e-77       1174.0225      -19.149549       69.197562     -0.31417087     -0.53486879      -4.4434501       16.745103        16.745103       2314.5548       2314.5548
  1.1968553e-77       1173.9152       -19.10623       70.607063     -0.25953749      -1.0960139      -6.9246935       16.745103        16.745103       2314.3401       2314.3401
  1.4655618e-77        1173.706      -19.093911       71.579023     -0.29231873      -1.7260359       -18.49281       16.745103        16.745103       2313.9217       2313.9217
  1.5788004e-77       1173.6249      -19.167482       69.844945    -0.018034953       -6.849747      -99.499874       16.745103        16.745103       2313.7596       2313.7596
  3.1033513e-77       1172.9424      -19.271604        65.56311   -0.0040457677      -6.4828332      -81.702872       16.745103        16.745103       2312.3947       2312.3947
  3.4663711e-77       1172.8252       -19.13028       71.077082     -0.23526715      -4.6302645       -80.37901       16.745103        16.745103       2312.1601       2312.1601
  3.4863155e-77       1172.8128      -19.128775       70.633004    -0.054875323       -6.361544      -88.659076       16.745103        16.745103       2312.1354       2312.1354
  3.7374838e-77       1172.7366      -19.160157       69.472715    -0.045753051      -4.9429037       -49.73008       16.745103        16.745103       2311.9829       2311.9829
  4.0032484e-77       1172.6612      -19.071207       71.805833     -0.17039452      -1.5859255      -7.5166597       16.745103        16.745103       2311.8323       2311.8323
  4.0734101e-77       1172.6372      -19.311063       65.711486     -0.34306808      -3.6639619      -80.370879       16.745103        16.745103       2311.7842       2311.7842
  4.8090787e-77       1172.4645      -19.024073       73.399913     -0.27407185     -0.51611647         -3.0458       16.745103        16.745103       2311.4389       2311.4389
  5.3436759e-77       1172.3525      -19.228737       66.997288    -0.092378466      -6.0571454      -90.590096       16.745103        16.745103       2311.2148       2311.2148
  8.3959694e-77        1171.894      -19.365697       64.068144     -0.31442812      -2.7040079      -42.962123       16.745103        16.745103       2310.2978       2310.2978
  9.6739741e-77       1171.7457      -19.356965       62.759996     -0.24458656     -0.98175501      -6.5494094       16.745103        16.745103       2310.0011       2310.0011
   1.350607e-76       1171.4053      -19.155765       70.597554      -0.3490736      -3.1060946      -61.064918       16.745103        16.745103       2309.3205       2309.3205
  1.4610317e-76       1171.3201      -19.098388       71.911291      -0.1194217      -5.9894241       -96.56384       16.745103        16.745103         2309.15         2309.15
  1.4746708e-76       1171.3042      -19.307632       65.455376    -0.043327185      -6.3540142      -93.176918       16.745103        16.745103       2309.1181       2309.1181
  1.8213668e-76       1171.0864      -19.194456        69.52475     -0.33182287      -3.8254857      -82.104682       16.745103        16.745103       2308.6825       2308.6825
  2.0409259e-76       1170.9659      -19.262052       65.870877     -0.13807978      -4.3127297      -52.699988       16.745103        16.745103       2308.4416       2308.4416
  2.0412506e-76       1170.9591      -19.172337       68.492402     -0.29406595     -0.84010348      -6.4932834       16.745103        16.745103        2308.428        2308.428
  2.1559185e-76       1170.8978      -19.204712       69.222675     -0.46679057      -1.2947657      -32.125484       16.745103        16.745103       2308.3054       2308.3054
  2.2326748e-76       1170.8562      -19.171475       69.478593     -0.06270501      -3.3154044      -23.796875       16.745103        16.745103       2308.2221       2308.2221
  2.3720825e-76        1170.789      -19.221252       68.437508     -0.13764868      -5.5970159      -91.773566       16.745103        16.745103       2308.0877       2308.0877
  2.5589295e-76       1170.7065      -19.230388       67.977537     -0.10925285      -4.3837762      -52.273554       16.745103        16.745103       2307.9228       2307.9228
  2.5875444e-76       1170.6887      -19.305306        65.34518    -0.082484092      -3.9263987      -35.607309       16.745103        16.745103       2307.8873       2307.8873
  3.3240999e-76       1170.4316      -19.386043       62.822811     -0.13647179      -4.7824274      -66.124335       16.745103        16.745103        2307.373        2307.373
  3.6328727e-76       1170.3361      -19.117761       70.243132      -0.2743099     -0.93156187      -6.4337555       16.745103        16.745103        2307.182        2307.182
  4.4617968e-76        1170.124      -19.272014       66.723447     -0.28319803       -4.326667      -83.971063       16.745103        16.745103       2306.7577       2306.7577
  4.9568739e-76       1170.0121      -19.224558       66.922492     -0.35509386      0.24859175     -0.37969923       16.745103        16.745103        2306.534        2306.534
  5.5453748e-76       1169.8933      -19.371404       63.135853    -0.091646805      -6.0797011      -93.934474       16.745103        16.745103       2306.2963       2306.2963
  6.3595419e-76       1169.7496      -19.086677       72.605307     -0.40225175    -0.046783156      -1.3852084       16.745103        16.745103        2306.009        2306.009
  7.5518259e-76       1169.5711      -19.298123       65.123734    -0.003891756      -3.7747936      -25.313284       16.745103        16.745103       2305.6521       2305.6521
  1.0466794e-75       1169.2381      -19.111044       72.087955     -0.36632581      -1.3293281      -16.481257       16.745103        16.745103       2304.9859       2304.9859
  1.2899628e-75       1169.0224       -19.08713       73.327539     -0.46845864      0.37716942     -0.93045348       16.745103        16.745103       2304.5547       2304.5547
  1.3082661e-75       1169.0017      -19.296133       65.958634     -0.28055564      -3.9758985      -71.560504       16.745103        16.745103       2304.5132       2304.5132
  1.3439812e-75       1168.9681      -19.089502        72.02519     -0.22877088      -2.7303732      -29.101073       16.745103        16.745103       2304.4461       2304.4461
  1.5056762e-75       1168.8479      -19.108683       70.341373     -0.27983416     -0.48350048      -3.0386399       16.745103        16.745103       2304.2056       2304.2056
  1.7383368e-75       1168.6975      -19.258237       66.605716     -0.18484061      -4.2664185      -57.086552       16.745103        16.745103       2303.9049       2303.9049
  1.7358571e-75       1168.6923      -19.242909       67.562567     -0.09134971      -5.5081123      -78.395928       16.745103        16.745103       2303.8945       2303.8945
  1.9242053e-75       1168.5827      -19.309073       65.462704    -0.096797804       -6.017866      -92.559057       16.745103        16.745103       2303.6751       2303.6751
  2.0854494e-75       1168.4956      -19.205176       68.767614     -0.11225234      -5.3988145      -76.644722       16.745103        16.745103       2303.5009       2303.5009
    2.10348e-75       1168.4803      -19.126655       70.375169     -0.33440421     -0.34963578       -2.189067       16.745103        16.745103       2303.4704       2303.4704
  2.1322453e-75       1168.4601      -19.254881        67.08953     -0.23790294      -4.8438081      -88.568575       16.745103        16.745103         2303.43         2303.43
  3.1315552e-75       1168.0691      -19.324216       64.692163      -0.2397113      -3.6992611      -54.717585       16.745103        16.745103        2302.648        2302.648
  3.3563074e-75       1167.9931      -19.232747       68.031903      -0.1645547      -4.2687218       -57.10167       16.745103        16.745103        2302.496        2302.496
  4.6663253e-75       1167.6569      -19.124152       71.355184     -0.20749876      -2.6703986      -27.823792       16.745103        16.745103       2301.8237       2301.8237
  4.9013212e-75       1167.6012      -19.389919       62.009628     -0.11098302      -1.4779283      -5.0249118       16.745103        16.745103       2301.7121       2301.7121
  4.9386431e-75       1167.5869      -19.338852       62.789609    -0.051576783     -0.79861461     -0.41891591       16.745103        16.745103       2301.6837       2301.6837
  5.3053842e-75       1167.5087      -19.373562       63.587879     -0.24502185      -1.3647831      -9.4688406       16.745103        16.745103       2301.5271       2301.5271
  5.7718874e-75       1167.4177      -19.295476       64.349912     -0.16113789      -1.1310179      -3.7954673       16.745103        16.745103       2301.3453       2301.3453
  6.7911188e-75       1167.2485      -19.098492       72.342295     -0.31030435      -1.4738164      -14.427962       16.745103        16.745103       2301.0068       2301.0068
    7.40822e-75       1167.1549      -19.168436       69.281233      -0.2160106      -4.1041757      -62.329776       16.745103        16.745103       2300.8195       2300.8195
  8.0560002e-75       1167.0644      -19.164556       68.925766    -0.092235921       -4.899993      -59.437766       16.745103        16.745103       2300.6386       2300.6386
  8.1068455e-75       1167.0515       -19.32251       63.999498     -0.01759191      -6.3965568      -86.604011       16.745103        16.745103       2300.6127       2300.6127
  8.1226363e-75       1167.0429      -19.264243       65.999377     -0.25886468      -1.9405694      -17.828821       16.745103        16.745103       2300.5955       2300.5955
  9.3006428e-75       1166.9008      -19.305025       64.703371    -0.087810572      -6.1778786      -97.792709       16.745103        16.745103       2300.3114       2300.3114
  1.6192071e-74       1166.3397       -19.23703       67.384789     -0.15059504      -5.7597667      -94.887014       16.745103        16.745103       2299.1892       2299.1892
  1.7267971e-74       1166.2687      -19.382377       63.500807     -0.33090454     -0.86477439      -7.9693907       16.745103        16.745103       2299.0473       2299.0473
  1.8073104e-74       1166.2165      -19.219114       67.887348     -0.03538855      -3.6802479      -29.076589       16.745103        16.745103       2298.9428       2298.9428
  1.9163639e-74       1166.1513      -19.306249       65.136184     -0.23902829      -3.7400484      -56.860197       16.745103        16.745103       2298.8124       2298.8124
  2.0838093e-74       1166.0609        -19.1601       69.775903    -0.049139266      -5.0176405      -54.680593       16.745103        16.745103       2298.6315       2298.6315
   2.242155e-74        1165.981      -19.312858       64.925285     -0.01309406      -4.6887824      -46.161927       16.745103        16.745103       2298.4718       2298.4718
  2.3461175e-74        1165.929      -19.135768       70.950733     -0.26482736      -3.1775374      -45.037025       16.745103        16.745103       2298.3678       2298.3678
  2.7121971e-74       1165.7774      -19.140153       69.660206     -0.31371456     -0.53008061      -3.6118284       16.745103        16.745103       2298.0645       2298.0645
  3.8893924e-74       1165.4102      -19.363058       63.179174     -0.04417475       -6.170531      -87.787271       16.745103        16.745103       2297.3303       2297.3303
  4.4634266e-74       1165.2659      -19.241454       67.228225     -0.32876533       -2.116875      -29.311976       16.745103        16.745103       2297.0416       2297.0416
   4.616138e-74       1165.2256      -19.367357       62.414182     -0.05519307      -2.9431918      -18.808488       16.745103        16.745103       2296.9611       2296.9611
  5.0848404e-74       1165.1223      -19.201986       67.750573      -0.2012264      -1.8735141      -12.115681       16.745103        16.745103       2296.7544       2296.7544
  5.8890898e-74       1164.9688      -19.285073       65.847458    -0.029576021       -5.755695      -69.792982       16.745103        16.745103       2296.4474       2296.4474
  5.8769099e-74       1164.9642      -19.182416       69.680444     -0.24273543      -2.7679416      -32.979508       16.745103        16.745103       2296.4383       2296.4383
   7.648702e-74       1164.6941      -19.189606       67.640557    -0.077161054      -3.2868521      -25.330776       16.745103        16.745103        2295.898        2295.898
  8.2644796e-74         1164.61      -19.286065       66.211642     -0.19309718      -4.8418514      -78.359952       16.745103        16.745103       2295.7298       2295.7298
  9.0220252e-74       1164.5157      -19.256759       66.073921     -0.12979911     -0.59914286     -0.42662939       16.745103        16.745103       2295.5411       2295.5411
  1.0070302e-73       1164.3991      -19.272764       66.054499     -0.14788681       -5.314654      -81.898502       16.745103        16.745103        2295.308        2295.308
    1.01105e-73       1164.3885      -19.123779       71.157472     -0.23967534      -2.8044984       -32.02092       16.745103        16.745103       2295.2867       2295.2867
  1.0359163e-73       1164.3575      -19.236158        67.81475     -0.21602914      -5.0016293      -89.445089       16.745103        16.745103       2295.2248       2295.2248
  1.0948583e-73       1164.2955      -19.363465        62.31329    -0.009166641      -1.6173858      -3.5329559       16.745103        16.745103       2295.1009       2295.1009
  1.1583909e-73       1164.2325       -19.31121       64.665603     -0.22209853      -2.2353591      -19.453263       16.745103        16.745103       2294.9748       2294.9748
  1.2035808e-73       1164.1876      -19.345249       63.875075    -0.029744193      -6.3717808        -89.1334       16.745103        16.745103        2294.885        2294.885
  1.2766232e-73        1164.122      -19.327901       64.696805    -0.096667749      -5.3351877       -74.75167       16.745103        16.745103       2294.7538       2294.7538
   1.285688e-73       1164.1083      -19.256404         66.9936      -0.1156517      -3.7577584      -37.757413       16.745103        16.745103       2294.7264       2294.7264
  1.5953903e-73       1163.8858      -19.374416       62.971831     -0.11604571      -3.1951808      -27.489706       16.745103        16.745103       2294.2814       2294.2814
  1.6192658e-73       1163.8643      -19.272246       64.518362    -0.042186549       -2.003199      -8.7222672       16.745103        16.745103       2294.2385       2294.2385
  1.6807687e-73       1163.8204      -19.214816       66.349294     -0.14471793      -0.8414855      -2.3675743       16.745103        16.745103       2294.1506       2294.1506
  1.8874465e-73       1163.6978      -19.139722       70.290565     -0.37193837      -0.5976672      -6.1355081       16.745103        16.745103       2293.9054       2293.9054
  1.8862864e-73       1163.6918      -19.238316        67.40691    -0.076827591      -5.5466369       -72.52469       16.745103        16.745103       2293.8933       2293.8933
  2.0050597e-73        1163.624      -19.305477       63.793578     -0.12851022      -1.4110175      -6.2903224       16.745103        16.745103       2293.7579       2293.7579
  2.2667515e-73       1163.4947      -19.146029       69.434745    -0.013789833      -3.2623514      -18.551749       16.745103        16.745103       2293.4993       2293.4993
    2.52568e-73       1163.3799      -19.105004       71.301672     -0.25097401      -0.9826423      -4.6663414       16.745103        16.745103       2293.2696       2293.2696
  2.6025029e-73       1163.3433      -19.166736       69.605797    -0.033566508      -6.5310817      -93.849078       16.745103        16.745103       2293.1964       2293.1964
  2.9152805e-73       1163.2232      -19.101209       70.482529    -0.099273803      -2.3266116      -13.649059       16.745103        16.745103       2292.9562       2292.9562
  3.0386936e-73       1163.1751      -19.204806       68.307021     -0.01589258      -5.1893919      -57.387664       16.745103        16.745103       2292.8599       2292.8599
  3.0879054e-73       1163.1524      -19.112792       70.799211     -0.20001229       -2.478546      -23.800426       16.745103        16.745103       2292.8145       2292.8145
  3.4053304e-73       1163.0479      -19.214322       67.564237     -0.41283262      0.16984319      -1.0492418       16.745103        16.745103       2292.6055       2292.6055
  3.5132626e-73         1163.01      -19.168062       69.033203     -0.13349003       -4.834701      -68.794342       16.745103        16.745103       2292.5298       2292.5298
  4.5599781e-73       1162.7426      -19.322125       63.309449     -0.10778741      -1.5099679      -6.2193508       16.745103        16.745103        2291.995        2291.995
  4.6432956e-73       1162.7179      -19.375181       62.060802    -0.022247875      -1.5469341      -3.5986211       16.745103        16.745103       2291.9455       2291.9455
  4.6814689e-73        1162.703      -19.216715       67.495503       -0.410248      0.12598181      -1.5378951       16.745103        16.745103       2291.9158       2291.9158
  5.2525824e-73       1162.5813      -19.135963       70.485919     -0.11331213      -5.6256672      -86.139351       16.745103        16.745103       2291.6723       2291.6723
  5.6142345e-73        1162.508      -19.262603       65.781747     -0.25937805      -1.2836968      -10.002956       16.745103        16.745103       2291.5259       2291.5259
   5.595702e-73       1162.5047      -19.183363       68.761916    -0.099079957      -5.9677509      -90.455666       16.745103        16.745103       2291.5192       2291.5192
  5.9612075e-73       1162.4348      -19.276659       66.050703    -0.092617364       -3.777715      -33.976242       16.745103        16.745103       2291.3794       2291.3794
  7.7925677e-73       1162.1602       -19.21987       67.979044     -0.17133759      -5.4548012      -92.577554       16.745103        16.745103       2290.8303       2290.8303
  8.0164949e-73       1162.1253      -19.136233       70.838083      -0.2423997       -2.246144      -21.273877       16.745103        16.745103       2290.7603       2290.7603
  7.9825826e-73       1162.1229       -19.21014       67.706165     -0.19986593      -2.8504633      -28.475254       16.745103        16.745103       2290.7555       2290.7555
  8.3029836e-73       1162.0769       -19.20968       68.372207     -0.12554137      -5.9976604      -98.083224       16.745103        16.745103       2290.6635       2290.6635
  8.6295751e-73       1162.0316      -19.312853       65.499631     -0.26212974      -1.1524097      -7.6095084       16.745103        16.745103       2290.5731       2290.5731
  9.5657953e-73        1161.922      -19.148307       69.898854     -0.26801244      -1.9291515      -18.522553       16.745103        16.745103       2290.3538       2290.3538
  9.6006039e-73       1161.9117      -19.296587       65.788743      -0.3064566       -2.308853      -30.282449       16.745103        16.745103       2290.3332       2290.3332
  9.8438902e-73         1161.88      -19.314316       63.462411     -0.02528095      -2.4464492      -12.804507       16.745103        16.745103       2290.2699       2290.2699
  1.1531204e-72       1161.7152      -19.341338       63.762507     -0.16486378      -3.0478072      -29.498877       16.745103        16.745103       2289.9402       2289.9402
  1.1503358e-72        1161.711      -19.197063       68.807408     -0.21960461      -5.0305805      -96.285565       16.745103        16.745103       2289.9317       2289.9317
  1.2263793e-72       1161.6403      -19.090156       71.516044      -0.3324333     -0.34315992      -2.8352826       16.745103        16.745103       2289.7904       2289.7904
  1.2539969e-72       1161.6114      -19.336471       64.110884    -0.052637642      -3.7248389      -31.600044       16.745103        16.745103       2289.7326       2289.7326
  1.3815322e-72       1161.5079      -19.155789       68.401873    -0.049089359      -2.0065248      -7.4341574       16.745103        16.745103       2289.5256       2289.5256
  1.4653205e-72       1161.4424       -19.11891       70.377942     -0.18962444      -1.8128361      -11.443086       16.745103        16.745103       2289.3945       2289.3945
  1.7498717e-72       1161.2583      -19.276523       65.932469     -0.25689161      -2.1309901      -20.540741       16.745103        16.745103       2289.0263       2289.0263
   2.120331e-72       1161.0596      -19.125627       70.931085     -0.40058919     -0.28364299      -4.0929606       16.745103        16.745103        2288.629        2288.629
  2.1893953e-72       1161.0209      -19.263843       66.275261     -0.10291514      -5.8563986      -88.430016       16.745103        16.745103       2288.5516       2288.5516
  2.2130614e-72       1161.0035      -19.213578       68.231267     -0.14844474      -4.6538643      -62.494564       16.745103        16.745103       2288.5168       2288.5168
  2.3256598e-72       1160.9472      -19.282544       64.615783    -0.049861246      -2.9125414      -18.672266       16.745103        16.745103       2288.4042       2288.4042
  2.5187818e-72       1160.8608      -19.320494       64.116271    -0.019121523      -5.3347161      -59.430868       16.745103        16.745103       2288.2314       2288.2314
   2.962957e-72       1160.6917       -19.24472       67.063001    -0.017251941      -5.7044779      -69.133029       16.745103        16.745103       2287.8933       2287.8933
  3.0450438e-72       1160.6578      -19.236053       67.575262    -0.098225353      -5.4437488      -77.386615       16.745103        16.745103       2287.8253       2287.8253
  3.0277432e-72       1160.6568      -19.374394       62.851536     -0.11323139      -2.9917923      -25.150617       16.745103        16.745103       2287.8235       2287.8235
  3.0289927e-72       1160.6498      -19.135471       70.107255    -0.017883507      -4.6683388      -47.216472       16.745103        16.745103       2287.8093       2287.8093
  3.0685971e-72       1160.6301      -19.080876       71.870489     -0.21927934      -1.4960198      -9.4868334       16.745103        16.745103       2287.7701       2287.7701
   3.113145e-72       1160.6091      -19.207502       67.260188     -0.12789863       -2.353615      -14.739973       16.745103        16.745103        2287.728        2287.728
  3.1190721e-72       1160.6005      -19.221481       68.069867     -0.13383118      -4.7766554      -64.393573       16.745103        16.745103       2287.7109       2287.7109
  3.1558533e-72       1160.5822       -19.17844       68.899648    -0.094871052       -6.109113      -95.659875       16.745103        16.745103       2287.6741       2287.6741
  3.2725961e-72       1160.5392      -19.166426       69.228061     -0.19098709       -3.180101      -34.398341       16.745103        16.745103       2287.5882       2287.5882
  3.8704075e-72       1160.3648       -19.27566       65.556982    -0.050857665      -5.7667853      -75.673818       16.745103        16.745103       2287.2393       2287.2393
  4.4531565e-72       1160.2179       -19.16152       69.064436     -0.16138828      -3.0745505      -30.101959       16.745103        16.745103       2286.9455       2286.9455
  4.4249645e-72       1160.2176      -19.280097       65.082308    -0.026947016      -3.4682826      -23.021797       16.745103        16.745103        2286.945        2286.945
  4.8091968e-72       1160.1277      -19.292659       64.564551      -0.1966881      -1.1641854      -5.6278052       16.745103        16.745103       2286.7651       2286.7651
  5.4004282e-72       1160.0051      -19.266019       66.673003      -0.1447812      -4.2936618      -56.509147       16.745103        16.745103       2286.5199       2286.5199
  5.6211187e-72       1159.9584      -19.219012       67.368305     -0.39505733      0.20116197     -0.70600973       16.745103        16.745103       2286.4266       2286.4266
  7.9261829e-72       1159.6081      -19.152505       69.852995     -0.36163168     -0.59659298      -6.2901637       16.745103        16.745103        2285.726        2285.726
  8.2661873e-72       1159.5594      -19.160846       69.956351     -0.19321912      -3.6876046      -47.949845       16.745103        16.745103       2285.6287       2285.6287
  8.4677496e-72       1159.5287      -19.278484       65.951569     -0.18390325      -2.9834364      -28.708368       16.745103        16.745103       2285.5672       2285.5672
  1.0297069e-71       1159.3265      -19.285656       64.954053    -0.061713326      -2.6521503      -14.251012       16.745103        16.745103       2285.1627       2285.1627
  1.1040577e-71       1159.2501      -19.141364       69.782576     -0.36673656     0.038929563      -1.7080094       16.745103        16.745103         2285.01         2285.01
  1.1590009e-71       1159.1949      -19.147012       69.802354    -0.046394484      -5.8779459      -79.027084       16.745103        16.745103       2284.8996       2284.8996
  1.1710329e-71       1159.1779      -19.151698       69.375787     -0.32855871     -0.35677263      -3.2826426       16.745103        16.745103       2284.8657       2284.8657
  1.1961232e-71       1159.1501       -19.16767       69.282676    -0.055827095      -4.7179998      -49.374893       16.745103        16.745103         2284.81         2284.81
   1.192373e-71       1159.1466      -19.253208       66.912395     -0.18678473      -4.8773326      -79.919959       16.745103        16.745103        2284.803        2284.803
   1.191085e-71        1159.141      -19.276703       66.381088     -0.18220464      -4.3044462      -62.847016       16.745103        16.745103       2284.7918       2284.7918
  1.2809802e-71       1159.0616      -19.165507       69.380981     -0.29710111     -0.48981616      -2.1777424       16.745103        16.745103        2284.633        2284.633
  1.5184524e-71       1158.8849      -19.243655       66.665262     -0.12670184     -0.51363263       -1.963868       16.745103        16.745103       2284.2796       2284.2796
  1.5969112e-71       1158.8279      -19.151973       69.276562     -0.31097288     -0.13201287       -1.004681       16.745103        16.745103       2284.1655       2284.1655
  1.6275642e-71       1158.8022      -19.182426       67.940331    -0.058492377      -3.5061647      -27.779466       16.745103        16.745103       2284.1142       2284.1142
  1.6817184e-71       1158.7628      -19.161893       69.187282    -0.023068126      -6.3868691      -88.397905       16.745103        16.745103       2284.0355       2284.0355
  1.7709218e-71       1158.7045      -19.142691       69.637839     -0.35158191     0.039389492     -0.90602609       16.745103        16.745103       2283.9188       2283.9188
   1.889547e-71        1158.633      -19.181023       69.266781     -0.16052524      -4.0392027      -52.181082       16.745103        16.745103       2283.7759       2283.7759
  1.9860663e-71       1158.5766      -19.235902       66.940804     -0.17409201      -3.5401311      -40.958973       16.745103        16.745103       2283.6629       2283.6629
  2.3497076e-71       1158.4018      -19.268664       65.842866     -0.11271901      -4.3544035      -50.682108       16.745103        16.745103       2283.3134       2283.3134
  2.5030512e-71       1158.3319      -19.179234       68.576075    -0.012513745      -6.2458414      -80.863956       16.745103        16.745103       2283.1736       2283.1736
  2.8800131e-71        1158.185      -19.270381        65.59025     -0.01914337      -5.4326753      -61.392412       16.745103        16.745103       2282.8798       2282.8798
   2.889213e-71       1158.1752      -19.275194       65.882855    -0.023971478      -4.0112954      -32.726977       16.745103        16.745103       2282.8601       2282.8601
   3.274024e-71       1158.0435      -19.274952       65.927785      -0.0790804      -4.0696335      -38.645877       16.745103        16.745103       2282.5968       2282.5968
   4.303946e-71       1157.7633      -19.236373       67.864422     -0.28446309      -2.1346743      -25.417731       16.745103        16.745103       2282.0364       2282.0364
  4.6856952e-71       1157.6717       -19.32019       64.813784     -0.19293857      -1.6475126      -9.6918257       16.745103        16.745103       2281.8532       2281.8532
   5.261851e-71       1157.5491      -19.315301       64.472326   -0.0088264331      -4.4457919      -39.359774       16.745103        16.745103        2281.608        2281.608
  5.6264522e-71       1157.4754      -19.208896       68.163981     -0.10059872      -4.6948771      -55.958878       16.745103        16.745103       2281.4607       2281.4607
   6.112356e-71        1157.386      -19.240821       66.555916    -0.076634642      -4.2265787      -42.074236       16.745103        16.745103       2281.2817       2281.2817
  6.2452065e-71       1157.3578      -19.225555       67.013771     -0.12933316      -3.0212762      -24.743143       16.745103        16.745103       2281.2254       2281.2254
  7.1435734e-71       1157.2168      -19.141486       69.420568     -0.28133936     -0.35609968      -1.8867963       16.745103        16.745103       2280.9433       2280.9433
  7.2697904e-71       1157.1926      -19.146102       69.512823     -0.14528871      -2.8026977      -24.657677       16.745103        16.745103        2280.895        2280.895
  7.3218322e-71       1157.1788      -19.258113       66.437845    -0.072819189      -3.9638839      -35.890634       16.745103        16.745103       2280.8675       2280.8675
  8.1670116e-71        1157.063      -19.203268       68.701553     -0.21215497      -2.8095156      -31.031662       16.745103        16.745103       2280.6357       2280.6357
  8.3529853e-71       1157.0338      -19.172897       69.032832    -0.087583941      -5.0747801      -66.819581       16.745103        16.745103       2280.5774       2280.5774
  8.6078695e-71       1156.9971       -19.13273       69.933973     -0.34226301     -0.10278595      -1.8439369       16.745103        16.745103        2280.504        2280.504
  1.2304892e-70       1156.6331      -19.160427        68.94189    -0.010297591      -4.0891101      -31.974141       16.745103        16.745103        2279.776        2279.776
  1.5276604e-70       1156.4102      -19.286604       65.330744     -0.19301527     -0.60636517       -1.288991       16.745103        16.745103       2279.3301       2279.3301
  1.6804595e-70       1156.3082      -19.416964       61.389425       -0.137008     -0.58138511       -1.741059       16.745103        16.745103       2279.1262       2279.1262
  1.7021286e-70       1156.2887      -19.180988       68.749206    -0.058159974      -5.3355151      -68.538753       16.745103        16.745103       2279.0872       2279.0872
  2.2550372e-70       1156.0008      -19.112903       71.087203     -0.14943379      -1.0142428      -3.2344307       16.745103        16.745103       2278.5114       2278.5114
  2.2693466e-70       1155.9878      -19.317584       64.535638     -0.12715649      -3.5729149      -36.161645       16.745103        16.745103       2278.4854       2278.4854
  2.5619622e-70       1155.8599      -19.222483       67.438303     -0.12819895      -4.3761984      -53.774076       16.745103        16.745103       2278.2296       2278.2296
  3.0079801e-70       1155.6928      -19.249467       65.896292     -0.13229605      -1.5414683      -6.1951142       16.745103        16.745103       2277.8953       2277.8953
  4.4682692e-70       1155.2904      -19.283497       65.922295     -0.14562303      -2.3033438      -15.954633       16.745103        16.745103       2277.0906       2277.0906
  4.4660006e-70       1155.2842      -19.292775       64.846747    -0.040777885      -4.3505829      -43.372098       16.745103        16.745103       2277.0783       2277.0783
  4.4514455e-70       1155.2809      -19.234054       67.397069     -0.13271194      -4.5036876      -59.863704       16.745103        16.745103       2277.0715       2277.0715
  4.7047205e-70       1155.2189       -19.14628       69.542389     -0.30657148     -0.48692703      -3.3743283       16.745103        16.745103       2276.9476       2276.9476
  4.6778848e-70        1155.218      -19.220625       68.250326     -0.34365111      -1.1377232      -11.312589       16.745103        16.745103       2276.9457       2276.9457
  4.7283184e-70       1155.2006      -19.122468       70.270209    -0.084917293      -1.8760352      -9.6205077       16.745103        16.745103        2276.911        2276.911
  4.7671208e-70       1155.1858      -19.185793       68.735401     -0.28794608     -0.82049361      -4.5617248       16.745103        16.745103       2276.8813       2276.8813
  5.0619934e-70       1155.1191      -19.231829       67.055199      -0.1813581      -2.0534089      -13.564957       16.745103        16.745103        2276.748        2276.748
  5.5354626e-70        1155.023      -19.335673       63.522537    -0.038979835      -3.1407384      -22.349816       16.745103        16.745103       2276.5559       2276.5559
  6.0132725e-70       1154.9336      -19.163891       68.970198    -0.083095684      -3.8963334      -38.540113       16.745103        16.745103        2276.377        2276.377
  6.9529992e-70       1154.7818      -19.164469       68.912252     -0.07929328      -3.8558783      -36.443713       16.745103        16.745103       2276.0733       2276.0733
    6.94213e-70       1154.7767      -19.386545       62.525919     -0.28741188      -0.4324636      -2.4593211       16.745103        16.745103       2276.0632       2276.0632
  6.9056935e-70       1154.7753      -19.288819       65.319686    -0.049735844      -3.9043718      -33.237876       16.745103        16.745103       2276.0604       2276.0604
   7.626212e-70       1154.6694      -19.207141       68.241471     -0.21731932      -3.0100613      -34.946477       16.745103        16.745103       2275.8486       2275.8486
  7.7338362e-70       1154.6488      -19.323547         64.4355     -0.14968242      -1.6874103      -8.4080865       16.745103        16.745103       2275.8073       2275.8073
  8.1121667e-70       1154.5943      -19.362732       62.607358     -0.12288434      -1.6675432      -8.5358615       16.745103        16.745103       2275.6985       2275.6985
   9.196394e-70       1154.4623      -19.225194       66.301429   -0.0024059175      -1.9013234      -5.0254372       16.745103        16.745103       2275.4343       2275.4343
  9.3277532e-70       1154.4414      -19.118763        70.63063     -0.22674846      -1.3363837      -7.9722816       16.745103        16.745103       2275.3927       2275.3927
  9.8500232e-70       1154.3803      -19.225931         67.0275    -0.038832622      -5.1771615      -61.212579       16.745103        16.745103       2275.2704       2275.2704
  1.1338303e-69       1154.2329      -19.215519       67.469684      -0.3937425      0.23563103     -0.68375286       16.745103        16.745103       2274.9757       2274.9757
  1.2137571e-69       1154.1582      -19.218764       67.874636     -0.14591946      -3.9064112      -46.914801       16.745103        16.745103       2274.8262       2274.8262
  1.5218292e-69       1153.9253      -19.117401       70.430984    -0.081651746      -2.7649951      -18.290562       16.745103        16.745103       2274.3605       2274.3605
   1.752861e-69       1153.7774      -19.262401       66.366037     -0.10882858      -4.4321037      -53.725315       16.745103        16.745103       2274.0645       2274.0645
  1.7565351e-69       1153.7686      -19.230352       67.198901    -0.052253852      -4.8029987      -51.934615       16.745103        16.745103       2274.0471       2274.0471
  1.8358877e-69       1153.7178      -19.228351       67.372614      -0.2217282      -2.5567542      -26.318398       16.745103        16.745103       2273.9454       2273.9454
  1.9865639e-69       1153.6323      -19.177646       69.521022      -0.4289405    -0.088811621       -3.008493       16.745103        16.745103       2273.7743       2273.7743
  2.1019617e-69       1153.5692      -19.138865       69.605207      -0.2984811     -0.30960855       -2.159005       16.745103        16.745103       2273.6481       2273.6481
  2.1609845e-69       1153.5348      -19.321641       63.880717    -0.045287006     -0.79294681     -0.90893569       16.745103        16.745103       2273.5795       2273.5795
  2.2718727e-69       1153.4781      -19.114543       70.547777    -0.068467355      -2.6787038      -16.862825       16.745103        16.745103       2273.4661       2273.4661
  2.2663043e-69        1153.474      -19.161911       68.642867     -0.04033086      -3.3612557      -24.732463       16.745103        16.745103       2273.4577       2273.4577
  2.3018537e-69       1153.4517      -19.149156       69.650776    -0.079928348      -3.5380703       -30.32745       16.745103        16.745103       2273.4133       2273.4133
  2.3114209e-69        1153.441      -19.308178       64.737697    -0.081970444      -3.7425977      -34.974885       16.745103        16.745103       2273.3917       2273.3917
  2.4702471e-69       1153.3679      -19.210208       68.621312     -0.42990934     -0.18553069      -4.0189568       16.745103        16.745103       2273.2455       2273.2455
  2.5831608e-69       1153.3165      -19.244972         66.2973    -0.077268841      -3.6087002      -31.262936       16.745103        16.745103       2273.1428       2273.1428
  2.5755462e-69       1153.3128      -19.180788       68.649598    -0.038369298      -4.6097438      -46.588701       16.745103        16.745103       2273.1354       2273.1354
  2.8076055e-69       1153.2199      -19.291535       65.644754     -0.17674067      -1.9762165      -14.809264       16.745103        16.745103       2272.9496       2272.9496
  2.7919288e-69       1153.2189      -19.308742       65.313932     -0.23235037       -1.255362      -7.6433358       16.745103        16.745103       2272.9475       2272.9475
  3.4598123e-69       1152.9977      -19.273146       65.805112    -0.038145888      -4.7283914      -50.193327       16.745103        16.745103       2272.5053       2272.5053
  3.8393172e-69        1152.887      -19.200497       67.413947     -0.10755403      -2.3905426      -16.122578       16.745103        16.745103       2272.2838       2272.2838
  4.7565633e-69       1152.6661      -19.225579       67.190928    -0.012390376      -5.3160421      -59.807377       16.745103        16.745103       2271.8421       2271.8421
  5.4437735e-69       1152.5245      -19.214874       66.456532  -0.00077524716       -1.280958      -1.5991224       16.745103        16.745103       2271.5589       2271.5589
  5.5579228e-69       1152.4971      -19.213762       67.354708     -0.35190624    -0.022463172      -1.4809138       16.745103        16.745103       2271.5041       2271.5041
  5.8480975e-69       1152.4396      -19.146004       69.396023     -0.29154592     -0.39704537      -2.6802084       16.745103        16.745103        2271.389        2271.389
  5.8675854e-69       1152.4296       -19.17164       69.354407     -0.16423021      -2.2404533      -16.098719       16.745103        16.745103       2271.3691       2271.3691
  5.9835607e-69       1152.4034      -19.276839       65.043785   -0.0098872801      -3.6331687      -27.267248       16.745103        16.745103       2271.3166       2271.3166
  6.0507744e-69       1152.3856      -19.217775       67.320273     -0.34637186     -0.16070601      -2.1143327       16.745103        16.745103        2271.281        2271.281
  6.1331326e-69       1152.3654       -19.32172       64.087739    -0.058010728      -3.1878689      -23.745212       16.745103        16.745103       2271.2407       2271.2407
  6.9613483e-69       1152.2321      -19.193615       68.634031     -0.17923741      -2.9253494      -29.820102       16.745103        16.745103       2270.9741       2270.9741
  7.0298512e-69       1152.2157      -19.230402       66.391079    -0.070781371      -2.5448469      -14.783031       16.745103        16.745103       2270.9412       2270.9412
  7.5929994e-69        1152.132      -19.194871       67.617527   -0.0071542913       -1.224604      -1.6769473       16.745103        16.745103       2270.7738       2270.7738
  8.6781685e-69       1151.9918       -19.21071       66.638256    -0.094296178      -1.4592185      -5.5546187       16.745103        16.745103       2270.4933       2270.4933
  8.6275754e-69        1151.991      -19.223337       67.122289    -0.053678845      -2.7026588      -14.801711       16.745103        16.745103       2270.4917       2270.4917
   8.590403e-69       1151.9886      -19.193151       67.647651     -0.16723495      -1.4890362       -8.552821       16.745103        16.745103       2270.4871       2270.4871
  8.7941059e-69       1151.9586      -19.177663       67.634877    -0.049698161      -1.7022177      -6.7956634       16.745103        16.745103       2270.4269       2270.4269
  1.0050701e-68       1151.8183      -19.301627       65.296608     -0.18556974      -2.1916506      -17.125368       16.745103        16.745103       2270.1465       2270.1465
  1.0100804e-68       1151.8067      -19.340794       63.633928     -0.13333502      -1.9403994       -12.20856       16.745103        16.745103       2270.1233       2270.1233
  1.0202861e-68         1151.79      -19.176608       68.684926    -0.088987148      -3.6125277      -33.633873       16.745103        16.745103       2270.0899       2270.0899
  1.0432489e-68       1151.7611      -19.168155        68.84428    -0.073409031      -3.5039654      -29.137426       16.745103        16.745103       2270.0321       2270.0321
  1.1345181e-68       1151.6706      -19.332513       63.777473    -0.097213365      -1.4848054      -6.6904882       16.745103        16.745103        2269.851        2269.851
  1.1507126e-68       1151.6498       -19.19991       67.228118    -0.011994537      -2.7231403      -13.389792       16.745103        16.745103       2269.8094       2269.8094
  1.4239975e-68       1151.4301      -19.239351       67.089537     -0.13631128      -2.8120007      -22.389822       16.745103        16.745103       2269.3699       2269.3699
   1.598192e-68        1151.308       -19.23667        66.84661    -0.057787852      -3.2271981      -22.591322       16.745103        16.745103       2269.1258       2269.1258
  2.2571671e-68       1150.9561       -19.19346       67.355984   -0.0039962963      -2.7038578      -13.061242       16.745103        16.745103       2268.4221       2268.4221
  2.3826039e-68       1150.8954      -19.212376       67.660407     -0.40524589      0.25254589     -0.75883134       16.745103        16.745103       2268.3006       2268.3006
  2.4669308e-68        1150.854      -19.173548       68.424309    -0.042151022      -1.0976601      -1.6578481       16.745103        16.745103       2268.2178       2268.2178
  2.6768586e-68       1150.7657      -19.203948       67.399275   -0.0022418696      -1.3010897      -2.2482511       16.745103        16.745103       2268.0411       2268.0411
  2.7894523e-68       1150.7178      -19.382399       63.602986      -0.3658092      0.31068039     -0.77441162       16.745103        16.745103       2267.9454       2267.9454
  2.7742627e-68       1150.7166      -19.273214       65.481099   -0.0019319714      -3.0745525      -18.707362       16.745103        16.745103       2267.9431       2267.9431
  2.8466618e-68       1150.6842      -19.240782       66.961953     -0.12208985      -2.5320835      -17.117206       16.745103        16.745103       2267.8783       2267.8783
  2.8714845e-68       1150.6689      -19.145108       69.432709     -0.29995696     -0.28318608      -2.1756484       16.745103        16.745103       2267.8476       2267.8476
  3.1009244e-68       1150.5854      -19.280666        64.52438    -0.024914231      -1.9773456      -8.1802247       16.745103        16.745103       2267.6806       2267.6806
  3.2045252e-68       1150.5459      -19.215335       67.882013     -0.17903712       -2.822363      -27.835186       16.745103        16.745103       2267.6016       2267.6016
  3.5402893e-68       1150.4396      -19.331257       63.664517     -0.18013604      -1.0995875      -4.6459142       16.745103        16.745103        2267.389        2267.389
  3.8406531e-68       1150.3515      -19.156091       69.326531     -0.11580454      -2.4164753      -15.283614       16.745103        16.745103       2267.2128       2267.2128
   4.120231e-68       1150.2746      -19.189236       68.631802     -0.23501147      -1.1079744      -5.5899705       16.745103        16.745103        2267.059        2267.059
   4.118924e-68       1150.2683      -19.311627        64.27628    -0.027919812      -2.2430196      -10.472364       16.745103        16.745103       2267.0464       2267.0464
  4.2808698e-68       1150.2231      -19.347891       63.126499     -0.14912824      -1.3933831       -6.678219       16.745103        16.745103       2266.9559       2266.9559
  4.7005273e-68       1150.1229      -19.277044       65.214462     -0.11662378      -1.8046964      -8.3259925       16.745103        16.745103       2266.7556       2266.7556
  5.5665981e-68       1149.9472      -19.377812       63.853215     -0.41823914      0.60114924     -0.99424012       16.745103        16.745103       2266.4041       2266.4041
  6.0395699e-68        1149.859      -19.249523       66.555464     -0.27957673      0.21412059     -0.28513561       16.745103        16.745103       2266.2277       2266.2277
  8.6641806e-68       1149.4915      -19.146247       69.108574    -0.073050853      -1.8667472      -7.4108229       16.745103        16.745103       2265.4927       2265.4927
  9.4576973e-68       1149.3972      -19.179889        67.79453    -0.056560148      -2.0123001      -9.5853819       16.745103        16.745103       2265.3041       2265.3041
  1.0243181e-67       1149.3107        -19.1561       68.768508     -0.13099268      -1.3801426      -6.6439904       16.745103        16.745103       2265.1313       2265.1313
  1.0286885e-67       1149.2998      -19.192618       67.769894    -0.020479709      -1.2498059      -3.1250444       16.745103        16.745103       2265.1095       2265.1095
  1.3550252e-67       1149.0177      -19.361891       64.280405      -0.3953999      0.29314626     -0.81184751       16.745103        16.745103       2264.5451       2264.5451
  1.5211544e-67       1148.8954      -19.345509       64.286935     -0.30383385     -0.34390647      -2.3110108       16.745103        16.745103       2264.3005       2264.3005
  1.6454421e-67       1148.8102       -19.19548       68.330311     -0.30486349     -0.28780592      -1.4933001       16.745103        16.745103       2264.1302       2264.1302
  1.6388719e-67       1148.8075      -19.140926       70.132533     -0.36240539     -0.15085757      -2.2399449       16.745103        16.745103       2264.1249       2264.1249
   1.785145e-67       1148.7154      -19.146695       70.173711     -0.26118127     -0.93151492      -6.4249423       16.745103        16.745103       2263.9406       2263.9406
  2.1425395e-67       1148.5263      -19.218517       67.677747     -0.30260025      -0.9434849      -7.8029239       16.745103        16.745103       2263.5623       2263.5623
  2.2211284e-67       1148.4836      -19.176317       68.267338     -0.12234935       -1.277594      -3.9717602       16.745103        16.745103        2263.477        2263.477
  2.2584451e-67       1148.4603      -19.393432       62.329818     -0.20824408     -0.40022093      -1.6035484       16.745103        16.745103       2263.4304       2263.4304
  2.3284244e-67       1148.4231      -19.207225       67.584122      -0.3592027     0.097402683      -1.0227145       16.745103        16.745103       2263.3561       2263.3561
  2.6375622e-67       1148.2918      -19.151998       69.228496     -0.30526589     -0.18658928      -1.9666201       16.745103        16.745103       2263.0935       2263.0935
  3.0102892e-67        1148.153       -19.12727       70.237811      -0.1241077     -0.88798571      -2.0666642       16.745103        16.745103       2262.8158       2262.8158
  3.5060415e-67       1147.9939      -19.270939       66.005498     -0.16839775      -1.7606299      -10.072829       16.745103        16.745103       2262.4976       2262.4976
  3.7988896e-67        1147.907      -19.168094        68.23123    -0.011551812      -1.8152395      -5.1312632       16.745103        16.745103       2262.3239       2262.3239
  3.8449232e-67       1147.8884      -19.136589       69.749848     -0.29110504     -0.26879586      -2.2271549       16.745103        16.745103       2262.2865       2262.2865
  3.9736922e-67       1147.8488      -19.248769       66.615182     -0.20750917      -1.9540006      -15.986863       16.745103        16.745103       2262.2073       2262.2073
  4.1359918e-67       1147.8021      -19.169486       69.399429     -0.23518045      -1.3073744      -9.2598993       16.745103        16.745103        2262.114        2262.114
  4.4876592e-67       1147.7138      -19.326461       63.279221    -0.072788244      -1.2096024      -3.9625118       16.745103        16.745103       2261.9375       2261.9375
  4.8021253e-67       1147.6395       -19.15008       69.131069     -0.13642593     -0.76531557      -1.4380092       16.745103        16.745103       2261.7887       2261.7887
  4.8705989e-67       1147.6187       -19.23511       67.289018     -0.19010205      -1.8649561      -13.876949       16.745103        16.745103       2261.7471       2261.7471
  6.1742069e-67       1147.3749      -19.280387       65.650659     -0.28203941     -0.85626956      -6.4527827       16.745103        16.745103       2261.2595       2261.2595
  6.2783024e-67       1147.3515      -19.387562       63.527949     -0.39282571        0.420714     -0.75624676       16.745103        16.745103       2261.2128       2261.2128
  6.4403947e-67       1147.3194      -19.218846       67.642931      -0.1656369      -1.6800835      -10.720531       16.745103        16.745103       2261.1485       2261.1485
  7.2435726e-67       1147.1952      -19.270798       64.969855    -0.036156773      -1.3272203      -2.7291326       16.745103        16.745103       2260.9002       2260.9002
  7.5784351e-67       1147.1434      -19.168618       69.214898     -0.15384966      -1.8844908      -11.365565       16.745103        16.745103       2260.7965       2260.7965
  7.7685237e-67       1147.1119      -19.238742        67.03128     -0.28378323      -1.0752393      -8.0944751       16.745103        16.745103       2260.7337       2260.7337
  7.9573742e-67       1147.0813      -19.308018       65.118705     -0.25940194     -0.84504775      -4.5996695       16.745103        16.745103       2260.6723       2260.6723
  9.1048936e-67       1146.9399      -19.188005       68.554712     -0.12436776      -1.2643839      -4.9026112       16.745103        16.745103       2260.3896       2260.3896
  1.0146256e-66        1146.825      -19.187883       68.039148     -0.15579136      -1.4171072      -7.8468819       16.745103        16.745103       2260.1597       2260.1597
  1.0396243e-66        1146.794      -19.198236       68.826392     -0.37722946    -0.046572539      -1.3385081       16.745103        16.745103       2260.0978       2260.0978
  1.0977869e-66       1146.7329       -19.12057       70.047318    -0.083730039      -1.5441128      -5.4844707       16.745103        16.745103       2259.9756       2259.9756
  1.3869699e-66       1146.4924      -19.269664       64.987722    -0.078352655      -1.1721321      -2.8123871       16.745103        16.745103       2259.4947       2259.4947
  1.3847414e-66       1146.4874      -19.258657       65.404022    -0.010266564     -0.95606779     -0.90873656       16.745103        16.745103       2259.4846       2259.4846
  1.4145204e-66       1146.4595      -19.286468       65.067456    -0.070003792     -0.78506333      -1.3046083       16.745103        16.745103       2259.4288       2259.4288
  1.4650798e-66       1146.4177      -19.240792       66.755665    -0.096080892      -2.4874686      -15.662178       16.745103        16.745103       2259.3452       2259.3452
   1.488705e-66       1146.3951      -19.223258       67.415932     -0.18779342      -1.3445567       -6.406677       16.745103        16.745103          2259.3          2259.3
   1.583031e-66        1146.327      -19.220869       67.499612     -0.13058497      -1.8283535      -10.555355       16.745103        16.745103       2259.1638       2259.1638
  1.6379501e-66       1146.2863      -19.193512       67.906634    -0.050698317      -1.1857767      -2.5844943       16.745103        16.745103       2259.0823       2259.0823
   1.845517e-66       1146.1603      -19.301965       64.768434     -0.20311371     -0.73665549      -2.4621606       16.745103        16.745103       2258.8304       2258.8304
  1.8386268e-66       1146.1574      -19.325498       64.445355     -0.22021675      -1.1646848      -6.9406441       16.745103        16.745103       2258.8246       2258.8246
  1.8455153e-66        1146.147      -19.314187       65.560668     -0.36583167      0.20997902       -0.667992       16.745103        16.745103       2258.8038       2258.8038
  2.2046062e-66       1145.9626      -19.293269       64.132141     -0.04785047     -0.92178819      -1.3180879       16.745103        16.745103       2258.4349       2258.4349
  2.2356353e-66       1145.9419      -19.135009       69.605446     -0.17656032      -1.0504052      -4.8796357       16.745103        16.745103       2258.3937       2258.3937
  2.3308892e-66       1145.8936      -19.288224       64.850243    -0.040007474      -1.0595617      -2.4128273       16.745103        16.745103        2258.297        2258.297
  2.3326462e-66       1145.8862      -19.221184       67.552624     -0.32423529       0.3429713     -0.40338448       16.745103        16.745103       2258.2822       2258.2822
  2.4578527e-66       1145.8273      -19.135589       70.156652     -0.17659627      -1.4156525      -7.6449681       16.745103        16.745103       2258.1643       2258.1643
  2.4919324e-66       1145.8068      -19.213878       68.421672     -0.41974811       0.5691273     -0.65282673       16.745103        16.745103       2258.1235       2258.1235
  2.5035919e-66       1145.7955      -19.206458         67.7659     -0.10972045      -2.2102016      -12.659235       16.745103        16.745103       2258.1008       2258.1008
  2.6495156e-66       1145.7322      -19.145832       69.498767      -0.3145149    -0.098001075      -1.2882686       16.745103        16.745103       2257.9743       2257.9743
  2.7677125e-66       1145.6819      -19.216583       67.549738     -0.11371336       -1.460147      -6.4824416       16.745103        16.745103       2257.8737       2257.8737
  2.8855602e-66       1145.6336      -19.282337       65.517545     -0.14128925      -2.0685559      -13.387185       16.745103        16.745103        2257.777        2257.777
  2.9809157e-66       1145.5944      -19.256153       66.921265      -0.3138242     -0.82182683      -6.5075712       16.745103        16.745103       2257.6987       2257.6987
  2.9777432e-66       1145.5889      -19.195481       67.934875    -0.076682463      -1.2617338      -3.2629421       16.745103        16.745103       2257.6875       2257.6875
  2.9864319e-66       1145.5793      -19.266958       65.216141    -0.049947891      -1.3699223       -4.730901       16.745103        16.745103       2257.6684       2257.6684
  3.0436187e-66       1145.5537      -19.329541       65.188876     -0.39977437      0.41249299     -0.53958768       16.745103        16.745103       2257.6172       2257.6172
  3.5272811e-66       1145.3996      -19.234773       66.380423    -0.098795279      -1.9050567      -10.207265       16.745103        16.745103       2257.3089       2257.3089
  3.5045981e-66       1145.3994      -19.182489       68.144193     -0.24127594      -0.5257496      -3.0720109       16.745103        16.745103       2257.3085       2257.3085
  3.7424503e-66       1145.3271        -19.2607       66.562696     -0.24584774     -0.85412023      -4.1723574       16.745103        16.745103       2257.1639       2257.1639
   3.981566e-66       1145.2585      -19.247973       66.168403     -0.13115773      -1.6502701      -7.6110338       16.745103        16.745103       2257.0268       2257.0268
  4.3020097e-66       1145.1744      -19.185109       68.631184     -0.32795494     -0.39504828       -3.372042       16.745103        16.745103       2256.8587       2256.8587
  4.5144167e-66       1145.1196      -19.400475       63.120518     -0.39503171       0.4981175     -0.85211502       16.745103        16.745103        2256.749        2256.749
   4.818744e-66       1145.0477      -19.294487       65.607807     -0.23980567     -0.94325094      -5.5429405       16.745103        16.745103       2256.6052       2256.6052
  4.8406804e-66       1145.0365      -19.233771        66.09434    -0.072741493      -1.5810162      -6.3679739       16.745103        16.745103       2256.5828       2256.5828
  4.8574196e-66       1145.0264      -19.286028       65.443671      -0.2137721     -0.52717846      -1.5396202       16.745103        16.745103       2256.5627       2256.5627
  5.2457074e-66       1144.9429      -19.255238       65.270282     -0.01193349      -1.3106125        -3.47416       16.745103        16.745103       2256.3956       2256.3956
  5.3528314e-66        1144.916      -19.186801       67.885799    -0.083333952      -2.0795173      -10.647583       16.745103        16.745103       2256.3418       2256.3418
  5.4338725e-66       1144.8944      -19.348234       63.371855      -0.1999449     -0.78758307      -3.9078207       16.745103        16.745103       2256.2985       2256.2985
  5.4707495e-66       1144.8809      -19.297636       64.346191    -0.035473413      -1.6044184      -5.5794262       16.745103        16.745103       2256.2717       2256.2717
  5.4582397e-66       1144.8766      -19.268239       65.320686    -0.029500851      -1.0754441      -1.7333779       16.745103        16.745103        2256.263        2256.263
  5.4719496e-66       1144.8674      -19.224671       67.995538      -0.2925793     -0.29907172      -2.4956432       16.745103        16.745103       2256.2447       2256.2447
  6.1658883e-66       1144.7414      -19.297699       65.267198     -0.21261727     -0.43174374      -1.2997524       16.745103        16.745103       2255.9926       2255.9926
  6.4609651e-66        1144.688      -19.177596       67.135094    -0.060216417     -0.18462922     -0.79566589       16.745103        16.745103       2255.8858       2255.8858
   6.854875e-66       1144.6222       -19.31781       64.194104     -0.14941233      -1.4568631      -7.4693247       16.745103        16.745103       2255.7541       2255.7541
  8.1639199e-66       1144.4408      -19.371905       63.914116     -0.40447249      0.56547224       -0.750367       16.745103        16.745103       2255.3913       2255.3913
   8.710073e-66       1144.3694      -19.137622       69.880747     -0.23169008     -0.88398566      -4.7198817       16.745103        16.745103       2255.2485       2255.2485
  9.4461469e-66       1144.2816      -19.269942       64.903412   -0.0093929881      -1.7149551       -5.299389       16.745103        16.745103        2255.073        2255.073
  1.0420797e-65       1144.1768      -19.266571       65.198193    -0.007750939      -1.1126142      -1.6619296       16.745103        16.745103       2254.8633       2254.8633
  1.1451209e-65       1144.0758      -19.215055       66.764535    -0.097536117      -1.1717273      -4.4553974       16.745103        16.745103       2254.6614       2254.6614
  1.1610139e-65       1144.0554      -19.154823       68.385646    -0.023699781     -0.85584282     -0.78368032       16.745103        16.745103       2254.6206       2254.6206
  1.1629791e-65       1144.0471      -19.388473       63.588385     -0.41499849      0.59405973      -0.9632396       16.745103        16.745103       2254.6039       2254.6039
  1.3145898e-65       1143.9179      -19.272563       65.166948    -0.071797925      -1.2390852      -3.0024897       16.745103        16.745103       2254.3455       2254.3455
  1.3113026e-65       1143.9137      -19.303609       64.445087    -0.072174961      -1.4812187      -5.5427848       16.745103        16.745103       2254.3373       2254.3373
  1.3772419e-65        1143.858      -19.289413       65.238386     -0.25705519     -0.84266863      -5.1780794       16.745103        16.745103       2254.2258       2254.2258
  1.4774848e-65       1143.7811      -19.242713       66.317127     -0.34165061      0.14564261      -1.0182411       16.745103        16.745103        2254.072        2254.072
  1.5980834e-65        1143.696      -19.146272       69.445417    -0.097465547      -1.2300215      -4.3657404       16.745103        16.745103       2253.9018       2253.9018
  1.7253426e-65       1143.6127      -19.286716       65.587024     -0.20201891      -1.2782959      -7.5977283       16.745103        16.745103       2253.7353       2253.7353
  1.7763503e-65        1143.577      -19.310514        64.01489    -0.074840851      -1.1577742      -2.8950472       16.745103        16.745103       2253.6637       2253.6637
  1.8532186e-65        1143.528      -19.346027       63.617133     -0.27219371     -0.34812317      -1.8606411       16.745103        16.745103       2253.5657       2253.5657
  1.8590436e-65       1143.5182      -19.233001       66.463905    -0.031723044      -2.1108685       -9.353148       16.745103        16.745103       2253.5461       2253.5461
  1.9331069e-65       1143.4725      -19.376742       63.878161     -0.40876685      0.57165962     -0.77190745       16.745103        16.745103       2253.4547       2253.4547
  1.9435402e-65       1143.4604      -19.301617       63.980801    -0.025428033      -1.0357737      -2.2824434       16.745103        16.745103       2253.4307       2253.4307
  1.9702824e-65       1143.4401      -19.132964       69.619478     -0.17692369     -0.46210358       -0.989815       16.745103        16.745103       2253.3901       2253.3901
  2.3007761e-65       1143.2784      -19.191204       67.984041    -0.069844344      -1.0227223      -2.1482528       16.745103        16.745103       2253.0666       2253.0666
   2.387882e-65       1143.2346      -19.331579        63.42633    -0.061408933     -0.62766938      -1.0680744       16.745103        16.745103        2252.979        2252.979
  2.9063355e-65       1143.0315      -19.177774       68.509734     -0.08484518      -1.6001535      -6.3429609       16.745103        16.745103       2252.5728       2252.5728
  2.8986215e-65       1143.0275      -19.270748       65.621721    -0.088969558     -0.63829664      -1.3349881       16.745103        16.745103       2252.5648       2252.5648
  2.9149777e-65       1143.0152       -19.29833        64.51138    -0.061025563     -0.78279111      -1.7220335       16.745103        16.745103       2252.5402       2252.5402
  3.0632054e-65        1142.959      -19.308223       66.111149     -0.49420361      0.53288562     -0.57223219       16.745103        16.745103       2252.4277       2252.4277
  3.0610551e-65        1142.953       -19.22483       67.013141     -0.33648197      0.10610894      -1.3050821       16.745103        16.745103       2252.4159       2252.4159
  3.0705685e-65       1142.9433      -19.277214       64.655586    -0.016581017      -1.3709078      -3.2223295       16.745103        16.745103       2252.3964       2252.3964
  3.0852417e-65       1142.9319      -19.317638       63.743254    -0.091122548      -1.0223726       -2.572486       16.745103        16.745103       2252.3735       2252.3735
  3.2407502e-65       1142.8761      -19.375417       63.772404     -0.37480542      0.38864193     -0.72891968       16.745103        16.745103       2252.2619       2252.2619
  3.4036928e-65       1142.8204      -19.173116       69.057808     -0.26635592     -0.86140169      -5.6440489       16.745103        16.745103       2252.1505       2252.1505
  3.3869226e-65       1142.8186      -19.148899       69.611981     -0.25572528     -0.68956778      -4.1020653       16.745103        16.745103       2252.1471       2252.1471
  3.4962751e-65       1142.7802      -19.231796       66.080987     -0.06758453      -1.1713091       -2.769184       16.745103        16.745103       2252.0703       2252.0703
  4.0258548e-65       1142.6325      -19.276656       65.750568     -0.28690273      -0.6402886      -4.1137806       16.745103        16.745103       2251.7749       2251.7749
  4.0165121e-65       1142.6282      -19.304928        64.75162     -0.14501032      -1.2041787      -5.3618061       16.745103        16.745103       2251.7662       2251.7662
  4.0000225e-65       1142.6257      -19.358654       63.424468     -0.27235711     -0.37036146      -2.5001832       16.745103        16.745103       2251.7612       2251.7612
  4.0563649e-65       1142.6051      -19.324992       64.352588     -0.19556291     -0.85143248      -3.6337433       16.745103        16.745103       2251.7199       2251.7199
  4.1818441e-65        1142.568      -19.316133       64.058071     -0.10865772     -0.43777782      -1.4079151       16.745103        16.745103       2251.6457       2251.6457
  4.2628893e-65       1142.5421      -19.263993       65.154394    -0.022123101      -1.6127276      -4.9666923       16.745103        16.745103        2251.594        2251.594
  4.2669064e-65       1142.5345       -19.15625       68.378656    -0.039033936     -0.83741827       -1.773995       16.745103        16.745103       2251.5788       2251.5788
  4.8450644e-65       1142.4008      -19.383152       63.693765     -0.40146804      0.49084639     -0.73926919       16.745103        16.745103       2251.3114       2251.3114
  4.8611743e-65       1142.3908      -19.218739       67.248743     -0.16391277      -1.5416008      -8.9413326       16.745103        16.745103       2251.2915       2251.2915
  4.8352103e-65       1142.3896      -19.271378       65.031128    -0.077850804      -1.4036119      -5.1452262       16.745103        16.745103       2251.2889       2251.2889
  4.9743868e-65       1142.3545      -19.288867       64.096615    -0.013396998     -0.84284431      -1.0621146       16.745103        16.745103       2251.2189       2251.2189
  5.2292048e-65       1142.2979      -19.149654       69.515135     -0.15450258      -1.2654593      -5.9209832       16.745103        16.745103       2251.1057       2251.1057
  5.3300894e-65       1142.2722      -19.222638       67.212605     -0.17027036      -1.6493841      -9.8049697       16.745103        16.745103       2251.0542       2251.0542
  5.8468421e-65        1142.173      -19.314078       63.712394    -0.040546407      -1.0196576      -2.1847123       16.745103        16.745103       2250.8558       2250.8558
  6.3684992e-65       1142.0809      -19.241173         66.4924     -0.36425587       0.4002174      -0.5473137       16.745103        16.745103       2250.6716       2250.6716
  6.7878049e-65       1142.0105      -19.283483       65.526686     -0.33871993    -0.016568974      -1.0756445       16.745103        16.745103       2250.5308       2250.5308
  7.0730527e-65       1141.9627      -19.196834         66.8443     -0.04740084     -0.83556664      -1.2706579       16.745103        16.745103       2250.4351       2250.4351
  7.7544446e-65       1141.8641      -19.183013        68.30513    -0.097581044      -1.0930944      -3.6485523       16.745103        16.745103       2250.2379       2250.2379
  8.5130396e-65       1141.7641      -19.374416       63.889948     -0.40685394      0.53000666     -0.69710086       16.745103        16.745103        2250.038        2250.038
  9.1158332e-65        1141.689      -19.294106       64.953228     -0.21596576     -0.20677617     -0.59774459       16.745103        16.745103       2249.8878       2249.8878
  9.1662611e-65       1141.6769      -19.236092       67.758458     -0.34045541     -0.26048977      -2.4759386       16.745103        16.745103       2249.8635       2249.8635
  9.1949969e-65       1141.6671      -19.185599       68.122196     -0.16784364     -0.94700864      -4.4106748       16.745103        16.745103        2249.844        2249.844
  9.6172055e-65       1141.6155      -19.163965       68.653136    -0.054917153     -0.94788685      -1.9370864       16.745103        16.745103       2249.7409       2249.7409
   9.567748e-65       1141.6141       -19.31005       65.297204     -0.31983724     -0.14927482      -2.0554166       16.745103        16.745103       2249.7379       2249.7379
  9.5535633e-65       1141.6089       -19.28159       64.641948    -0.015898261     -0.93540328       -1.323969       16.745103        16.745103       2249.7276       2249.7276
  1.0121667e-64       1141.5445      -19.202182       66.848785    -0.024128939      -1.0762459      -2.4248088       16.745103        16.745103       2249.5988       2249.5988
  1.0807256e-64       1141.4723      -19.194658       67.553614     -0.09240706      -1.5806266      -6.4014626       16.745103        16.745103       2249.4544       2249.4544
  1.0821017e-64       1141.4644      -19.132522       69.561161    -0.073162382     -0.72226463      -1.6062443       16.745103        16.745103       2249.4386       2249.4386
  1.0767945e-64       1141.4627      -19.169981       67.954375   -0.0080846606      -1.0714848      -1.6114999       16.745103        16.745103       2249.4351       2249.4351
  1.1573761e-64       1141.3838      -19.289747       65.335355     -0.15451949     -0.98055273        -3.82069       16.745103        16.745103       2249.2775       2249.2775
  1.3010972e-64       1141.2602      -19.331458       64.384993     -0.24358336    -0.078079539     -0.76113095       16.745103        16.745103       2249.0301       2249.0301
  1.3282291e-64       1141.2329       -19.44626       59.935312      -0.1765314      0.27919816     -0.88642267       16.745103        16.745103       2248.9755       2248.9755
  1.3699509e-64       1141.1953      -19.191436       68.264707     -0.19824483     -0.99959099      -5.3712329       16.745103        16.745103       2248.9004       2248.9004
   1.394187e-64       1141.1711      -19.289373       64.929642     -0.19241462     -0.79137603      -2.9317756       16.745103        16.745103        2248.852        2248.852
  1.4724414e-64       1141.1099       -19.17646       67.459438    -0.033390152     -0.79856798      -1.4003694       16.745103        16.745103       2248.7295       2248.7295
  1.4862123e-64       1141.0939       -19.17964       68.713718     -0.42090727      0.50263963     -0.85176113       16.745103        16.745103       2248.6976       2248.6976
  1.4800909e-64       1141.0914       -19.18311       68.518303     -0.20137418      -1.0139367      -5.4895928       16.745103        16.745103       2248.6926       2248.6926
  1.6898749e-64       1140.9522      -19.262804       65.555221    -0.090428192      -1.5557721      -6.6062283       16.745103        16.745103       2248.4142       2248.4142
   1.719439e-64       1140.9282      -19.381872       63.711196     -0.40521943      0.51350206     -0.71778825       16.745103        16.745103       2248.3662       2248.3662
  1.7373748e-64       1140.9112      -19.301109        64.89565     -0.20505924      -1.0163926      -4.9931519       16.745103        16.745103       2248.3322       2248.3322
  1.8005512e-64       1140.8688      -19.385581        63.59921     -0.39931635      0.49870621     -0.76875819       16.745103        16.745103       2248.2474       2248.2474
  1.8040498e-64       1140.8602      -19.176917        68.47838     -0.18388554      -0.8437082      -4.0248798       16.745103        16.745103       2248.2303       2248.2303
  1.8768868e-64        1140.814      -19.383719       63.684544     -0.41000182       0.5043612     -0.74525706       16.745103        16.745103       2248.1378       2248.1378
   1.869161e-64       1140.8115      -19.314815       64.507258     -0.18607855     -0.29174156     -0.77078834       16.745103        16.745103       2248.1328       2248.1328
  1.9574139e-64       1140.7587       -19.21287        66.84106     -0.10633973      -1.2483811      -4.5456587       16.745103        16.745103       2248.0272       2248.0272
  1.9770073e-64       1140.7421      -19.236972       67.125886     -0.17454141     -0.41224476      -1.3534545       16.745103        16.745103        2247.994        2247.994
  1.9702526e-64       1140.7389      -19.175585       68.582891     -0.22114683     -0.88663163      -4.5822015       16.745103        16.745103       2247.9876       2247.9876
  2.0838465e-64       1140.6762      -19.298601       64.281349      -0.0662286      -1.0211607       -2.207505       16.745103        16.745103       2247.8622       2247.8622
  2.2136339e-64       1140.6091       -19.28087       64.726594    -0.024848502     -0.92301148      -1.5095105       16.745103        16.745103        2247.728        2247.728
  2.3158065e-64       1140.5574      -19.264978       66.071313     -0.18065945      -1.3210255      -6.8401147       16.745103        16.745103       2247.6245       2247.6245
  2.3835137e-64       1140.5219      -19.243838         66.5327      -0.3306411    -0.052207892      -1.3549524       16.745103        16.745103       2247.5536       2247.5536
  2.6831047e-64       1140.3969      -19.174905       69.083474        -0.24226     -0.85273252      -4.9489419       16.745103        16.745103       2247.3035       2247.3035
  2.7508674e-64       1140.3653      -19.326335       64.281871     -0.24294445     -0.52492498      -3.0338629       16.745103        16.745103       2247.2403       2247.2403
  2.7402809e-64       1140.3625      -19.393357       63.278572     -0.36899796      0.52453546     -0.86230858       16.745103        16.745103       2247.2347       2247.2347
  2.8166461e-64       1140.3283      -19.223836       66.083766    -0.057754515     -0.88660517       -1.943741       16.745103        16.745103       2247.1665       2247.1665
  2.8216258e-64       1140.3199      -19.266654       65.252914    -0.092515979      -1.0980054      -3.7796851       16.745103        16.745103       2247.1497       2247.1497
   2.920432e-64       1140.2789       -19.24762       65.707166    -0.042522251     -0.98105332      -2.3842502       16.745103        16.745103       2247.0675       2247.0675
  2.9086795e-64       1140.2763      -19.277648       65.649086      -0.1825487      -1.1885969      -5.6671699       16.745103        16.745103       2247.0623       2247.0623
  3.0002919e-64       1140.2386       -19.28579       65.929522      -0.3677564    -0.079556328      -1.7650292       16.745103        16.745103        2246.987        2246.987
  3.0528295e-64       1140.2146      -19.383461       63.706118     -0.41287398      0.51873684     -0.73794036       16.745103        16.745103        2246.939        2246.939
  3.1620712e-64       1140.1728      -19.318333       64.728968     -0.31775929     -0.24502151      -2.4743316       16.745103        16.745103       2246.8554       2246.8554
  3.1814233e-64       1140.1601      -19.165682       68.405391    -0.045473544     -0.95769315      -1.6158164       16.745103        16.745103       2246.8299       2246.8299
  3.5258891e-64       1140.0506      -19.319458        63.54533     -0.11317877      -0.6773489      -1.9830514       16.745103        16.745103        2246.611        2246.611
  3.5995967e-64       1140.0233       -19.37607       63.852108     -0.40803795      0.55047613     -0.73777364       16.745103        16.745103       2246.5563       2246.5563
   3.679561e-64       1139.9947      -19.076034        71.39582      -0.3540175      0.53144106     -0.83986726       16.745103        16.745103       2246.4991       2246.4991
  3.7309375e-64       1139.9741      -19.192299       67.586231    -0.062975649      -1.4957852      -4.8928602       16.745103        16.745103       2246.4581       2246.4581
  4.0777374e-64       1139.8786      -19.351817        63.94056       -0.313053     0.019063232      -1.3604955       16.745103        16.745103        2246.267        2246.267
  4.1107704e-64       1139.8639      -19.248034         65.8457    -0.072593237      -1.4690136      -5.0244165       16.745103        16.745103       2246.2376       2246.2376
  4.0845025e-64       1139.8637      -19.130769       70.339081     -0.28465806     -0.31567995      -2.3557649       16.745103        16.745103       2246.2371       2246.2371
  4.4776669e-64       1139.7651      -19.277982       66.243133      -0.2641028     -0.17149469      -1.2850743       16.745103        16.745103         2246.04         2246.04
  4.9205649e-64       1139.6642       -19.27377       65.206814    -0.073888853      -1.2234344      -3.3423506       16.745103        16.745103       2245.8381       2245.8381
  5.1126354e-64       1139.6192      -19.402265       63.076073     -0.40445727      0.55668592     -0.79171107       16.745103        16.745103       2245.7482       2245.7482
  5.1289563e-64       1139.6094      -19.299989       65.612469     -0.32306453     -0.21284117      -1.9719323       16.745103        16.745103       2245.7286       2245.7286
   6.572041e-64       1139.3548      -19.221663       66.655784    -0.044913599      -1.3848719       -3.726237       16.745103        16.745103       2245.2194       2245.2194
  9.1768449e-64       1139.0143      -19.238618        66.93508     -0.27435838     -0.43605034      -2.1189684       16.745103        16.745103       2244.5384       2244.5384
  9.6453813e-64       1138.9579      -19.173686       68.929644     -0.29867619     -0.16054276      -1.1478838       16.745103        16.745103       2244.4255       2244.4255
  1.0565941e-63       1138.8601      -19.215382       67.037232     -0.21809388     -0.40035267      -2.2267792       16.745103        16.745103       2244.2299       2244.2299
  1.0722329e-63       1138.8387      -19.194749       68.227639     -0.33326197      0.16484292     -0.51687442       16.745103        16.745103       2244.1873       2244.1873
  1.0832778e-63       1138.8218      -19.227018       66.905808     -0.37099835       0.3294272     -0.87552529       16.745103        16.745103       2244.1535       2244.1535
  1.2648864e-63       1138.6602      -19.219604        67.21608     -0.33875457     0.079635839     -0.99836533       16.745103        16.745103       2243.8302       2243.8302
  1.4858443e-63       1138.4926      -19.260944       65.089801     -0.10256401      -0.5107085     -0.80619112       16.745103        16.745103       2243.4949       2243.4949
  1.5190478e-63       1138.4638      -19.322303       64.278109     -0.16035366      0.18462869     -0.83697774       16.745103        16.745103       2243.4374       2243.4374
  1.7972972e-63        1138.289      -19.274225       65.275903     -0.15314437      -1.0252504      -4.2623138       16.745103        16.745103       2243.0877       2243.0877
  2.3159037e-63       1138.0288      -19.255449       65.834517     -0.32565478      0.19137813     -0.83549532       16.745103        16.745103       2242.5674       2242.5674
   2.690044e-63       1137.8724      -19.168986       69.098472     -0.42735233      0.46152517     -0.73601939       16.745103        16.745103       2242.2546       2242.2546
  2.8138253e-63       1137.8208      -19.146715       68.235624    -0.090925523     -0.17711405     -0.58667884       16.745103        16.745103       2242.1514       2242.1514
  2.9969915e-63       1137.7511      -19.243355       66.171481       -0.141339     -0.66476215      -2.5193318       16.745103        16.745103       2242.0119       2242.0119
  3.1175626e-63        1137.705      -19.119424       70.311548     -0.34537691      0.25459182     -0.81737482       16.745103        16.745103       2241.9198       2241.9198
  3.2967648e-63       1137.6425      -19.166241       69.658658     -0.28663884     -0.18733176      -1.7755018       16.745103        16.745103       2241.7947       2241.7947
  3.4222491e-63       1137.5984       -19.32565       64.439842     -0.27397717     -0.27808738      -1.6308728       16.745103        16.745103       2241.7067       2241.7067
  3.4758703e-63       1137.5763         -19.249       65.866566    -0.062573792      -1.0374151      -2.2396107       16.745103        16.745103       2241.6623       2241.6623
  3.5689176e-63       1137.5432      -19.354224       62.430641     -0.13229986    0.0033277378     -0.43865779       16.745103        16.745103       2241.5962       2241.5962
  3.8012392e-63       1137.4735      -19.281341       64.865987    -0.094554534      -1.0388167      -3.1793316       16.745103        16.745103       2241.4568       2241.4568
  4.0015106e-63       1137.4155      -19.224582       66.274045    -0.054708388     -0.98072425      -1.9876068       16.745103        16.745103       2241.3408       2241.3408
  3.9844151e-63       1137.4131      -19.385951       63.627977     -0.41894589      0.54717074     -0.75335814       16.745103        16.745103       2241.3361       2241.3361
  4.3682041e-63       1137.3145      -19.226654       67.044207     -0.25002184     -0.48852559       -2.179602       16.745103        16.745103       2241.1389       2241.1389
  4.7498621e-63       1137.2241      -19.209257       67.859858     -0.33906579    -0.097975861      -1.8346636       16.745103        16.745103        2240.958        2240.958
  4.7655426e-63       1137.2142      -19.181657       68.313355     -0.19284884      -0.7485624      -3.4493052       16.745103        16.745103       2240.9382       2240.9382
  5.4359698e-63       1137.0759      -19.274999       66.171858     -0.39139977      0.18780029      -1.2579776       16.745103        16.745103       2240.6616       2240.6616
  7.3564224e-63       1136.7667      -19.261507         66.0195     -0.15065295      -1.0143687      -3.9259414       16.745103        16.745103       2240.0433       2240.0433
  8.3433044e-63       1136.6342      -19.241669       66.358899     -0.33231555      0.20996806      -1.0058145       16.745103        16.745103       2239.7782       2239.7782
  9.0038205e-63       1136.5514      -19.330035       65.143094     -0.39197226       0.3794313     -0.69315354       16.745103        16.745103       2239.6125       2239.6125
  9.2957685e-63       1136.5128      -19.359762       64.188411     -0.40570828      0.54390561     -0.70871518       16.745103        16.745103       2239.5354       2239.5354
  9.4253417e-63       1136.4923      -19.380091       63.588981      -0.3887667      0.45770346     -0.80134114       16.745103        16.745103       2239.4944       2239.4944
  9.5306861e-63       1136.4746      -19.379863       63.745741     -0.40179516      0.52117805     -0.81301319       16.745103        16.745103       2239.4589       2239.4589
  9.5935672e-63       1136.4613      -19.193831       67.546535     -0.27635365     0.059788153      -1.0285756       16.745103        16.745103       2239.4325       2239.4325
  1.0597436e-62       1136.3552      -19.228666       66.780443     -0.35905828      0.30884459      -0.7694873       16.745103        16.745103       2239.2202       2239.2202
  1.3374525e-62       1136.1158      -19.188964       68.314891     -0.17667216     -0.55520519      -2.2776412       16.745103        16.745103       2238.7414       2238.7414
  1.3506076e-62       1136.0994      -19.229135       67.016833     -0.32872649     -0.01474105      -1.2429895       16.745103        16.745103       2238.7085       2238.7085
  1.4780821e-62       1136.0025      -19.357769       64.149312     -0.35681293      0.37784331     -0.82370831       16.745103        16.745103       2238.5148       2238.5148
  1.5971512e-62       1135.9184      -19.178188       68.331775     -0.14063512     -0.78395969      -2.7941061       16.745103        16.745103       2238.3466       2238.3466
  1.7527639e-62       1135.8188      -19.269837       65.265601     -0.08544312     -0.25626293     -0.85074059       16.745103        16.745103       2238.1474       2238.1474
    1.81699e-62       1135.7762      -19.306454       66.041044     -0.40099068       0.4824138     -0.70004351       16.745103        16.745103       2238.0621       2238.0621
   1.937338e-62       1135.7054      -19.253985       65.854833    -0.081625405     -0.45825157     -0.71442242       16.745103        16.745103       2237.9206       2237.9206
  1.9254719e-62       1135.7049      -19.151671       69.021091     -0.19868369     0.063645635     -0.30480372       16.745103        16.745103       2237.9195       2237.9195
  2.0292251e-62       1135.6458      -19.256385       67.607016     -0.38884156      0.50917346     -0.73445129       16.745103        16.745103       2237.8013       2237.8013
   2.104828e-62       1135.6025      -19.278414       64.800136     -0.05628285     -0.22469867     -0.59761226       16.745103        16.745103       2237.7148       2237.7148
  2.1747922e-62       1135.5632      -19.168191       68.045986    -0.051299784     -0.25194523     -0.19651567       16.745103        16.745103       2237.6362       2237.6362
  2.3102138e-62       1135.4961      -19.175902       68.869494     -0.42664366      0.50627218     -0.60524409       16.745103        16.745103       2237.5021       2237.5021
   2.448872e-62       1135.4312      -19.279079       64.787514    -0.079132237     -0.52650672     -0.69800199       16.745103        16.745103       2237.3722       2237.3722
  2.6241725e-62       1135.3554      -19.174888       68.849407     -0.40700961      0.47241301     -0.58643503       16.745103        16.745103       2237.2206       2237.2206
  2.7795801e-62       1135.2912       -19.27494       65.393583     -0.20300954    -0.010588611      -1.2244071       16.745103        16.745103       2237.0923       2237.0923
  2.8390875e-62       1135.2634      -19.378157       63.818319     -0.40883454      0.57409411     -0.80820615       16.745103        16.745103       2237.0366       2237.0366
  2.9790878e-62       1135.2086      -19.336561       63.210433     -0.17334654     -0.12094718     -0.57862589       16.745103        16.745103       2236.9271       2236.9271
  3.1899823e-62       1135.1336      -19.405124       62.985176     -0.40041384      0.57299027     -0.86839719       16.745103        16.745103        2236.777        2236.777
  3.3938886e-62        1135.065      -19.258719       65.739656     -0.13544224     -0.92806788      -2.9598448       16.745103        16.745103       2236.6398       2236.6398
  3.5812379e-62       1135.0046      -19.316743       64.635246     -0.28865985      0.36070963     -0.56563348       16.745103        16.745103        2236.519        2236.519
   3.558168e-62       1135.0044      -19.243588       65.889258     -0.08922098     -0.91655571      -2.3069792       16.745103        16.745103       2236.5186       2236.5186
  4.0592599e-62        1134.866      -19.256846        66.99039     -0.36922959     0.060804567      -1.4713089       16.745103        16.745103       2236.2418       2236.2418
  4.1684345e-62       1134.8328      -19.200085       67.507689     -0.11227975      -1.0054088      -3.1892507       16.745103        16.745103       2236.1755       2236.1755
  4.1848553e-62       1134.8223      -19.126267       69.487847     -0.11096554     -0.46497756     -0.94611942       16.745103        16.745103       2236.1543       2236.1543
  5.2011235e-62       1134.5982      -19.372719       64.012231     -0.41418895      0.56158033     -0.86473996       16.745103        16.745103       2235.7062       2235.7062
  5.3649207e-62       1134.5606      -19.160432       68.452521    -0.093167281     -0.70155917       -1.625513       16.745103        16.745103       2235.6309       2235.6309
  5.5384234e-62       1134.5221      -19.243395       66.329849     -0.29575747      0.02856423     -0.83356814       16.745103        16.745103        2235.554        2235.554
  6.3125998e-62       1134.3846      -19.270277       66.129855     -0.20000707      0.27393036     -0.86360334       16.745103        16.745103        2235.279        2235.279
  6.5998301e-62       1134.3335      -19.300886       65.128062     -0.21452258     -0.29478492       -1.403465       16.745103        16.745103       2235.1767       2235.1767
  6.7277584e-62       1134.3076      -19.326762       64.155683     -0.23376508    -0.098930432     -0.72969927       16.745103        16.745103        2235.125        2235.125
  7.9906449e-62        1134.129      -19.239784       66.173089     -0.11694262     -0.91401002      -2.7152161       16.745103        16.745103       2234.7677       2234.7677
  8.2117367e-62        1134.095      -19.270854       65.502717     -0.21692543     -0.35768665      -2.0167556       16.745103        16.745103       2234.6998       2234.6998
  8.4060261e-62        1134.065       -19.30085       64.348495     -0.22226441     0.021593973     -0.51586414       16.745103        16.745103       2234.6398       2234.6398
  8.3708468e-62       1134.0625      -19.374306       63.938514     -0.40317364       0.5441202     -0.82107742       16.745103        16.745103       2234.6349       2234.6349
  9.7786618e-62       1133.9004      -19.239764       66.231515      -0.1533499     -0.12555643       -1.165581       16.745103        16.745103       2234.3107       2234.3107
  1.0835332e-61       1133.7912      -19.177289       68.676636     -0.31761919      0.24196234      -0.4681609       16.745103        16.745103       2234.0922       2234.0922
  1.0810147e-61       1133.7869      -19.292125       65.097971     -0.18768934    -0.015003363      -1.0719019       16.745103        16.745103       2234.0835       2234.0835
  1.2240181e-61        1133.656      -19.247966       66.201004     -0.17205699     -0.57349398      -1.5674928       16.745103        16.745103       2233.8218       2233.8218
  1.2612088e-61       1133.6194      -19.268285       65.627578     -0.24903774     -0.35051774      -1.9608759       16.745103        16.745103       2233.7486       2233.7486
  1.2806322e-61       1133.5975      -19.259747       65.595877     -0.24838566     0.058238484      -0.5547966       16.745103        16.745103       2233.7048       2233.7048
  1.2869181e-61       1133.5859      -19.405659       63.025095     -0.40418814      0.59573473     -0.93453822       16.745103        16.745103       2233.6817       2233.6817
  1.4174797e-61       1133.4827      -19.083599       70.960689     -0.15760317    -0.045648506     -0.49276038       16.745103        16.745103       2233.4751       2233.4751
  1.4226188e-61       1133.4724      -19.316574       63.428953     -0.14630007      -0.1188855     -0.73699753       16.745103        16.745103       2233.4546       2233.4546
  1.4535147e-61       1133.4443      -19.120391       69.507778     -0.26647132      0.36948589     -0.97981648       16.745103        16.745103       2233.3983       2233.3983
  1.4459504e-61       1133.4428      -19.228092       67.395636     -0.43598834      0.61964123     -0.96758077       16.745103        16.745103       2233.3955       2233.3955
  1.4377242e-61       1133.4419      -19.271318        65.34703     -0.17062243     -0.61736187       -2.393998       16.745103        16.745103       2233.3936       2233.3936
  1.4808537e-61       1133.4057      -19.172913       68.890368     -0.44037032      0.55405785     -0.68362127       16.745103        16.745103       2233.3212       2233.3212
  1.6319716e-61       1133.3019      -19.228524       66.526942     -0.11883545     -0.76590159       -2.368794       16.745103        16.745103       2233.1136       2233.1136
  1.7045404e-61       1133.2517      -19.288067       65.444223      -0.2660516     -0.26230574      -1.4396396       16.745103        16.745103       2233.0133       2233.0133
   2.120769e-61       1133.0266      -19.303172        64.39319     -0.25113551    -0.091849071      -1.0261139       16.745103        16.745103        2232.563        2232.563
  2.2828409e-61       1132.9463      -19.083921        71.45197     -0.26702282     0.037221417     -0.89170103       16.745103        16.745103       2232.4024       2232.4024
  2.3178595e-61       1132.9245      -19.261635       65.542916     -0.16746358     -0.27602908      -1.4503386       16.745103        16.745103       2232.3587       2232.3587
  2.3807358e-61        1132.891      -19.374296       63.991756     -0.41725433      0.59226488     -0.83220399       16.745103        16.745103       2232.2919       2232.2919
  2.4028338e-61       1132.8752       -19.23013       67.607146     -0.32476136     -0.11779528      -1.8233742       16.745103        16.745103       2232.2601       2232.2601
  2.7495675e-61       1132.7337      -19.362843       64.070975     -0.38869725      0.49809561     -0.88230631       16.745103        16.745103       2231.9772       2231.9772
  2.8158277e-61       1132.7033      -19.191674       67.839339     -0.30252648      0.10095103     -0.92394666       16.745103        16.745103       2231.9163       2231.9163
  2.9887708e-61        1132.637      -19.186755       67.446477     -0.10467343     -0.37705946     -0.57489922       16.745103        16.745103       2231.7838       2231.7838
  3.2305763e-61       1132.5526      -19.249408       66.592816     -0.27539384      0.09450257      -0.4686333       16.745103        16.745103       2231.6149       2231.6149
  3.2942706e-61       1132.5264      -19.259418       65.804352     -0.30606647     0.099694556     -0.89400392       16.745103        16.745103       2231.5626       2231.5626
  3.3613239e-61       1132.4996      -19.239574       66.225953     -0.26517845    -0.030264006      -1.0424274       16.745103        16.745103        2231.509        2231.509
  3.4880742e-61        1132.456      -19.179848       68.773439     -0.31794397    -0.097208348      -1.4634779       16.745103        16.745103       2231.4217       2231.4217
  3.7662352e-61       1132.3726      -19.211107       68.608484     -0.46436227      0.63446436     -0.72627816       16.745103        16.745103        2231.255        2231.255
  3.8765828e-61       1132.3371      -19.177565       68.169162    -0.095478242      -0.4623198     -0.83570154       16.745103        16.745103       2231.1839       2231.1839
   3.883281e-61       1132.3287      -19.380988       63.809037     -0.41942323       0.6017278     -0.92646102       16.745103        16.745103       2231.1672       2231.1672
  4.2068453e-61        1132.242      -19.195069       68.437325     -0.29721002     -0.21042884      -1.5523116       16.745103        16.745103       2230.9938       2230.9938
  4.4862635e-61       1132.1711      -19.154647       69.110879     -0.26020048    -0.045837576     -0.75177107       16.745103        16.745103       2230.8519       2230.8519
  4.6841567e-61       1132.1212      -19.246734       67.250863     -0.34561319     0.044546589      -1.0554185       16.745103        16.745103       2230.7523       2230.7523
  4.8220831e-61       1132.0856      -19.289916       64.388368    -0.082548512     -0.39242458     -0.71419865       16.745103        16.745103        2230.681        2230.681
   4.876293e-61       1132.0678      -19.281834       65.869251     -0.27102514     0.010161793     -0.70028897       16.745103        16.745103       2230.6453       2230.6453
  4.8532154e-61       1132.0659      -19.372068       64.032821     -0.42402787      0.59598116     -0.91132846       16.745103        16.745103       2230.6415       2230.6415
  5.0751556e-61       1132.0145      -19.233678       67.060324     -0.23846943     -0.30831402      -1.2542889       16.745103        16.745103       2230.5388       2230.5388
  5.1912052e-61       1131.9852      -19.237348       66.029611    -0.072631335     -0.51906087     -0.75073304       16.745103        16.745103       2230.4803       2230.4803
  5.7803715e-61       1131.8711      -19.242623       66.505968      -0.3812245      0.39319434     -0.80571051       16.745103        16.745103        2230.252        2230.252
  6.1406756e-61        1131.804      -19.373504       62.659001     -0.18861737      0.19561378     -0.82938885       16.745103        16.745103       2230.1178       2230.1178
  6.8233552e-61       1131.6919      -19.219633       66.777232     -0.32472559      0.33786404     -0.83550813       16.745103        16.745103       2229.8936       2229.8936
  7.7330585e-61       1131.5601      -19.273001       65.489807     -0.19573246     -0.39945113      -1.2700389       16.745103        16.745103       2229.6301       2229.6301
  7.8060048e-61       1131.5441       -19.24031       65.299367    -0.050558552    0.0048366955     -0.43117184       16.745103        16.745103        2229.598        2229.598
  8.5059577e-61       1131.4516      -19.200529       67.893589     -0.39227668      0.42688178     -0.64896063       16.745103        16.745103        2229.413        2229.413
  8.8955205e-61       1131.4002      -19.239116       66.691192     -0.30540637    0.0032858759     -0.91775634       16.745103        16.745103       2229.3101       2229.3101
  8.9203384e-61       1131.3907        -19.1418       68.740023    -0.081546559    -0.025508904     -0.31748656       16.745103        16.745103       2229.2912       2229.2912
  9.2471719e-61       1131.3481      -19.226038       66.869661     -0.34204162      0.29691921     -0.90491023       16.745103        16.745103        2229.206        2229.206
  1.1712815e-60       1131.1051      -19.181585       67.070945    -0.089815198      0.10442978     -0.52015212       16.745103        16.745103         2228.72         2228.72
  1.2798391e-60       1131.0098      -19.307748       63.983034     -0.13268723     -0.24089167      -1.0441663       16.745103        16.745103       2228.5294       2228.5294
   1.562061e-60       1130.8039      -19.235586       66.336041     -0.16600452     -0.51003116      -1.8865255       16.745103        16.745103       2228.1176       2228.1176
  1.5519534e-60       1130.8037      -19.224913       66.816656     -0.15019575     -0.69680701      -2.2112904       16.745103        16.745103       2228.1173       2228.1173
  1.5617215e-60       1130.7908      -19.218934       66.942537     -0.12804734     -0.31130069     -0.54327497       16.745103        16.745103       2228.0914       2228.0914
  1.5825612e-60       1130.7709      -19.248607       66.356188     -0.19628638     -0.48845381      -1.6372822       16.745103        16.745103       2228.0516       2228.0516
  1.7295789e-60       1130.6754      -19.376669       63.879849     -0.41087722      0.57254058     -0.85437838       16.745103        16.745103       2227.8607       2227.8607
  1.7332986e-60       1130.6666      -19.170272       67.923783    -0.088921016     -0.35244751     -0.61540253       16.745103        16.745103       2227.8431       2227.8431
  1.9263879e-60       1130.5544      -19.312404       65.036626     -0.37531083       0.2463653     -0.74058151       16.745103        16.745103       2227.6186       2227.6186
  1.9704773e-60       1130.5251       -19.19192       68.857643      -0.2801947      0.28913195     -0.94489263       16.745103        16.745103         2227.56         2227.56
  1.9594249e-60       1130.5241      -19.231832       66.227316    -0.083930029     -0.46815259     -0.73897879       16.745103        16.745103        2227.558        2227.558
  2.0270903e-60       1130.4835      -19.172177       68.989473     -0.28278509      0.10500203     -0.50325685       16.745103        16.745103       2227.4768       2227.4768
  2.0730109e-60       1130.4544      -19.136696        69.83448     -0.17747562    -0.047297166     -0.92522085       16.745103        16.745103       2227.4187       2227.4187
  2.3880968e-60       1130.3063      -19.359833        62.89464     -0.26601998     0.096836936     -0.97990163       16.745103        16.745103       2227.1224       2227.1224
  2.4305613e-60        1130.282      -19.359753       62.712548     -0.15178361      0.28529566     -0.77269819       16.745103        16.745103       2227.0739       2227.0739
  2.5139426e-60       1130.2417      -19.242837       65.401727      -0.1955822       0.3125742     -0.76393925       16.745103        16.745103       2226.9931       2226.9931
  3.0421942e-60       1130.0443      -19.276962       64.776826     -0.12592216     -0.31987129      -1.0671553       16.745103        16.745103       2226.5984       2226.5984
  3.0439838e-60       1130.0371      -19.215252       68.272806     -0.34202803      0.10487417       -1.116244       16.745103        16.745103       2226.5839       2226.5839
  3.2895743e-60       1129.9528          -19.27       65.341387     -0.13260484     -0.47668347      -1.1283996       16.745103        16.745103       2226.4154       2226.4154
  3.4233452e-60       1129.9063      -19.301019        66.25467     -0.42636499      0.59525567     -0.78243756       16.745103        16.745103       2226.3224       2226.3224
  3.4173692e-60       1129.9014      -19.167765        68.32831       -0.167671     -0.25597971      -1.2248679       16.745103        16.745103       2226.3126       2226.3126
  3.6890622e-60       1129.8183      -19.230475       66.111764     -0.17226928      0.26930057     -0.54872069       16.745103        16.745103       2226.1463       2226.1463
  4.7732317e-60        1129.554      -19.244997       65.663879    -0.061851179     -0.17985606     -0.48905824       16.745103        16.745103       2225.6178       2225.6178
  4.9967949e-60       1129.5016      -19.218258       66.600497    -0.085752294     -0.46076308     -0.84508252       16.745103        16.745103       2225.5129       2225.5129
  5.3144048e-60       1129.4333      -19.127745       70.588061     -0.33700659       0.1313713     -0.87794855       16.745103        16.745103       2225.3764       2225.3764
  5.6326738e-60       1129.3685      -19.373335        63.91671     -0.40526477       0.5575424     -0.83819663       16.745103        16.745103       2225.2468       2225.2468
   6.550327e-60       1129.2109      -19.213261       67.503291     -0.27078291      0.52752415      -0.9424585       16.745103        16.745103       2224.9316       2224.9316
  7.0925189e-60       1129.1247        -19.1139       69.915453     -0.20087428     0.036938448     -0.67860989       16.745103        16.745103       2224.7593       2224.7593
  7.0572309e-60       1129.1231       -19.17836       68.780991     -0.42441737      0.51405428     -0.65418583       16.745103        16.745103        2224.756        2224.756
  8.1377693e-60        1128.974       -19.11716       70.198189     -0.17442796     -0.16875425     -0.71990618       16.745103        16.745103       2224.4577       2224.4577
   8.215044e-60       1128.9579      -19.340372        63.24464     -0.14682439    -0.051018191     -0.70763221       16.745103        16.745103       2224.4256       2224.4256
  8.5579023e-60       1128.9103       -19.20919       66.907906    -0.089711856       0.2364367     -0.63280149       16.745103        16.745103       2224.3305       2224.3305
  8.9985012e-60       1128.8535      -19.328898       64.001769     -0.21279086     -0.13460594      -1.0108844       16.745103        16.745103       2224.2168       2224.2168
  9.1972348e-60        1128.825      -19.271378       64.480782    -0.067341224      0.18766239     -0.62313479       16.745103        16.745103       2224.1598       2224.1598
  1.2660352e-59       1128.4988      -19.087339       71.460229      -0.1733384      0.43030564      -1.0786451       16.745103        16.745103       2223.5074       2223.5074
  1.3517026e-59       1128.4267      -19.205305       67.371756     -0.16932582     -0.42885369      -1.2363597       16.745103        16.745103       2223.3631       2223.3631
  1.4054591e-59        1128.381      -19.258853       65.578004      -0.1223762      -0.1667539     -0.43060009       16.745103        16.745103       2223.2719       2223.2719
  1.5215042e-59        1128.295      -19.247433       66.747856     -0.20653927       0.2778264     -0.72698477       16.745103        16.745103       2223.0999       2223.0999
  1.5431414e-59       1128.2743      -19.179815       68.857749     -0.24744292    -0.069477052      -1.2024567       16.745103        16.745103       2223.0584       2223.0584
  1.6341282e-59       1128.2104       -19.26833       65.386191     -0.30970466      0.30118407     -0.93271957       16.745103        16.745103       2222.9305       2222.9305
  1.8812108e-59       1128.0629      -19.162889       69.476794     -0.35090985      0.23873957     -0.60524353       16.745103        16.745103       2222.6356       2222.6356
  1.9224567e-59       1128.0346      -19.214788       67.723341     -0.32901539       0.1427969     -0.66604819       16.745103        16.745103       2222.5789       2222.5789
  2.4147323e-59       1127.7999       -19.21597        67.55028     -0.24202974      0.18530626      -1.0564428       16.745103        16.745103       2222.1097       2222.1097
  2.5857921e-59       1127.7249      -19.272453       65.467096     -0.19148948     -0.16862568      -1.2555124       16.745103        16.745103       2221.9595       2221.9595
  2.7740598e-59       1127.6479      -19.142697       69.102217     -0.16279773     -0.18505855     -0.72081095       16.745103        16.745103       2221.8056       2221.8056
  3.0303286e-59       1127.5529       -19.27241       65.586347     -0.28140046      0.18498316      -1.0937984       16.745103        16.745103       2221.6156       2221.6156
  3.1925593e-59       1127.4941      -19.138369       69.307029     -0.16553077     0.080070395     -0.93913344       16.745103        16.745103        2221.498        2221.498
  3.4077832e-59       1127.4222      -19.139052       69.275354     -0.18881321     -0.12874589     -0.95470647       16.745103        16.745103       2221.3543       2221.3543
  3.9091469e-59       1127.2783      -19.300786         66.2455     -0.42302361      0.56944263     -0.84395944       16.745103        16.745103       2221.0665       2221.0665
  3.9650014e-59       1127.2575      -19.331519       64.330277     -0.26946493      0.51269413      -1.2990984       16.745103        16.745103       2221.0248       2221.0248
  4.0506472e-59       1127.2295       -19.18949       68.481078     -0.43037287      0.53152793     -0.77817895       16.745103        16.745103       2220.9688       2220.9688
  4.6123626e-59        1127.093      -19.306566       63.824258     -0.16248671      0.47111742      -1.0590008       16.745103        16.745103       2220.6958       2220.6958
  5.1403563e-59        1126.978      -19.288764       64.767405     -0.18387605     -0.13036492      -1.1290564       16.745103        16.745103       2220.4657       2220.4657
  6.0336758e-59       1126.8111      -19.119027       69.725621    -0.098692409       0.2323068     -0.82941695       16.745103        16.745103        2220.132        2220.132
  6.1671135e-59       1126.7826      -19.291021       64.308541     -0.15785241    -0.070234104     -0.82757296       16.745103        16.745103       2220.0749       2220.0749
  6.4946195e-59       1126.7242      -19.223969       67.185733     -0.21532943     -0.33756975      -1.4249432       16.745103        16.745103       2219.9581       2219.9581
  7.6229029e-59       1126.5573       -19.20665       68.007416     -0.43317984      0.52309288       -0.758736       16.745103        16.745103       2219.6245       2219.6245
   7.610747e-59       1126.5523      -19.357316       63.138118     -0.22208824      0.38871406     -0.82906448       16.745103        16.745103       2219.6144       2219.6144
  7.6571738e-59       1126.5396      -19.228017       66.770142     -0.20850807      0.15417178     -0.41941946       16.745103        16.745103       2219.5889       2219.5889
  8.4573526e-59       1126.4335      -19.142186        70.46887      -0.3701962      0.32494047     -0.59549086       16.745103        16.745103       2219.3769       2219.3769
  9.0529297e-59       1126.3588      -19.377502       63.860464     -0.41794513      0.60891538     -0.88859026       16.745103        16.745103       2219.2275       2219.2275
  1.1781183e-58       1126.0888      -19.210391       66.991659     -0.15183512     -0.12056251     -0.46177073       16.745103        16.745103       2218.6873       2218.6873
  1.2218466e-58       1126.0457      -19.266961       66.001797     -0.32422063      0.29353586      -1.0277919       16.745103        16.745103       2218.6012       2218.6012
  1.2141124e-58       1126.0454      -19.286669       65.792275     -0.31340115      0.16014493      -1.0328415       16.745103        16.745103       2218.6006       2218.6006
   1.373785e-58       1125.9152       -19.23857       67.491486        -0.29956      0.23613461     -0.75118693       16.745103        16.745103       2218.3402       2218.3402
  1.3911851e-58        1125.896      -19.261959       66.646668     -0.35236368      0.18674319      -1.0280627       16.745103        16.745103       2218.3017       2218.3017
  1.5439762e-58       1125.7851      -19.114904       70.036018     -0.14576852    -0.026378121     -0.64091511       16.745103        16.745103         2218.08         2218.08
  1.5354236e-58        1125.784      -19.299783       65.768871     -0.32628273      0.55074218     -0.97776476       16.745103        16.745103       2218.0778       2218.0778
  1.5500948e-58       1125.7679      -19.167376       69.340966     -0.35730768      0.44635613     -0.98820763       16.745103        16.745103       2218.0455       2218.0455
  1.6168729e-58        1125.719      -19.260262       66.055437     -0.31724129      0.34255729      -0.5592828       16.745103        16.745103       2217.9479       2217.9479
   1.644229e-58       1125.6956      -19.227154       67.424297     -0.33292973      0.26331683      -1.0271209       16.745103        16.745103        2217.901        2217.901
  1.6860736e-58       1125.6638      -19.388022       63.232863     -0.41302692      0.53594593     -0.77143577       16.745103        16.745103       2217.8375       2217.8375
  1.7282797e-58       1125.6325      -19.356399       64.552696     -0.42403097      0.60034527     -0.86559274       16.745103        16.745103       2217.7748       2217.7748
   1.732383e-58       1125.6235      -19.203439       67.083824     -0.15286232     -0.21351211     -0.95887417       16.745103        16.745103       2217.7567       2217.7567
  1.8379727e-58       1125.5577      -19.252001       65.457114     -0.20938874      0.47527984      -1.4246492       16.745103        16.745103       2217.6251       2217.6251
  1.8866647e-58       1125.5249      -19.166366        68.59876     -0.29055283      0.19422782     -0.87870177       16.745103        16.745103       2217.5595       2217.5595
  1.8957214e-58       1125.5134      -19.396826       63.391351     -0.42583698      0.65188881     -0.99163459       16.745103        16.745103       2217.5366       2217.5366
  2.2543186e-58       1125.3335      -19.272137       64.809481     -0.20038884      0.22602941       -1.008067       16.745103        16.745103       2217.1769       2217.1769
  2.2813605e-58        1125.315      -19.286329       65.230644     -0.26736709      0.38560727     -0.65497627       16.745103        16.745103       2217.1397       2217.1397
  2.2974992e-58       1125.3013      -19.225427       66.517438     -0.20147354     -0.11731117     -0.93618754       16.745103        16.745103       2217.1123       2217.1123
  2.4071851e-58        1125.248       -19.10563       70.856672     -0.41657233      0.60581152      -0.9450575       16.745103        16.745103       2217.0058       2217.0058
   2.619265e-58       1125.1569      -19.184712       68.113197     -0.16841816     -0.12654067     -0.55923973       16.745103        16.745103       2216.8236       2216.8236
  3.3099786e-58       1124.9162      -19.216011       66.583112     -0.19958871     0.087647421     -0.62698433       16.745103        16.745103       2216.3422       2216.3422
   3.429753e-58        1124.874      -19.343722       64.622818      -0.3957431      0.50450529     -0.83216922       16.745103        16.745103       2216.2578       2216.2578
  3.4839386e-58       1124.8517      -19.315279       65.234932     -0.32204909      0.44435326      -0.9622484       16.745103        16.745103       2216.2132       2216.2132
  3.5211072e-58       1124.8345      -19.268656       65.756405     -0.22033943     -0.15199893     -0.90405552       16.745103        16.745103       2216.1787       2216.1787
  3.6622979e-58       1124.7885      -19.242595       66.113694     -0.21756638     -0.10668013      -1.0108953       16.745103        16.745103       2216.0868       2216.0868
  3.8146832e-58       1124.7411      -19.373132        63.95473     -0.41516738      0.60189915     -0.92966809       16.745103        16.745103        2215.992        2215.992
  4.1155295e-58       1124.6585      -19.207701       67.936969     -0.31428477     0.027167911      -1.1074762       16.745103        16.745103       2215.8268       2215.8268
  4.2969098e-58       1124.6088      -19.076834       71.368446     -0.38021795      0.64725171      -1.1161255       16.745103        16.745103       2215.7273       2215.7273
  4.7123177e-58       1124.5098      -19.384265       62.253035     -0.33188491      0.55543528     -0.96446583       16.745103        16.745103       2215.5294       2215.5294
  5.4560619e-58       1124.3566      -19.206366       67.966767     -0.21681935     0.076031836     -0.65820265       16.745103        16.745103       2215.2231       2215.2231
  5.8762336e-58       1124.2758       -19.27684       66.130819     -0.43562601      0.58823745     -0.89650547       16.745103        16.745103       2215.0614       2215.0614
  5.9645333e-58       1124.2542      -19.229705       66.093591      -0.1020046    -0.011163841     -0.75145626       16.745103        16.745103       2215.0183       2215.0183
  8.4123887e-58       1123.9037      -19.301119       65.210941     -0.34842444      0.27782699     -0.65353176       16.745103        16.745103       2214.3172       2214.3172
  8.6685065e-58       1123.8671      -19.206939        66.72935     -0.12475376    -0.047890725      -0.7360139       16.745103        16.745103        2214.244        2214.244
  8.9633233e-58        1123.827      -19.315546       64.902338     -0.29591841      0.19896137     -0.83299839       16.745103        16.745103       2214.1638       2214.1638
  8.9392139e-58        1123.823      -19.319061       65.358347     -0.43875641      0.54385226     -0.77884876       16.745103        16.745103       2214.1559       2214.1559
   9.129665e-58       1123.7953      -19.262697       66.126268     -0.31444158      0.14671952      -1.0657622       16.745103        16.745103       2214.1004       2214.1004
  9.8583251e-58       1123.7119      -19.263615       65.729875     -0.17595159     -0.19495629      -1.0017022       16.745103        16.745103       2213.9336       2213.9336
  9.9639412e-58       1123.6946      -19.194977        67.87301     -0.21710991     -0.11773254      -1.1697677       16.745103        16.745103        2213.899        2213.899
  1.0089725e-57       1123.6754      -19.231068       67.082599     -0.25806531     -0.13433077      -1.2062357       16.745103        16.745103       2213.8606       2213.8606
  1.1524997e-57       1123.5358      -19.204597       68.214825     -0.35175096      0.37851868     -0.55275585       16.745103        16.745103       2213.5813       2213.5813
  1.2273466e-57       1123.4662      -19.364918       62.193776      -0.2014333        0.296818      -0.9521751       16.745103        16.745103       2213.4422       2213.4422
  1.3204908e-57       1123.3864       -19.22234       67.568068      -0.2638699     0.014400762     -0.78761158       16.745103        16.745103       2213.2826       2213.2826
   1.410735e-57       1123.3136       -19.26064       66.943142     -0.39054506      0.45203512     -0.60507606       16.745103        16.745103       2213.1371       2213.1371
  1.4555685e-57       1123.2757       -19.38246        63.71908     -0.42318604      0.63982928      -0.9500388       16.745103        16.745103       2213.0612       2213.0612
  1.4515133e-57       1123.2719      -19.379328       62.727258     -0.28482798      0.33795642     -0.76350914       16.745103        16.745103       2213.0535       2213.0535
  1.5080725e-57        1123.227      -19.287287       64.938056     -0.18960706      0.16230461      -1.0006787       16.745103        16.745103       2212.9638       2212.9638
  1.6514841e-57       1123.1295      -19.349682       63.665434      -0.2979025        0.329691     -0.97446476       16.745103        16.745103       2212.7688       2212.7688
  1.7053314e-57       1123.0908      -19.247721        67.48777     -0.40225195      0.42845227     -0.78331268       16.745103        16.745103       2212.6913       2212.6913
  1.7596911e-57       1123.0527       -19.31285       63.426216     -0.10009748      0.25333699     -0.89262181       16.745103        16.745103       2212.6153       2212.6153
  1.9991365e-57       1122.9185      -19.279053       65.532263     -0.31956597      0.17193928     -0.83822485       16.745103        16.745103       2212.3468       2212.3468
  2.0062829e-57       1122.9083      -19.173866       67.913575     -0.13557383      0.20010144     -0.54311793       16.745103        16.745103       2212.3264       2212.3264
  2.0946912e-57       1122.8585      -19.179619       68.050335     -0.33207383      0.43867593     -0.82250315       16.745103        16.745103       2212.2269       2212.2269
  2.3221153e-57       1122.7488      -19.138639       69.116613     -0.13778836      0.42908671      -1.3707813       16.745103        16.745103       2212.0074       2212.0074
  2.5051555e-57       1122.6663      -19.050705       72.923394     -0.33837205      0.45247172     -0.75218031       16.745103        16.745103       2211.8424       2211.8424
  2.5202281e-57       1122.6537      -19.309105       63.741889     -0.14840689     0.096769744     -0.71162975       16.745103        16.745103       2211.8171       2211.8171
  2.8286645e-57       1122.5316      -19.327473       63.631332     -0.24096558      0.19143777     -0.68631814       16.745103        16.745103       2211.5729       2211.5729
  3.0303309e-57       1122.4561      -19.234601       66.702531     -0.15999759      0.19776597      -0.8528572       16.745103        16.745103       2211.4219       2211.4219
  3.1142376e-57       1122.4221      -19.285333       64.631137     -0.22047037      0.16157535     -0.67963331       16.745103        16.745103        2211.354        2211.354
  3.1170472e-57       1122.4146      -19.175284       68.818782     -0.26582857    -0.031883631      -1.0235098       16.745103        16.745103       2211.3389       2211.3389
  3.1462303e-57       1122.3986      -19.272888       65.519459      -0.1947737      0.21275695     -0.56698029       16.745103        16.745103        2211.307        2211.307
  3.2426371e-57       1122.3618      -19.296113       64.412671     -0.27539396      0.41683496     -0.78932571       16.745103        16.745103       2211.2333       2211.2333
  3.3683654e-57       1122.3171      -19.363553       64.111272     -0.41254772       0.5693332     -0.86814809       16.745103        16.745103       2211.1439       2211.1439
  3.5129903e-57       1122.2684      -19.340114       64.633013     -0.41111557      0.50484914      -0.7944421       16.745103        16.745103       2211.0466       2211.0466
   3.548556e-57       1122.2517      -19.241763       66.774036     -0.24888763     0.013767831     -0.70185876       16.745103        16.745103       2211.0131       2211.0131
  3.6829563e-57       1122.2079      -19.188276       67.672443     -0.13415414     -0.10276154     -0.58473806       16.745103        16.745103       2210.9255       2210.9255
  4.0966611e-57       1122.0948      -19.248162       66.298956     -0.27242082     0.053516647      -1.0607438       16.745103        16.745103       2210.6993       2210.6993
  4.6434677e-57       1121.9628      -19.292979       64.268418     -0.10709431      0.15524891     -0.73846333       16.745103        16.745103       2210.4354       2210.4354
  4.9546576e-57       1121.8913      -19.313896       64.894015     -0.37727712      0.35619491     -0.79245093       16.745103        16.745103       2210.2924       2210.2924
  5.0571533e-57       1121.8642      -19.272059       64.961131     -0.24712483      0.25828695     -0.85227149       16.745103        16.745103       2210.2382       2210.2382
  5.2680669e-57       1121.8167      -19.280179       64.441406     -0.12286769      0.11698705     -0.75484983       16.745103        16.745103       2210.1432       2210.1432
  5.2961952e-57       1121.8047      -19.205715       67.926672     -0.29580092     0.033275636       -1.013135       16.745103        16.745103       2210.1192       2210.1192
  5.3675805e-57       1121.7847      -19.271915       65.199405     -0.16090387     0.022251825     -0.89414661       16.745103        16.745103       2210.0792       2210.0792
  5.4777211e-57       1121.7577      -19.229251        66.87561     -0.27996665      0.21593153     -0.55656742       16.745103        16.745103       2210.0252       2210.0252
  5.8371012e-57       1121.6875      -19.246256       66.194798     -0.31293924      0.27310336     -0.78715756       16.745103        16.745103       2209.8849       2209.8849
  5.8642638e-57       1121.6762      -19.353992       63.557954     -0.31674961      0.40090672     -0.71175745       16.745103        16.745103       2209.8623       2209.8623
  6.0169344e-57       1121.6439      -19.208291       68.079384     -0.26611705      0.29164935     -0.62378184       16.745103        16.745103       2209.7976       2209.7976
   6.076226e-57       1121.6275      -19.223792       67.432469     -0.31235544      0.22105783      -1.0102436       16.745103        16.745103       2209.7647       2209.7647
  6.3826491e-57       1121.5716      -19.225487       66.209105     -0.18428786       0.1545202     -0.64288742       16.745103        16.745103        2209.653        2209.653
   6.652733e-57       1121.5235      -19.210498       68.193764     -0.27615808      0.47571645      -0.9112953       16.745103        16.745103       2209.5568       2209.5568
  6.6908335e-57       1121.5112      -19.381658       63.453654     -0.41863813      0.56724639      -0.8379127       16.745103        16.745103       2209.5321       2209.5321
  7.0610587e-57       1121.4507      -19.282576       66.049129      -0.2911613      0.48859539      -1.1376788       16.745103        16.745103       2209.4111       2209.4111
  7.3277131e-57       1121.4069       -19.28536       65.868101      -0.3375669      0.26516042     -0.90714736       16.745103        16.745103       2209.3237       2209.3237
  9.1676553e-57       1121.1763      -19.134906       70.458633      -0.3375564      0.30277195     -0.63116562       16.745103        16.745103       2208.8624       2208.8624
  9.8825788e-57       1121.0946       -19.17306       67.739524     -0.11611702      0.10196863     -0.60965709       16.745103        16.745103       2208.6989       2208.6989
  1.1991372e-56       1120.8945      -19.250893        67.35409     -0.42030259         0.47969     -0.77251378       16.745103        16.745103       2208.2988       2208.2988
  1.1963218e-56       1120.8902      -18.981879        74.81093      -0.2770237      0.57452941      -1.2285563       16.745103        16.745103       2208.2902       2208.2902
  1.3659675e-56       1120.7509      -19.191072       68.656993      -0.2785439      0.34423073     -0.98698137       16.745103        16.745103       2208.0117       2208.0117
  1.4698026e-56        1120.671      -19.210232        67.45862     -0.28810797      0.12700478     -0.94942941       16.745103        16.745103       2207.8519       2207.8519
  1.4633127e-56       1120.6688      -19.287131       64.273661    -0.088240482      0.50705526      -1.5933188       16.745103        16.745103       2207.8474       2207.8474
  1.7347321e-56        1120.492      -19.243074       66.606724     -0.24230444    -0.023691512       -0.805074       16.745103        16.745103       2207.4938       2207.4938
  1.8177704e-56       1120.4386      -19.347757       63.201581     -0.22123932      0.24879207     -0.96264123       16.745103        16.745103        2207.387        2207.387
  1.8735211e-56       1120.4018      -19.214581       68.389674     -0.44088418      0.50233171     -0.71134345       16.745103        16.745103       2207.3133       2207.3133
  1.9088889e-56       1120.3764      -19.221262       66.894592      -0.1623875      0.25016021      -1.0208572       16.745103        16.745103       2207.2626       2207.2626
  2.2340941e-56       1120.2125      -19.253912       65.901604     -0.15552901     0.027847426     -0.77609332       16.745103        16.745103       2206.9347       2206.9347
  2.2462689e-56       1120.2004      -19.157413       68.042624     -0.16323338      0.31121799     -0.87504928       16.745103        16.745103       2206.9106       2206.9106
  2.2523856e-56        1120.191       -19.17622       68.719685     -0.25105002      0.25470343     -0.99860032       16.745103        16.745103       2206.8918       2206.8918
  2.5450323e-56       1120.0622      -19.196524       67.246278     -0.26811908      0.35044462     -0.85880632       16.745103        16.745103       2206.6342       2206.6342
  2.5393482e-56       1120.0578      -19.209884       67.346403     -0.22439769     0.037837479     -0.60851661       16.745103        16.745103       2206.6254       2206.6254
   2.687529e-56       1119.9944      -19.307934       63.726479     -0.17375726      0.36903054     -0.87979109       16.745103        16.745103       2206.4987       2206.4987
   2.680463e-56       1119.9904      -19.203282       68.803851     -0.37845637      0.39817912     -0.76122193       16.745103        16.745103       2206.4907       2206.4907
  2.7200738e-56       1119.9691      -19.172288       68.616011     -0.18499333     0.015162459     -0.68317035       16.745103        16.745103        2206.448        2206.448
   2.770674e-56        1119.944      -19.104883       69.971625     -0.26340525      0.49946062      -1.0797534       16.745103        16.745103       2206.3979       2206.3979
  3.2893437e-56       1119.7658      -19.278945        65.51415     -0.23414244      0.32575892     -0.67248191       16.745103        16.745103       2206.0414       2206.0414
  3.5586842e-56       1119.6805      -19.282494       64.968785     -0.23732815      0.11977154     -0.71462136       16.745103        16.745103       2205.8707       2205.8707
  3.7455476e-56       1119.6226      -19.246751       65.649012     -0.10973505      0.11703252     -0.63789122       16.745103        16.745103       2205.7551       2205.7551
  3.8438621e-56       1119.5901      -19.092003       71.810745     -0.39039222      0.50678878     -0.85858468       16.745103        16.745103         2205.69         2205.69
  3.9010377e-56       1119.5687      -19.329691       64.649583     -0.29478501      0.58220131      -1.1919975       16.745103        16.745103       2205.6471       2205.6471
  3.9746972e-56       1119.5433      -19.135452        69.86469     -0.22305305      0.24601642     -0.60269318       16.745103        16.745103       2205.5964       2205.5964
  3.9701667e-56       1119.5378      -19.343329       64.556323     -0.35366607      0.56853506      -1.0785182       16.745103        16.745103       2205.5854       2205.5854
  4.0764661e-56       1119.5048      -19.158816       70.082269     -0.29060594      0.60036193       -1.276701       16.745103        16.745103       2205.5193       2205.5193
  5.0755675e-56       1119.2789      -19.255906       65.950234     -0.31666619      0.41907839     -0.70540372       16.745103        16.745103       2205.0676       2205.0676
  6.7280865e-56       1118.9904      -19.286023       65.420154     -0.27317097      0.18784432     -0.96451586       16.745103        16.745103       2204.4906       2204.4906
  6.8282825e-56        1118.969      -19.138323       69.083159     -0.16133157      0.29700253     -0.72030321       16.745103        16.745103       2204.4477       2204.4477
  6.9330085e-56       1118.9471      -19.247048        66.73012     -0.27768894      0.46453998      -0.8260828       16.745103        16.745103        2204.404        2204.404
  7.8368542e-56       1118.8179      -19.157017       69.133849     -0.20341273     0.079380349     -0.64795927       16.745103        16.745103       2204.1456       2204.1456
  7.8075531e-56        1118.815      -19.130734        70.78697     -0.34454701      0.43565575     -0.68203091       16.745103        16.745103       2204.1398       2204.1398
  8.2148875e-56       1118.7575      -19.285535        64.72267     -0.17394836     0.064363445     -0.81602804       16.745103        16.745103       2204.0248       2204.0248
   1.059622e-55       1118.4963      -19.229131       67.474542     -0.28838599      0.21658904     -0.88497967       16.745103        16.745103       2203.5024       2203.5024
  1.1228085e-55       1118.4318      -19.131549       70.083764     -0.29037978      0.21306394      -0.7408495       16.745103        16.745103       2203.3733       2203.3733
  1.2086602e-55       1118.3514      -19.320526       64.544277      -0.2913802      0.24029159      -0.7832792       16.745103        16.745103       2203.2127       2203.2127
  1.2744057e-55       1118.2918      -19.107848       70.966951     -0.44981727      0.68728891      -1.0607541       16.745103        16.745103       2203.0934       2203.0934
  1.5581726e-55       1118.0841      -19.133327       69.273886      -0.1411197      0.21503858     -0.72475069       16.745103        16.745103       2202.6781       2202.6781
  1.5858959e-55       1118.0599      -19.401867       62.073023     -0.29601347      0.45341758       -1.008313       16.745103        16.745103       2202.6295       2202.6295
  1.5830025e-55        1118.055      -19.105697       71.084421     -0.27813834      0.46592936     -0.84497167       16.745103        16.745103       2202.6199       2202.6199
  1.9337291e-55       1117.8483      -19.338745       64.419973     -0.30581242      0.54196594      -1.1653056       16.745103        16.745103       2202.2063       2202.2063
   1.993834e-55        1117.811      -19.115841       71.200084      -0.3441955      0.49777883      -1.0159369       16.745103        16.745103       2202.1318       2202.1318
   2.009747e-55       1117.7964      -19.081751       71.777985     -0.23240798       0.5776517      -1.5117304       16.745103        16.745103       2202.1027       2202.1027
  2.3664908e-55       1117.6264      -19.135954       69.658839     -0.28435281      0.45871414     -0.80632212       16.745103        16.745103       2201.7626       2201.7626
  2.3704596e-55       1117.6181      -19.263296       66.731873     -0.37799399      0.48055846      -0.6732056       16.745103        16.745103       2201.7459       2201.7459
  2.6995323e-55       1117.4814      -19.145084       68.904393     -0.13603399       0.3442585     -0.87502909       16.745103        16.745103       2201.4726       2201.4726
  3.4726178e-55        1117.223      -19.176407        68.80998      -0.2945312      0.42158386      -1.0852781       16.745103        16.745103       2200.9557       2200.9557
  5.8039146e-55       1116.7027      -19.210993        66.74463     -0.10126751       0.4117149      -1.1714372       16.745103        16.745103       2199.9152       2199.9152
  6.0578007e-55       1116.6532      -19.186866       67.936863     -0.22051675     0.070842783     -0.81931937       16.745103        16.745103       2199.8162       2199.8162
  6.4760914e-55       1116.5798       -19.39791       61.505161      -0.2031235      0.52380754      -1.4479546       16.745103        16.745103       2199.6694       2199.6694
  7.2242564e-55       1116.4638       -19.28194       66.439017     -0.38009551      0.54890019     -0.97467832       16.745103        16.745103       2199.4375       2199.4375
  8.0025436e-55       1116.3549      -19.191586       67.589542     -0.22958097      0.19190099     -0.69824042       16.745103        16.745103       2199.2196       2199.2196
  7.9599711e-55       1116.3536       -19.15476       69.183098     -0.31779642      0.37201533     -0.91304771       16.745103        16.745103       2199.2169       2199.2169
   9.367094e-55       1116.1841      -19.272271       65.819108     -0.28947821      0.36193061      -1.0336155       16.745103        16.745103       2198.8781       2198.8781
  1.0276516e-54       1116.0848       -19.24635       66.502401     -0.25531481      0.18264239     -0.62040617       16.745103        16.745103       2198.6795       2198.6795
  1.0608489e-54       1116.0464       -19.31084       64.702365     -0.34586939      0.38068125     -0.72192422       16.745103        16.745103       2198.6026       2198.6026
  1.0767717e-54       1116.0249      -19.229777       67.099922     -0.26678209      0.10724163     -0.88397754       16.745103        16.745103       2198.5595       2198.5595
  1.1148987e-54       1115.9834      -19.288461       64.490358     -0.20092249      0.21573249     -0.81211865       16.745103        16.745103       2198.4766       2198.4766
  1.2405656e-54         1115.87      -19.177569       68.707986     -0.27958711      0.21834293     -0.63272464       16.745103        16.745103       2198.2497       2198.2497
  1.4778517e-54       1115.6883      -19.276704        65.69076     -0.24769433      0.19256684     -0.86085033       16.745103        16.745103       2197.8864       2197.8864
   1.712709e-54       1115.5342       -19.21051       67.647631     -0.24570776       0.4450512      -1.2202844       16.745103        16.745103       2197.5781       2197.5781
  1.7807329e-54       1115.4886      -19.392181       61.705778     -0.24093073       0.4843939      -1.1041795       16.745103        16.745103        2197.487        2197.487
  2.0532683e-54       1115.3395      -19.078951       72.669094     -0.37221119      0.52704435     -0.83499323       16.745103        16.745103       2197.1889       2197.1889
  2.2151732e-54        1115.257      -19.042658       73.477203     -0.32306996      0.52815265      -1.0582724       16.745103        16.745103       2197.0238       2197.0238
  2.2489488e-54       1115.2352      -19.222632       66.300645     -0.18445905      0.24312139     -0.90502211       16.745103        16.745103       2196.9802       2196.9802
  2.3417433e-54       1115.1881      -19.249068        65.51469     -0.22644662      0.51221119      -1.4215981       16.745103        16.745103       2196.8861       2196.8861
  2.5952868e-54       1115.0787      -19.247429       66.303945     -0.26595157      0.26862968      -0.6227663       16.745103        16.745103       2196.6672       2196.6672
  2.6079451e-54       1115.0672      -19.247741       65.242124    -0.090417702        0.515223      -1.4834327       16.745103        16.745103       2196.6441       2196.6441
  2.7329033e-54       1115.0137      -19.126259       70.461706      -0.2397997      0.35818046     -0.88999858       16.745103        16.745103       2196.5373       2196.5373
  3.2180064e-54       1114.8437      -19.244229       66.536162     -0.32802102      0.34464062     -0.89814012       16.745103        16.745103       2196.1972       2196.1972
  3.4412113e-54         1114.77      -19.184114        68.56897     -0.43250614      0.59410518     -0.82185113       16.745103        16.745103       2196.0498       2196.0498
  3.5783491e-54       1114.7243       -19.10487       71.049951      -0.3132101      0.63923266      -1.4863571       16.745103        16.745103       2195.9583       2195.9583
  3.7283411e-54       1114.6766      -19.241194       65.729592     -0.19987235       0.4799194      -1.4069774       16.745103        16.745103       2195.8629       2195.8629
  3.7807986e-54       1114.6559      -19.194836       67.641917     -0.15847168       0.1769371     -0.76080333       16.745103        16.745103       2195.8217       2195.8217
  4.1785096e-54       1114.5493      -19.127408       69.225119     -0.21253166      0.51539845      -1.4189071       16.745103        16.745103       2195.6083       2195.6083
  4.7442417e-54       1114.4157      -19.084459       70.571963     -0.26813506      0.59112249      -1.3331011       16.745103        16.745103       2195.3411       2195.3411
  5.1965896e-54       1114.3179       -19.11067       69.882125     -0.12621159      0.63763045      -1.8150033       16.745103        16.745103       2195.1457       2195.1457
  5.5162573e-54       1114.2516      -19.250901       66.528543     -0.29302982      0.19428143     -0.79413299       16.745103        16.745103        2195.013        2195.013
  6.0575088e-54       1114.1514      -19.161748       69.007553     -0.27333014      0.27260225      -0.6516425       16.745103        16.745103       2194.8125       2194.8125
  6.1988239e-54       1114.1216      -19.289772       64.156145     -0.14235331      0.52712924      -1.6322066       16.745103        16.745103       2194.7531       2194.7531
  7.2458228e-54       1113.9589      -19.104849       70.769628     -0.24251561      0.29923852     -0.86079214       16.745103        16.745103       2194.4277       2194.4277
  9.8479622e-54       1113.6455      -19.215983         67.3132     -0.39675399      0.59488887     -0.89330281       16.745103        16.745103       2193.8007       2193.8007
  9.9888114e-54       1113.6246      -19.218399       66.460269     -0.15534939      0.20703954     -0.80309366       16.745103        16.745103        2193.759        2193.759
  1.0616408e-53        1113.557       -19.31655       64.287299     -0.26137221      0.30319633     -0.95068752       16.745103        16.745103       2193.6238       2193.6238
  1.1662124e-53       1113.4564      -19.154638       69.493405     -0.22210942      0.38778332      -0.9609744       16.745103        16.745103       2193.4227       2193.4227
  1.2053352e-53       1113.4168      -19.196943        67.07404     -0.14980717      0.25815221     -0.92736289       16.745103        16.745103       2193.3434       2193.3434
  1.3155437e-53       1113.3227      -19.158315       69.559489     -0.42521626      0.56596892     -0.80630962       16.745103        16.745103       2193.1551       2193.1551
  1.3195325e-53        1113.313      -19.211978       68.380526      -0.4582512      0.57523614     -0.69032812       16.745103        16.745103       2193.1358       2193.1358
   1.346605e-53        1113.286      -19.176609       68.189569     -0.21896496      0.17711978     -0.71414984       16.745103        16.745103       2193.0819       2193.0819
  1.5139498e-53       1113.1623      -19.288191       65.440289     -0.30574953      0.34962112     -0.94761188       16.745103        16.745103       2192.8343       2192.8343
  1.6627748e-53       1113.0618        -19.2787       64.822225     -0.25393302        0.365835     -0.95648783       16.745103        16.745103       2192.6335       2192.6335
  1.8045332e-53       1112.9734       -19.25515       66.462496     -0.24106812       0.4227462     -0.92566272       16.745103        16.745103       2192.4566       2192.4566
   1.884078e-53       1112.9236      -19.142819       69.959894     -0.32605173      0.34539836     -0.82169182       16.745103        16.745103        2192.357        2192.357
  2.0198932e-53       1112.8474      -19.265793        66.42098     -0.32862986      0.33775319      -0.8149278       16.745103        16.745103       2192.2045       2192.2045
  2.0227177e-53       1112.8393      -19.133168       70.635753      -0.4668333      0.69446677      -1.0180276       16.745103        16.745103       2192.1884       2192.1884
  2.2706775e-53        1112.717      -19.393789        61.45329     -0.27987908      0.72782282       -1.929506       16.745103        16.745103       2191.9439       2191.9439
  2.3994869e-53       1112.6552      -19.225762        67.33856     -0.28719567      0.27333698     -0.90750097       16.745103        16.745103       2191.8202       2191.8202
   2.396828e-53       1112.6497      -19.180103       67.773046     -0.24727317      0.36503058     -0.89589912       16.745103        16.745103       2191.8091       2191.8091
  2.4321899e-53       1112.6284      -19.256446       66.323712     -0.28713106      0.26762695     -0.90917372       16.745103        16.745103       2191.7666       2191.7666
  2.7847027e-53       1112.4864      -19.135083       69.127057     -0.16747436      0.46326984       -1.105875       16.745103        16.745103       2191.4826       2191.4826
  2.9326634e-53        1112.428      -19.232551       65.863702     -0.20923741      0.40107218      -1.0630502       16.745103        16.745103       2191.3657       2191.3657
   2.923725e-53       1112.4244       -19.27253       64.813182     -0.18520587      0.30306055     -0.94629707       16.745103        16.745103       2191.3586       2191.3586
  3.2251757e-53       1112.3196      -19.275967       66.072246     -0.31401451      0.59680761      -1.3586047       16.745103        16.745103        2191.149        2191.149
  3.3424275e-53       1112.2773      -19.279747       65.500648     -0.32483063      0.38008098     -0.92298067       16.745103        16.745103       2191.0643       2191.0643
  3.3813457e-53        1112.259      -19.278149       65.401134      -0.2560368      0.38181906     -0.75714369       16.745103        16.745103       2191.0279       2191.0279
  3.3732708e-53       1112.2548      -19.264902       66.014852     -0.27788137      0.25868373     -0.69580905       16.745103        16.745103       2191.0194       2191.0194
   3.630105e-53       1112.1748      -19.179834       68.268651     -0.35961549      0.51710091     -0.89516404       16.745103        16.745103       2190.8593       2190.8593
  4.2577867e-53       1112.0086      -19.302385       64.197736     -0.14206836      0.50574849      -1.4725888       16.745103        16.745103        2190.527        2190.527
  4.3788075e-53        1111.974      -19.249406       66.720034     -0.28093586      0.36617316     -0.97511169       16.745103        16.745103       2190.4577       2190.4577
  4.9026416e-53       1111.8543      -19.180868       67.888884     -0.17389843      0.23016535     -0.73046209       16.745103        16.745103       2190.2184       2190.2184
  4.9388928e-53       1111.8403      -19.163971       68.611019     -0.16053652      0.51158682      -1.4809915       16.745103        16.745103       2190.1904       2190.1904
  5.6919721e-53       1111.6917      -19.190562        66.97052     -0.12803842      0.46735907      -1.2568501       16.745103        16.745103       2189.8933       2189.8933
  5.8257544e-53       1111.6619      -19.233064        66.43694     -0.17771189      0.20284318      -0.7229382       16.745103        16.745103       2189.8335       2189.8335
  6.0595113e-53       1111.6159      -19.254877       65.540313     -0.31375054      0.59294518      -1.1534525       16.745103        16.745103       2189.7415       2189.7415
  6.3606314e-53       1111.5607      -19.170291       69.068581     -0.25252525      0.34593429     -0.78510604       16.745103        16.745103       2189.6313       2189.6313
  6.3994802e-53        1111.548      -19.233833       67.826802     -0.33306131      0.57910921      -1.0801166       16.745103        16.745103       2189.6058       2189.6058
  6.4446412e-53       1111.5343      -19.248777       65.600963     -0.15508228      0.62034121      -1.6246168       16.745103        16.745103       2189.5784       2189.5784
  6.6686646e-53       1111.4935      -19.307062       64.662114     -0.22039404       0.5391207      -1.4484009       16.745103        16.745103       2189.4968       2189.4968
  6.7381333e-53       1111.4765      -19.294435        65.53755     -0.42810324      0.60492944     -0.80327194       16.745103        16.745103       2189.4628       2189.4628
  6.8187742e-53        1111.458      -19.212063       67.079554     -0.15679006      0.37937275     -0.97875288       16.745103        16.745103       2189.4257       2189.4257
  6.8963439e-53         1111.44      -19.250423       66.011835     -0.17898308      0.24767104     -0.87283803       16.745103        16.745103       2189.3898       2189.3898
  6.9131746e-53       1111.4309      -19.299328       65.208866      -0.3686163      0.63837637      -1.0854172       16.745103        16.745103       2189.3716       2189.3716
  7.4475939e-53       1111.3498      -19.343513       64.519331     -0.38701691      0.60972911     -0.97935275       16.745103        16.745103       2189.2094       2189.2094
  7.6586138e-53       1111.3152      -19.188025       68.379833     -0.26524319      0.30952084     -0.94615634       16.745103        16.745103       2189.1403       2189.1403
  7.7055167e-53       1111.3025      -19.246025        66.49844     -0.28124686       0.4682063     -0.84521019       16.745103        16.745103       2189.1148       2189.1148
  7.8759101e-53        1111.274      -19.293883        64.65466     -0.24776644      0.37494268      -1.0792604       16.745103        16.745103       2189.0577       2189.0577
   7.842506e-53       1111.2716      -19.178306       68.117332     -0.20420451       0.3120683     -0.73581868       16.745103        16.745103       2189.0529       2189.0529
  8.3304759e-53       1111.2046      -19.234844         65.5827     -0.11248866      0.59443722      -1.6777894       16.745103        16.745103       2188.9189       2188.9189
  9.1390235e-53       1111.1053      -19.212201        66.47231     -0.22258009      0.45990207      -1.1065106       16.745103        16.745103       2188.7204       2188.7204
  9.8699201e-53       1111.0217      -19.194907       68.039885     -0.27944688      0.32527037     -0.96231312       16.745103        16.745103       2188.5532       2188.5532
  1.0406854e-52       1110.9621      -19.241919       67.405002     -0.40800839      0.54007879     -0.71707627       16.745103        16.745103        2188.434        2188.434
    1.10697e-52       1110.8937      -19.226761       66.847686     -0.23754756      0.29734041     -0.99738341       16.745103        16.745103       2188.2972       2188.2972
  1.1350107e-52        1110.862      -19.190645       68.024371     -0.33843329      0.48326716      -1.0001799       16.745103        16.745103       2188.2339       2188.2339
  1.2603715e-52       1110.7506       -19.12528       70.324558     -0.30790804      0.51381841      -1.1641485       16.745103        16.745103        2188.011        2188.011
    1.25239e-52       1110.7503      -19.190442       68.520427     -0.31609824      0.36229823      -0.6823019       16.745103        16.745103       2188.0105       2188.0105
  1.2562041e-52       1110.7406       -19.24318        66.11706     -0.19928055      0.19703852     -0.74463781       16.745103        16.745103       2187.9911       2187.9911
  1.2528095e-52       1110.7367       -19.15725       69.240284     -0.22551187      0.29771878     -0.84347365       16.745103        16.745103       2187.9832       2187.9832
  1.2594854e-52       1110.7247      -19.123031       70.422436     -0.27948202      0.40255242     -0.78072705       16.745103        16.745103       2187.9593       2187.9593
   1.285594e-52       1110.6976      -19.234726       66.387996     -0.25242173      0.64910611      -1.7551161       16.745103        16.745103        2187.905        2187.905
  1.2994745e-52       1110.6802      -19.180497       68.390732     -0.36732519      0.51912462     -0.84382139       16.745103        16.745103       2187.8702       2187.8702
  1.3976561e-52       1110.6007      -19.130129       70.103533       -0.358691      0.55930139      -1.0797996       16.745103        16.745103       2187.7112       2187.7112
  1.3927968e-52       1110.5976      -19.109449       70.469184     -0.33604307       0.6109108      -1.1154454       16.745103        16.745103       2187.7049       2187.7049
  1.6438254e-52       1110.4252      -19.120382       70.593283      -0.3054408      0.38278257     -0.87930356       16.745103        16.745103       2187.3602       2187.3602
  1.6917229e-52       1110.3898       -19.08029       71.961269     -0.35010522       0.4947865     -0.87210765       16.745103        16.745103       2187.2895       2187.2895
  1.6843607e-52       1110.3876      -19.220601       67.379946     -0.27814203      0.32616754      -0.6837389       16.745103        16.745103       2187.2849       2187.2849
   1.740212e-52       1110.3483      -19.328018       64.598212     -0.28195349      0.62010656      -1.4575328       16.745103        16.745103       2187.2064       2187.2064
  1.8707372e-52       1110.2693      -19.315439       64.437253     -0.25750465      0.34284425     -0.83827377       16.745103        16.745103       2187.0484       2187.0484
  2.3116916e-52        1110.051      -19.277131       65.756982     -0.29745737      0.37351957     -0.73229204       16.745103        16.745103       2186.6118       2186.6118
  2.6351572e-52       1109.9134      -19.315367       64.518743     -0.26807082      0.59234859      -1.4987339       16.745103        16.745103       2186.3366       2186.3366
  2.6908686e-52       1109.8859      -19.169554       68.528202     -0.23170818      0.24832841     -0.84584727       16.745103        16.745103       2186.2815       2186.2815
   2.885935e-52       1109.8092      -19.215605       67.389594     -0.23555675      0.31761827       -0.735158       16.745103        16.745103       2186.1282       2186.1282
  2.9982635e-52       1109.7644      -19.267095       65.524117     -0.27940118      0.33876859     -0.90917034       16.745103        16.745103       2186.0386       2186.0386
  3.1721336e-52       1109.7014      -19.187604       68.470854     -0.42452729      0.62651716      -0.9813867       16.745103        16.745103       2185.9126       2185.9126
  3.1592448e-52       1109.6988      -19.283207       65.471379     -0.29810423      0.47530708      -0.8499441       16.745103        16.745103       2185.9074       2185.9074
  3.1467672e-52       1109.6961      -19.231505       65.621262     -0.13620451      0.50154714      -1.3990258       16.745103        16.745103        2185.902        2185.902
  3.2206361e-52       1109.6663      -19.150664       69.042082     -0.18247729      0.34370924      -1.0049629       16.745103        16.745103       2185.8423       2185.8423
  3.4456422e-52       1109.5921      -19.203249       67.080843     -0.25013401      0.49252989      -1.2828205       16.745103        16.745103        2185.694        2185.694
  4.1355633e-52       1109.4029      -19.086823       71.220272     -0.39969045      0.68570799      -1.2563158       16.745103        16.745103       2185.3157       2185.3157
  4.5499961e-52       1109.3008      -19.209071       68.729035     -0.34878867      0.60157188      -1.1194838       16.745103        16.745103       2185.1114       2185.1114
  4.6071775e-52       1109.2817      -19.293135        65.49244     -0.30075464      0.52635094      -1.2024243       16.745103        16.745103       2185.0731       2185.0731
  4.7309354e-52       1109.2485      -19.301066       64.218985      -0.2576509      0.61181192      -1.3422978       16.745103        16.745103       2185.0068       2185.0068
  4.7612408e-52       1109.2355      -19.354135       63.424844     -0.31395525      0.45372571     -0.97362512       16.745103        16.745103       2184.9807       2184.9807
  5.5049821e-52       1109.0837      -19.273537       65.685365     -0.27866838      0.34080496     -0.73612036       16.745103        16.745103       2184.6772       2184.6772
  6.7193048e-52       1108.8777      -19.223553       67.061484     -0.23367692      0.31572587     -0.73799839       16.745103        16.745103       2184.2652       2184.2652
  8.5181283e-52       1108.6339      -19.287221        64.31576     -0.22957645      0.49705772      -1.1658547       16.745103        16.745103       2183.7775       2183.7775
  1.0511184e-51        1108.417      -19.176475       67.304599     -0.16144197      0.54375101      -1.4631859       16.745103        16.745103       2183.3437       2183.3437
  1.1403621e-51       1108.3288      -19.213696       68.443806     -0.41895755      0.53851829     -0.73633218       16.745103        16.745103       2183.1675       2183.1675
  1.1467899e-51       1108.3166      -19.147271       69.038941     -0.18748974      0.48934495      -1.1446976       16.745103        16.745103       2183.1429       2183.1429
  1.1824127e-51       1108.2793      -19.140628       69.439162     -0.21735639      0.31991819     -0.84499922       16.745103        16.745103       2183.0685       2183.0685
  1.2497586e-51       1108.2173      -19.240018       65.929822     -0.28152315      0.60932508       -1.280359       16.745103        16.745103       2182.9444       2182.9444
  1.2838633e-51       1108.1837      -19.268659       65.135564     -0.22204993      0.40326004      -0.9207346       16.745103        16.745103       2182.8772       2182.8772
  1.3297923e-51       1108.1419      -19.364025       62.886302     -0.25655222      0.48348447      -1.0787064       16.745103        16.745103       2182.7937       2182.7937
  1.4453203e-51        1108.052      -19.137789       69.095134     -0.15416714      0.46661936      -1.3268866       16.745103        16.745103       2182.6137       2182.6137
  1.4604316e-51       1108.0349      -19.350073       62.914231     -0.23553233      0.61606326      -1.4412719       16.745103        16.745103       2182.5797       2182.5797
  1.5215181e-51       1107.9873      -19.095778       71.363975     -0.27724653      0.44897042      -1.0158396       16.745103        16.745103       2182.4844       2182.4844
  1.5530955e-51       1107.9601       -19.10037       70.203128     -0.29685137      0.61634626       -1.380363       16.745103        16.745103         2182.43         2182.43
  1.7731027e-51        1107.821      -19.194739       66.646056     -0.13705395       0.6849366      -1.9738696       16.745103        16.745103       2182.1518       2182.1518
  2.0135659e-51       1107.6872      -19.199477       67.425847      -0.2444329      0.34772374     -0.98782037       16.745103        16.745103       2181.8841       2181.8841
  2.1929554e-51       1107.5952        -19.2606       65.956076     -0.30350319      0.35240511     -0.81495184       16.745103        16.745103       2181.7002       2181.7002
  2.2335036e-51       1107.5702      -19.145048       68.883858     -0.17709427      0.40400044      -1.0205333       16.745103        16.745103       2181.6502       2181.6502
  2.7679121e-51       1107.3491      -19.222478       67.016893     -0.18584508       0.5093405      -1.2706135       16.745103        16.745103       2181.2079       2181.2079
  2.9978787e-51       1107.2626      -19.263345       65.831507      -0.3007841      0.38154915     -0.93303117       16.745103        16.745103        2181.035        2181.035
  3.3908321e-51       1107.1328      -19.272258       65.427311     -0.21514316      0.34084358     -0.85199229       16.745103        16.745103       2180.7754       2180.7754
  3.4547589e-51       1107.1075      -19.233885       66.385852     -0.16091326      0.41799286      -1.1644897       16.745103        16.745103       2180.7247       2180.7247
  3.5529569e-51       1107.0728      -19.184185       68.374529     -0.28409039      0.56481174      -1.3770914       16.745103        16.745103       2180.6554       2180.6554
  4.4213027e-51       1106.8475      -19.162159       68.686983     -0.24762316      0.38976643      -1.0479431       16.745103        16.745103       2180.2048       2180.2048
  4.8260093e-51       1106.7533      -19.390804       61.349692     -0.21125796      0.62631456      -1.6555553       16.745103        16.745103       2180.0163       2180.0163
  5.7338939e-51       1106.5742      -19.240986       66.267081     -0.19964871      0.37976363     -0.90187081       16.745103        16.745103       2179.6583       2179.6583
  6.4909861e-51       1106.4436      -19.209705       67.213926     -0.28931657      0.39988291     -0.87260725       16.745103        16.745103        2179.397        2179.397
  6.5275635e-51       1106.4313      -19.252919       65.890206     -0.24741419      0.34350124     -0.97875959       16.745103        16.745103       2179.3724       2179.3724
  6.5973431e-51        1106.414      -19.076085       70.879645     -0.14474299      0.72271217      -2.2155456       16.745103        16.745103       2179.3379       2179.3379
  6.6777153e-51       1106.3953      -19.082328       72.333609      -0.4231506      0.66729171      -1.1079127       16.745103        16.745103       2179.3004       2179.3004
  7.3236068e-51       1106.2963      -19.229941       67.325086     -0.25213655      0.51970519      -1.2453488       16.745103        16.745103       2179.1024       2179.1024
  7.3256625e-51       1106.2894      -19.194394       68.756042     -0.33177238      0.45779256     -0.85340171       16.745103        16.745103       2179.0886       2179.0886
  7.8007892e-51       1106.2199      -19.114385       70.051489     -0.20423462      0.44583326      -1.0684262       16.745103        16.745103       2178.9496       2178.9496
  1.0896876e-50        1105.879       -19.27524       65.602399     -0.35718769      0.74544028      -1.5758735       16.745103        16.745103       2178.2678       2178.2678
  1.0871847e-50       1105.8747      -19.278892         64.7907     -0.23509997      0.51277223      -1.1313841       16.745103        16.745103       2178.2591       2178.2591
  1.1222459e-50       1105.8363      -19.093845       71.886649     -0.32064376      0.69835868      -1.4928253       16.745103        16.745103       2178.1823       2178.1823
   1.161336e-50       1105.7954      -19.208518        66.90806     -0.20479864      0.41649581     -0.97019578       16.745103        16.745103       2178.1006       2178.1006
  1.2069705e-50       1105.7502      -19.267349       66.488128     -0.41476992      0.59462343     -0.95489691       16.745103        16.745103       2178.0102       2178.0102
  1.3453002e-50       1105.6351      -19.087432       71.727169     -0.46414838      0.69592898      -0.9936181       16.745103        16.745103       2177.7799       2177.7799
  1.4588817e-50       1105.5474       -19.21314       66.443296     -0.12870899      0.53112524      -1.4807331       16.745103        16.745103       2177.6045       2177.6045
  1.5197337e-50       1105.4999      -19.303195       63.892464     -0.14980776      0.63807465      -1.7774729       16.745103        16.745103       2177.5095       2177.5095
  1.5406517e-50       1105.4795      -19.123543       70.807223     -0.31748685      0.48053073     -0.90081091       16.745103        16.745103       2177.4689       2177.4689
  1.6491508e-50       1105.4048      -19.092017       71.232086     -0.25753934      0.46849339      -1.0172845       16.745103        16.745103       2177.3195       2177.3195
  1.7051499e-50       1105.3648      -19.155707       69.500582     -0.35804369      0.47901734     -0.87190366       16.745103        16.745103       2177.2394       2177.2394
  1.7452424e-50       1105.3349      -19.311691       63.827043     -0.20431517      0.45408824      -1.2401955       16.745103        16.745103       2177.1796       2177.1796
  1.9758256e-50       1105.2042      -19.123667       70.940424     -0.31767082      0.57456446      -1.0872475       16.745103        16.745103       2176.9181       2176.9181
   1.986774e-50        1105.192      -19.146336       68.785941      -0.1883502      0.45992841      -1.2723836       16.745103        16.745103       2176.8938       2176.8938
  2.1041859e-50       1105.1279      -19.230197          66.472     -0.22729859      0.34033371     -0.85053707       16.745103        16.745103       2176.7657       2176.7657
  2.0965838e-50       1105.1249      -19.195924        67.60088     -0.27315689      0.38892512     -0.91451581       16.745103        16.745103       2176.7596       2176.7596
  2.1337853e-50       1105.1007      -19.185122       67.709727     -0.21957829      0.42561856      -1.1693712       16.745103        16.745103       2176.7112       2176.7112
  2.1909215e-50       1105.0676      -19.326779       63.667281     -0.20398959      0.46398611      -1.2283619       16.745103        16.745103        2176.645        2176.645
  2.1810015e-50       1105.0655       -19.19891       67.525002     -0.25500572      0.45375444     -0.91814629       16.745103        16.745103       2176.6408       2176.6408
  2.5827685e-50       1104.8898      -19.250115       64.917212      -0.1528468      0.65348741      -1.8776917       16.745103        16.745103       2176.2894       2176.2894
  3.4555528e-50        1104.592      -19.173493       68.079631     -0.24283047      0.41302023     -0.99143701       16.745103        16.745103       2175.6938       2175.6938
  3.6110452e-50       1104.5414      -19.279013       65.526427     -0.28203464      0.41838004     -0.84237012       16.745103        16.745103       2175.5925       2175.5925
  3.6492757e-50       1104.5242      -19.352454       62.711979     -0.20987724      0.53828225       -1.445798       16.745103        16.745103       2175.5582       2175.5582
  3.9406951e-50       1104.4407      -19.316745       63.976735     -0.19149939      0.50339149      -1.3526569       16.745103        16.745103       2175.3912       2175.3912
  3.9936556e-50       1104.4207      -19.122231       69.897359     -0.21181488      0.46309044      -1.0828615       16.745103        16.745103       2175.3512       2175.3512
  4.1255199e-50       1104.3816      -19.140641       70.497473     -0.31882636      0.56131553      -1.0812402       16.745103        16.745103        2175.273        2175.273
  4.2226625e-50       1104.3517      -19.271883       65.244107     -0.21498593      0.68145489      -1.9720455       16.745103        16.745103       2175.2131       2175.2131
  4.3830666e-50       1104.3077      -19.070416       72.894916     -0.41662294      0.62388518     -0.92233531       16.745103        16.745103       2175.1253       2175.1253
  4.3750846e-50       1104.3029      -19.318657       64.280284     -0.24305585      0.47162362      -1.0888268       16.745103        16.745103       2175.1156       2175.1156
  4.5275614e-50        1104.262      -19.306473       64.364115     -0.25345873      0.52004439      -1.0992213       16.745103        16.745103       2175.0338       2175.0338
  5.9231809e-50       1103.9867      -19.206708       67.593821     -0.34585071      0.49980047     -0.86621192       16.745103        16.745103       2174.4832       2174.4832
  6.6410765e-50       1103.8656      -19.310988         64.9101     -0.44325456      0.69554287      -1.1277416       16.745103        16.745103       2174.2411       2174.2411
  6.8917639e-50       1103.8219      -19.245719       65.487065     -0.28808893      0.63369103      -1.4375925       16.745103        16.745103       2174.1537       2174.1537
  8.3913813e-50       1103.6184      -19.140071       70.213788     -0.34294561      0.52162424      -1.0303532       16.745103        16.745103       2173.7466       2173.7466
  8.6140718e-50       1103.5856      -19.238506       66.624545     -0.24397562      0.36048275      -0.8537885       16.745103        16.745103        2173.681        2173.681
  8.9934608e-50       1103.5358      -19.382111       62.693582     -0.33769175      0.58471188      -1.1912095       16.745103        16.745103       2173.5815       2173.5815
  9.0714957e-50       1103.5206      -19.162911       68.479433     -0.24482839      0.53373346      -1.1428153       16.745103        16.745103       2173.5509       2173.5509
  9.5681387e-50       1103.4606       -19.09913       71.497082     -0.39564908      0.58358791     -0.93523523       16.745103        16.745103        2173.431        2173.431
  9.7183595e-50       1103.4384      -19.145863       70.022009     -0.33656577      0.53086446      -1.0781731       16.745103        16.745103       2173.3866       2173.3866
  1.1796342e-49        1103.238      -19.209875       68.153098     -0.33839519      0.56367666      -1.1626856       16.745103        16.745103       2172.9857       2172.9857
  1.1732283e-49       1103.2368      -19.192323       68.027079     -0.26910669      0.36312683      -0.8221938       16.745103        16.745103       2172.9833       2172.9833
  1.2661811e-49       1103.1539      -19.221856       67.433589     -0.27154037      0.39427912     -0.92181383       16.745103        16.745103       2172.8176       2172.8176
  1.5093021e-49       1102.9716      -19.188134        67.35841     -0.26475557      0.56011704      -1.2661813       16.745103        16.745103        2172.453        2172.453
  1.7681836e-49       1102.8066      -19.235982        66.87046      -0.2514082      0.43117062      -1.0817947       16.745103        16.745103       2172.1231       2172.1231
  1.7722031e-49       1102.7977      -19.188379        67.38554     -0.25036353       0.5576541      -1.4014349       16.745103        16.745103       2172.1053       2172.1053
  1.7748592e-49       1102.7896      -19.116864       70.708649     -0.41741035      0.63006157     -0.96096311       16.745103        16.745103        2172.089        2172.089
  1.8907712e-49       1102.7197      -19.366663       62.861815     -0.24331668      0.60254596      -1.4636139       16.745103        16.745103       2171.9492       2171.9492
  2.0751784e-49         1102.62      -19.133973       70.577841     -0.43625921      0.61493692      -0.8577761       16.745103        16.745103       2171.7497       2171.7497
  2.1000954e-49       1102.6014      -19.200772       66.932847     -0.15002616      0.53569714      -1.4338412       16.745103        16.745103       2171.7126       2171.7126
  2.0889884e-49       1102.6001      -19.143917       70.125597     -0.40239132      0.61598132      -1.0442457       16.745103        16.745103       2171.7099       2171.7099
  2.0810829e-49       1102.5972      -19.252422       65.771722     -0.19586446      0.39085553      -1.0150971       16.745103        16.745103       2171.7042       2171.7042
  2.0732788e-49       1102.5943      -19.098174       70.096096     -0.24294733      0.63093094      -1.5430125       16.745103        16.745103       2171.6984       2171.6984
   2.128533e-49       1102.5614      -19.272108       65.024028     -0.23768188      0.58616844       -1.329348       16.745103        16.745103       2171.6325       2171.6325
  2.1708008e-49       1102.5351      -19.317623       63.500365     -0.18243056      0.54331008      -1.5127992       16.745103        16.745103       2171.5799       2171.5799
  2.2121244e-49       1102.5096      -19.147078       70.283586     -0.41623873      0.59064794     -0.90417897       16.745103        16.745103       2171.5289       2171.5289
   2.261802e-49       1102.4807      -19.131853       69.010317     -0.14923403      0.60373238       -1.696841       16.745103        16.745103       2171.4712       2171.4712
  2.2675363e-49       1102.4715      -19.178776       68.416315     -0.31170293      0.45137395     -0.86939204       16.745103        16.745103       2171.4528       2171.4528
  2.2765338e-49       1102.4609      -19.180742       68.826981     -0.42464633      0.61818135     -0.94180415       16.745103        16.745103       2171.4316       2171.4316
  2.9363662e-49       1102.1998      -19.377215       62.400985     -0.29857735      0.64064358      -1.3677706       16.745103        16.745103       2170.9093       2170.9093
  3.1429172e-49       1102.1251      -19.323585       64.226791     -0.24293118      0.56663582      -1.3424787       16.745103        16.745103       2170.7601       2170.7601
  3.1461884e-49       1102.1174      -19.230954        66.29012     -0.37564782      0.71956063      -1.4243236       16.745103        16.745103       2170.7447       2170.7447
  3.6706432e-49       1101.9566      -19.210398       67.098086     -0.33057921      0.65229553      -1.2859646       16.745103        16.745103       2170.4231       2170.4231
  3.8395148e-49        1101.905       -19.21272       67.032797     -0.28060454      0.70332379      -1.6196895       16.745103        16.745103       2170.3198       2170.3198
   3.969974e-49       1101.8649      -19.243449       66.003775     -0.26886285      0.46929034      -1.0096683       16.745103        16.745103       2170.2397       2170.2397
  3.9681068e-49       1101.8588       -19.22716       67.939259     -0.41110718      0.60587758     -0.86851753       16.745103        16.745103       2170.2273       2170.2273
  4.6132868e-49       1101.7015      -19.031547       72.300853     -0.21976013      0.74345162      -2.1243678       16.745103        16.745103       2169.9127       2169.9127
  4.8915827e-49       1101.6363      -19.238091       66.653602     -0.29627228      0.50711486      -1.1830291       16.745103        16.745103       2169.7823       2169.7823
  4.9443144e-49       1101.6189      -19.137768       69.217463     -0.22013682      0.45820282      -1.1316443       16.745103        16.745103       2169.7476       2169.7476
   4.986571e-49       1101.6037      -19.129451       68.845562     -0.19463128      0.68042092      -1.9592607       16.745103        16.745103       2169.7173       2169.7173
  5.1071677e-49       1101.5732        -19.1179       70.700566     -0.44645702       0.6734701      -1.0014438       16.745103        16.745103       2169.6562       2169.6562
  6.5502967e-49       1101.3177      -19.181052       68.666737      -0.2549246      0.46481472      -1.0512811       16.745103        16.745103       2169.1452       2169.1452
  6.6142411e-49       1101.3013      -19.129752        70.52117     -0.32725348      0.52913992     -0.94632738       16.745103        16.745103       2169.1124       2169.1124
  6.7580248e-49       1101.2732      -19.062516       71.744649     -0.25152841      0.58212683      -1.3955146       16.745103        16.745103       2169.0561       2169.0561
  6.8300968e-49       1101.2559      -19.168112       68.958468     -0.24445886      0.45479768      -1.0670435       16.745103        16.745103       2169.0216       2169.0216
  7.5131709e-49        1101.154      -19.131949       69.500629      -0.2080656      0.53597196      -1.2728639       16.745103        16.745103       2168.8177       2168.8177
  7.5476142e-49       1101.1427      -19.208569        68.21798     -0.36977313      0.49682022     -0.84276636       16.745103        16.745103       2168.7953       2168.7953
  7.6146454e-49       1101.1273      -19.147325       68.475389     -0.22021384      0.60936939      -1.5096354       16.745103        16.745103       2168.7643       2168.7643
  7.5852056e-49       1101.1245      -19.233064       67.371343     -0.36978059      0.55739344     -0.87199499       16.745103        16.745103       2168.7588       2168.7588
  7.7422818e-49       1101.0973      -19.110144       71.116994     -0.32888692      0.57934677      -1.0561326       16.745103        16.745103       2168.7045       2168.7045
  8.1381014e-49       1101.0408      -19.270986       65.103908     -0.19983497       0.4851902      -1.1758454       16.745103        16.745103       2168.5915       2168.5915
  8.3887314e-49       1101.0039      -19.273863       65.702242     -0.24332067      0.56144372      -1.2757012       16.745103        16.745103       2168.5175       2168.5175
  9.7517394e-49       1100.8467      -19.117289       69.804987     -0.32368601      0.70243878      -1.6327691       16.745103        16.745103       2168.2031       2168.2031
  9.8311103e-49       1100.8319      -19.232854       66.566197     -0.28887409      0.43716901     -0.94224345       16.745103        16.745103       2168.1736       2168.1736
  1.0472658e-48        1100.762      -19.176947       67.891166     -0.18971672      0.68133831      -1.7972663       16.745103        16.745103       2168.0339       2168.0339
  1.0426591e-48       1100.7598      -19.176731       68.367642     -0.31959868      0.52206989      -1.0950388       16.745103        16.745103       2168.0294       2168.0294
  1.0910316e-48       1100.7078       -19.06465       72.323879     -0.28567482      0.58268152      -1.2350551       16.745103        16.745103       2167.9254       2167.9254
  1.1751143e-48       1100.6269      -19.183853        67.34606     -0.14884724      0.56466363      -1.5809806       16.745103        16.745103       2167.7637       2167.7637
  1.2652185e-48       1100.5464      -19.284369       65.957977     -0.40971331      0.58609272     -0.84712961       16.745103        16.745103       2167.6026       2167.6026
  1.4140519e-48       1100.4285      -19.082706       71.124835     -0.37606625      0.70358372       -1.407441       16.745103        16.745103       2167.3669       2167.3669
  1.7334469e-48       1100.2183      -19.251644        67.54632      -0.3611897      0.79029438      -1.8117507       16.745103        16.745103       2166.9463       2166.9463
  1.8180132e-48        1100.164      -19.066175       71.460994      -0.2190879      0.65210644      -1.7678889       16.745103        16.745103       2166.8377       2166.8377
  1.8840677e-48       1100.1216      -19.154609       69.753237     -0.29603878      0.65061247      -1.5508624       16.745103        16.745103       2166.7531       2166.7531
  1.9992682e-48       1100.0556      -19.257672       65.994611     -0.28822075      0.45500562     -0.90733324       16.745103        16.745103       2166.6211       2166.6211
  2.1954382e-48       1099.9554      -19.179373       69.387775     -0.36290648      0.55491876     -0.95008452       16.745103        16.745103       2166.4206       2166.4206
  2.2136949e-48       1099.9405      -19.169671        68.92131     -0.30221178      0.43493513     -0.91775667       16.745103        16.745103       2166.3907       2166.3907
  2.5566148e-48       1099.7898      -19.133916       69.885583     -0.27018858      0.45692053      -1.0325918       16.745103        16.745103       2166.0894       2166.0894
  2.9927968e-48       1099.6256      -19.300248       64.387559     -0.26110732      0.60194452      -1.3275232       16.745103        16.745103       2165.7611       2165.7611
  4.0636979e-48       1099.3131       -19.18944       68.587961     -0.30508118      0.51191819      -1.1159975       16.745103        16.745103        2165.136        2165.136
  4.1129463e-48       1099.2944      -19.236149       66.479383      -0.2019712       0.5436206       -1.481573       16.745103        16.745103       2165.0986       2165.0986
  4.3488505e-48        1099.232      -19.100341        70.44874     -0.21139258      0.55656346      -1.4316957       16.745103        16.745103       2164.9738       2164.9738
  4.5148506e-48       1099.1879      -19.240792       66.624387     -0.22285059       0.5930773      -1.5687371       16.745103        16.745103       2164.8856       2164.8856
  4.6214434e-48       1099.1579        -19.2653       66.621949     -0.35122468      0.62949018      -1.1484397       16.745103        16.745103       2164.8256       2164.8256
  6.4727175e-48       1098.8144      -19.191994       68.516056      -0.3806967      0.54130187     -0.91668485       16.745103        16.745103       2164.1386       2164.1386
  6.5965067e-48       1098.7888      -19.312121         64.0397      -0.2138411       0.5928951      -1.4576007       16.745103        16.745103       2164.0874       2164.0874
  7.6558609e-48       1098.6332      -19.211248       67.361912     -0.25153349      0.40672012     -0.97301789       16.745103        16.745103       2163.7762       2163.7762
   7.783417e-48       1098.6101      -19.300305       64.646177     -0.26975539      0.46676861      -1.0880307       16.745103        16.745103       2163.7299       2163.7299
  7.7810484e-48       1098.6037      -19.095285       71.014612     -0.29028061      0.57447288      -1.3083622       16.745103        16.745103       2163.7172       2163.7172
  8.7382518e-48       1098.4811      -19.277798       65.359495     -0.28105923      0.51650273       -1.039114       16.745103        16.745103       2163.4719       2163.4719
  1.0321998e-47       1098.3078      -19.170736       69.696504      -0.3302965      0.62785774      -1.2806222       16.745103        16.745103       2163.1255       2163.1255
  1.0394038e-47       1098.2942      -19.335055       63.223729     -0.18709455       0.6251695      -1.7055621       16.745103        16.745103       2163.0983       2163.0983
  1.0379661e-47        1098.289      -19.208154       68.406375     -0.34538787      0.55751378      -1.0071786       16.745103        16.745103       2163.0878       2163.0878
  1.1090055e-47       1098.2161      -19.214263       67.036558     -0.38917096      0.66951278      -1.2059568       16.745103        16.745103       2162.9421       2162.9421
  1.2580162e-47       1098.0834      -19.160778       69.037348     -0.23087028      0.58764084      -1.3803527       16.745103        16.745103       2162.6766       2162.6766
  1.2632094e-47       1098.0727      -19.249474        66.25098     -0.23541993      0.48155072       -1.218236       16.745103        16.745103       2162.6551       2162.6551
  1.2840188e-47       1098.0497      -19.129001       70.227416     -0.27856659       0.5617722      -1.1628423       16.745103        16.745103       2162.6091       2162.6091
  1.4284818e-47       1097.9364      -19.152768       69.249756     -0.22932994      0.53070614       -1.240361       16.745103        16.745103       2162.3826       2162.3826
  1.4665813e-47       1097.9034      -19.036345       72.368646     -0.20599906      0.72522594       -2.031303       16.745103        16.745103       2162.3167       2162.3167
  1.5715059e-47       1097.8277      -19.098251       71.241185     -0.29285148      0.53492426       -1.127497       16.745103        16.745103       2162.1652       2162.1652
   1.589915e-47       1097.8094      -19.067624       72.346255     -0.40510679      0.65711503      -1.0815093       16.745103        16.745103       2162.1286       2162.1286
  1.7053001e-47       1097.7327      -19.308923       65.014174       -0.250646      0.78791802      -2.1996281       16.745103        16.745103       2161.9752       2161.9752
  2.1888392e-47       1097.4764      -19.242205       67.780992     -0.40737146       0.6328825      -1.0235409       16.745103        16.745103       2161.4626       2161.4626
  2.1920526e-47       1097.4683      -19.136728       70.072419      -0.4161804      0.64486385     -0.99523656       16.745103        16.745103       2161.4464       2161.4464
  2.2236285e-47       1097.4474      -19.144006       70.197892     -0.29106893       0.6659617      -1.4908088       16.745103        16.745103       2161.4045       2161.4045
  2.5399955e-47       1097.3077      -19.329929       63.517201     -0.26877733      0.57645917      -1.2761724       16.745103        16.745103       2161.1252       2161.1252
  2.5810353e-47        1097.285      -19.231986       66.416122     -0.28758891      0.51986538      -1.0854177       16.745103        16.745103       2161.0799       2161.0799
    2.85268e-47       1097.1783      -19.219093       67.629414     -0.40261136      0.63601449      -1.1033017       16.745103        16.745103       2160.8664       2160.8664
  3.1721986e-47       1097.0655      -19.114552       70.460712      -0.3449634      0.67387813      -1.4541667       16.745103        16.745103       2160.6408       2160.6408
  3.2603526e-47       1097.0315      -19.395602       62.333719     -0.34167291       0.7370434      -1.7164502       16.745103        16.745103       2160.5727       2160.5727
  3.2430652e-47       1097.0301      -19.184846       67.486366     -0.26627931      0.60216208       -1.452632       16.745103        16.745103         2160.57         2160.57
  3.3962332e-47       1096.9773      -19.049916         72.2296     -0.24730768      0.66282601      -1.7115585       16.745103        16.745103       2160.4645       2160.4645
  3.3754657e-47       1096.9768       -19.10264        70.79026     -0.38715307      0.66308161      -1.2042517       16.745103        16.745103       2160.4634       2160.4634
  3.3568776e-47       1096.9757      -19.281171       64.480624     -0.18233494      0.69299078      -2.0813756       16.745103        16.745103       2160.4612       2160.4612
  3.7798564e-47       1096.8504      -19.316797       65.410789     -0.40669102      0.67562189      -1.1966256       16.745103        16.745103       2160.2105       2160.2105
  4.3331025e-47       1096.7071      -19.293217         65.9232        -0.41566       0.6382556     -0.96385963       16.745103        16.745103       2159.9241       2159.9241
  4.3182624e-47       1096.7039      -19.245445       65.928412     -0.26230046      0.52090858      -1.2577478       16.745103        16.745103       2159.9176       2159.9176
  4.3062735e-47       1096.7001      -19.220482       66.395284     -0.26176371      0.58801016      -1.4224141       16.745103        16.745103       2159.9099       2159.9099
   4.565031e-47       1096.6351      -19.273772       66.200805     -0.33336259      0.56347578      -1.1334215       16.745103        16.745103       2159.7799       2159.7799
  5.0454146e-47       1096.5284      -19.275991       65.225988     -0.23480476      0.47240897      -1.1286723       16.745103        16.745103       2159.5665       2159.5665
  5.4164717e-47       1096.4508      -19.185634       68.276233     -0.21906006      0.65613372      -1.6694601       16.745103        16.745103       2159.4113       2159.4113
  6.1723612e-47       1096.3135      -19.162696       67.907572     -0.12655203      0.79549195      -2.5641446       16.745103        16.745103       2159.1367       2159.1367
   6.348233e-47       1096.2787      -19.282611       65.631066     -0.36881865      0.57207949      -1.0502644       16.745103        16.745103       2159.0673       2159.0673
   6.433589e-47       1096.2587      -19.285431       65.399535     -0.25728891      0.69623843      -1.7016672       16.745103        16.745103       2159.0273       2159.0273
  7.3551072e-47       1096.1182      -19.163685       68.989892     -0.27724648      0.62020635      -1.3270981       16.745103        16.745103       2158.7462       2158.7462
  7.9970617e-47       1096.0279      -19.307626       64.541045     -0.29028355      0.50593952      -1.0689515       16.745103        16.745103       2158.5656       2158.5656
  9.4226846e-47       1095.8572      -19.214607       66.547971     -0.13846421      0.72096261      -2.1961245       16.745103        16.745103       2158.2242       2158.2242
  9.9277165e-47       1095.7984      -19.135023       70.056659     -0.24453167      0.60791245      -1.4984366       16.745103        16.745103       2158.1065       2158.1065
   9.955034e-47        1095.789      -19.352523       63.221354     -0.35616181      0.62831518      -1.1712679       16.745103        16.745103       2158.0877       2158.0877
  1.3569837e-46       1095.4725      -19.093182       71.103368     -0.23498869      0.65943852       -1.747309       16.745103        16.745103       2157.4549       2157.4549
  1.3713934e-46       1095.4553      -19.119959       70.191098     -0.25255198      0.61697521      -1.5723697       16.745103        16.745103       2157.4205       2157.4205
  1.3746478e-46       1095.4463       -19.20679       67.710963     -0.23575932      0.76634227      -2.0679766       16.745103        16.745103       2157.4024       2157.4024
  1.4197766e-46       1095.4074      -19.260168       65.985659      -0.2590228      0.57029843      -1.2457868       16.745103        16.745103       2157.3245       2157.3245
  1.4634542e-46       1095.3704      -19.237302       66.701537     -0.35409201      0.55299677     -0.98649643       16.745103        16.745103       2157.2507       2157.2507
  1.6828799e-46       1095.2241      -19.159233       69.427096     -0.33186621      0.59610029      -1.0936381       16.745103        16.745103        2156.958        2156.958
  1.6857562e-46       1095.2157      -19.357477       62.634456     -0.32559754      0.67960498      -1.4581403       16.745103        16.745103       2156.9413       2156.9413
  1.9768478e-46       1095.0498       -19.39703       61.365192     -0.22524279      0.75967946      -2.1088285       16.745103        16.745103       2156.6094       2156.6094
  1.9763263e-46       1095.0434      -19.130913       69.893061     -0.24405713       0.5994084      -1.3848038       16.745103        16.745103       2156.5966       2156.5966
  2.0263407e-46       1095.0118      -19.350114       62.793786     -0.27947981      0.61891641      -1.4355978       16.745103        16.745103       2156.5333       2156.5333
   2.259355e-46       1094.8963      -19.133972       69.389461     -0.20222268      0.57588307       -1.524552       16.745103        16.745103       2156.3024       2156.3024
   2.344908e-46       1094.8525      -19.247297       66.132499     -0.25022797      0.52978612       -1.334123       16.745103        16.745103       2156.2147       2156.2147
   2.346336e-46       1094.8452      -19.237552       67.041372     -0.39661267      0.60961928     -0.94666693       16.745103        16.745103       2156.2002       2156.2002
  2.3460221e-46       1094.8387      -19.120416        69.95464     -0.23381963      0.54873377      -1.3498007       16.745103        16.745103       2156.1872       2156.1872
  2.5254148e-46       1094.7584      -19.155478       68.469113     -0.28137835      0.65890709      -1.6152539       16.745103        16.745103       2156.0266       2156.0266
  2.6564101e-46       1094.7012      -19.090695       70.319327     -0.20946698      0.69572538      -1.9452281       16.745103        16.745103       2155.9121       2155.9121
   2.680311e-46       1094.6856      -19.177224        68.17949     -0.20073386      0.56066808      -1.4963012       16.745103        16.745103       2155.8809       2155.8809
  2.7081234e-46       1094.6686      -19.181369       69.072456     -0.40404841      0.59356371      -0.8915423       16.745103        16.745103        2155.847        2155.847
  2.9416186e-46       1094.5792      -19.156789       68.983438     -0.23623751      0.74598738       -1.956245       16.745103        16.745103       2155.6683       2155.6683
  3.0107044e-46       1094.5494      -19.049638       72.704815     -0.34320645      0.68874703      -1.3978023       16.745103        16.745103       2155.6086       2155.6086
  3.5073043e-46       1094.3901       -19.26948       66.465878      -0.3659516      0.58640771      -1.0071126       16.745103        16.745103       2155.2899       2155.2899
  3.8242819e-46       1094.2969      -19.196368       67.531841     -0.20616699      0.52649863      -1.3052213       16.745103        16.745103       2155.1036       2155.1036
   3.954688e-46       1094.2567      -19.218624       66.755619     -0.24426289      0.52725914      -1.1936228       16.745103        16.745103       2155.0233       2155.0233
  4.0908457e-46       1094.2162      -19.142122       70.034225     -0.29230398       0.5740984      -1.2754002       16.745103        16.745103       2154.9423       2154.9423
  5.5975246e-46        1093.896      -19.108225       71.157139       -0.280597      0.66575398      -1.5342127       16.745103        16.745103       2154.3018       2154.3018
  6.2184224e-46       1093.7842      -19.409257       62.540361     -0.42270408      0.69136343      -1.1642051       16.745103        16.745103       2154.0782       2154.0782
  6.2873597e-46       1093.7665      -19.117212        69.67633      -0.1856744      0.68049206      -1.8734857       16.745103        16.745103       2154.0428       2154.0428
  8.2225992e-46       1093.4915      -19.350835       63.681321     -0.39810263       0.6367978      -1.0577606       16.745103        16.745103       2153.4928       2153.4928
  8.9717148e-46       1093.3977      -19.373577       62.824917     -0.33037678      0.61405617       -1.246602       16.745103        16.745103       2153.3052       2153.3052
  9.2415132e-46       1093.3614      -19.170033       69.054785     -0.32498419      0.57262314      -1.0605557       16.745103        16.745103       2153.2326       2153.2326
  9.3688993e-46       1093.3411       -19.30665       64.851865     -0.31159956      0.76962918      -1.8485973       16.745103        16.745103       2153.1919       2153.1919
  1.0842858e-45       1093.1883      -19.262503       67.223724     -0.39982296      0.68012043      -1.2195856       16.745103        16.745103       2152.8864       2152.8864
  1.2717783e-45       1093.0222      -19.248577       67.362899     -0.30517575      0.79789352      -2.0670434       16.745103        16.745103       2152.5542       2152.5542
  1.3659164e-45       1092.9441      -19.319535       64.818916     -0.39571234      0.71664698      -1.3252203       16.745103        16.745103       2152.3981       2152.3981
  1.5216783e-45       1092.8295       -19.25995       66.433616     -0.31118187      0.70025756      -1.5396526       16.745103        16.745103       2152.1688       2152.1688
  1.7254737e-45       1092.6972         -19.241       66.831604     -0.33049257      0.52368163     -0.97315744       16.745103        16.745103       2151.9041       2151.9041
  1.7932061e-45        1092.652      -19.245051        65.49959     -0.19072368      0.62166071      -1.7313789       16.745103        16.745103       2151.8138       2151.8138
  2.1891335e-45       1092.4459       -19.33321        63.08942     -0.26255439      0.64961237      -1.5976347       16.745103        16.745103       2151.4015       2151.4015
  2.4535763e-45       1092.3252      -19.251398       66.019484     -0.26349303      0.68541752       -1.813351       16.745103        16.745103       2151.1602       2151.1602
  2.5241596e-45       1092.2902      -19.304588       63.514756     -0.19805882      0.79577323      -2.4678184       16.745103        16.745103       2151.0902       2151.0902
  2.6583903e-45       1092.2317      -19.197367       68.096517     -0.29657989      0.63580853      -1.3320409       16.745103        16.745103       2150.9732       2150.9732
  2.6959577e-45        1092.211      -19.174714       67.827976     -0.16550846      0.66178705      -1.8846964       16.745103        16.745103       2150.9319       2150.9319
  2.7770386e-45       1092.1748      -19.141574       68.608128     -0.19985164      0.67610002      -1.8915092       16.745103        16.745103       2150.8593       2150.8593
  2.8885701e-45       1092.1287      -19.282601       65.151378     -0.40969875      0.77228519      -1.5944942       16.745103        16.745103       2150.7673       2150.7673
  2.9329676e-45       1092.1068      -19.188506       67.333344     -0.19324428      0.63116432      -1.7765357       16.745103        16.745103       2150.7235       2150.7235
  2.9616606e-45       1092.0905      -19.207315       66.813255     -0.17560369      0.63826718      -1.8405633       16.745103        16.745103       2150.6907       2150.6907
   3.023052e-45       1092.0633      -19.256491       66.046062     -0.32962377      0.60447466      -1.1456881       16.745103        16.745103       2150.6364       2150.6364
  3.9755111e-45       1091.7828      -19.343233       63.898236     -0.25001323      0.86901553      -2.5906796       16.745103        16.745103       2150.0753       2150.0753
  4.0656404e-45       1091.7537      -19.152174       68.831462     -0.29615929      0.62428122      -1.4384364       16.745103        16.745103       2150.0172       2150.0172
  4.4819946e-45       1091.6496      -19.170967       67.217615     -0.12185836      0.93701572      -3.3213728       16.745103        16.745103       2149.8089       2149.8089
  4.7387643e-45       1091.5872      -19.097264        71.03942     -0.30900005      0.60018871      -1.2301071       16.745103        16.745103       2149.6842       2149.6842
  5.2859912e-45       1091.4713      -19.248405       67.107768     -0.41370398       0.6407103     -0.97614946       16.745103        16.745103       2149.4524       2149.4524
  5.6988001e-45       1091.3895      -19.086095       70.543443     -0.18643511      0.83339089      -2.6550708       16.745103        16.745103       2149.2887       2149.2887
  6.7747074e-45       1091.2099       -19.25883       65.813316     -0.28243358      0.58517265      -1.3941277       16.745103        16.745103       2148.9295       2148.9295
  6.8442057e-45        1091.193      -19.290115       64.829951     -0.24006599      0.54996695      -1.3398384       16.745103        16.745103       2148.8958       2148.8958
  8.4241807e-45       1090.9787      -19.275189       65.319335     -0.26073837      0.52735668      -1.2061954       16.745103        16.745103       2148.4671       2148.4671
  9.8592875e-45       1090.8147      -19.167274       68.158764     -0.19078951      0.66452941      -1.7857647       16.745103        16.745103       2148.1392       2148.1392
  1.0603186e-44       1090.7353      -19.268858        65.54864     -0.32929321      0.58361381      -1.1881746       16.745103        16.745103       2147.9805       2147.9805
   1.067587e-44       1090.7219      -19.290954       65.230073     -0.28644603      0.64495245      -1.4210517       16.745103        16.745103       2147.9535       2147.9535
  1.0907705e-44       1090.6937      -19.310012       64.126407     -0.23605838      0.62562677      -1.6515439       16.745103        16.745103       2147.8972       2147.8972
  1.1038983e-44       1090.6751      -19.270482       64.373818      -0.1691571      0.85033502      -2.8067674       16.745103        16.745103         2147.86         2147.86
  1.2219393e-44       1090.5669      -18.950087       75.882708     -0.33644089      0.79349767      -1.9564682       16.745103        16.745103       2147.6436       2147.6436
  1.2975317e-44       1090.5002      -19.278547        64.84257     -0.26013767      0.62539342      -1.4546569       16.745103        16.745103       2147.5102       2147.5102
  1.3122721e-44       1090.4823      -19.160636       69.268885     -0.37308081      0.68241486      -1.2578972       16.745103        16.745103       2147.4743       2147.4743
   1.401894e-44       1090.4096      -19.133917       70.185011     -0.44404283       0.6871076      -1.0507885       16.745103        16.745103       2147.3289       2147.3289
  1.5142794e-44       1090.3258      -19.282147       64.364857     -0.17430664       0.8511656        -2.66438       16.745103        16.745103       2147.1614       2147.1614
  1.5305809e-44       1090.3085      -19.330592       63.854677     -0.27021854      0.63342468      -1.4587838       16.745103        16.745103       2147.1267       2147.1267
  1.6395625e-44        1090.233        -19.3447       62.257456     -0.17848472      0.84263473      -2.6576779       16.745103        16.745103       2146.9758       2146.9758
  1.8049392e-44       1090.1303      -19.160198       69.305065     -0.24604293      0.76300281      -2.0433786       16.745103        16.745103       2146.7704       2146.7704
  1.9774281e-44       1090.0324      -19.036137       72.981813     -0.36789465      0.70050665      -1.3997542       16.745103        16.745103       2146.5745       2146.5745
  2.1277164e-44       1089.9525      -19.199946       67.737454     -0.22475201      0.60632288      -1.5194506       16.745103        16.745103       2146.4147       2146.4147
  2.2106857e-44       1089.9076      -19.152936       68.549979     -0.26636469      0.64457592      -1.5233804       16.745103        16.745103       2146.3249       2146.3249
  2.2024613e-44       1089.9047      -19.219004       67.872584     -0.43746996      0.64667446     -0.95533052       16.745103        16.745103       2146.3191       2146.3191
  2.2437182e-44       1089.8795      -19.281114       64.715827     -0.26363746      0.67062815      -1.7371761       16.745103        16.745103       2146.2687       2146.2687
   2.302641e-44       1089.8469      -19.273276       65.526805       -0.210196      0.78906509      -2.2890319       16.745103        16.745103       2146.2036       2146.2036
  2.7121868e-44       1089.6765      -19.129328       69.373607     -0.23582094      0.68657558      -1.8695301       16.745103        16.745103       2145.8629       2145.8629
  3.0005746e-44       1089.5689      -19.069629        72.88208     -0.41549725      0.69760349      -1.1796596       16.745103        16.745103       2145.6475       2145.6475
  3.5215073e-44       1089.4021      -19.246542       66.407324     -0.30456471      0.55517225      -1.1080096       16.745103        16.745103        2145.314        2145.314
  3.6144446e-44       1089.3694       -19.16074       68.765413     -0.20014806      0.82093513      -2.4463224       16.745103        16.745103       2145.2486       2145.2486
  3.5985243e-44       1089.3672      -19.278338       65.006421     -0.29758726       0.6013646      -1.3013575       16.745103        16.745103       2145.2442       2145.2442
  3.7958476e-44       1089.3072       -19.14499       70.303926     -0.32858247      0.67363646      -1.4834823       16.745103        16.745103       2145.1241       2145.1241
  4.3308157e-44       1089.1687      -19.199013       67.783594      -0.3151565      0.54949681      -1.1175586       16.745103        16.745103       2144.8471       2144.8471
  4.4983856e-44       1089.1241      -19.213468        66.98973     -0.24514055       0.5446525      -1.2810084       16.745103        16.745103       2144.7579       2144.7579
  4.6773177e-44       1089.0784      -19.216788       67.441681     -0.27033264      0.55727197      -1.2367724       16.745103        16.745103       2144.6666       2144.6666
  4.6877526e-44       1089.0695      -19.201336       68.228077     -0.31563083      0.67103956      -1.4120273       16.745103        16.745103       2144.6489       2144.6489
   4.716463e-44       1089.0568      -19.285128       65.576825     -0.31505676      0.57397132      -1.1959158       16.745103        16.745103       2144.6234       2144.6234
  4.9774657e-44       1088.9963       -19.19713       67.365685     -0.33207319      0.67985155      -1.4263179       16.745103        16.745103       2144.5024       2144.5024
  5.1927285e-44       1088.9473      -19.356226       63.866648     -0.36666376      0.74941319      -1.5868697       16.745103        16.745103       2144.4044       2144.4044
  5.4134871e-44        1088.899      -19.147065       70.702226     -0.38882067        0.676931      -1.2465487       16.745103        16.745103       2144.3078       2144.3078
   5.419774e-44       1088.8912      -19.027765       74.504237     -0.43053843      0.77235213      -1.5067074       16.745103        16.745103       2144.2922       2144.2922
  6.2452771e-44       1088.7428      -19.198173       68.676748     -0.35118727      0.66369937       -1.377155       16.745103        16.745103       2143.9954       2143.9954
   7.162475e-44       1088.5991      -19.226148       66.394063     -0.23129129      0.60432652      -1.5810448       16.745103        16.745103       2143.7081       2143.7081
  9.6102774e-44       1088.2985      -19.154879       68.791952     -0.29946731       0.6197716      -1.3346353       16.745103        16.745103       2143.1068       2143.1068
  1.0208387e-43       1088.2315       -19.10548       71.306799     -0.46965202      0.70640351      -1.0202787       16.745103        16.745103       2142.9728       2142.9728
  1.4500305e-43       1087.8739      -19.260632       66.338726      -0.3362465      0.59688974      -1.1206735       16.745103        16.745103       2142.2576       2142.2576
  1.5162952e-43       1087.8226      -19.243121       65.768067     -0.26629732      0.65359686      -1.6407121       16.745103        16.745103       2142.1549       2142.1549
  1.7040458e-43       1087.6992      -19.245287       66.567863     -0.30141722      0.54581154      -1.1553052       16.745103        16.745103       2141.9081       2141.9081
  1.8086058e-43        1087.633      -19.037885       73.303425     -0.35784185      0.68804871      -1.4122171       16.745103        16.745103       2141.7757       2141.7757
  1.8124472e-43       1087.6242      -19.280432       65.591617     -0.34750347       0.5859202      -1.1279309       16.745103        16.745103       2141.7582       2141.7582
   1.895401e-43       1087.5728      -19.042654       73.292433     -0.39110381      0.68285667      -1.2364461       16.745103        16.745103       2141.6554       2141.6554
  2.4593279e-43       1087.3057      -19.048911       72.884912     -0.33309279      0.74172522      -1.7485822       16.745103        16.745103       2141.1212       2141.1212
  2.4984118e-43       1087.2833      -19.281513       64.810099     -0.23276089      0.59963169      -1.5131625       16.745103        16.745103       2141.0764       2141.0764
  2.4851931e-43        1087.282      -19.343252        63.63925     -0.29046386      0.66090726      -1.5859206       16.745103        16.745103       2141.0737       2141.0737
  2.6636226e-43        1087.206      -19.177042       67.771726     -0.26986559      0.66445429      -1.6548311       16.745103        16.745103       2140.9218       2140.9218
  2.9152649e-43       1087.1091      -19.080799       72.005873     -0.41238743      0.70880759      -1.2393113       16.745103        16.745103       2140.7279       2140.7279
  3.2344611e-43       1086.9985      -19.100161       70.762622     -0.30869193       0.6597425      -1.5072027       16.745103        16.745103       2140.5068       2140.5068
  3.2142842e-43       1086.9981      -19.280204       65.505179     -0.24352019      0.71342714      -1.8604345       16.745103        16.745103       2140.5061       2140.5061
  3.3732818e-43       1086.9432      -19.205397       67.414268     -0.28432769      0.62180548      -1.3447597       16.745103        16.745103       2140.3962       2140.3962
  3.3625147e-43       1086.9398      -19.049417       72.245033     -0.34256657       0.7252348      -1.6176217       16.745103        16.745103       2140.3893       2140.3893
  3.5489467e-43       1086.8791      -19.086088       71.109043     -0.29585128      0.78325129      -2.0823701       16.745103        16.745103       2140.2681       2140.2681
  4.9960053e-43       1086.5305      -19.126426       69.555357      -0.3258579        0.701687      -1.5935482       16.745103        16.745103       2139.5708       2139.5708
  5.2716823e-43       1086.4702      -19.210468       66.563026     -0.34744473      0.76088765      -1.7494957       16.745103        16.745103       2139.4501       2139.4501
  5.6603703e-43       1086.3924       -19.20191       67.470876      -0.3370064        0.829804      -2.0903825       16.745103        16.745103       2139.2945       2139.2945
  6.2311469e-43       1086.2897      -19.297568       64.473712     -0.29173056      0.68238284      -1.5517894       16.745103        16.745103       2139.0891       2139.0891
  6.4191148e-43       1086.2533      -19.237051       67.450679     -0.43618447      0.70030405      -1.1696767       16.745103        16.745103       2139.0164       2139.0164
  7.1377178e-43       1086.1405      -19.150177       69.256498     -0.35558256      0.65691807      -1.2555682       16.745103        16.745103       2138.7909       2138.7909
  8.5865565e-43       1085.9491      -19.049452       71.876226     -0.30290119      0.76691936      -1.9489308       16.745103        16.745103        2138.408        2138.408
  8.6537465e-43       1085.9347      -19.241788        66.89388     -0.27366228      0.65240045      -1.5599727       16.745103        16.745103       2138.3791       2138.3791
  9.6850553e-43       1085.8154      -19.428483       60.797934     -0.30033059      0.83281846      -2.2292528       16.745103        16.745103       2138.1406       2138.1406
  1.0031595e-42       1085.7736      -19.236178       67.803288     -0.45459184      0.67163836     -0.94022153       16.745103        16.745103        2138.057        2138.057
  1.0396694e-42       1085.7312      -19.394905       61.536463     -0.19252804      0.92928248      -3.0880116       16.745103        16.745103       2137.9722       2137.9722
  1.0944748e-42       1085.6732      -19.198908       67.493979     -0.39581478      0.71673559      -1.3554112       16.745103        16.745103       2137.8562       2137.8562
  1.3167393e-42       1085.4817      -19.128178       68.938656     -0.26340564      0.77191071      -2.0653534       16.745103        16.745103       2137.4731       2137.4731
  1.3870823e-42        1085.423      -19.268741       65.151508     -0.18768745      0.74130772      -2.2242795       16.745103        16.745103       2137.3558       2137.3558
  1.6528444e-42        1085.241       -19.34325       63.674713     -0.24624536       0.8291637      -2.4531805       16.745103        16.745103       2136.9919       2136.9919
  2.7979526e-42        1084.708      -19.257061       66.344084      -0.2967087      0.60752011      -1.3667665       16.745103        16.745103       2135.9258       2135.9258
  3.0434527e-42       1084.6173      -19.249917       65.259315     -0.22167917      0.73977539       -2.124429       16.745103        16.745103       2135.7443       2135.7443
  3.2492304e-42       1084.5452      -19.312344       64.991284     -0.34373571      0.64035793      -1.2839311       16.745103        16.745103       2135.6002       2135.6002
  3.2413292e-42        1084.541      -19.017996       73.452259     -0.34416404      0.73222062      -1.6181354       16.745103        16.745103       2135.5918       2135.5918
   5.310968e-42       1084.0405       -19.16709       68.888609       -0.333459      0.65654773      -1.4269691       16.745103        16.745103       2134.5909       2134.5909
  5.4473829e-42       1084.0085      -19.326728       64.351872     -0.37905099      0.64950199      -1.2036863       16.745103        16.745103       2134.5269       2134.5269
  5.7907755e-42       1083.9408      -19.258179       65.715982     -0.27605983      0.61074064      -1.4581811       16.745103        16.745103       2134.3913       2134.3913
  5.9319235e-42         1083.91      -19.208759       66.478614     -0.31592327      0.88003561      -2.4501411       16.745103        16.745103       2134.3299       2134.3299
  6.1629653e-42       1083.8652      -19.176999       68.399643     -0.29604111      0.75950008      -1.8466899       16.745103        16.745103       2134.2402       2134.2402
  6.2581397e-42       1083.8432      -19.142862       69.940312     -0.31387502      0.61223582       -1.295252       16.745103        16.745103       2134.1962       2134.1962
  6.2739606e-42        1083.834      -19.259887       66.390694     -0.43935893      0.67805838      -1.0350312       16.745103        16.745103       2134.1779       2134.1779
  7.3621342e-42       1083.6675      -19.242796       66.788134     -0.24203124      0.78605892      -2.2105503       16.745103        16.745103       2133.8447       2133.8447
  7.6771032e-42       1083.6189      -19.301672       64.975528     -0.47560988      0.72092433      -1.0709972       16.745103        16.745103       2133.7476       2133.7476
  8.2685431e-42       1083.5381      -19.203691       67.833222     -0.31365928      0.62674246      -1.2763209       16.745103        16.745103       2133.5859       2133.5859
  8.3189474e-42       1083.5253      -19.120488       70.837789     -0.29341702      0.74260144      -1.8098255       16.745103        16.745103       2133.5605       2133.5605
  8.4143259e-42       1083.5073      -19.193091       67.952122     -0.30408891      0.64398308      -1.3616176       16.745103        16.745103       2133.5244       2133.5244
  8.5669724e-42       1083.4827      -19.135621       69.637148     -0.25915067      0.62349388      -1.4932739       16.745103        16.745103       2133.4751       2133.4751
  8.7281666e-42       1083.4574      -19.222026       66.432197      -0.2710535      0.82047347      -2.2309595       16.745103        16.745103       2133.4246       2133.4246
  1.0038299e-41       1083.3109      -19.186643       67.856399     -0.28492334      0.66710842      -1.6403074       16.745103        16.745103       2133.1316       2133.1316
   1.067367e-41       1083.2429      -19.261267       66.929056     -0.42592417      0.66145898       -1.025565       16.745103        16.745103       2132.9955       2132.9955
  1.0704307e-41       1083.2334      -19.320165       63.507564     -0.21497302      0.71115468      -1.9653418       16.745103        16.745103       2132.9765       2132.9765
  1.1612699e-41       1083.1453      -19.253426       66.132951     -0.31497593      0.59151816      -1.2261261       16.745103        16.745103       2132.8003       2132.8003
  1.1610573e-41       1083.1388      -19.143338        68.59603     -0.24662465       0.7348976      -1.9533322       16.745103        16.745103       2132.7874       2132.7874
   1.199762e-41       1083.0994      -19.231393       66.139437     -0.21675482       0.6518278      -1.7234998       16.745103        16.745103       2132.7085       2132.7085
  1.3045791e-41        1083.009       -19.01954       73.188409      -0.2198593      0.87884696      -2.7563676       16.745103        16.745103       2132.5277       2132.5277
  1.3832158e-41       1082.9438      -19.074633       72.218702     -0.33871312       0.6675854      -1.3710859       16.745103        16.745103       2132.3974       2132.3974
  1.3812745e-41       1082.9386      -19.140097       69.797488     -0.38847441      0.66528751      -1.1963509       16.745103        16.745103       2132.3869       2132.3869
   1.432472e-41       1082.8955      -19.136599       68.862221     -0.17496558      0.88572067      -2.8589437       16.745103        16.745103       2132.3008       2132.3008
  1.6025855e-41       1082.7767      -19.307547       64.759311     -0.31623159      0.61923196      -1.3112282       16.745103        16.745103       2132.0631       2132.0631
  1.6332346e-41       1082.7511      -19.353632        62.47197     -0.18508755      0.91731286      -3.1060339       16.745103        16.745103       2132.0119       2132.0119
  1.7280599e-41        1082.688      -19.196385       68.995632     -0.40305842      0.66489748       -1.120071       16.745103        16.745103       2131.8858       2131.8858
   1.939712e-41       1082.5658      -19.222056       67.681221     -0.30328746      0.69589594      -1.6613267       16.745103        16.745103       2131.6414       2131.6414
  1.9745039e-41       1082.5414      -19.303677        65.17313     -0.26243505      0.86727078      -2.5488016       16.745103        16.745103       2131.5925       2131.5925
  2.2138571e-41       1082.4203      -19.276846       65.631529     -0.22052053        0.887211      -2.8024245       16.745103        16.745103       2131.3504       2131.3504
  2.4139764e-41       1082.3271      -19.132024       71.070287     -0.36702495      0.70416777      -1.4239211       16.745103        16.745103        2131.164        2131.164
   2.425704e-41       1082.3156      -19.278685       65.944396      -0.3746257      0.71168723      -1.3818395       16.745103        16.745103       2131.1411       2131.1411
  3.1510239e-41       1082.0474       -19.14255       69.551383     -0.24062297      0.68629265      -1.7713594       16.745103        16.745103       2130.6046       2130.6046
  3.1941768e-41       1082.0271      -19.320044       64.416517     -0.27953012      0.68625238      -1.6731082       16.745103        16.745103       2130.5641       2130.5641
  3.2181444e-41        1082.013      -18.987808       73.949289     -0.36619991      0.81473773      -1.9427999       16.745103        16.745103       2130.5358       2130.5358
  4.2003734e-41         1081.74      -19.303879       65.621946     -0.40113009       0.7207078      -1.3937721       16.745103        16.745103       2129.9898       2129.9898
   4.298433e-41       1081.7103      -19.207021       68.312814     -0.40173932      0.72779195      -1.3557888       16.745103        16.745103       2129.9304       2129.9304
  5.8747541e-41       1081.3912      -19.363915       62.788784     -0.26478203      0.75650909      -2.0618808       16.745103        16.745103       2129.2922       2129.2922
  6.6868271e-41       1081.2551      -19.262677       66.551378     -0.36674985      0.79307737      -1.8658042       16.745103        16.745103         2129.02         2129.02
  6.8304379e-41       1081.2272      -19.135066       69.633998     -0.28456019      0.70439522       -1.778078       16.745103        16.745103       2128.9642       2128.9642
  7.3720322e-41       1081.1443      -19.115657        69.94419     -0.23312469      0.72950837       -1.943437       16.745103        16.745103       2128.7983       2128.7983
  8.8816486e-41       1080.9513      -19.104354       70.198795     -0.23118559      0.75736409       -2.070982       16.745103        16.745103       2128.4124       2128.4124
  1.1533303e-40       1080.6834      -19.264881       64.881034     -0.24981802      0.87293127      -2.5810929       16.745103        16.745103       2127.8767       2127.8767
  1.1482132e-40       1080.6812      -19.194725       68.901541     -0.41910872      0.66500015      -1.0551173       16.745103        16.745103       2127.8723       2127.8723
  1.1839108e-40        1080.644      -19.078747       71.613939     -0.39881395      0.73282756      -1.4401614       16.745103        16.745103       2127.7977       2127.7977
  1.3178296e-40       1080.5302      -19.078442       70.495104     -0.20705372      0.86761717      -2.7021854       16.745103        16.745103       2127.5701       2127.5701
  1.3567622e-40       1080.4944      -19.137784       70.111439      -0.3412834      0.63321761      -1.2733499       16.745103        16.745103       2127.4986       2127.4986
  1.6018313e-40       1080.3217      -19.109225       70.261217      -0.3034314      0.68423208      -1.5653106       16.745103        16.745103       2127.1532       2127.1532
  1.8146077e-40       1080.1903      -19.279659       64.994364     -0.21265433        0.730518      -2.0945279       16.745103        16.745103       2126.8905       2126.8905
  2.0680598e-40        1080.053      -19.110597       70.298913     -0.25924742      0.68741756      -1.7047425       16.745103        16.745103       2126.6157       2126.6157
  2.2668334e-40       1079.9545      -19.132849       69.173744     -0.28260283      0.71700526      -1.7654304       16.745103        16.745103       2126.4189       2126.4189
  2.3654713e-40       1079.9053      -19.363214       63.708662     -0.42965596       0.7384031      -1.3149473       16.745103        16.745103       2126.3204       2126.3204
   3.067919e-40       1079.6386      -19.287657       64.526082     -0.25540533      0.73596997      -2.0134338       16.745103        16.745103       2125.7871       2125.7871
  3.5763955e-40       1079.4786      -19.241235       66.402917     -0.22981149      0.71335371      -1.9661819       16.745103        16.745103       2125.4671       2125.4671
  4.1252294e-40       1079.3292      -19.264968       64.776579     -0.28296783       0.7816097       -2.094406       16.745103        16.745103       2125.1682       2125.1682
  4.3067649e-40       1079.2795      -19.329776       63.613512     -0.30331213      0.75431267      -1.9303033       16.745103        16.745103       2125.0688       2125.0688
  4.3473743e-40       1079.2635      -19.362781       63.565994     -0.29265263      0.83087202      -2.2831548       16.745103        16.745103       2125.0368       2125.0368
  4.3818662e-40       1079.2489      -19.176341       69.059615     -0.34078922      0.67444477        -1.45033       16.745103        16.745103       2125.0077       2125.0077
  4.7728308e-40       1079.1568      -19.203396        66.79708     -0.18215068      0.79233507      -2.4584561       16.745103        16.745103       2124.8235       2124.8235
   5.490508e-40       1079.0101      -19.264351       66.261236     -0.32369814      0.63938293      -1.3359717       16.745103        16.745103         2124.53         2124.53
  5.9955313e-40       1078.9155       -19.14429       68.599272     -0.18141158      0.82048518      -2.5775953       16.745103        16.745103       2124.3407       2124.3407
  6.4963439e-40       1078.8286      -19.109111       70.619312     -0.33105082      0.66587491      -1.4114616       16.745103        16.745103        2124.167        2124.167
  7.5459274e-40       1078.6722      -19.337366       64.012713     -0.32973646      0.70849068      -1.6250695       16.745103        16.745103       2123.8542       2123.8542
  7.5036282e-40       1078.6712      -19.173307        68.00419     -0.27381666      0.69589998      -1.6906138       16.745103        16.745103       2123.8521       2123.8521
  8.2288239e-40       1078.5723      -19.258355       65.710601     -0.24261688      0.65946409      -1.7097972       16.745103        16.745103       2123.6543       2123.6543
  9.2035696e-40       1078.4537      -19.251535       65.480914     -0.19332859      0.76347596       -2.295914       16.745103        16.745103       2123.4171       2123.4171
   9.528828e-40       1078.4123      -19.131717        70.70839     -0.46882771      0.70984535      -1.0535129       16.745103        16.745103       2123.3344       2123.3344
  1.0346375e-39       1078.3233      -19.278597       66.162799      -0.3890821      0.65881742      -1.1703954       16.745103        16.745103       2123.1565       2123.1565
  1.1339755e-39        1078.225      -19.162354       69.186474     -0.25601991      0.89007691       -2.668151       16.745103        16.745103       2122.9598       2122.9598
  1.1608217e-39        1078.195      -19.336877       63.141092      -0.2993035      0.71836863      -1.7289611       16.745103        16.745103       2122.8997       2122.8997
  1.2138763e-39       1078.1436      -19.295956       63.378294      -0.1813068      0.95267578      -3.2512497       16.745103        16.745103       2122.7971       2122.7971
  1.2500202e-39       1078.1076      -19.290892       64.922169     -0.23990854      0.71102659        -1.90825       16.745103        16.745103       2122.7251       2122.7251
  1.3483001e-39       1078.0253      -19.045708       72.255953     -0.32192755       0.8571082      -2.2971981       16.745103        16.745103       2122.5604       2122.5604
  1.6033161e-39       1077.8454       -19.41845       60.788839     -0.26587481      0.80149713      -2.2166691       16.745103        16.745103       2122.2007       2122.2007
  1.8350754e-39       1077.7038      -18.977423       75.953435      -0.4065522      0.74797289      -1.4654611       16.745103        16.745103       2121.9174       2121.9174
  1.8930174e-39       1077.6661      -19.205363       67.492295     -0.25754352      0.65417379      -1.6466164       16.745103        16.745103       2121.8419       2121.8419
  1.9351882e-39       1077.6374      -19.293022       64.476547     -0.26738963      0.71642876       -1.787672       16.745103        16.745103       2121.7846       2121.7846
   2.119962e-39       1077.5395      -19.209516       67.442974      -0.2576286      0.65086013      -1.6045622       16.745103        16.745103       2121.5889       2121.5889
  2.2308438e-39       1077.4819      -19.134419        69.83101     -0.27709071      0.66343414      -1.5727551       16.745103        16.745103       2121.4736       2121.4736
  2.2372317e-39       1077.4724       -19.29499        64.47203     -0.23923998      0.69761426      -1.8272722       16.745103        16.745103       2121.4546       2121.4546
   2.572588e-39       1077.3261      -19.193666       67.386515     -0.25291535      0.83052037       -2.338456       16.745103        16.745103        2121.162        2121.162
  2.5848281e-39       1077.3147      -19.136618       69.121437     -0.17866759      0.88509122      -2.8751168       16.745103        16.745103       2121.1392       2121.1392
  2.7865932e-39       1077.2329      -19.099399       71.943618      -0.4115504      0.69469813      -1.2236253       16.745103        16.745103       2120.9756       2120.9756
  2.9902672e-39       1077.1557      -19.361686       63.951499      -0.3252659      0.85125951      -2.2763663       16.745103        16.745103       2120.8212       2120.8212
  3.7065227e-39       1076.9343      -19.364392       62.935671     -0.31318847      0.74832304      -1.8580238       16.745103        16.745103       2120.3785       2120.3785
  4.7823343e-39       1076.6729      -19.288882       64.462564     -0.21100476      0.82700348      -2.4615114       16.745103        16.745103       2119.8555       2119.8555
  4.8905787e-39       1076.6438      -19.249123         66.2843     -0.33020432       0.6734618      -1.3993388       16.745103        16.745103       2119.7974       2119.7974
  6.3899505e-39       1076.3698      -19.210971       67.679199        -0.36754      0.69162556      -1.4174273       16.745103        16.745103       2119.2493       2119.2493
  7.5824838e-39        1076.192      -19.314018       64.047091     -0.23651338        0.726612       -1.980003       16.745103        16.745103       2118.8938       2118.8938
  7.7912337e-39       1076.1582      -19.298738       64.586298     -0.27558132      0.66745174      -1.6280986       16.745103        16.745103       2118.8262       2118.8262
  8.0020054e-39       1076.1249      -19.428175       61.869761     -0.42187629      0.75490671       -1.430428       16.745103        16.745103       2118.7595       2118.7595
  8.6035906e-39       1076.0457      -19.418836        61.49228     -0.34486528      0.73736699      -1.6633549       16.745103        16.745103       2118.6013       2118.6013
  8.9028851e-39       1076.0049      -19.178001       67.217311     -0.23859651      0.82777294      -2.4530863       16.745103        16.745103       2118.5196       2118.5196
   9.126052e-39       1075.9735      -19.104648       70.741958     -0.31053634      0.70105917      -1.5808482       16.745103        16.745103       2118.4568       2118.4568
  9.8037723e-39       1075.8952      -19.385909       63.146138     -0.31699266       0.8556024      -2.3360178       16.745103        16.745103       2118.3002       2118.3002
  9.7638707e-39       1075.8926      -19.133604       69.228847      -0.2479059      0.72651148      -1.9533266       16.745103        16.745103       2118.2951       2118.2951
   9.952443e-39       1075.8669      -19.453822       61.068156     -0.41918394       0.7505017       -1.424354       16.745103        16.745103       2118.2435       2118.2435
  1.1765549e-38       1075.6929      -19.178096       69.218732     -0.39643769       0.6676487      -1.1544825       16.745103        16.745103       2117.8955       2117.8955
  1.2776661e-38       1075.6038      -19.152004       68.129785      -0.1856405      0.86722905      -2.8077358       16.745103        16.745103       2117.7174       2117.7174
  1.5912127e-38       1075.3777      -19.411883       61.647282     -0.33124817      0.76940659      -1.8213212       16.745103        16.745103       2117.2651       2117.2651
   1.701722e-38       1075.3039      -19.084583       71.867818     -0.39501413      0.69888834      -1.2835206       16.745103        16.745103       2117.1176       2117.1176
  1.8532694e-38       1075.2119      -19.391613       60.930753     -0.25905359      0.87811734      -2.6452024       16.745103        16.745103       2116.9337       2116.9337
  1.8441892e-38       1075.2102      -19.286447       64.673169     -0.18807651      0.87358916      -2.7963084       16.745103        16.745103       2116.9302       2116.9302
  1.8319865e-38       1075.2102      -19.141552       69.976426     -0.37674677      0.80122393      -1.8156514       16.745103        16.745103       2116.9302       2116.9302
  2.6368543e-38       1074.8394      -19.104818        69.98955     -0.24821185      0.78123733      -2.1976789       16.745103        16.745103       2116.1885       2116.1885
     2.6589e-38       1074.8244      -19.006116       73.545337     -0.27446448      0.82012143      -2.2759026       16.745103        16.745103       2116.1586       2116.1586
  2.9935731e-38       1074.6992      -19.263629       65.508415     -0.21176322      0.80398455      -2.3646877       16.745103        16.745103       2115.9082       2115.9082
  3.0809486e-38       1074.6638      -19.196296       67.213145     -0.21457403       0.8205899      -2.5214496       16.745103        16.745103       2115.8374       2115.8374
  3.0837221e-38       1074.6562      -19.180398       69.939196     -0.42764499       0.7268092      -1.2768807       16.745103        16.745103       2115.8223       2115.8223
  3.3112975e-38       1074.5784      -19.197781       68.202058     -0.31973096      0.74462772      -1.8197636       16.745103        16.745103       2115.6666       2115.6666
  4.6172994e-38       1074.2393      -19.214769       67.014808     -0.34010656      0.71629946      -1.6119543       16.745103        16.745103       2114.9883       2114.9883
  4.7527858e-38       1074.2037      -19.236471       66.223198     -0.27026473      0.68779126      -1.6757613       16.745103        16.745103       2114.9172       2114.9172
  4.9240521e-38       1074.1617      -19.248508       66.439353     -0.36112298      0.67512699       -1.369254       16.745103        16.745103       2114.8331       2114.8331
  5.7139859e-38       1074.0062      -19.286429       65.124042     -0.34604513      0.73849608        -1.69586       16.745103        16.745103       2114.5223       2114.5223
  6.6892974e-38        1073.842      -19.267508       65.562589     -0.27532691      0.66749354      -1.6007947       16.745103        16.745103       2114.1938       2114.1938
  7.3132441e-38       1073.7462      -19.419963       62.003358     -0.40362937      0.73646575      -1.4240577       16.745103        16.745103       2114.0021       2114.0021
  8.3062388e-38       1073.6122      -19.180511       68.572707     -0.27795048      0.68907846      -1.6719803       16.745103        16.745103       2113.7342       2113.7342
  1.0294084e-37        1073.391      -19.127569       70.158708     -0.33582175      0.69068583      -1.4550373       16.745103        16.745103       2113.2918       2113.2918
  1.0948211e-37       1073.3228      -19.230582       66.246979     -0.21755916      0.78242602      -2.2317469       16.745103        16.745103       2113.1553       2113.1553
  1.4718517e-37       1073.0202       -19.28678       64.117282     -0.24769736      0.86098081      -2.5400071       16.745103        16.745103       2112.5501       2112.5501
  1.5415203e-37       1072.9673      -19.358143       63.038277     -0.32699114      0.72265058      -1.6308453       16.745103        16.745103       2112.4444       2112.4444
  1.7594146e-37       1072.8284      -19.095504       70.864967     -0.29391042      0.73689511      -1.7897846       16.745103        16.745103       2112.1666       2112.1666
  1.8251137e-37       1072.7851      -19.302865       64.285328     -0.20424851      0.89006948      -2.8293899       16.745103        16.745103         2112.08         2112.08
  2.5745872e-37       1072.4344       -19.18081       68.273443     -0.25606607      0.82111038      -2.2899912       16.745103        16.745103       2111.3787       2111.3787
  3.2343275e-37       1072.1997      -19.129626       70.950031     -0.35234607      0.73907421      -1.6086062       16.745103        16.745103       2110.9091       2110.9091
  3.4935473e-37       1072.1159      -19.337269       64.395319     -0.41201792      0.74383695      -1.4479307       16.745103        16.745103       2110.7416       2110.7416
  3.6662764e-37        1072.061      -19.329553       63.512245     -0.27131895      0.76214493      -2.0624648       16.745103        16.745103       2110.6318       2110.6318
   4.125173e-37       1071.9364      -18.951466       76.144561     -0.37631087       0.7889176      -1.7691175       16.745103        16.745103       2110.3827       2110.3827
  4.3319516e-37       1071.8809      -19.304952       63.395411     -0.19632258      0.89006754      -2.8761886       16.745103        16.745103       2110.2716       2110.2716
  4.4272244e-37       1071.8525       -19.12542       69.589174      -0.2176333      0.79263375       -2.312807       16.745103        16.745103       2110.2148       2110.2148
  4.8999903e-37       1071.7444      -19.157407       69.917616     -0.41201946      0.69988043      -1.2528684       16.745103        16.745103       2109.9985       2109.9985
  5.9789794e-37       1071.5387      -19.223563       66.875332     -0.27717872      0.66995457      -1.6085223       16.745103        16.745103       2109.5872       2109.5872
  6.4040643e-37       1071.4634      -19.005809       74.780026     -0.38237481      0.74833105      -1.5548371       16.745103        16.745103       2109.4366       2109.4366
  1.1258493e-36       1070.8926      -19.280572       65.627928      -0.2716548      0.78123899      -2.1238269       16.745103        16.745103       2108.2949       2108.2949
  1.2201428e-36       1070.8055      -19.219292       67.135762     -0.34792736      0.67783129      -1.3897084       16.745103        16.745103       2108.1207       2108.1207
  1.2452614e-36       1070.7785      -19.271892       65.806628     -0.30021549      0.71619586       -1.755881       16.745103        16.745103       2108.0667       2108.0667
  1.2643238e-36       1070.7566      -19.249733       65.341705     -0.26474105      0.77270006      -2.0903977       16.745103        16.745103        2108.023        2108.023
  1.3147021e-36       1070.7109      -19.218126       66.173754     -0.17255868      0.89356121      -2.9725665       16.745103        16.745103       2107.9316       2107.9316
  1.4130657e-36       1070.6321      -19.437847        60.17381     -0.34248236      0.83009014      -2.1041289       16.745103        16.745103        2107.774        2107.774
   1.760086e-36       1070.4059      -19.055233         72.9078     -0.31288673      0.82290433      -2.1413817       16.745103        16.745103       2107.3215       2107.3215
  1.7729022e-36        1070.392      -19.209356       67.784169     -0.28089306      0.77555572      -2.0053986       16.745103        16.745103       2107.2937       2107.2937
  1.8287753e-36       1070.3543       -19.24952       66.017802     -0.32024708      0.70723247       -1.647395       16.745103        16.745103       2107.2184       2107.2184
  1.8434558e-36       1070.3396      -19.225672       66.915866     -0.30377376      0.66656036      -1.5061292       16.745103        16.745103       2107.1891       2107.1891
  2.0651068e-36       1070.2195      -19.074866       73.318522     -0.39907758      0.77748951       -1.629819       16.745103        16.745103       2106.9487       2106.9487
  2.1033751e-36       1070.1945      -19.189474       68.408316     -0.35551173      0.66543303      -1.3214361       16.745103        16.745103       2106.8987       2106.8987
  2.4101269e-36       1070.0517      -19.227083       65.817795     -0.20894147      0.83723704      -2.5637326       16.745103        16.745103       2106.6131       2106.6131
  2.5443745e-36       1069.9908       -19.26101       67.408614     -0.39113105      0.77501006       -1.655097       16.745103        16.745103       2106.4914       2106.4914
  2.5787411e-36       1069.9708      -19.386473       62.739193     -0.39283272      0.76115376      -1.5619151       16.745103        16.745103       2106.4513       2106.4513
  2.6710841e-36       1069.9289      -19.263934       66.622198     -0.41160864      0.68650695      -1.1820826       16.745103        16.745103       2106.3677       2106.3677
  2.7022407e-36       1069.9107      -19.160628       69.514854      -0.3158862      0.70839406      -1.6186678       16.745103        16.745103       2106.3312       2106.3312
  2.7412671e-36       1069.8897      -19.118747        69.85184     -0.23918974      0.83922109      -2.4420275       16.745103        16.745103       2106.2892       2106.2892
  3.2447698e-36       1069.7144      -19.097505       71.133302     -0.33972987       0.7108966      -1.5662004       16.745103        16.745103       2105.9387       2105.9387
  4.2938644e-36       1069.4277      -19.218996       66.713817     -0.29594443      0.85845205      -2.3736101       16.745103        16.745103       2105.3651       2105.3651
  4.8064072e-36       1069.3082      -19.128691       70.073446     -0.34928217      0.70155948      -1.4957396       16.745103        16.745103       2105.1263       2105.1263
  4.8281634e-36       1069.2971      -19.076574       71.622003     -0.26656102      0.80119297      -2.1831358       16.745103        16.745103        2105.104        2105.104
  5.0372605e-36        1069.248      -19.214102       67.749051     -0.39092911      0.70547244      -1.3679447       16.745103        16.745103       2105.0059       2105.0059
  5.6801773e-36       1069.1213      -19.114049        69.55578     -0.26543987      0.80736108      -2.2532128       16.745103        16.745103       2104.7524       2104.7524
  5.6988402e-36       1069.1114      -19.098754       71.960197     -0.37308732      0.78451761      -1.7864145       16.745103        16.745103       2104.7325       2104.7325
  6.1564189e-36       1069.0275      -19.327838       64.220655     -0.32084113      0.72418507      -1.6626874       16.745103        16.745103       2104.5648       2104.5648
  6.8807563e-36       1068.9096      -19.201017       67.815487     -0.33328185      0.75581942       -1.726331       16.745103        16.745103        2104.329        2104.329
  7.7901729e-36       1068.7788      -19.219963       66.560633     -0.27616784       0.7776568      -2.0271723       16.745103        16.745103       2104.0674       2104.0674
  8.2642884e-36       1068.7131      -19.209585       67.149051     -0.28600601      0.69799182      -1.7121406       16.745103        16.745103        2103.936        2103.936
  8.9009446e-36       1068.6322       -19.22643       66.317127     -0.18992991       0.8942058      -2.8889768       16.745103        16.745103       2103.7743       2103.7743
   9.201815e-36       1068.5924      -19.231245       66.511581     -0.32087117      0.71917614      -1.6912608       16.745103        16.745103       2103.6945       2103.6945
   1.039153e-35       1068.4641      -19.047627         73.6755     -0.33094876      0.83131468       -2.156809       16.745103        16.745103        2103.438        2103.438
  1.2228495e-35       1068.2947      -19.092909       71.445765     -0.32426205      0.77917576      -1.9447546       16.745103        16.745103       2103.0992       2103.0992
  1.2419556e-35       1068.2725      -19.130004       70.098322     -0.32518853       0.7549124      -1.8348787       16.745103        16.745103       2103.0549       2103.0549
  1.2580062e-35       1068.2531      -19.186216       68.020964     -0.28064039      0.75021001      -1.9762367       16.745103        16.745103       2103.0159       2103.0159
  1.4326581e-35       1068.1164      -19.248984       66.237099     -0.33085117      0.68230714      -1.4863779       16.745103        16.745103       2102.7426       2102.7426
  2.4613469e-35       1067.5686      -19.113459       70.309638     -0.27880793      0.75816693       -1.997755       16.745103        16.745103        2101.647        2101.647
  2.7945126e-35        1067.435      -19.379534       62.062527     -0.26152399       0.8384459      -2.3938038       16.745103        16.745103       2101.3798       2101.3798
  2.8413966e-35       1067.4117      -19.204273       66.531361     -0.19045124      0.92728671      -3.0671635       16.745103        16.745103       2101.3332       2101.3332
  2.9228702e-35       1067.3768       -19.23126        67.75283     -0.37267864       0.7317433      -1.5405991       16.745103        16.745103       2101.2634       2101.2634
    4.29302e-35       1066.9857      -19.161743       68.513196     -0.30349802      0.77470404      -2.0028546       16.745103        16.745103       2100.4813       2100.4813
  4.5966067e-35       1066.9108      -19.291809       65.074147     -0.26786334      0.80565368      -2.2000488       16.745103        16.745103       2100.3313       2100.3313
  4.6826382e-35       1066.8856      -19.083648       71.165392     -0.40385374      0.79209706      -1.6877775       16.745103        16.745103       2100.2809       2100.2809
  5.1077928e-35        1066.792      -19.262004       65.097332     -0.24002532      0.82790011      -2.4740141       16.745103        16.745103       2100.0938       2100.0938
  5.1008832e-35       1066.7867      -19.180036       67.428107     -0.20258253      0.88435376      -2.7983788       16.745103        16.745103       2100.0833       2100.0833
  5.4514151e-35       1066.7136      -19.270909       64.283432     -0.22668578      0.92253659      -2.9565073       16.745103        16.745103        2099.937        2099.937
  6.1190656e-35       1066.5914      -19.233149       67.101825     -0.35442005      0.68527475      -1.4186069       16.745103        16.745103       2099.6927       2099.6927
  6.2879642e-35       1066.5576      -19.295615        64.88472     -0.26518983      0.76010281      -2.0418564       16.745103        16.745103       2099.6249       2099.6249
  7.0313615e-35       1066.4392      -19.087241       71.029266     -0.28981486      0.79390984      -2.0665082       16.745103        16.745103       2099.3882       2099.3882
  7.6678842e-35       1066.3459      -19.198146        67.83452     -0.25275406      0.76824068      -2.1158593       16.745103        16.745103       2099.2016       2099.2016
  8.3831792e-35         1066.25      -19.151735        69.39711     -0.35067048      0.74928606      -1.6426405       16.745103        16.745103       2099.0099       2099.0099
  1.0001506e-34       1066.0669      -19.197385       67.442095     -0.23609196      0.76641595      -2.1272128       16.745103        16.745103       2098.6436       2098.6436
  1.1338693e-34       1065.9348      -19.198123       67.770334     -0.37694328      0.71562299      -1.4446989       16.745103        16.745103       2098.3793       2098.3793
  1.1484937e-34       1065.9153      -19.369547       62.607243     -0.39265441      0.75765079      -1.5575863       16.745103        16.745103       2098.3404       2098.3404
  1.1667766e-34       1065.8929      -19.188665       67.261762     -0.29633186      0.81977358      -2.1823261       16.745103        16.745103       2098.2955       2098.2955
  1.3430075e-34       1065.7456      -19.194934       67.005505     -0.22722019      0.81989606      -2.4498923       16.745103        16.745103       2098.0009       2098.0009
   1.339378e-34       1065.7416       -19.08644       70.869277     -0.33915119      0.79675205      -1.9668793       16.745103        16.745103        2097.993        2097.993
  1.5767416e-34       1065.5718      -19.175853       68.984166     -0.30794925       0.7360157      -1.7864661       16.745103        16.745103       2097.6534       2097.6534
  1.8849431e-34       1065.3866      -19.203065       66.615462     -0.18579109      0.93643888      -3.1914161       16.745103        16.745103       2097.2831       2097.2831
  2.5664175e-34       1065.0714      -19.272039       66.708645     -0.36634888      0.77502894      -1.7344813       16.745103        16.745103       2096.6526       2096.6526
  3.1100942e-34       1064.8726      -19.367298       63.669323     -0.37949198      0.77891333      -1.7331889       16.745103        16.745103        2096.255        2096.255
  3.8274623e-34       1064.6584      -19.244044       66.221383     -0.35250979      0.71884093      -1.5502299       16.745103        16.745103       2095.8266       2095.8266
  3.8486352e-34       1064.6462      -19.281845       65.592068     -0.30413738      0.83925698      -2.2515251       16.745103        16.745103       2095.8023       2095.8023
  3.9778286e-34       1064.6066       -19.26692       65.441477     -0.27210822      0.73780722      -1.9321821       16.745103        16.745103       2095.7229       2095.7229
  4.2966062e-34       1064.5228      -19.484128       59.997618     -0.41509389        0.774133      -1.5649562       16.745103        16.745103       2095.5555       2095.5555
  4.8777697e-34       1064.3893        -19.3108        63.35311     -0.30454578      0.87237261      -2.4893864       16.745103        16.745103       2095.2885       2095.2885
   5.487793e-34       1064.2649      -19.152928        69.95694     -0.38129922      0.70277055      -1.3680068       16.745103        16.745103       2095.0395       2095.0395
  5.9827139e-34       1064.1719      -19.148837       69.079897     -0.33635918       0.7701929       -1.858574       16.745103        16.745103       2094.8535       2094.8535
  8.6606557e-34       1063.7953      -19.313906       63.693107     -0.19758463      0.94887289      -3.2347721       16.745103        16.745103       2094.1004       2094.1004
   1.202914e-33       1063.4601      -19.194114       68.432916     -0.29488609      0.77070533      -1.9718499       16.745103        16.745103         2093.43         2093.43
  1.2057509e-33       1063.4511      -19.230617       67.070189     -0.35351513      0.80222691      -1.9584196       16.745103        16.745103        2093.412        2093.412
  1.5884103e-33       1063.1688      -19.161944       67.694766     -0.25201347      0.87867741      -2.6543098       16.745103        16.745103       2092.8475       2092.8475
  2.2080264e-33       1062.8328       -19.18672       69.231687     -0.36142389      0.76833569      -1.7133681       16.745103        16.745103       2092.1754       2092.1754
  2.5926956e-33       1062.6656       -19.08089        71.96447     -0.36955709      0.80828685      -1.8812158       16.745103        16.745103        2091.841        2091.841
  2.6688779e-33         1062.63      -19.314461       63.537056     -0.26240316      0.82490149      -2.3750343       16.745103        16.745103       2091.7698       2091.7698
  2.6908279e-33       1062.6151      -19.145836       69.781097     -0.26754898      0.85546434      -2.4651395       16.745103        16.745103       2091.7401       2091.7401
  3.0869529e-33       1062.4712      -19.200238       66.554687     -0.30022835      0.85639304      -2.3980147       16.745103        16.745103       2091.4521       2091.4521
  3.0734426e-33       1062.4689       -19.33638        63.02617     -0.20570424      0.92826857      -3.0517123       16.745103        16.745103       2091.4476       2091.4476
  3.2096117e-33       1062.4189      -19.241848        67.10828     -0.33315896      0.73858409      -1.6826615       16.745103        16.745103       2091.3476       2091.3476
  3.4700178e-33       1062.3343      -19.194004       67.602213     -0.31183098      0.78571812      -2.0270096       16.745103        16.745103       2091.1783       2091.1783
  3.4472874e-33       1062.3342      -19.109279       70.332144     -0.35446949      0.86035505      -2.2588927       16.745103        16.745103       2091.1782       2091.1782
  4.4975914e-33       1062.0616      -19.049654       72.488417     -0.31852002      0.78375397      -1.9385581       16.745103        16.745103        2090.633        2090.633
  4.6793813e-33       1062.0153      -19.276676       64.897982      -0.3279885      0.81520459      -2.1127419       16.745103        16.745103       2090.5404       2090.5404
  4.6803406e-33       1062.0085      -19.248605       65.837335     -0.34488766      0.76129425      -1.7424545       16.745103        16.745103       2090.5267       2090.5267
  4.7440382e-33       1061.9883      -19.122877       69.559795     -0.23731014      0.82333877      -2.4087528       16.745103        16.745103       2090.4864       2090.4864
  5.4275732e-33       1061.8471      -19.238672       66.917186     -0.43118301      0.72900565      -1.2930058       16.745103        16.745103       2090.2039       2090.2039
  5.8515631e-33       1061.7652      -19.345749       64.719334     -0.36237996      0.84241813      -2.1185371       16.745103        16.745103       2090.0402       2090.0402
  5.9832288e-33       1061.7363       -19.30121       64.025916     -0.30264874       0.7977379      -2.0646731       16.745103        16.745103       2089.9824       2089.9824
  7.0268407e-33       1061.5689      -19.175302       69.334008     -0.33649039      0.79681704      -1.9332622       16.745103        16.745103       2089.6475       2089.6475
  6.9815209e-33       1061.5687      -19.323132       64.206472     -0.42907056      0.76065992      -1.4529935       16.745103        16.745103       2089.6472       2089.6472
  7.5354151e-33       1061.4857      -19.186291           68.15     -0.34226625      0.74578491      -1.6633176       16.745103        16.745103       2089.4812       2089.4812
  7.8977282e-33       1061.4321      -19.237443       65.579072     -0.22549105      0.88302768      -2.7354901       16.745103        16.745103        2089.374        2089.374
    1.02681e-32        1061.163      -19.341068       63.147145     -0.24746008      0.82383755       -2.399895       16.745103        16.745103       2088.8358       2088.8358
  1.1905081e-32       1061.0084      -19.358605       63.337242     -0.45569451      0.74565006      -1.2690539       16.745103        16.745103       2088.5266       2088.5266
  1.2526314e-32       1060.9509      -19.225263       67.472625     -0.28927907      0.83371211      -2.2816488       16.745103        16.745103       2088.4116       2088.4116
  1.5108333e-32       1060.7569      -19.213335        66.25736      -0.2077088       0.9410632      -3.1038412       16.745103        16.745103       2088.0235       2088.0235
  1.8696164e-32       1060.5371      -19.178416       67.845101      -0.3149093      0.88220555      -2.5168608       16.745103        16.745103       2087.5841       2087.5841
  2.5990816e-32       1060.2011      -18.974165        74.75234     -0.29922129      0.87438534      -2.4939749       16.745103        16.745103       2086.9119       2086.9119
  2.9065836e-32       1060.0826      -19.186482       66.902978     -0.22845323      0.91247539      -2.9310783       16.745103        16.745103        2086.675        2086.675
  4.5350416e-32       1059.6311       -19.35271       62.636363     -0.35656967      0.79779334      -1.8933069       16.745103        16.745103        2085.772        2085.772
  4.6910333e-32       1059.5906      -19.408424       61.047108       -0.372972       0.8212342      -1.9712578       16.745103        16.745103       2085.6911       2085.6911
  4.7989628e-32       1059.5612      -19.210855       67.633771     -0.29483735      0.90014689      -2.6264153       16.745103        16.745103       2085.6323       2085.6323
  4.8131249e-32       1059.5517      -19.232918       67.555329      -0.3470192      0.81739677      -2.0053192       16.745103        16.745103       2085.6131       2085.6131
   5.221933e-32       1059.4635       -19.02629       72.535589     -0.35339002      0.86026678      -2.2528032       16.745103        16.745103       2085.4368       2085.4368
  5.2506407e-32       1059.4514      -19.333529       63.680514     -0.36924311      0.77142692      -1.6989204       16.745103        16.745103       2085.4125       2085.4125
  5.5150193e-32       1059.3956      -19.170119       69.044381     -0.40580234      0.72384818      -1.3692784       16.745103        16.745103        2085.301        2085.301
  5.6378766e-32       1059.3669      -19.121346       70.477068     -0.26879718       0.8379343      -2.3924353       16.745103        16.745103       2085.2436       2085.2436
  6.4940747e-32       1059.2189      -19.213491       67.177883     -0.35048896       0.7369602      -1.6428173       16.745103        16.745103       2084.9476       2084.9476
  6.8905837e-32        1059.153      -19.226861       67.067708     -0.28939165      0.85500283      -2.3807674       16.745103        16.745103       2084.8158       2084.8158
  7.4211889e-32       1059.0722      -19.103217       71.071049     -0.26972944      0.85829876      -2.5032746       16.745103        16.745103       2084.6541       2084.6541
  7.8896471e-32       1059.0043      -19.416484       60.345166      -0.2637491      0.97406023        -3.17633       16.745103        16.745103       2084.5184       2084.5184
  9.1856503e-32       1058.8456      -19.267106       65.098078     -0.26897035      0.92719715      -2.8556509       16.745103        16.745103       2084.2009       2084.2009
  1.2316877e-31       1058.5456      -19.287717       63.959783     -0.21810503       0.9519843      -3.2019102       16.745103        16.745103        2083.601        2083.601
  1.2629521e-31       1058.5139      -19.166638       68.686001     -0.34870124      0.73755595      -1.6220217       16.745103        16.745103       2083.5375       2083.5375
  1.2560081e-31       1058.5127      -19.124307       70.527799     -0.27993074      0.84955322      -2.4289116       16.745103        16.745103       2083.5353       2083.5353
  1.2883284e-31       1058.4807      -19.116966        72.08261      -0.4385918      0.75868821      -1.3927261       16.745103        16.745103       2083.4712       2083.4712
  1.3676425e-31       1058.4143      -19.203243       67.495331     -0.38167243      0.74366721      -1.5402728       16.745103        16.745103       2083.3384       2083.3384
  1.6034607e-31       1058.2486      -19.201887       67.978211     -0.36588612       0.7166285      -1.4664005       16.745103        16.745103        2083.007        2083.007
  2.4787066e-31       1057.8064      -19.324155       64.411441     -0.38385602      0.72892445       -1.472189       16.745103        16.745103       2082.1225       2082.1225
  3.6096475e-31       1057.4239      -19.299411       64.401724     -0.23787684      0.84488869      -2.5415651       16.745103        16.745103       2081.3575       2081.3575
  3.5879311e-31       1057.4232      -19.404305         60.7964     -0.32801592      0.87051548      -2.3815465       16.745103        16.745103       2081.3563       2081.3563
  4.1388288e-31       1057.2738      -19.167756       69.529426     -0.36367543      0.81122228      -1.9592589       16.745103        16.745103       2081.0573       2081.0573
  4.2163397e-31       1057.2486      -19.271776       65.309216       -0.291348      0.83558517      -2.3478767       16.745103        16.745103       2081.0069       2081.0069
  4.2484136e-31       1057.2343      -19.382705       62.387943     -0.36841876      0.84233112      -2.1115208       16.745103        16.745103       2080.9785       2080.9785
  4.4988652e-31       1057.1704      -19.210289       66.858419     -0.29194659      0.77749715      -2.0093518       16.745103        16.745103       2080.8506       2080.8506
  4.7128581e-31       1057.1173      -19.138954       69.104283     -0.26108202      0.89503987      -2.6875922       16.745103        16.745103       2080.7444       2080.7444
   6.046318e-31       1056.8615      -19.149534       69.829587     -0.28312524       0.8693645      -2.4975893       16.745103        16.745103       2080.2328       2080.2328
  6.4149709e-31       1056.7957      -18.950534       75.720161     -0.33450991      0.85841376      -2.2924892       16.745103        16.745103       2080.1011       2080.1011
  6.9127128e-31       1056.7143      -19.231776       66.693661     -0.36563089      0.76921955      -1.6956807       16.745103        16.745103       2079.9384       2079.9384
  6.9970494e-31       1056.6955      -19.207958       66.677147     -0.25736452       0.8935678      -2.6927932       16.745103        16.745103       2079.9009       2079.9009
  8.4521672e-31       1056.4999      -19.270156       65.387481     -0.25589567      0.92388391      -2.8714221       16.745103        16.745103       2079.5097       2079.5097
  1.7528584e-30       1055.7639      -19.081392       71.460729     -0.30884232      0.79420318      -2.0203399       16.745103        16.745103       2078.0376       2078.0376
  1.9708203e-30         1055.64         -19.179       68.002033     -0.39722761       0.7895056      -1.6988262       16.745103        16.745103       2077.7899       2077.7899
  1.9785685e-30       1055.6295      -19.112096       70.214538     -0.28034881      0.80602445      -2.2079041       16.745103        16.745103       2077.7688       2077.7688
  2.0740728e-30       1055.5757      -19.142465       69.861909     -0.30541713      0.83670732      -2.2949377       16.745103        16.745103       2077.6612       2077.6612
  2.1000599e-30       1055.5566      -19.207935       66.588572     -0.34009954      0.87354008      -2.3794923       16.745103        16.745103        2077.623        2077.623
   2.140264e-30        1055.531      -19.265342       65.409167     -0.28215328      0.88493706      -2.5707707       16.745103        16.745103       2077.5718       2077.5718
  2.3789205e-30       1055.4186      -19.371424       62.608126     -0.37380186      0.76849091       -1.683471       16.745103        16.745103       2077.3471       2077.3471
  2.9901619e-30       1055.1833      -19.123579       70.335308     -0.36055955      0.78235968       -1.823907       16.745103        16.745103       2076.8764       2076.8764
  3.0458229e-30       1055.1582      -19.342643       63.516048     -0.31643805      0.77242881      -1.9064099       16.745103        16.745103       2076.8262       2076.8262
  3.5262129e-30       1055.0051      -19.110507        69.81225     -0.34101229      0.84699358      -2.1958993       16.745103        16.745103         2076.52         2076.52
  3.5211593e-30       1054.9999      -19.345117       63.126839     -0.24023305      0.90278882      -2.8509472       16.745103        16.745103       2076.5096       2076.5096
  3.5372749e-30       1054.9887      -19.256547       65.192774     -0.19205773      0.95111808      -3.2373164       16.745103        16.745103       2076.4872       2076.4872
  3.7414214e-30       1054.9259      -19.112349       70.902783       -0.323058      0.77017495      -1.8638995       16.745103        16.745103       2076.3617       2076.3617
  4.3334274e-30       1054.7724      -19.347628       62.628533     -0.29355271        0.832725      -2.2979323       16.745103        16.745103       2076.0546       2076.0546
  4.8336615e-30       1054.6565       -19.43355       60.129213     -0.28480821      0.94651857      -2.9507773       16.745103        16.745103       2075.8228       2075.8228
  7.5689843e-30       1054.2014      -19.273295       65.428054     -0.32989209      0.75469789      -1.8023363       16.745103        16.745103       2074.9126       2074.9126
  7.5580416e-30       1054.1962      -19.288647       65.676138     -0.30790506      0.83323203      -2.2324724       16.745103        16.745103       2074.9022       2074.9022
   8.084614e-30       1054.1222      -19.165183       69.630986     -0.38935248      0.72966329      -1.4512483       16.745103        16.745103       2074.7542       2074.7542
  8.1024688e-30       1054.1134      -19.196839       67.402246     -0.31686908      0.78098071      -1.9318752       16.745103        16.745103       2074.7365       2074.7365
  1.0545617e-29       1053.8432      -19.315179       64.830005     -0.29916481      0.91038708      -2.7219043       16.745103        16.745103       2074.1962       2074.1962
   1.110323e-29        1053.785      -19.157314       68.508347     -0.23526209      0.89214192       -2.807777       16.745103        16.745103       2074.0798       2074.0798
  1.3056119e-29       1053.6164      -19.289488       64.104097     -0.23040197      0.90229925       -2.876394       16.745103        16.745103       2073.7425       2073.7425
  1.4314836e-29       1053.5177       -19.16116       69.156428     -0.25975627      0.88549592      -2.6581644       16.745103        16.745103       2073.5451       2073.5451
   1.441756e-29       1053.5039      -19.029286       73.833373     -0.36536198      0.79107691      -1.8157323       16.745103        16.745103       2073.5175       2073.5175
  1.7037515e-29       1053.3303      -19.336897       65.036957     -0.41503181      0.77878733      -1.5884819       16.745103        16.745103       2073.1703       2073.1703
  2.5251876e-29       1052.9301      -19.123397       70.773544     -0.32849465       0.8248298      -2.1071427       16.745103        16.745103       2072.3701       2072.3701
  2.5336078e-29       1052.9202      -19.041845       72.899537     -0.35798506      0.78354699      -1.8145232       16.745103        16.745103       2072.3501       2072.3501
  3.1073272e-29       1052.7094      -19.067241       71.962949     -0.36337226      0.82886303      -2.0195857       16.745103        16.745103       2071.9286       2071.9286
  3.2132079e-29       1052.6692      -19.196361       67.975975     -0.34926891      0.81120111      -1.9610354       16.745103        16.745103       2071.8483       2071.8483
  3.5107342e-29        1052.574      -19.125781        70.32321     -0.30129146       0.8040449      -2.0937922       16.745103        16.745103       2071.6579       2071.6579
  3.7170077e-29       1052.5103      -19.230538       66.611046     -0.27169956      0.79772992      -2.1627598       16.745103        16.745103       2071.5304       2071.5304
  4.4186715e-29       1052.3307      -19.212701       66.854333     -0.25673169       0.8477286       -2.511322       16.745103        16.745103       2071.1713       2071.1713
  4.6404499e-29       1052.2751      -19.267384       65.572473     -0.26667533      0.82285069      -2.3454101       16.745103        16.745103         2071.06         2071.06
  4.7734699e-29       1052.2402       -19.33402       64.788745     -0.34175322      0.85783134      -2.2657508       16.745103        16.745103       2070.9902       2070.9902
  4.9959029e-29        1052.188       -19.37617       61.885849     -0.26948934       0.8640917      -2.5338847       16.745103        16.745103       2070.8858       2070.8858
  5.0072422e-29       1052.1791      -19.061648       71.633015     -0.24562744      0.94120959      -3.0153444       16.745103        16.745103        2070.868        2070.868
  4.9755342e-29       1052.1788      -19.377703       62.986197      -0.3556409      0.79038372         -1.8726       16.745103        16.745103       2070.8674       2070.8674
   4.955661e-29       1052.1762      -19.273646        66.50453     -0.44876462      0.73780132      -1.2613809       16.745103        16.745103       2070.8622       2070.8622
  5.0297836e-29       1052.1547      -19.094669       71.698321     -0.32429071      0.81044163       -2.074877       16.745103        16.745103       2070.8192       2070.8192
  5.1884857e-29        1052.117       -19.33481       64.221961      -0.3535183       0.7650754      -1.7493729       16.745103        16.745103       2070.7438       2070.7438
  5.7921021e-29       1052.0003      -19.238005       67.000122     -0.30989976      0.79253494      -2.0461278       16.745103        16.745103       2070.5104       2070.5104
  5.8632368e-29       1051.9814      -19.264676       65.196524     -0.23559119      0.85666384      -2.6059015       16.745103        16.745103       2070.4727       2070.4727
  5.9402359e-29       1051.9617      -19.179997       68.861504     -0.37892872      0.80084882      -1.8117138       16.745103        16.745103       2070.4333       2070.4333
  6.0080911e-29       1051.9437      -19.152415       69.985801     -0.29526128      0.89833746      -2.6346392       16.745103        16.745103       2070.3973       2070.3973
  6.4163751e-29       1051.8713      -19.241607       65.811459     -0.19937796      0.95464256      -3.2299965       16.745103        16.745103       2070.2525       2070.2525
  6.4675377e-29       1051.8568      -19.258093       66.879057     -0.38793789      0.74848067      -1.5477549       16.745103        16.745103       2070.2233       2070.2233
  6.7284608e-29       1051.8106      -19.184763       67.525022     -0.22175744      0.88485289      -2.7781747       16.745103        16.745103       2070.1309       2070.1309
  8.3503101e-29        1051.588      -19.076467       70.708531     -0.27508207      0.89201511      -2.6642427       16.745103        16.745103       2069.6857       2069.6857
  8.3719225e-29       1051.5787      -19.255254       66.415467     -0.32102282      0.76202539      -1.8531819       16.745103        16.745103       2069.6673       2069.6673
  8.5570533e-29       1051.5502      -19.141017       70.592212     -0.40850671      0.73921103      -1.4113224       16.745103        16.745103       2069.6102       2069.6102
  1.1725573e-28       1051.2286      -19.152559       69.319116     -0.33933351      0.75702235      -1.7399285       16.745103        16.745103       2068.9669       2068.9669
   1.185864e-28       1051.2106      -19.249598       66.145123     -0.36089222      0.75072305      -1.6578249       16.745103        16.745103       2068.9311       2068.9311
  1.4526472e-28       1051.0011      -19.124454       69.859961     -0.35803249      0.77660049      -1.7839114       16.745103        16.745103       2068.5119       2068.5119
  1.9189639e-28        1050.716      -19.182386       67.834955     -0.26298237       0.8578398      -2.5442545       16.745103        16.745103       2067.9418       2067.9418
  2.3214924e-28        1050.519      -19.070189       72.747282     -0.33155591      0.88355722      -2.4386548       16.745103        16.745103       2067.5477       2067.5477
  2.7952476e-28       1050.3266      -19.093676       71.177768      -0.3572419      0.77403635      -1.7815811       16.745103        16.745103        2067.163        2067.163
  2.7991466e-28       1050.3186      -19.204739       68.496203     -0.34572518       0.7897969      -1.8937871       16.745103        16.745103       2067.1469       2067.1469
  2.9734721e-28       1050.2515      -19.397747       61.184474     -0.30474122      0.86760495      -2.4533181       16.745103        16.745103       2067.0128       2067.0128
  3.3892566e-28        1050.114      -19.352903       62.960222     -0.29373867      0.81864193      -2.2081588       16.745103        16.745103       2066.7378       2066.7378
  3.5424102e-28       1050.0631      -19.192876       68.362169     -0.41886245      0.80560479      -1.7160808       16.745103        16.745103       2066.6361       2066.6361
  3.8538722e-28       1049.9722       -19.37007       62.656145     -0.29820721      0.82971512      -2.2730863       16.745103        16.745103       2066.4542       2066.4542
  4.0258416e-28       1049.9219       -19.26097       65.203989     -0.22939006      0.87714774      -2.7204084       16.745103        16.745103       2066.3536       2066.3536
  4.0712943e-28       1049.9041      -19.145373       69.335637     -0.34360628      0.80858495      -1.9694165       16.745103        16.745103       2066.3179       2066.3179
  4.1466338e-28       1049.8791      -19.193283       67.154715     -0.24498204      0.86101957      -2.5817248       16.745103        16.745103       2066.2679       2066.2679
  5.3788142e-28       1049.6123      -19.173476       67.608846     -0.24335751       0.8862158      -2.7249906       16.745103        16.745103       2065.7343       2065.7343
  5.6194525e-28       1049.5618      -19.151572       69.247503     -0.26333553      0.84613393      -2.4558308       16.745103        16.745103       2065.6335       2065.6335
  5.6920811e-28       1049.5424      -19.451372       61.360941     -0.36893667      0.84745525      -2.1270991       16.745103        16.745103       2065.5945       2065.5945
  6.0561799e-28       1049.4737      -19.154272       70.099361     -0.39454136      0.74906136      -1.5059119       16.745103        16.745103       2065.4572       2065.4572
  7.0594073e-28       1049.3138      -19.072612       72.532686      -0.3471396      0.82140033      -2.0601007       16.745103        16.745103       2065.1374       2065.1374
  7.3035302e-28       1049.2731      -19.283068       64.359338     -0.20614918      0.95027853      -3.1982066       16.745103        16.745103       2065.0561       2065.0561
  7.3166249e-28       1049.2647      -19.229406       66.922313     -0.36206088      0.80510145      -1.9355667       16.745103        16.745103       2065.0392       2065.0392
  8.4320234e-28       1049.1162      -19.187707       67.726847     -0.30084176       0.7890104      -2.0338447       16.745103        16.745103       2064.7421       2064.7421
  9.5946474e-28       1048.9804       -19.29428       64.390112     -0.23736758      0.88633726      -2.7644157       16.745103        16.745103       2064.4705       2064.4705
   1.084413e-27       1048.8513      -19.171893       68.182589     -0.27474789      0.82921067      -2.3057523       16.745103        16.745103       2064.2124       2064.2124
  1.2600912e-27       1048.6945      -19.477325       59.799869     -0.37914525      0.82875254      -1.9786305       16.745103        16.745103       2063.8988       2063.8988
   1.297614e-27       1048.6585      -19.210964       67.327948     -0.28565088      0.78877358      -2.0998718       16.745103        16.745103       2063.8268       2063.8268
  1.5857279e-27       1048.4514      -19.277662        65.35367     -0.28814069      0.79676099      -2.1209638       16.745103        16.745103       2063.4125       2063.4125
   1.595774e-27       1048.4384      -19.019886       73.071486      -0.2941313      0.88550209      -2.5619908       16.745103        16.745103       2063.3866       2063.3866
  1.7365041e-27       1048.3472      -19.209976       67.525399     -0.33093144      0.79786502      -1.9548507       16.745103        16.745103       2063.2043       2063.2043
   1.792497e-27       1048.3089      -19.130939        70.93706     -0.36529945      0.78605158      -1.8012611       16.745103        16.745103       2063.1275       2063.1275
   1.837913e-27       1048.2772      -19.273679        64.95349     -0.23910151      0.93102526      -2.9658589       16.745103        16.745103       2063.0642       2063.0642
  1.9106131e-27       1048.2318      -19.266826       67.097034     -0.39227327      0.80527631      -1.8145288       16.745103        16.745103       2062.9733       2062.9733
   2.081543e-27       1048.1394       -19.13994       69.984433     -0.45530029      0.75783902      -1.3325726       16.745103        16.745103       2062.7886       2062.7886
  2.2077142e-27       1048.0739      -19.240856       66.267748     -0.33828846      0.76677025      -1.8112665       16.745103        16.745103       2062.6577       2062.6577
  2.3324181e-27       1048.0123      -19.389617       62.035595     -0.26886504      0.90705466      -2.7886201       16.745103        16.745103       2062.5345       2062.5345
  2.5496067e-27       1047.9167      -19.304478       65.019371     -0.43249202      0.74403931      -1.3459688       16.745103        16.745103       2062.3431       2062.3431
  2.5596343e-27       1047.9061      -19.130943       69.903615     -0.34419787      0.79467173      -1.9403094       16.745103        16.745103        2062.322        2062.322
  2.9414475e-27       1047.7604      -19.177866       67.567887     -0.25954508      0.88046107       -2.666161       16.745103        16.745103       2062.0306       2062.0306
  2.9420361e-27       1047.7536      -19.017773       74.167274     -0.39742156      0.81883664      -1.8731371       16.745103        16.745103       2062.0169       2062.0169
  3.2724289e-27       1047.6405      -19.344147       63.023697      -0.2509432      0.94162441      -3.0509666       16.745103        16.745103       2061.7908       2061.7908
  4.1060279e-27       1047.4069      -19.184906       67.434881     -0.24188913      0.95454385      -3.1511568       16.745103        16.745103       2061.3236       2061.3236
  4.6639657e-27       1047.2729      -19.241096       66.719776     -0.43784472      0.74907777      -1.3496825       16.745103        16.745103       2061.0555       2061.0555
  5.2322079e-27       1047.1513      -19.341802       64.835399     -0.43230897      0.78587633       -1.567895       16.745103        16.745103       2060.8123       2060.8123
  5.7895626e-27       1047.0434      -19.195988       67.439845     -0.28887014      0.80325113      -2.1618111       16.745103        16.745103       2060.5966       2060.5966
  7.3742436e-27       1046.7948      -19.367519       62.317335     -0.28970622      0.85068085      -2.3880864       16.745103        16.745103       2060.0994       2060.0994
  7.3573296e-27       1046.7905      -19.251315       65.991285     -0.30621065      0.89859875      -2.6381752       16.745103        16.745103       2060.0907       2060.0907
  8.0472528e-27       1046.6942      -19.143692       70.422391     -0.36216377      0.78062188      -1.7859415       16.745103        16.745103       2059.8982       2059.8982
  9.5615339e-27       1046.5151      -19.357084       62.367892     -0.23930795       0.9263412      -2.9812844       16.745103        16.745103         2059.54         2059.54
   9.500602e-27       1046.5149      -19.249584       65.930518     -0.30223767      0.82854015      -2.2655581       16.745103        16.745103       2059.5395       2059.5395
  1.0092676e-26       1046.4478      -19.364876       62.746107     -0.27479902      0.87533305      -2.5897087       16.745103        16.745103       2059.4053       2059.4053
  1.0492947e-26       1046.4022      -19.358186       63.742902     -0.35751389      0.85140534      -2.1718662       16.745103        16.745103       2059.3143       2059.3143
  1.0826639e-26       1046.3643      -19.310557       64.021884     -0.29267887      0.82194418       -2.252184       16.745103        16.745103       2059.2384       2059.2384
  1.1237766e-26       1046.3204      -19.230617       66.462401     -0.23193871      0.90872648      -2.8725578       16.745103        16.745103       2059.1505       2059.1505
  1.5848657e-26       1045.9699      -19.142687       69.999692     -0.34238458      0.82549922      -2.0649523       16.745103        16.745103       2058.4496       2058.4496
  2.0529819e-26       1045.7045      -19.320372        63.92711     -0.25004948      0.89417664      -2.7514466       16.745103        16.745103       2057.9187       2057.9187
  2.2842944e-26       1045.5911      -19.153519       68.424084     -0.32485368      0.84476973      -2.2605954       16.745103        16.745103       2057.6919       2057.6919
  2.3620823e-26       1045.5509      -19.023596       74.183774     -0.34111823      0.84879698      -2.2130491       16.745103        16.745103       2057.6117       2057.6117
  2.7031816e-26       1045.4094      -19.235644       66.791072     -0.28990768      0.93577051      -2.8637111       16.745103        16.745103       2057.3286       2057.3286
  4.6016302e-26       1044.8708      -19.426596       61.455426     -0.41671792      0.77832855      -1.5794202       16.745103        16.745103       2056.2514       2056.2514
   4.649191e-26       1044.8539       -19.30156       64.821186     -0.27270892      0.87634935      -2.5969323       16.745103        16.745103       2056.2175       2056.2175
  4.7385159e-26       1044.8282      -19.007291        74.45116     -0.38409708      0.79983241      -1.8101224       16.745103        16.745103       2056.1662       2056.1662
  5.2697288e-26       1044.7153      -19.409205        61.66333     -0.27110593      0.93829371      -2.9582462       16.745103        16.745103       2055.9404       2055.9404
  5.8634631e-26       1044.6019      -19.073988       70.877575     -0.32543761      0.87177532      -2.3949276       16.745103        16.745103       2055.7135       2055.7135
  6.1553516e-26       1044.5466       -19.16038       69.536529      -0.3878785      0.76645584      -1.6380174       16.745103        16.745103       2055.6031       2055.6031
  6.8801886e-26       1044.4287      -19.166565       69.775245     -0.36854303      0.83481061       -2.063742       16.745103        16.745103       2055.3672       2055.3672
  7.5320868e-26       1044.3315      -19.336045       63.677076     -0.31847175      0.81293042      -2.0897631       16.745103        16.745103       2055.1728       2055.1728
  8.7151454e-26        1044.179      -19.197537       68.756034     -0.33838188      0.88051602      -2.4010289       16.745103        16.745103       2054.8677       2054.8677
  9.6330269e-26       1044.0722      -19.313786       63.190584     -0.26214551      0.92665884      -2.9153866       16.745103        16.745103       2054.6542       2054.6542
  9.9361485e-26       1044.0346       -19.12714       70.276459     -0.35768722      0.78915537      -1.8615649       16.745103        16.745103       2054.5789       2054.5789
  1.1011885e-25       1043.9251       -19.35611       62.258933     -0.27102266      0.89859539      -2.7138747       16.745103        16.745103         2054.36         2054.36
  1.1252737e-25       1043.8968      -19.129807       69.568076     -0.34153696      0.80739778      -2.0038935       16.745103        16.745103       2054.3035       2054.3035
  1.3811898e-25       1043.6853      -19.070008       71.618543     -0.32430062      0.86021285      -2.3188345       16.745103        16.745103       2053.8804       2053.8804
  1.4169647e-25       1043.6531      -19.243059       66.741879     -0.32603917      0.78492429      -1.9494763       16.745103        16.745103       2053.8159       2053.8159
  1.4307143e-25       1043.6368      -19.417323       61.020758     -0.27210256      0.91400523      -2.7989814       16.745103        16.745103       2053.7833       2053.7833
  1.4349072e-25       1043.6272      -19.116081       69.924911     -0.23097493      0.95400376      -3.1446509       16.745103        16.745103       2053.7642       2053.7642
  1.4565055e-25       1043.6056      -19.198605       68.911342     -0.37932432      0.79122241      -1.7713384       16.745103        16.745103        2053.721        2053.721
  1.5037927e-25        1043.567      -19.139276       69.556063     -0.32200256      0.86366348      -2.3404785       16.745103        16.745103       2053.6438       2053.6438
  1.7160596e-25       1043.4283      -19.185697       68.641506     -0.31447071      0.83266225      -2.2348381       16.745103        16.745103       2053.3665       2053.3665
   2.976637e-25       1042.8709      -19.221941       67.436089     -0.36803148      0.77374945      -1.7143742       16.745103        16.745103       2052.2516       2052.2516
  3.3052786e-25       1042.7596      -19.140861       69.855908      -0.4172076      0.78528354       -1.621614       16.745103        16.745103       2052.0289       2052.0289
  3.5282064e-25       1042.6876      -19.192455       68.897582     -0.35309356      0.82116612      -2.0397544       16.745103        16.745103       2051.8851       2051.8851
   4.178159e-25       1042.5119      -19.185143       69.128988      -0.3333394      0.84201965      -2.2012746       16.745103        16.745103       2051.5336       2051.5336
  4.6087069e-25       1042.4072      -19.098731       70.409939     -0.32261229      0.84230232      -2.2315887       16.745103        16.745103       2051.3242       2051.3242
  4.6188319e-25       1042.3984      -19.145128       68.829426     -0.28180903      0.85554559      -2.4331168       16.745103        16.745103       2051.3065       2051.3065
  4.9102187e-25       1042.3305      -19.267437       65.664742     -0.29205883      0.82144929      -2.2494406       16.745103        16.745103       2051.1709       2051.1709
  4.9634876e-25       1042.3131      -19.171645       67.502881      -0.2468885      0.93415966      -2.9858581       16.745103        16.745103        2051.136        2051.136
  5.1577596e-25       1042.2681      -19.130996       69.295023     -0.31595384      0.88537949      -2.5239682       16.745103        16.745103       2051.0459       2051.0459
  9.1646089e-25       1041.6866      -19.245504       66.307049     -0.36519989      0.78199141       -1.798614       16.745103        16.745103       2049.8829       2049.8829
  9.4527719e-25        1041.649      -19.282537       66.239685     -0.43817031      0.75556865      -1.3766126       16.745103        16.745103       2049.8077       2049.8077
  9.4529756e-25       1041.6423      -19.075727       72.607385     -0.42247634       0.7615097      -1.4715909       16.745103        16.745103       2049.7944       2049.7944
  1.0083071e-24       1041.5711      -19.150903       69.194356     -0.29061356      0.82243531      -2.2463376       16.745103        16.745103        2049.652        2049.652
   1.123109e-24       1041.4567      -19.322464       65.154959     -0.43934184      0.79090999       -1.570859       16.745103        16.745103       2049.4231       2049.4231
  1.1224724e-24       1041.4506      -19.152538       68.546158     -0.27194045      0.88491552       -2.617132       16.745103        16.745103       2049.4109       2049.4109
  1.3381331e-24       1041.2682      -19.226517       66.838794     -0.34639614      0.77407186      -1.8098973       16.745103        16.745103       2049.0462       2049.0462
  1.3669395e-24       1041.2402      -19.283453       66.150575      -0.3140825      0.92140944      -2.7274255       16.745103        16.745103       2048.9903       2048.9903
  1.3692786e-24       1041.2319      -19.176616       67.781816     -0.24081944      0.90223293      -2.8279224       16.745103        16.745103       2048.9736       2048.9736
  1.4780495e-24       1041.1488      -19.160216       68.224482     -0.29921442      0.85115995      -2.3651869       16.745103        16.745103       2048.8074       2048.8074
  1.6056556e-24       1041.0594      -19.072709       71.145149     -0.36095184      0.85002892      -2.1686503       16.745103        16.745103       2048.6285       2048.6285
  1.6846166e-24       1041.0047      -19.014841       74.719445     -0.36129144      0.87946662      -2.3410681       16.745103        16.745103       2048.5192       2048.5192
  1.9640201e-24       1040.8446      -19.177777       68.196649     -0.26696696      0.85244267      -2.4791413       16.745103        16.745103        2048.199        2048.199
  2.0231471e-24       1040.8083      -19.143705       70.153858     -0.42753373      0.74903816      -1.3919162       16.745103        16.745103       2048.1264       2048.1264
  2.2546511e-24       1040.6933       -19.14538       69.298987     -0.33950666      0.85653357      -2.2860684       16.745103        16.745103       2047.8964       2047.8964
  2.2658449e-24       1040.6817      -19.270924         65.6479     -0.38192038      0.81567235      -1.9155927       16.745103        16.745103       2047.8732       2047.8732
  2.2869315e-24       1040.6658      -19.355048       63.204215     -0.36980505      0.80167058      -1.8822712       16.745103        16.745103       2047.8414       2047.8414
  2.3044286e-24       1040.6515      -19.056594       72.290954     -0.29223512      0.87508359      -2.5131221       16.745103        16.745103       2047.8129       2047.8129
  2.4521663e-24       1040.5828          -19.26       66.888977     -0.38669338      0.78490601      -1.7300689       16.745103        16.745103       2047.6753       2047.6753
  2.4446139e-24       1040.5792      -19.166215       68.548477     -0.33527799      0.81661855      -2.0457547       16.745103        16.745103       2047.6682       2047.6682
  2.4516253e-24       1040.5697      -19.220297       66.132792     -0.21772174      0.98180155      -3.3395155       16.745103        16.745103       2047.6492       2047.6492
  2.5026255e-24       1040.5425      -19.284057       64.917468      -0.3044951      0.81263032      -2.1431241       16.745103        16.745103       2047.5947       2047.5947
  2.7113236e-24       1040.4557       -19.09693       71.876807     -0.32837549      0.91516496      -2.6460507       16.745103        16.745103       2047.4212       2047.4212
  2.7571516e-24       1040.4323      -19.243598       66.027598     -0.28775055      0.87617291      -2.5663331       16.745103        16.745103       2047.3744       2047.3744
  2.7502462e-24       1040.4282       -19.29446       65.970439     -0.38496801      0.79832182      -1.7914898       16.745103        16.745103       2047.3661       2047.3661
  2.8010791e-24       1040.4032      -19.168401       69.324142     -0.34384119      0.84476361      -2.1706844       16.745103        16.745103       2047.3162       2047.3162
  3.0293586e-24       1040.3182      -19.160835       69.248154     -0.29545194      0.84780156      -2.3688742       16.745103        16.745103       2047.1462       2047.1462
  3.2779193e-24       1040.2327      -19.427956       60.558621     -0.24436315        1.013268      -3.4820888       16.745103        16.745103       2046.9752       2046.9752
  3.2819885e-24       1040.2248      -19.148143       69.839884     -0.33243218      0.80877117      -2.0440471       16.745103        16.745103       2046.9595       2046.9595
  4.4534244e-24        1039.913      -19.186866       67.696958     -0.35801981      0.82931219      -2.0694248       16.745103        16.745103       2046.3357       2046.3357
  4.9697619e-24       1039.7966      -19.330098        62.99324     -0.27814411      0.89443614      -2.6689851       16.745103        16.745103        2046.103        2046.103
  5.2972273e-24       1039.7262      -19.015888       74.236253     -0.32595282      0.88267033      -2.4556771       16.745103        16.745103       2045.9621       2045.9621
  5.3631258e-24       1039.7072      -19.154346       68.547466     -0.31001106       0.8488971      -2.3063938       16.745103        16.745103       2045.9241       2045.9241
  5.4773878e-24       1039.6794      -19.155949       69.329836      -0.3507672       0.7830696      -1.8261107       16.745103        16.745103       2045.8687       2045.8687
  5.7118022e-24       1039.6309      -19.269287        66.42417     -0.35504629      0.80079855      -1.9091012       16.745103        16.745103       2045.7716       2045.7716
  5.7166249e-24       1039.6234      -19.033548       73.009114      -0.2746723      0.95146316      -3.0222243       16.745103        16.745103       2045.7566       2045.7566
  5.7123935e-24       1039.6175        -19.1786       68.549988      -0.3781139      0.76679257      -1.6679114       16.745103        16.745103       2045.7448       2045.7448
  6.7341289e-24       1039.4463      -19.278225       65.105055     -0.25924026      0.87434201       -2.619722       16.745103        16.745103       2045.4024       2045.4024
  6.9518536e-24       1039.4078      -19.097904       70.569772     -0.30123633      0.87606352      -2.4790468       16.745103        16.745103       2045.3255       2045.3255
  7.7115489e-24       1039.2975      -19.282387        64.77611     -0.28119681      0.84333946      -2.3872211       16.745103        16.745103       2045.1047       2045.1047
   9.034771e-24       1039.1325      -19.328807       63.602724     -0.28235131      0.86868975      -2.5339969       16.745103        16.745103       2044.7747       2044.7747
  9.5543944e-24       1039.0699      -19.189299       68.133461     -0.36056294       0.7703953      -1.7439322       16.745103        16.745103       2044.6496       2044.6496
  1.0567259e-23       1038.9625       -19.05986        71.45108     -0.36569705        0.862767      -2.2219541       16.745103        16.745103       2044.4348       2044.4348
  1.1749728e-23       1038.8498      -19.279306        64.42488     -0.29954976       0.8744265      -2.4995911       16.745103        16.745103       2044.2094       2044.2094
  1.1879553e-23       1038.8322      -19.296335       65.436865     -0.39823781      0.80612708      -1.8044177       16.745103        16.745103       2044.1741       2044.1741
   1.226983e-23       1038.7932      -19.087293       71.571017     -0.28714031      0.91130498      -2.7317902       16.745103        16.745103       2044.0962       2044.0962
  1.4544778e-23       1038.6164       -19.25855       65.416753     -0.33240976      0.81934181      -2.0921986       16.745103        16.745103       2043.7427       2043.7427
  1.4560143e-23       1038.6087      -19.050901       72.119003     -0.32881013      0.86522509      -2.3600359       16.745103        16.745103       2043.7273       2043.7273
  1.4504978e-23       1038.6059      -19.065125       71.716755     -0.39424557      0.81477293      -1.8523352       16.745103        16.745103       2043.7216       2043.7216
  2.1099628e-23       1038.2245      -19.101928       72.024043      -0.3536439      0.89566982      -2.4636654       16.745103        16.745103       2042.9588       2042.9588
  2.1669222e-23       1038.1912      -19.264589       66.604126     -0.35401092      0.80594793      -1.9443558       16.745103        16.745103       2042.8922       2042.8922
  2.3080082e-23       1038.1215      -19.089663       70.977308     -0.35396996      0.83853429      -2.1081438       16.745103        16.745103       2042.7528       2042.7528
  2.5098827e-23        1038.031      -19.339468       63.653001      -0.2733042      0.90998526      -2.7847655       16.745103        16.745103       2042.5718       2042.5718
  2.5491321e-23       1038.0088      -19.244494       66.765431     -0.37416985      0.76144785      -1.6504338       16.745103        16.745103       2042.5275       2042.5275
   2.582477e-23       1037.9892      -19.229768       66.886173     -0.28220731       0.8578269      -2.4429691       16.745103        16.745103       2042.4882       2042.4882
  3.3997474e-23       1037.7076      -19.184201       67.319891     -0.30129277      0.88718689      -2.5503215       16.745103        16.745103        2041.925        2041.925
  3.4170139e-23       1037.6959      -19.112157       70.373055     -0.30847694      0.87674613      -2.4970794       16.745103        16.745103       2041.9016       2041.9016
  3.7443896e-23       1037.5977      -19.167156       69.989386     -0.45724022      0.74800575      -1.2730638       16.745103        16.745103       2041.7053       2041.7053
   5.704737e-23       1037.1701      -19.068427        72.13318     -0.33764899      0.81866275      -2.0652389       16.745103        16.745103       2040.8499       2040.8499
  1.1453486e-22       1036.4664      -19.324657       63.768469     -0.23359263       1.0067637      -3.4661575       16.745103        16.745103       2039.4426       2039.4426
  1.1855318e-22       1036.4253       -19.25474       66.227367     -0.28310164      0.90966655      -2.7639808       16.745103        16.745103       2039.3604       2039.3604
  1.3485288e-22       1036.2898      -19.248325       66.203076     -0.28137446       0.8616619      -2.4953284       16.745103        16.745103       2039.0895       2039.0895
  1.4797097e-22       1036.1904       -19.19244       67.147963      -0.2530451      0.92237734      -2.8910788       16.745103        16.745103       2038.8905       2038.8905
  1.5877656e-22       1036.1132      -19.142962        69.21316     -0.31044931      0.83857309      -2.2755946       16.745103        16.745103       2038.7362       2038.7362
  1.6323922e-22       1036.0789      -19.107367       70.559608     -0.25904261      0.93601553      -2.9654751       16.745103        16.745103       2038.6675       2038.6675
  1.6447359e-22       1036.0647      -19.187466       68.084514     -0.36759315      0.84560052      -2.1295783       16.745103        16.745103       2038.6392       2038.6392
  1.6902548e-22       1036.0307      -19.155118       68.757207     -0.27283248      0.94461154      -2.9625265       16.745103        16.745103       2038.5713       2038.5713
  1.8964796e-22        1035.909      -19.334821       63.055568     -0.22855996      0.97759727      -3.3008676       16.745103        16.745103       2038.3277       2038.3277
  2.2968366e-22       1035.7108       -19.09315       70.740911     -0.29268391      0.86666615      -2.4706596       16.745103        16.745103       2037.9314       2037.9314
   2.510711e-22       1035.6151      -19.227862        66.94958     -0.36757124      0.78399839      -1.7966619       16.745103        16.745103         2037.74         2037.74
  2.5719141e-22       1035.5844      -19.242296       66.615371     -0.31185731      0.86135259      -2.4036458       16.745103        16.745103       2037.6786       2037.6786
  2.7679214e-22       1035.5043      -19.065077       72.240052     -0.41050095      0.78578079      -1.6398101       16.745103        16.745103       2037.5184       2037.5184
  3.0020496e-22       1035.4165      -19.242252        66.25862     -0.29324334      0.82859534      -2.2675164       16.745103        16.745103       2037.3427       2037.3427
   3.426315e-22       1035.2776      -19.314894       64.324548     -0.29630067       0.9070123      -2.6749095       16.745103        16.745103        2037.065        2037.065
  4.1820152e-22       1035.0717      -19.265202       66.912486     -0.44134476      0.75700304      -1.3752814       16.745103        16.745103       2036.6531       2036.6531
  4.2503366e-22       1035.0488      -19.097136       70.285234     -0.29919145      0.90116699      -2.6596443       16.745103        16.745103       2036.6074       2036.6074
  4.2427438e-22        1035.044      -19.377177        61.87607     -0.38479018      0.83657951       -2.011295       16.745103        16.745103       2036.5977       2036.5977
  4.3569247e-22       1035.0108      -19.188011       67.962427     -0.34298399      0.79466826       -1.926491       16.745103        16.745103       2036.5313       2036.5313
  4.9723107e-22        1034.872      -19.111633       69.807541     -0.38331456      0.84290929      -2.0532212       16.745103        16.745103       2036.2538       2036.2538
  5.4692063e-22       1034.7701      -19.137441       69.209497     -0.33980763      0.93239032      -2.7323106       16.745103        16.745103         2036.05         2036.05
  6.5506059e-22        1034.583      -19.233561       67.103335     -0.31037329      0.84788509      -2.3248499       16.745103        16.745103       2035.6759       2035.6759
  7.6258461e-22       1034.4244      -19.122701       69.716281     -0.26474182      0.91026589      -2.7889301       16.745103        16.745103       2035.3586       2035.3586
  9.3652789e-22       1034.2123      -19.306191       64.025151     -0.25546101      0.90835017      -2.8255118       16.745103        16.745103       2034.9344       2034.9344
   1.154884e-21       1033.9961      -19.273781       65.193365     -0.25033942      0.91761826      -2.8809717       16.745103        16.745103       2034.5019       2034.5019
  1.2070111e-21       1033.9453      -19.188578       67.567449     -0.29423386      0.86891541      -2.4964193       16.745103        16.745103       2034.4004       2034.4004
  1.2003271e-21       1033.9442      -19.378262       61.444434     -0.27672738      0.95334768      -3.0233924       16.745103        16.745103       2034.3982       2034.3982
   1.275291e-21        1033.877      -19.002669       74.421287     -0.33591595       0.8956924      -2.5041438       16.745103        16.745103       2034.2637       2034.2637
  1.6581292e-21       1033.6078      -19.398077       62.460164      -0.3511826      0.89026311      -2.4292032       16.745103        16.745103       2033.7254       2033.7254
  1.7883432e-21       1033.5256      -19.241369       66.259886       -0.292772      0.83581072      -2.3044439       16.745103        16.745103       2033.5609       2033.5609
  1.9332455e-21        1033.441      -19.171516       67.978879     -0.26138362       0.8973521      -2.7389632       16.745103        16.745103       2033.3918       2033.3918
  2.3239535e-21       1033.2503      -19.043327       73.395998     -0.36443284      0.82021331      -1.9822544       16.745103        16.745103       2033.0104       2033.0104
  2.7364707e-21       1033.0803       -19.15034       69.386137     -0.37374448      0.78451447      -1.7684008       16.745103        16.745103       2032.6703       2032.6703
  2.9601837e-21        1032.995      -19.094084       70.975235     -0.34829829      0.82439618      -2.0518199       16.745103        16.745103       2032.4998       2032.4998
  3.0375267e-21       1032.9626      -19.188107       67.617549     -0.27894769      0.86799679      -2.5129704       16.745103        16.745103        2032.435        2032.435
  3.2112863e-21       1032.9003      -19.339428        64.27574     -0.39328642      0.81580491      -1.8729387       16.745103        16.745103       2032.3104       2032.3104
  3.2078194e-21       1032.8948      -19.232956       65.577029     -0.28340722      0.92477829      -2.8352081       16.745103        16.745103       2032.2993       2032.2993
  3.4974631e-21       1032.8017      -19.096767       71.067502     -0.38154594      0.81128628      -1.8690647       16.745103        16.745103       2032.1131       2032.1131
  3.6824338e-21       1032.7435      -19.250355       65.818325     -0.32224776      0.82221416      -2.1402319       16.745103        16.745103       2031.9968       2031.9968
  4.0582909e-21       1032.6396      -19.329345       63.634035     -0.30734669       0.8430553      -2.2971179       16.745103        16.745103       2031.7891       2031.7891
  4.3608519e-21       1032.5611      -19.184378       67.950623     -0.40675568      0.80267619       -1.748835       16.745103        16.745103        2031.632        2031.632
  5.1462566e-21       1032.3889      -19.131246       70.189818       -0.352329      0.80435151      -1.9306233       16.745103        16.745103       2031.2875       2031.2875
  5.1908665e-21       1032.3736       -19.12886        69.05579     -0.32636801      0.92080589      -2.6869677       16.745103        16.745103       2031.2569       2031.2569
   5.609402e-21       1032.2894      -19.220439       66.924668     -0.37908766      0.79377081      -1.7976633       16.745103        16.745103       2031.0886       2031.0886
  7.1220859e-21        1032.044      -19.208969       67.645275     -0.29562103      0.85429797      -2.3888051       16.745103        16.745103       2030.5978       2030.5978
  7.0955627e-21       1032.0411      -19.280068       65.415394     -0.36599421      0.79938295      -1.8578117       16.745103        16.745103       2030.5919       2030.5919
  7.3551734e-21       1031.9985      -19.277152       64.709197     -0.26005884      0.91261913      -2.8207691       16.745103        16.745103       2030.5068       2030.5068
  7.3288191e-21       1031.9954      -19.094677       70.218198     -0.32288044      0.88845383      -2.5013281       16.745103        16.745103       2030.5007       2030.5007
  7.7025404e-21       1031.9391      -19.311317       64.365895      -0.3550451      0.82636927      -2.0372665       16.745103        16.745103       2030.3879       2030.3879
  7.7318948e-21       1031.9286      -19.410755        61.84095     -0.40152152      0.80216476      -1.7657777       16.745103        16.745103        2030.367        2030.367
   7.947482e-21       1031.8945      -19.124611       69.264518     -0.28660723      0.98310616      -3.1857129       16.745103        16.745103       2030.2987       2030.2987
  8.3978534e-21       1031.8327      -19.304652       65.124353     -0.32426086      0.86895912      -2.3774429       16.745103        16.745103       2030.1752       2030.1752
  9.1858018e-21       1031.7364      -19.407908       61.455181     -0.29837706      0.89921275      -2.6361089       16.745103        16.745103       2029.9825       2029.9825
  1.0372505e-20       1031.6082      -19.117699       69.875411     -0.35772457      0.82904488      -2.0556889       16.745103        16.745103       2029.7262       2029.7262
  1.0914136e-20       1031.5507      -19.178507       68.436277     -0.39409656      0.78263452      -1.6857374       16.745103        16.745103       2029.6112       2029.6112
  1.2069957e-20       1031.4434      -19.180569       68.485986     -0.38878207      0.77684252      -1.6727146       16.745103        16.745103       2029.3965       2029.3965
  1.2581015e-20       1031.3953      -19.140337       70.846074     -0.39123448      0.81418137      -1.8562466       16.745103        16.745103       2029.3003       2029.3003
  1.2969433e-20       1031.3582      -19.283442       65.100513     -0.30395177      0.86319156      -2.4372027       16.745103        16.745103       2029.2262       2029.2262
  1.5898891e-20       1031.1479       -19.23123         66.8947     -0.33387395      0.80132565      -1.9954298       16.745103        16.745103       2028.8056       2028.8056
  1.6542862e-20       1031.1016      -19.232293       67.088805     -0.41061471       0.7889417      -1.6653446       16.745103        16.745103       2028.7129       2028.7129
  1.9125516e-20       1030.9499      -19.240759       66.978843     -0.34615899       0.8426214      -2.1540103       16.745103        16.745103       2028.4095       2028.4095
  1.9011846e-20       1030.9492      -19.068273       72.626104      -0.3708002      0.83470402      -2.0356256       16.745103        16.745103       2028.4081       2028.4081
  1.9766668e-20       1030.9036      -19.020905       73.362564     -0.34212574       0.8572924      -2.2636126       16.745103        16.745103        2028.317        2028.317
  1.9686712e-20        1030.901      -19.209674       67.628901     -0.36517475      0.78550977       -1.808517       16.745103        16.745103       2028.3118       2028.3118
  2.1337837e-20       1030.8138      -19.215334       68.305092     -0.35364716      0.85162914      -2.2018831       16.745103        16.745103       2028.1374       2028.1374
  2.4423174e-20       1030.6721      -19.040518       72.513231     -0.32077332      0.89979376      -2.5692399       16.745103        16.745103        2027.854        2027.854
  2.6003551e-20       1030.6028      -19.302287       63.394909     -0.27670828      0.95972294      -3.0695382       16.745103        16.745103       2027.7153       2027.7153
  2.7962288e-20       1030.5235      -19.151503       69.238622     -0.40041948      0.79473744      -1.7289821       16.745103        16.745103       2027.5568       2027.5568
  2.7848959e-20       1030.5209      -19.273693       66.149368     -0.40985421      0.80441316      -1.7518089       16.745103        16.745103       2027.5516       2027.5516
   2.925969e-20       1030.4649      -19.187106       67.275279     -0.24436078      0.95821269      -3.1509244       16.745103        16.745103       2027.4395       2027.4395
  3.1256091e-20       1030.3922      -19.233082        66.40332     -0.25707865      0.94521861      -3.0465714       16.745103        16.745103       2027.2942       2027.2942
  3.2435857e-20       1030.3485      -19.146967       69.446234     -0.30330117      0.87796277      -2.4851574       16.745103        16.745103       2027.2068       2027.2068
  3.2983709e-20       1030.3251      -19.282024       66.378417     -0.36334589      0.85830595      -2.2101178       16.745103        16.745103         2027.16         2027.16
  5.1446247e-20        1029.874      -19.251506       65.855394     -0.28037028      0.86703367      -2.5089609       16.745103        16.745103       2026.2577       2026.2577
  5.2790057e-20       1029.8415      -19.138834       69.333417     -0.27362284      0.90202933      -2.7368071       16.745103        16.745103       2026.1928       2026.1928
  5.5990067e-20        1029.776      -19.098639       70.521532      -0.2846382      0.94497175      -2.9403938       16.745103        16.745103       2026.0619       2026.0619
  5.6362395e-20       1029.7628      -19.300695       64.278632     -0.32177414      0.83912872      -2.2312035       16.745103        16.745103       2026.0353       2026.0353
  6.2379693e-20       1029.6547      -19.334194       62.932227     -0.28169232      0.90967607      -2.7565833       16.745103        16.745103       2025.8191       2025.8191
  6.3447761e-20       1029.6311      -19.237296       66.641908     -0.33227078      0.81347852      -2.0483653       16.745103        16.745103       2025.7719       2025.7719
  6.4267711e-20       1029.6116      -19.232769       66.079053     -0.21869738       1.0199418      -3.5878969       16.745103        16.745103       2025.7329       2025.7329
  6.3932043e-20       1029.6102      -19.132757        68.80795     -0.25331063      0.97870339      -3.2395781       16.745103        16.745103       2025.7301       2025.7301
  7.8571384e-20       1029.3973      -19.297623       64.430194     -0.30050726      0.87572051      -2.5167388       16.745103        16.745103       2025.3045       2025.3045
    7.81168e-20       1029.3965      -19.127989       71.095982     -0.36474425      0.83542754      -2.0654334       16.745103        16.745103       2025.3028       2025.3028
  8.1139607e-20       1029.3519      -19.204256       67.954783      -0.3040905      0.90364139      -2.6636119       16.745103        16.745103       2025.2136       2025.2136
  8.4143404e-20       1029.3089      -19.032011       73.385232     -0.31590744      0.89897688      -2.5821624       16.745103        16.745103       2025.1276       2025.1276
  8.4791777e-20       1029.2946      -19.248099       66.546473     -0.36279209      0.80412608      -1.9185399       16.745103        16.745103       2025.0989       2025.0989
  1.2309005e-19       1028.9152      -19.154169       69.604878     -0.40758589      0.82020614      -1.8380932       16.745103        16.745103       2024.3402       2024.3402
  1.4204904e-19       1028.7653      -19.190441       66.974948     -0.24631668      0.97048237      -3.2142573       16.745103        16.745103       2024.0404       2024.0404
  1.8072207e-19       1028.5179       -19.26276       65.369949     -0.26326366      0.95223639      -3.0384728       16.745103        16.745103       2023.5455       2023.5455
   1.802101e-19       1028.5141       -19.27285       66.048579      -0.3650085      0.79357531       -1.845224       16.745103        16.745103       2023.5379       2023.5379
   1.791216e-19       1028.5135      -19.321957       64.356238     -0.41341584      0.77831568      -1.5932913       16.745103        16.745103       2023.5367       2023.5367
  2.0203338e-19       1028.3865      -19.104195        70.61095     -0.28397101      0.90517016      -2.7068995       16.745103        16.745103       2023.2827       2023.2827
  2.1746572e-19       1028.3062      -19.226347       66.594189     -0.23528577      0.98888771      -3.3503327       16.745103        16.745103       2023.1222       2023.1222
  2.1694018e-19        1028.302      -19.321256       64.009319     -0.35089411      0.83213812      -2.1094292       16.745103        16.745103       2023.1138       2023.1138
  2.2166761e-19       1028.2738      -19.283669       66.481025     -0.38780842      0.83322557      -1.9787516       16.745103        16.745103       2023.0574       2023.0574
  2.3710144e-19       1028.1998      -19.288056         64.1058     -0.27425511      0.96886029      -3.1463813       16.745103        16.745103       2022.9094       2022.9094
   2.407489e-19       1028.1779      -19.202782       67.367099     -0.25884834      0.95977303      -3.0974436       16.745103        16.745103       2022.8656       2022.8656
  2.7045954e-19       1028.0549      -19.305332       63.817092     -0.32013134      0.96004342      -2.9697146       16.745103        16.745103       2022.6196       2022.6196
  3.0012235e-19       1027.9442      -19.095088       70.566316     -0.31524956      0.87782048      -2.4565774       16.745103        16.745103       2022.3982       2022.3982
  3.2567472e-19       1027.8558      -19.354563       63.022463      -0.2863189      0.89883898      -2.6801548       16.745103        16.745103       2022.2215       2022.2215
  3.7343582e-19       1027.7123       -19.07649       71.446291      -0.3463098      0.87685082      -2.3575044       16.745103        16.745103       2021.9345       2021.9345
  3.8052078e-19       1027.6869      -19.192728       68.565023     -0.40501523      0.76844684      -1.5693836       16.745103        16.745103       2021.8836       2021.8836
   4.006693e-19       1027.6287      -19.162205       68.557783     -0.25803648      0.93055846      -2.9312588       16.745103        16.745103       2021.7671       2021.7671
  4.7270753e-19       1027.4567      -19.222463       67.244271     -0.39813112      0.78299541      -1.6762118       16.745103        16.745103       2021.4232       2021.4232
  5.5820101e-19       1027.2838      -19.303019       65.040786     -0.30924749      0.87651684      -2.4783471       16.745103        16.745103       2021.0774       2021.0774
  5.9697773e-19         1027.21       -19.30551       64.947991     -0.44002995      0.78257923      -1.5168702       16.745103        16.745103       2020.9298       2020.9298
  7.0861354e-19       1027.0319      -19.202723       67.954487     -0.34649195      0.84441157      -2.1928262       16.745103        16.745103       2020.5736       2020.5736
  8.4062757e-19       1026.8544      -19.422092       61.499128      -0.3381789      0.86845841      -2.3394207       16.745103        16.745103       2020.2187       2020.2187
  9.1146919e-19       1026.7669       -19.12472        71.35154      -0.3900213      0.82555514      -1.9259736       16.745103        16.745103       2020.0436       2020.0436
  1.1950386e-18       1026.4894      -19.237243       65.746819     -0.27306533      0.97340881      -3.1501724       16.745103        16.745103       2019.4885       2019.4885
  1.2319753e-18       1026.4523      -19.308991       63.418231      -0.2799146      0.97241306       -3.132128       16.745103        16.745103       2019.4143       2019.4143
  1.2832086e-18       1026.4049      -19.315437       63.730414     -0.33934562       0.8627401      -2.2971922       16.745103        16.745103       2019.3196       2019.3196
  1.4326349e-18       1026.2881      -19.228267       66.847851     -0.30962507      0.83862426      -2.2616234       16.745103        16.745103        2019.086        2019.086
  1.5799758e-18       1026.1835      -19.332594        63.40736     -0.29139821      0.88216246      -2.5681914       16.745103        16.745103       2018.8769       2018.8769
  1.7539207e-18       1026.0725      -19.213287       66.069838     -0.28528642      0.97096498      -3.1136099       16.745103        16.745103       2018.6547       2018.6547
  1.9034352e-18        1025.984      -19.167735       68.642673     -0.26323195      0.94812214      -3.0211207       16.745103        16.745103       2018.4778       2018.4778
  2.1732445e-18       1025.8448      -19.163801       68.861853     -0.38481138      0.83897967      -2.0315744       16.745103        16.745103       2018.1994       2018.1994
  3.0852003e-18       1025.4878      -19.123883       69.305216     -0.31742562      0.89400527      -2.5498653       16.745103        16.745103       2017.4853       2017.4853
  3.2127835e-18       1025.4406      -19.318495       64.020297     -0.38149914      0.82522462      -1.9645861       16.745103        16.745103        2017.391        2017.391
  3.5003991e-18       1025.3482       -19.22853       67.500762     -0.33520345      0.91811633      -2.6475211       16.745103        16.745103       2017.2062       2017.2062
  3.6530834e-18       1025.2989      -19.026196       73.236152     -0.33051996      0.88319916      -2.4455248       16.745103        16.745103       2017.1075       2017.1075
  3.8531809e-18       1025.2389      -19.151953       69.207134     -0.30649344      0.87178118      -2.4697523       16.745103        16.745103       2016.9876       2016.9876
  4.3313983e-18       1025.1153      -19.142323       69.370738     -0.30644251      0.91123924       -2.673538       16.745103        16.745103       2016.7403       2016.7403
  4.5902042e-18       1025.0506      -19.112053       70.609687     -0.30802245      0.88971348      -2.5436161       16.745103        16.745103        2016.611        2016.611
  4.8005391e-18       1024.9991      -19.312669       64.913354     -0.33727424      0.86858934      -2.3556938       16.745103        16.745103       2016.5081       2016.5081
  4.7896097e-18       1024.9948      -19.251756       65.999258     -0.26150401      0.94958178      -3.0334708       16.745103        16.745103       2016.4993       2016.4993
  4.8411501e-18       1024.9774      -19.326874       63.824357     -0.39417673      0.80948238      -1.8312824       16.745103        16.745103       2016.4646       2016.4646
  4.8656548e-18       1024.9657      -19.170173       68.305212      -0.2907733      0.87764714      -2.5465025       16.745103        16.745103       2016.4413       2016.4413
  5.4880838e-18       1024.8387      -19.364225       63.553711     -0.43984244      0.77731093      -1.4896287       16.745103        16.745103       2016.1872       2016.1872
  6.7161021e-18       1024.6301      -19.421808        61.92996     -0.35625296      0.87975542      -2.3530437       16.745103        16.745103       2015.7701       2015.7701
  7.7159739e-18       1024.4847      -19.165017       69.669709     -0.38900429      0.79775053      -1.7851943       16.745103        16.745103       2015.4792       2015.4792
  7.7576094e-18       1024.4727      -19.116721       69.997061     -0.32448136      0.87958503      -2.4584713       16.745103        16.745103       2015.4552       2015.4552
   8.004714e-18       1024.4347      -19.183597       67.789649     -0.37194328      0.84301063      -2.0826331       16.745103        16.745103       2015.3792       2015.3792
  8.6474625e-18       1024.3508       -19.25036       65.680861     -0.35866229      0.86616236      -2.2589228       16.745103        16.745103       2015.2114       2015.2114
    9.29667e-18       1024.2718      -19.279107       66.047853     -0.35808226      0.83958392      -2.1229237       16.745103        16.745103       2015.0533       2015.0533
  9.9194793e-18       1024.2003      -19.341546       63.324708     -0.30723773      0.86734387      -2.4334989       16.745103        16.745103       2014.9103       2014.9103
  1.0078621e-17       1024.1777      -19.344569       63.297011     -0.32649801      0.84671122        -2.25966       16.745103        16.745103       2014.8652       2014.8652
  1.0214644e-17       1024.1577      -19.308917       65.182005     -0.41927478      0.77908902      -1.5701758       16.745103        16.745103       2014.8251       2014.8251
  1.0888564e-17       1024.0871      -19.190003       67.978278     -0.29428996      0.87160782      -2.4864198       16.745103        16.745103       2014.6841       2014.6841
  1.1143401e-17       1024.0574      -19.189318       69.103463     -0.39358097      0.81380829      -1.8576768       16.745103        16.745103       2014.6245       2014.6245
  1.2935485e-17       1023.9016      -19.159176        69.03134     -0.26582517      0.95748754      -3.0779383       16.745103        16.745103        2014.313        2014.313
  1.4792319e-17       1023.7608      -19.343242       63.835788     -0.30417784      0.92281642      -2.7743723       16.745103        16.745103       2014.0314       2014.0314
  1.5397242e-17       1023.7141      -19.184684       69.036524     -0.38042922      0.81302974       -1.899373       16.745103        16.745103       2013.9379       2013.9379
  1.5773875e-17       1023.6833        -19.2634       64.936311     -0.24971773      0.96714249      -3.1916427       16.745103        16.745103       2013.8763       2013.8763
  1.7319702e-17       1023.5831      -19.199685       66.985769     -0.22803267        1.027569      -3.6141097       16.745103        16.745103       2013.6761       2013.6761
  1.8586441e-17       1023.5059      -19.304398       64.098393     -0.29327869      0.95932366      -3.0123297       16.745103        16.745103       2013.5216       2013.5216
  1.9379379e-17       1023.4575      -19.213978       66.772116     -0.24283729      0.97705594      -3.2534674       16.745103        16.745103       2013.4248       2013.4248
  3.1809669e-17       1022.9553      -19.253462       66.285221     -0.30767867      0.87057899      -2.4379546       16.745103        16.745103       2012.4203       2012.4203
  3.7265433e-17       1022.7903      -19.154443         69.3687      -0.3085743      0.86534519      -2.4145369       16.745103        16.745103       2012.0905       2012.0905
  4.1002155e-17       1022.6881      -19.251773       66.021806      -0.3572869      0.81946775      -2.0140454       16.745103        16.745103       2011.8861       2011.8861
  4.0837006e-17       1022.6855      -19.210282       66.852591     -0.24005495      0.98643314      -3.3204943       16.745103        16.745103       2011.8808       2011.8808
  4.6076994e-17       1022.5582      -19.197228       67.948791     -0.26620005      0.97604007      -3.1932808       16.745103        16.745103       2011.6261       2011.6261
  4.8883452e-17       1022.4924       -19.31156       64.750125     -0.31384635      0.92971679      -2.7929988       16.745103        16.745103       2011.4946       2011.4946
  6.4112362e-17       1022.2145      -19.307912       64.137086     -0.41312082      0.81734114      -1.8077293       16.745103        16.745103       2010.9389       2010.9389
  6.6164342e-17       1022.1764      -19.207128       67.764867     -0.30481335      0.86981313      -2.4526074       16.745103        16.745103       2010.8626       2010.8626
  6.6418702e-17       1022.1659      -19.370003       62.055049     -0.27050092      0.95753354      -3.0651526       16.745103        16.745103       2010.8416       2010.8416
  6.8785568e-17       1022.1242      -19.141002       68.635506     -0.30936468      0.92275712      -2.7565916       16.745103        16.745103       2010.7583       2010.7583
  7.3342712e-17       1022.0535      -19.194994       68.238191     -0.41635802      0.80204665      -1.7046663       16.745103        16.745103       2010.6167       2010.6167
  7.2980454e-17       1022.0518      -19.257375       65.961415      -0.3150894      0.84582922      -2.2935363       16.745103        16.745103       2010.6133       2010.6133
  8.5225648e-17         1021.89      -19.295611       64.225488     -0.26762672      0.92603324      -2.8882608       16.745103        16.745103       2010.2898       2010.2898
   8.964005e-17       1021.8329       -19.08837       70.905152     -0.32526528      0.88073117      -2.4440557       16.745103        16.745103       2010.1755       2010.1755
   9.502937e-17       1021.7678      -19.147254       70.697246     -0.37817019        0.851561      -2.1184616       16.745103        16.745103       2010.0455       2010.0455
  1.3427915e-16       1021.4155      -19.366166       63.588712     -0.37396546      0.83297931      -2.0248427       16.745103        16.745103       2009.3407       2009.3407
  1.3503194e-16       1021.4032      -19.156287       69.688411     -0.35571536      0.81932897      -2.0074651       16.745103        16.745103       2009.3162       2009.3162
  1.6158239e-16       1021.2171      -19.372407       63.091901      -0.3431574      0.88972064      -2.4625265       16.745103        16.745103       2008.9439       2008.9439
  1.7684509e-16       1021.1202      -19.215859       67.990778     -0.33833496      0.92092489      -2.6674603       16.745103        16.745103       2008.7501       2008.7501
  2.5803606e-16       1020.7357      -19.391149       61.628524     -0.38237517      0.84551263      -2.0707655       16.745103        16.745103       2007.9812       2007.9812
  2.6326737e-16        1020.709      -19.216072       66.367486     -0.25456077      0.98335104      -3.2824599       16.745103        16.745103       2007.9278       2007.9278
  4.2493872e-16       1020.2236      -19.418592       61.496302     -0.32947435      0.90976212      -2.6106739       16.745103        16.745103       2006.9569       2006.9569
  4.3313063e-16       1020.1978      -19.282017       65.770445     -0.41914799      0.78762216      -1.6153045       16.745103        16.745103       2006.9054       2006.9054
  4.4065505e-16        1020.174      -19.161046       68.331444     -0.26846407      0.96513771      -3.1107103       16.745103        16.745103       2006.8577       2006.8577
    4.81107e-16       1020.0795      -19.330002       64.893976     -0.39749581      0.82064054      -1.8807775       16.745103        16.745103       2006.6688       2006.6688
  5.5512508e-16       1019.9297      -19.253268        65.71436     -0.40953511      0.82566328      -1.8694361       16.745103        16.745103       2006.3693       2006.3693
  6.0945963e-16       1019.8297      -19.382323       62.893386     -0.40247144      0.81470694      -1.8240316       16.745103        16.745103       2006.1692       2006.1692
  6.5144053e-16       1019.7565      -19.199207       67.245013     -0.37565495      0.83806929      -2.0456941       16.745103        16.745103       2006.0227       2006.0227
  7.6315661e-16       1019.5915      -19.247714       66.059968      -0.2870227      0.89143653      -2.6361955       16.745103        16.745103       2005.6929       2005.6929
  8.4310872e-16       1019.4853      -19.270151       65.436922     -0.25505081       0.9840079      -3.2812765       16.745103        16.745103       2005.4803       2005.4803
  9.1524655e-16       1019.3965      -19.229511        66.89786     -0.36871157      0.81016234      -1.9099182       16.745103        16.745103       2005.3028       2005.3028
  1.1165403e-15       1019.1911      -19.168581       68.100163     -0.38647779      0.85397719      -2.1108999       16.745103        16.745103       2004.8919       2004.8919
  1.1176514e-15       1019.1834      -19.395528       61.799342     -0.37448268      0.83718255      -2.0512092       16.745103        16.745103       2004.8767       2004.8767
  1.2533492e-15       1019.0622      -19.238417       66.688899     -0.27347283      0.95097053      -3.0202853       16.745103        16.745103       2004.6342       2004.6342
  1.3144806e-15       1019.0079      -19.274873        65.51838     -0.33677348      0.85129274      -2.2609362       16.745103        16.745103       2004.5257       2004.5257
  1.3129716e-15       1019.0024      -19.295782        64.71472     -0.29876263      0.89821363      -2.6229895       16.745103        16.745103       2004.5147       2004.5147
  1.3515256e-15       1018.9669      -19.149188       69.382015     -0.35960041      0.81840593      -1.9949081       16.745103        16.745103       2004.4435       2004.4435
  1.4055102e-15        1018.921      -19.241362       67.095346     -0.39612707      0.80012038      -1.7608553       16.745103        16.745103       2004.3519       2004.3519
   1.418144e-15       1018.9054       -19.28114        64.70593     -0.38855914      0.83899991       -2.012502       16.745103        16.745103       2004.3207       2004.3207
  1.4958031e-15       1018.8455      -19.173053       68.163315     -0.35727967      0.85196938      -2.1797044       16.745103        16.745103       2004.2008       2004.2008
  1.5126738e-15       1018.8276      -19.371578       62.154181      -0.3426397      0.89149088      -2.4608376       16.745103        16.745103        2004.165        2004.165
  1.5293656e-15         1018.81      -19.216839       67.597087     -0.40748956      0.78193818      -1.6318231       16.745103        16.745103       2004.1298       2004.1298
  1.5470402e-15       1018.7919      -19.227968       67.893129     -0.36356209      0.84904844      -2.1536211       16.745103        16.745103       2004.0935       2004.0935
  1.5368254e-15       1018.7919      -19.081113       71.518715     -0.35634784      0.87974505       -2.360474       16.745103        16.745103       2004.0935       2004.0935
   1.651238e-15       1018.7134      -19.155859       68.655315     -0.30383204      0.88217358      -2.5282515       16.745103        16.745103       2003.9366       2003.9366
    2.06279e-15       1018.4842      -19.249102       65.461558     -0.27636865      0.92692081      -2.8656849       16.745103        16.745103       2003.4782       2003.4782
  2.1133608e-15       1018.4534      -19.365932        62.38781     -0.30596048      0.89747744      -2.6155844       16.745103        16.745103       2003.4165       2003.4165
  2.2510206e-15       1018.3836      -19.157153       69.214087     -0.28607554      0.93748023      -2.9102028       16.745103        16.745103        2003.277        2003.277
  2.5002241e-15        1018.272      -19.236483       66.491478     -0.28855958      0.90057121      -2.6869014       16.745103        16.745103       2003.0537       2003.0537
  2.6548493e-15       1018.2053      -19.282185       65.392708     -0.38065735       0.8176482      -1.9091061       16.745103        16.745103       2002.9204       2002.9204
  2.7106127e-15       1018.1779      -19.260704       66.032492     -0.35982749      0.84820441      -2.1467432       16.745103        16.745103       2002.8656       2002.8656
  3.1560686e-15       1018.0191      -19.246596       67.118782      -0.4348748      0.77134315      -1.4772932       16.745103        16.745103        2002.548        2002.548
  3.1445767e-15       1018.0161       -19.25365       66.229746     -0.34020155      0.83859784      -2.1767766       16.745103        16.745103        2002.542        2002.542
  3.5570862e-15       1017.8862       -19.22064        67.30527     -0.29840468      0.90404447      -2.6603151       16.745103        16.745103       2002.2822       2002.2822
  3.5978434e-15       1017.8681      -19.302047        63.86079     -0.28419362      0.92807225      -2.8517339       16.745103        16.745103       2002.2461       2002.2461
  3.8739623e-15       1017.7876      -19.128577       69.777333     -0.27125455      0.96611381      -3.1150676       16.745103        16.745103       2002.0849       2002.0849
  4.3981603e-15        1017.654      -19.127262       69.943253     -0.36107251       0.8274237      -2.0327091       16.745103        16.745103       2001.8178       2001.8178
   4.597403e-15       1017.6031      -19.180249       69.299661     -0.42844901      0.78951595      -1.6005932       16.745103        16.745103       2001.7159       2001.7159
  5.2884151e-15       1017.4564      -19.286883       64.192513      -0.2673633      0.99791324      -3.3280774       16.745103        16.745103       2001.4226       2001.4226
  6.7481183e-15        1017.206        -19.1498       69.220657     -0.32469674      0.86700352      -2.3639403       16.745103        16.745103       2000.9218       2000.9218
  7.1767783e-15       1017.1378       -19.26816       65.450178     -0.28117861       0.9533103      -3.0040603       16.745103        16.745103       2000.7853       2000.7853
  7.8305398e-15       1017.0439      -19.358813       63.732149     -0.38327516      0.86008588      -2.1540921       16.745103        16.745103       2000.5977       2000.5977
  8.4349976e-15       1016.9629      -19.287069        64.92676      -0.3707544      0.82311192       -1.976911       16.745103        16.745103       2000.4357       2000.4357
  9.3178997e-15       1016.8567      -19.295618       65.177724     -0.29716717       0.9225281      -2.7842907       16.745103        16.745103       2000.2233       2000.2233
  1.0565165e-14       1016.7245      -19.247442       65.245471     -0.28712828      0.94524703      -2.9535358       16.745103        16.745103       1999.9587       1999.9587
  1.0921411e-14       1016.6847      -19.361638       62.466704     -0.25211541       1.0108851      -3.4547697       16.745103        16.745103       1999.8791       1999.8791
  1.1440808e-14       1016.6316      -19.190888       67.159002     -0.33179701      0.89070625      -2.4948348       16.745103        16.745103       1999.7729       1999.7729
  1.1876149e-14       1016.5876      -19.133946       68.961302     -0.31489184      0.92566124      -2.7493659       16.745103        16.745103       1999.6849       1999.6849
   1.267522e-14       1016.5158      -19.108093        70.57826     -0.36777661      0.82811454      -2.0157647       16.745103        16.745103       1999.5414       1999.5414
  1.4097463e-14       1016.4028        -19.1102       70.493524     -0.33277848      0.85545356      -2.2831101       16.745103        16.745103       1999.3154       1999.3154
  1.5339254e-14       1016.3118      -19.462094       60.117599      -0.3793433      0.86377134       -2.189194       16.745103        16.745103       1999.1333       1999.1333
  1.5258252e-14       1016.3104      -19.244007       66.099453     -0.29180295      0.91882499      -2.7630773       16.745103        16.745103       1999.1306       1999.1306
  1.7745826e-14       1016.1527      -19.244685       66.370178     -0.32479377      0.89154138       -2.531188       16.745103        16.745103       1998.8153       1998.8153
  1.8010609e-14       1016.1313       -19.18717       69.202409     -0.39743627      0.80498322      -1.7898664       16.745103        16.745103       1998.7723       1998.7723
  1.8751821e-14       1016.0843      -19.201953       67.103976       -0.350001      0.85706859      -2.2359935       16.745103        16.745103       1998.6784       1998.6784
   2.045321e-14       1015.9908      -19.421577       60.357315      -0.3321028      0.92570752      -2.7109262       16.745103        16.745103       1998.4914       1998.4914
   2.107907e-14        1015.954      -19.248862       65.521084     -0.33043193       0.8775805      -2.4196525       16.745103        16.745103       1998.4178       1998.4178
  2.2576697e-14       1015.8787      -19.369254       63.310841     -0.38373803      0.83734833      -2.0241774       16.745103        16.745103       1998.2673       1998.2673
    2.24923e-14       1015.8758      -19.390587       62.505916     -0.33352965      0.89366902      -2.5024864       16.745103        16.745103       1998.2615       1998.2615
  2.4812187e-14        1015.771       -19.09499       71.044981     -0.35071555      0.84430789      -2.1605577       16.745103        16.745103       1998.0519       1998.0519
  2.5064828e-14       1015.7543      -19.196828       67.324883     -0.25322733      0.97402554      -3.2165506       16.745103        16.745103       1998.0183       1998.0183
  2.8747696e-14       1015.6105      -19.262665       65.657599     -0.30070569      0.96234053      -3.0167664       16.745103        16.745103       1997.7308       1997.7308
  2.9532475e-14       1015.5769      -19.171568       69.112821     -0.40395776      0.78869274      -1.6802191       16.745103        16.745103       1997.6637       1997.6637
  3.1065206e-14       1015.5197      -19.279695       65.806837     -0.42846178      0.78296317      -1.5594568       16.745103        16.745103       1997.5492       1997.5492
   3.161137e-14       1015.4956      -19.142148       70.332948     -0.39595293       0.8155748      -1.8482901       16.745103        16.745103       1997.5011       1997.5011
  3.4747026e-14       1015.3944      -19.089549       71.194948     -0.34212753      0.87702039      -2.3867081       16.745103        16.745103       1997.2986       1997.2986
  3.4703503e-14        1015.389      -19.344412        64.44436     -0.40038025      0.83913267       -1.979457       16.745103        16.745103       1997.2878       1997.2878
  3.5270265e-14       1015.3662      -19.210404        68.39125     -0.44825362       0.7823368      -1.4888214       16.745103        16.745103       1997.2421       1997.2421
  3.5043638e-14        1015.366      -19.154719        68.90372      -0.2695058      0.98245971      -3.2224957       16.745103        16.745103       1997.2417       1997.2417
  3.6731654e-14       1015.3123      -19.209753       67.330999     -0.28558645      0.92748034      -2.8346033       16.745103        16.745103       1997.1344       1997.1344
  3.6621132e-14       1015.3087      -19.031175       73.565429     -0.35853904      0.88723223      -2.3931825       16.745103        16.745103       1997.1271       1997.1271
  4.2492478e-14       1015.1533      -19.261882       65.271677     -0.28542035       0.9146341      -2.7759549       16.745103        16.745103       1996.8164       1996.8164
  4.5991693e-14       1015.0675      -19.334891       64.869989     -0.40816517      0.82509211      -1.8703059       16.745103        16.745103       1996.6449       1996.6449
  4.8899849e-14       1014.9996      -19.123173       70.306487     -0.33540934      0.85466495       -2.265026       16.745103        16.745103       1996.5089       1996.5089
  4.9625018e-14       1014.9782      -19.203503       68.504743     -0.36857046      0.85321368      -2.1532416       16.745103        16.745103       1996.4662       1996.4662
  5.3452334e-14       1014.8973       -19.13007       71.052917     -0.40378001      0.81729969      -1.8399311       16.745103        16.745103       1996.3043       1996.3043
  6.7231548e-14       1014.6613      -19.251514       66.481095     -0.39352836      0.79570325      -1.7509391       16.745103        16.745103       1995.8323       1995.8323
     6.8859e-14       1014.6307      -19.391248       62.893186     -0.35445706      0.88722261      -2.4070467       16.745103        16.745103       1995.7712       1995.7712
  7.9522425e-14       1014.4801      -19.361912        62.19594     -0.27348266      0.96974019      -3.1475483       16.745103        16.745103         1995.47         1995.47
  9.1064059e-14       1014.3379      -19.379788       62.732896     -0.40295447      0.81007965      -1.7983579       16.745103        16.745103       1995.1856       1995.1856
  9.1403443e-14       1014.3276      -19.259566        65.31617     -0.27050115      0.96776956      -3.1462335       16.745103        16.745103       1995.1649       1995.1649
  9.4794722e-14       1014.2845      -19.437304       61.405201     -0.39033743      0.83788754      -2.0012195       16.745103        16.745103       1995.0787       1995.0787
  9.5727511e-14        1014.268      -19.250234       66.508822     -0.35427138      0.85285787      -2.2120207       16.745103        16.745103       1995.0459       1995.0459
  1.1844254e-13       1014.0485      -19.299048       64.720793     -0.31379353      0.88813928      -2.5213946       16.745103        16.745103       1994.6067       1994.6067
  1.2043119e-13       1014.0252      -19.284824       65.095041     -0.34387212      0.84138978      -2.1650388       16.745103        16.745103       1994.5601       1994.5601
  1.3372011e-13       1013.9139      -19.295857       65.052106     -0.42251482      0.79356657      -1.6392416       16.745103        16.745103       1994.3375       1994.3375
   1.479723e-13       1013.8059      -19.120245       69.620409     -0.29169841      0.93214156      -2.8590499       16.745103        16.745103       1994.1217       1994.1217
  1.5396809e-13       1013.7596      -19.304142       64.437598     -0.34846336      0.85253678      -2.2273731       16.745103        16.745103       1994.0289       1994.0289
  1.9239137e-13       1013.5301      -19.154905       69.699431     -0.31080941      0.94956315      -2.9170123       16.745103        16.745103       1993.5701       1993.5701
   2.054376e-13       1013.4579      -19.251261       65.481386     -0.24719074       1.0305786      -3.5912813       16.745103        16.745103       1993.4256       1993.4256
  2.2269994e-13       1013.3706      -19.143029       68.965672     -0.34248526      0.87890672      -2.3851491       16.745103        16.745103       1993.2509       1993.2509
  2.6513621e-13       1013.1895      -19.220072       66.851809     -0.27921437      0.95110212      -2.9965789       16.745103        16.745103       1992.8888       1992.8888
  3.3084308e-13       1012.9615      -19.223754        67.04974     -0.31450461      0.87156374      -2.4260501       16.745103        16.745103       1992.4327       1992.4327
  3.3599666e-13       1012.9394        -19.1542       68.971371     -0.33153809       0.8960662      -2.5162413       16.745103        16.745103       1992.3885       1992.3885
  3.5846501e-13        1012.868      -19.256666       65.168065     -0.26634248      0.99348177      -3.3018366       16.745103        16.745103       1992.2458       1992.2458
  3.7042739e-13       1012.8285      -19.188666       67.737026     -0.32447059      0.90786483      -2.6279844       16.745103        16.745103       1992.1668       1992.1668
  3.8400423e-13       1012.7859       -19.37422       62.720462     -0.37655891      0.85005093       -2.122085       16.745103        16.745103       1992.0815       1992.0815
  4.0591059e-13       1012.7237      -19.223503       66.689419     -0.27324304      0.97651277      -3.1933643       16.745103        16.745103       1991.9573       1991.9573
  4.2005614e-13       1012.6828      -19.369598       61.937031     -0.26722615      0.98733596      -3.2675637       16.745103        16.745103       1991.8755       1991.8755
  4.3643316e-13        1012.638        -19.1723        68.09333     -0.29432054      0.94941067      -2.9478802       16.745103        16.745103       1991.7857       1991.7857
  4.3378201e-13       1012.6374      -19.146019       69.203321     -0.34168755      0.86336092       -2.308442       16.745103        16.745103       1991.7846       1991.7846
  4.4317258e-13       1012.6093      -19.279147       65.453984     -0.29137817      0.93966713      -2.8975118       16.745103        16.745103       1991.7285       1991.7285
  5.1018815e-13       1012.4619      -19.223559       66.694091      -0.3282862      0.85758262      -2.3091951       16.745103        16.745103       1991.4335       1991.4335
  5.0792752e-13       1012.4597      -19.199312       68.034772     -0.42298259       0.8151779      -1.7646168       16.745103        16.745103       1991.4291       1991.4291
   5.716383e-13       1012.3349      -19.350606        64.02805     -0.36595494      0.85411276      -2.1748228       16.745103        16.745103       1991.1795       1991.1795
  5.9210739e-13        1012.293      -19.393996       61.759235     -0.33903865      0.88592877       -2.438671       16.745103        16.745103       1991.0959       1991.0959
  6.6610858e-13       1012.1686      -19.306809       64.624135     -0.36339915      0.82650687      -2.0272776       16.745103        16.745103        1990.847        1990.847
  6.8127131e-13       1012.1395      -19.034063       72.952443     -0.34467423      0.90228168      -2.5258708       16.745103        16.745103       1990.7887       1990.7887
  7.0099724e-13       1012.1043       -19.23736       66.749012     -0.28793086      0.94270108      -2.9383645       16.745103        16.745103       1990.7184       1990.7184
  7.3321346e-13       1012.0527      -19.205534       67.662126     -0.41140099      0.81707402      -1.8092799       16.745103        16.745103       1990.6152       1990.6152
  7.5680012e-13       1012.0144      -19.236533       66.630284     -0.31584649      0.90138657      -2.6147964       16.745103        16.745103       1990.5386       1990.5386
  7.8476831e-13       1011.9715      -19.195876       67.266213     -0.25035677       1.0055799      -3.4256868       16.745103        16.745103       1990.4527       1990.4527
  7.8465126e-13        1011.965      -19.286804       64.369126     -0.24721581       1.0125232      -3.4819311       16.745103        16.745103       1990.4397       1990.4397
  8.9895676e-13       1011.8223      -19.235773         66.0829     -0.33685633      0.88533731      -2.4387612       16.745103        16.745103       1990.1545       1990.1545
  9.4569022e-13        1011.765      -19.212039       66.918913     -0.26527042       1.0209358      -3.4989924       16.745103        16.745103       1990.0398       1990.0398
  9.5290067e-13       1011.7508      -19.148852       69.334572     -0.37538598      0.84055245      -2.0573436       16.745103        16.745103       1990.0113       1990.0113
  9.5519527e-13       1011.7417      -19.401426       61.748441     -0.30747091      0.93290035      -2.8160085       16.745103        16.745103       1989.9932       1989.9932
  1.0287485e-12       1011.6609      -19.184547       67.697508     -0.32160131      0.88814451      -2.5001813       16.745103        16.745103       1989.8316       1989.8316
  1.1531584e-12       1011.5401      -19.225361       67.501143     -0.34028896       0.8713085      -2.3594113       16.745103        16.745103         1989.59         1989.59
   1.161404e-12       1011.5263      -19.217055        68.02777     -0.34886318      0.86721269      -2.2986236       16.745103        16.745103       1989.5624       1989.5624
  1.1940044e-12        1011.492      -19.152836       69.578275     -0.32105875      0.88943425      -2.5205488       16.745103        16.745103       1989.4938       1989.4938
  1.2736488e-12       1011.4208      -19.216012        67.51211     -0.39626487       0.8152573      -1.8567917       16.745103        16.745103       1989.3513       1989.3513
  1.3354838e-12       1011.3667      -19.258898       65.380827     -0.28249752      0.93610735      -2.8988478       16.745103        16.745103       1989.2432       1989.2432
  1.5624469e-12       1011.2031      -19.295781       64.398384     -0.33908784      0.86285902      -2.3076769       16.745103        16.745103        1988.916        1988.916
  1.6442015e-12       1011.1455      -19.253502       66.237557     -0.33653958       0.8513356      -2.2426492       16.745103        16.745103       1988.8007       1988.8007
  1.7151985e-12       1011.0965       -19.28064       64.531138      -0.2992686       0.9241402      -2.7835402       16.745103        16.745103       1988.7029       1988.7029
  2.4010048e-12       1010.7535      -19.262034       65.557711     -0.27381975      0.94030521      -2.9560053       16.745103        16.745103       1988.0169       1988.0169
  2.4020267e-12       1010.7465      -19.220318       67.617411     -0.37165712      0.81768045      -1.9431951       16.745103        16.745103       1988.0027       1988.0027
  2.6753221e-12       1010.6321      -19.153657       68.489108     -0.26318204      0.99381459      -3.3184061       16.745103        16.745103       1987.7739       1987.7739
  2.7456034e-12       1010.5995      -19.237203        66.85909     -0.36759349      0.81670327      -1.9569134       16.745103        16.745103       1987.7088       1987.7088
  2.9767896e-12        1010.512      -19.342348       62.938098     -0.29320974      0.92563308      -2.8160955       16.745103        16.745103       1987.5338       1987.5338
  2.9622454e-12       1010.5103      -19.235013       67.096282     -0.33338825      0.86999586       -2.371982       16.745103        16.745103       1987.5303       1987.5303
  3.0734125e-12       1010.4668      -19.379694       61.901119     -0.29810922      0.93166497      -2.8366094       16.745103        16.745103       1987.4433       1987.4433
  3.1678817e-12       1010.4299      -19.237925       65.944194     -0.36765065      0.85919205      -2.1992541       16.745103        16.745103       1987.3695       1987.3695
  3.1715119e-12       1010.4221      -19.216222       67.908385     -0.32754472      0.89578797      -2.5365929       16.745103        16.745103       1987.3539       1987.3539
  3.2846429e-12       1010.3804      -19.202831        68.09266     -0.32537689      0.87915719      -2.4390687       16.745103        16.745103       1987.2705       1987.2705
  3.6817727e-12       1010.2596      -19.170405       69.336249     -0.42448055      0.79193907      -1.6270307       16.745103        16.745103        1987.029        1987.029
  3.8279049e-12        1010.214      -19.289901       64.754484     -0.27345273      0.97682919      -3.1942408       16.745103        16.745103       1986.9378       1986.9378
  4.0596565e-12       1010.1486      -19.393653        61.53713     -0.32553524      0.90060672      -2.5711977       16.745103        16.745103        1986.807        1986.807
   4.144023e-12       1010.1214      -19.141187       69.510215     -0.30381233      0.94379066      -2.8899381       16.745103        16.745103       1986.7526       1986.7526
  4.1459557e-12       1010.1143      -19.305021       63.892186     -0.26874272      0.96314262      -3.1108532       16.745103        16.745103       1986.7383       1986.7383
  4.4485235e-12       1010.0372      -19.080169       71.181639     -0.31554961       0.9156296      -2.6866329       16.745103        16.745103       1986.5842       1986.5842
  4.5808146e-12       1010.0012      -19.252581       66.525234     -0.37899978      0.81623515      -1.9092546       16.745103        16.745103       1986.5123       1986.5123
  4.5857636e-12       1009.9935      -19.288163       64.404071     -0.29752358       0.9284303      -2.8276894       16.745103        16.745103       1986.4968       1986.4968
  5.1740918e-12       1009.8662      -19.346271       63.727861     -0.33446598      0.87946968      -2.4154855       16.745103        16.745103       1986.2421       1986.2421
  5.9263455e-12       1009.7238      -19.142644       69.453554     -0.28144061      0.96098567      -3.0644396       16.745103        16.745103       1985.9573       1985.9573
  6.0104265e-12        1009.703      -19.143583       69.756587     -0.32429155      0.88135777      -2.4629519       16.745103        16.745103       1985.9159       1985.9159
  6.5652136e-12       1009.6081      -19.255267       66.603685     -0.36546653      0.82639157      -2.0159624       16.745103        16.745103        1985.726        1985.726
  7.4543892e-12       1009.4744        -19.4332       61.224755     -0.35761338      0.87100223      -2.2986966       16.745103        16.745103       1985.4587       1985.4587
   7.652264e-12       1009.4416      -19.310396       64.480409     -0.30800971       0.8986363      -2.6136217       16.745103        16.745103        1985.393        1985.393
  7.8659157e-12       1009.4074      -19.235552       65.836878     -0.32551335      0.93753562      -2.8079626       16.745103        16.745103       1985.3246       1985.3246
  1.1150381e-11       1009.0518      -19.192367       67.988918     -0.28730337      0.93515102      -2.8838442       16.745103        16.745103       1984.6135       1984.6135
  1.7864182e-11       1008.5739      -19.270041       66.144495     -0.41310203        0.794534      -1.6809126       16.745103        16.745103       1983.6575       1983.6575
  1.7817878e-11       1008.5698      -19.344393       63.880063       -0.372343      0.86825286      -2.2433546       16.745103        16.745103       1983.6494       1983.6494
  1.8964993e-11       1008.5008      -19.142009        69.02492     -0.35021837      0.86997769      -2.3149131       16.745103        16.745103       1983.5114       1983.5114
  1.9151021e-11       1008.4844      -19.123196       70.430372     -0.36229828      0.84122387      -2.1038311       16.745103        16.745103       1983.4786       1983.4786
  1.9061754e-11       1008.4824      -19.051906        72.31187     -0.35999649      0.88322826      -2.3671176       16.745103        16.745103       1983.4746       1983.4746
  1.9383061e-11        1008.459      -19.304978       64.539839     -0.35329285      0.84612393      -2.1723846       16.745103        16.745103       1983.4279       1983.4279
  2.0796161e-11        1008.382      -19.209221       68.270464      -0.3482505      0.87675502      -2.3635348       16.745103        16.745103       1983.2739       1983.2739
  2.0743526e-11       1008.3779      -19.289852       64.833634     -0.33966015      0.86140978      -2.2912142       16.745103        16.745103       1983.2656       1983.2656
  2.2831284e-11       1008.2754      -19.320973       63.841957     -0.26804747      0.98236065      -3.2324391       16.745103        16.745103       1983.0606       1983.0606
  2.2712152e-11        1008.274      -19.261155       66.701366     -0.44087153      0.78304419      -1.5187114       16.745103        16.745103       1983.0577       1983.0577
   2.273037e-11       1008.2665      -19.254136       65.717471     -0.32578881      0.90728981      -2.6207424       16.745103        16.745103       1983.0428       1983.0428
  2.6978857e-11       1008.0885      -19.328837       63.695092     -0.37793869       0.8341864      -2.0186938       16.745103        16.745103       1982.6869       1982.6869
  2.8238938e-11       1008.0362      -19.129357       70.094231      -0.3624259      0.85201309      -2.1767434       16.745103        16.745103       1982.5823       1982.5823
  3.0028081e-11       1007.9682      -19.455675       59.840838      -0.3180033      0.94835353      -2.8968753       16.745103        16.745103       1982.4461       1982.4461
  3.1126887e-11       1007.9256      -19.226044       66.761836     -0.31121546      0.89596887      -2.5752787       16.745103        16.745103       1982.3609       1982.3609
  3.4605921e-11        1007.813      -19.234632       66.257954     -0.30163693      0.89994629      -2.6388769       16.745103        16.745103       1982.1358       1982.1358
  3.9424778e-11        1007.676      -19.068462       72.648718     -0.40617876      0.82278564      -1.8610859       16.745103        16.745103       1981.8617       1981.8617
  3.9505183e-11       1007.6673      -19.199913       68.388294     -0.32149474      0.92288407      -2.7208206       16.745103        16.745103       1981.8444       1981.8444
  3.9782705e-11       1007.6536      -19.360796       62.509495     -0.32966357      0.91092563      -2.6307359       16.745103        16.745103       1981.8171       1981.8171
  4.1945552e-11       1007.5941      -19.277555       64.675884     -0.30739617      0.93782438       -2.844573       16.745103        16.745103       1981.6979       1981.6979
  4.2221518e-11       1007.5809       -19.27846       64.942861     -0.27296438      0.95219793      -3.0334829       16.745103        16.745103       1981.6715       1981.6715
   4.512598e-11       1007.5077      -19.105664        70.45759     -0.36092142      0.86346839      -2.2395033       16.745103        16.745103       1981.5252       1981.5252
  4.5519997e-11       1007.4923      -19.302334       64.562582     -0.30626689      0.89980692      -2.6264773       16.745103        16.745103       1981.4945       1981.4945
  4.9918096e-11       1007.3935      -19.413247       61.017314     -0.29666724      0.95613441      -2.9938951       16.745103        16.745103       1981.2967       1981.2967
  5.2007697e-11       1007.3458      -19.258453       65.826171     -0.34170054      0.84973995      -2.2231522       16.745103        16.745103       1981.2014       1981.2014
  5.6141888e-11       1007.2627      -19.258105       66.988935     -0.41291651       0.8026899       -1.724259       16.745103        16.745103       1981.0351       1981.0351
  6.1275252e-11       1007.1685      -19.113487       70.255398     -0.35884167      0.85586223      -2.2016386       16.745103        16.745103       1980.8469       1980.8469
  6.7079007e-11       1007.0714      -19.161388       68.732682     -0.30327795      0.90553985      -2.6593659       16.745103        16.745103       1980.6526       1980.6526
  8.1148112e-11       1006.8743      -19.320384       63.545299     -0.29972513      0.92051222      -2.7656173       16.745103        16.745103       1980.2585       1980.2585
  8.1020493e-11       1006.8693       -19.25033       65.766539     -0.32505825      0.92877652      -2.7552911       16.745103        16.745103       1980.2483       1980.2483
  8.6271972e-11       1006.7998      -19.257668       65.623347     -0.26597861      0.97880962      -3.2206087       16.745103        16.745103       1980.1095       1980.1095
  8.7742594e-11       1006.7763      -19.221605       66.361544     -0.27631569       1.0066777      -3.3703092       16.745103        16.745103       1980.0624       1980.0624
  1.0410557e-10       1006.5986      -19.474246       60.038164     -0.35979915      0.88798634      -2.3975995       16.745103        16.745103       1979.7071       1979.7071
  1.1160945e-10       1006.5224      -19.186297       68.019499     -0.32746123      0.86706496       -2.364514       16.745103        16.745103       1979.5546       1979.5546
  1.2490289e-10       1006.4032      -19.296251       64.400576      -0.2655656      0.99788539      -3.3354536       16.745103        16.745103       1979.3162       1979.3162
  1.2781221e-10       1006.3736      -19.226361       66.231255     -0.30660789      0.91879154      -2.7302288       16.745103        16.745103       1979.2569       1979.2569
  1.2710022e-10       1006.3725      -19.124569       69.486667     -0.32344423      0.92675711      -2.7426025       16.745103        16.745103       1979.2548       1979.2548
  1.2843899e-10       1006.3554      -19.294694       64.132141     -0.29293793      0.93766322      -2.8922252       16.745103        16.745103       1979.2205       1979.2205
  1.3732985e-10       1006.2818       -19.17195       69.329543     -0.35889525      0.85476008      -2.1941417       16.745103        16.745103       1979.0734       1979.0734
  1.4430427e-10       1006.2256      -19.389752       62.855402     -0.37879587      0.85266676      -2.1261002       16.745103        16.745103        1978.961        1978.961
   1.457946e-10       1006.2087      -19.108082       70.027469     -0.32431802      0.93104909       -2.766384       16.745103        16.745103       1978.9272       1978.9272
  1.4727682e-10       1006.1919      -19.108293       70.508958     -0.30754918      0.91743017      -2.7219442       16.745103        16.745103       1978.8937       1978.8937
  1.5518016e-10        1006.133      -19.190385        67.23235     -0.34914776      0.89316324      -2.4584762       16.745103        16.745103       1978.7758       1978.7758
  1.8895565e-10       1005.9294      -19.239332       66.696274     -0.32146946      0.87649445      -2.4383346       16.745103        16.745103       1978.3687       1978.3687
  1.8787593e-10       1005.9285      -19.194887       68.265454     -0.34813515      0.85916036      -2.2500318       16.745103        16.745103       1978.3669       1978.3669
  1.8698218e-10       1005.9267      -19.047036       73.022594     -0.36869775      0.87345461      -2.2810638       16.745103        16.745103       1978.3631       1978.3631
   1.889451e-10       1005.9096      -19.132881       69.563576     -0.31665896       0.9144641      -2.6863803       16.745103        16.745103       1978.3289       1978.3289
  1.8875153e-10       1005.9039      -19.208333       66.728172     -0.26623215      0.99649889      -3.3255434       16.745103        16.745103       1978.3177       1978.3177
   1.908935e-10        1005.886       -19.21956       67.965751     -0.34141497      0.90238899      -2.5357231       16.745103        16.745103       1978.2818       1978.2818
  2.0541652e-10        1005.806      -19.266535       65.260529      -0.3327968       0.9187956      -2.6709287       16.745103        16.745103       1978.1219       1978.1219
  2.5046276e-10       1005.6011      -19.236915       65.756692     -0.30036549      0.94841801      -2.9423817       16.745103        16.745103       1977.7121       1977.7121
  2.6531041e-10       1005.5369      -19.102513       71.059241     -0.34901534      0.86098694      -2.2654858       16.745103        16.745103       1977.5836       1977.5836
  3.4364778e-10       1005.2715      -19.212557       67.774591     -0.35055947      0.84808471      -2.1892985       16.745103        16.745103       1977.0529       1977.0529
  3.5521817e-10       1005.2318      -19.353813       63.611612     -0.33853804      0.90375101      -2.5590814       16.745103        16.745103       1976.9734       1976.9734
  3.6039259e-10       1005.2107      -19.171709       67.842232     -0.28982118      0.95100282      -2.9788625       16.745103        16.745103       1976.9311       1976.9311
  3.7164923e-10       1005.1733      -19.337443       63.564789     -0.38731165      0.86965549      -2.2053847       16.745103        16.745103       1976.8563       1976.8563
  3.9893303e-10       1005.0958      -19.425254       61.314993     -0.34429244      0.88837248      -2.4442421       16.745103        16.745103       1976.7014       1976.7014
  4.5337093e-10       1004.9612       -19.25315       65.627188     -0.26259713       1.0233432       -3.513779       16.745103        16.745103       1976.4322       1976.4322
  4.5094631e-10       1004.9599      -19.303073       64.379989     -0.29502201      0.92563827      -2.8148842       16.745103        16.745103       1976.4297       1976.4297
  4.7411762e-10       1004.9032      -19.312395        64.21305     -0.31193902      0.95052366      -2.9154033       16.745103        16.745103       1976.3162       1976.3162
  4.8807559e-10       1004.8675      -19.146589       68.878132     -0.29810846       0.9340549      -2.8476068       16.745103        16.745103       1976.2449       1976.2449
   4.897429e-10       1004.8575      -19.145451       69.282483     -0.39418225      0.83066125      -1.9467688       16.745103        16.745103       1976.2247       1976.2247
  4.9236086e-10       1004.8455      -19.089723       71.695172     -0.38564658      0.83525187        -1.99723       16.745103        16.745103       1976.2008       1976.2008
  5.6616228e-10       1004.6992      -19.176838       68.066296     -0.34851038      0.86412194      -2.2873199       16.745103        16.745103       1975.9082       1975.9082
    5.66227e-10       1004.6924      -19.175814       68.128411     -0.35921654      0.86124447      -2.2312358       16.745103        16.745103       1975.8946       1975.8946
  8.0176083e-10        1004.338      -19.445916       60.035508     -0.31960161      0.95293904      -2.9183834       16.745103        16.745103       1975.1857       1975.1857
  8.4862341e-10       1004.2745      -19.177787       69.154103     -0.37206746      0.85117309      -2.1404887       16.745103        16.745103       1975.0588       1975.0588
  1.0450205e-09       1004.0597      -19.343309        63.79085     -0.32267493      0.90839302      -2.6294512       16.745103        16.745103       1974.6292       1974.6292
  1.0475656e-09       1004.0506      -19.267323       65.315663     -0.31914505      0.89569298       -2.567054       16.745103        16.745103        1974.611        1974.611
   1.148442e-09        1003.952        -19.2592       66.131263     -0.33039114      0.88704038      -2.4675991       16.745103        16.745103       1974.4139       1974.4139
  1.2077732e-09        1003.895      -19.064183       71.972769     -0.34227327      0.89213031      -2.4703286       16.745103        16.745103       1974.2998       1974.2998
  1.2013097e-09       1003.8937      -19.167743       69.059009     -0.31066298       0.9278523      -2.7760601       16.745103        16.745103       1974.2973       1974.2973
  1.5035176e-09       1003.6627      -19.263069       65.227841      -0.3394472      0.89630922      -2.5110084       16.745103        16.745103       1973.8352       1973.8352
  1.5148527e-09       1003.6485      -19.312036       65.046361     -0.40845786      0.80921989      -1.7747504       16.745103        16.745103       1973.8069       1973.8069
  1.5587875e-09       1003.6133      -19.309972       63.684213     -0.27987213      0.98642432      -3.2280167       16.745103        16.745103       1973.7364       1973.7364
   1.558889e-09       1003.6066      -19.233062       66.212121     -0.29580398      0.92302722      -2.7873825       16.745103        16.745103        1973.723        1973.723
  1.5936508e-09       1003.5779      -19.167577        68.23332     -0.33009962      0.90110427      -2.5660735       16.745103        16.745103       1973.6656       1973.6656
  1.6321105e-09       1003.5474      -19.226469       67.025692     -0.40291794      0.81716005      -1.8372742       16.745103        16.745103       1973.6046       1973.6046
   1.705774e-09       1003.4966      -19.104526       71.178792      -0.3548956      0.86604783      -2.2791658       16.745103        16.745103        1973.503        1973.503
  1.9203469e-09       1003.3715      -19.143719       69.593215     -0.40033212      0.81826602      -1.8551658       16.745103        16.745103       1973.2528       1973.2528
  1.9298342e-09       1003.3599       -19.33645       63.838978     -0.33812233       0.8722489      -2.3657632       16.745103        16.745103       1973.2296       1973.2296
  1.9255706e-09       1003.3555      -19.260748       65.205827     -0.26099967       1.0166938      -3.4728796       16.745103        16.745103       1973.2208       1973.2208
   1.991283e-09       1003.3153      -19.197927       68.506295     -0.36145935      0.84881051      -2.1540504       16.745103        16.745103       1973.1404       1973.1404
  2.2396432e-09       1003.1911      -19.339125       63.895596     -0.30639953      0.96038443      -2.9989003       16.745103        16.745103        1972.892        1972.892
  2.6267853e-09        1003.025      -19.293417       65.349146     -0.41489547      0.82443587      -1.8456781       16.745103        16.745103       1972.5598       1972.5598
  2.7352427e-09       1002.9779      -19.112726       70.745715     -0.36040089      0.85593392      -2.1957875       16.745103        16.745103       1972.4656       1972.4656
  2.9039669e-09       1002.9114      -19.160633       68.490272     -0.34707156      0.88380013      -2.4027944       16.745103        16.745103       1972.3326       1972.3326
  2.8974049e-09        1002.907      -19.157828       69.084393     -0.35003167      0.88833708      -2.4317214       16.745103        16.745103       1972.3238       1972.3238
  2.9369504e-09       1002.8868      -19.258011       65.927288     -0.33720215      0.86402504      -2.3152069       16.745103        16.745103       1972.2834       1972.2834
  3.0773918e-09       1002.8335      -19.234312       66.923147     -0.36095371      0.83464365      -2.0766498       16.745103        16.745103       1972.1767       1972.1767
  3.0928242e-09       1002.8218      -19.110552       70.910425     -0.34989671      0.86781685      -2.3043287       16.745103        16.745103       1972.1534       1972.1534
  3.0969801e-09       1002.8138      -19.257279       66.113267     -0.35080154      0.85195423      -2.2022309       16.745103        16.745103       1972.1375       1972.1375
  3.1144014e-09       1002.8016      -19.126875       69.945168     -0.31129313      0.94526331      -2.8839124       16.745103        16.745103        1972.113        1972.113
  3.3562931e-09       1002.7201      -19.166489       69.671926     -0.36400225      0.87284818      -2.2886752       16.745103        16.745103       1971.9501       1971.9501
  3.4522441e-09       1002.6853      -19.274621       65.667115     -0.35458151      0.84746352      -2.1744955       16.745103        16.745103       1971.8804       1971.8804
  3.8764187e-09       1002.5628      -19.208496       68.012171     -0.36136157       0.8483225      -2.1574589       16.745103        16.745103       1971.6353       1971.6353
  4.0123992e-09       1002.5217      -19.184328       67.875635     -0.29701789      0.92481991      -2.8014305       16.745103        16.745103       1971.5531       1971.5531
  4.1556391e-09       1002.4799      -19.144172       68.963697     -0.32802569      0.93972436      -2.8132421       16.745103        16.745103       1971.4697       1971.4697
  4.1337185e-09       1002.4786      -19.131379       70.824887     -0.41562264      0.81596682      -1.7912622       16.745103        16.745103       1971.4669       1971.4669
   4.597972e-09       1002.3655      -19.402312       61.315098     -0.31436025       0.9301136      -2.7843165       16.745103        16.745103       1971.2408       1971.2408
  4.7449862e-09       1002.3274      -19.204241       67.894051     -0.35757255      0.85140573      -2.1765107       16.745103        16.745103       1971.1645       1971.1645
  4.7818364e-09        1002.313      -19.252565       65.976911     -0.38768815      0.83795816      -2.0069831       16.745103        16.745103       1971.1358       1971.1358
   5.472003e-09       1002.1715      -19.358838       63.283898     -0.37837453      0.86455578      -2.1958657       16.745103        16.745103       1970.8529       1970.8529
  5.9050793e-09       1002.0887      -19.261603       66.332309     -0.33596106      0.89447481      -2.5093861       16.745103        16.745103       1970.6872       1970.6872
  6.1238059e-09       1002.0457      -19.183003       68.284393     -0.33919277      0.92102976      -2.6582491       16.745103        16.745103       1970.6012       1970.6012
   7.471074e-09       1001.8402      -19.429394       60.915732     -0.35865929      0.87699209      -2.3338156       16.745103        16.745103       1970.1902       1970.1902
  7.6128942e-09       1001.8148      -19.189203       67.507427     -0.32930231      0.92932268      -2.7448563       16.745103        16.745103       1970.1393       1970.1393
  8.4465852e-09       1001.7042      -19.352112       63.167038     -0.29108119      0.96559523      -3.0695042       16.745103        16.745103       1969.9182       1969.9182
  1.1990539e-08       1001.3472      -19.164729       69.535204     -0.36912519      0.84471565      -2.1088691       16.745103        16.745103       1969.2042       1969.2042
  1.2070483e-08       1001.3339      -19.291801       64.757458     -0.27311005       1.0018241      -3.3487951       16.745103        16.745103       1969.1776       1969.1776
  1.2038554e-08       1001.3299      -19.245045       66.166412     -0.28933737      0.93647589      -2.8887767       16.745103        16.745103       1969.1696       1969.1696
  1.2343638e-08       1001.2982      -19.383337       61.967358     -0.29220862      0.96786137      -3.0802178       16.745103        16.745103       1969.1063       1969.1063
  1.3024218e-08       1001.2379      -19.161114       68.937666     -0.30559163      0.94123147      -2.8715438       16.745103        16.745103       1968.9856       1968.9856
  1.4127038e-08         1001.15      -19.232178        66.42978     -0.28634869      0.94024183      -2.9227917       16.745103        16.745103       1968.8098       1968.8098
   1.417788e-08       1001.1398      -19.240204       67.076251     -0.38252545      0.82974718       -1.974509       16.745103        16.745103       1968.7893       1968.7893
  1.4833704e-08       1001.0879      -19.203239       67.017422      -0.2924666      0.94545471      -2.9340843       16.745103        16.745103       1968.6856       1968.6856
  1.4926954e-08        1001.075      -19.212766       66.678435     -0.31854451      0.91841325      -2.7046289       16.745103        16.745103       1968.6598       1968.6598
  1.5203386e-08         1001.05      -19.384976       61.724857     -0.32307698      0.91873565      -2.6927546       16.745103        16.745103       1968.6098       1968.6098
  1.6680244e-08       1000.9506      -19.232059       66.943162     -0.36328758      0.90186471      -2.4772198       16.745103        16.745103       1968.4111       1968.4111
  1.6744516e-08       1000.9401      -19.179982       67.880969     -0.29438461      0.93453082      -2.8641512       16.745103        16.745103       1968.3901       1968.3901
  1.7458381e-08       1000.8918      -19.115794       70.346493     -0.34746008      0.91210985      -2.5847872       16.745103        16.745103       1968.2933       1968.2933
  1.9775442e-08       1000.7605      -19.290519       65.963963      -0.4000816      0.83511555      -1.9532309       16.745103        16.745103       1968.0308       1968.0308
  2.2315875e-08        1000.633      -19.266198       65.529942     -0.32941175      0.87630626      -2.4170696       16.745103        16.745103       1967.7758       1967.7758
  2.2836089e-08       1000.6033      -19.370124       62.779768     -0.37900793      0.84405977      -2.0715444       16.745103        16.745103       1967.7164       1967.7164
  2.3695384e-08       1000.5597      -19.306105       63.963209     -0.36762459      0.87724865      -2.3097419       16.745103        16.745103       1967.6292       1967.6292
  2.5004276e-08       1000.4993       -19.39037       62.058094     -0.31365809      0.93412394      -2.8096013       16.745103        16.745103       1967.5084       1967.5084
  2.7113968e-08       1000.4117      -19.180748       68.830751     -0.36898854      0.83833857      -2.0682569       16.745103        16.745103       1967.3331       1967.3331
  2.7752194e-08       1000.3817      -19.278604       64.696767     -0.30747751      0.93216575      -2.8113283       16.745103        16.745103       1967.2733       1967.2733
  2.8250253e-08       1000.3573      -19.080268       71.560444     -0.37939935      0.85633137      -2.1449671       16.745103        16.745103       1967.2244       1967.2244
   2.868083e-08       1000.3355      -19.118557       70.159448     -0.31519523      0.92329454      -2.7417747       16.745103        16.745103       1967.1809       1967.1809
  2.9428231e-08       1000.3032      -19.189269       67.335792      -0.2900931      0.97135053      -3.1127964       16.745103        16.745103       1967.1161       1967.1161
  2.9886523e-08       1000.2811      -19.251702       65.820594     -0.28236727      0.98345481      -3.2016006       16.745103        16.745103       1967.0719       1967.0719
  3.3253374e-08       1000.1677      -19.239359       66.433739     -0.33556793      0.86921977      -2.3512396       16.745103        16.745103       1966.8452       1966.8452
  4.2722136e-08       999.91048      -19.335356       63.390702     -0.29943156      0.94295752      -2.9003752       16.745103        16.745103       1966.3307       1966.3307
  4.4962925e-08       999.85271      -19.279646       65.500685     -0.32746824      0.94190316      -2.8309615       16.745103        16.745103       1966.2152       1966.2152
  4.9428304e-08       999.75138        -19.2048       66.876224     -0.30322955       0.9386267      -2.8642081       16.745103        16.745103       1966.0126       1966.0126
  5.0310308e-08       999.72705      -19.241535       66.142555     -0.28721716      0.94598308       -2.958977       16.745103        16.745103       1965.9639       1965.9639
  5.3690911e-08       999.65537      -19.196704       68.262331     -0.34021766      0.87865007      -2.3997011       16.745103        16.745103       1965.8205       1965.8205
  6.6027365e-08        999.4419      -19.156369       68.960842      -0.3673798      0.86000195      -2.1992077       16.745103        16.745103       1965.3936       1965.3936
  7.7771622e-08       999.27155      -19.324651       63.309551      -0.2880488      0.96524074      -3.0787874       16.745103        16.745103       1965.0529       1965.0529
  8.6020115e-08        999.1641      -19.124596       70.583758     -0.34707668      0.89087398      -2.4467196       16.745103        16.745103        1964.838        1964.838
  9.3356531e-08       999.07561       -19.32289       63.528397     -0.34038785      0.89639249      -2.5077301       16.745103        16.745103        1964.661        1964.661
  9.3226126e-08       999.07036      -19.194517       68.757782     -0.35721601      0.89313038      -2.4356276       16.745103        16.745103       1964.6505       1964.6505
  9.9323665e-08       999.00036      -19.277034       65.259685      -0.3044264        0.979814      -3.1356546       16.745103        16.745103       1964.5105       1964.5105
  1.0156418e-07       998.97141      -19.355724       62.302892     -0.32352237      0.94461933       -2.856977       16.745103        16.745103       1964.4526       1964.4526
  1.0811344e-07       998.90228      -19.438593       60.547595     -0.31547185      0.95131172      -2.9206524       16.745103        16.745103       1964.3143       1964.3143
  1.1022676e-07       998.87627      -19.379993       62.310999     -0.32865842      0.92682398      -2.7318848       16.745103        16.745103       1964.2623       1964.2623
  1.1571371e-07       998.82105      -19.381938       62.358171     -0.32346761      0.93536276      -2.7913958       16.745103        16.745103       1964.1519       1964.1519
  1.1755075e-07       998.79865      -19.178839       68.088206      -0.2959705      0.95516605      -2.9954124       16.745103        16.745103       1964.1071       1964.1071
  1.2588578e-07        998.7235      -19.179066       68.559674     -0.36833304      0.87898473      -2.3136139       16.745103        16.745103       1963.9568       1963.9568
  1.2575781e-07       998.71788      -19.262706       65.761435     -0.32974018      0.90407076      -2.5733264       16.745103        16.745103       1963.9455       1963.9455
  1.2907423e-07        998.6852      -19.120036        70.28341      -0.3260945      0.91399319      -2.6547415       16.745103        16.745103       1963.8802       1963.8802
  1.3597521e-07       998.62647      -19.264074       65.920773     -0.33696917      0.88588633      -2.4425828       16.745103        16.745103       1963.7627       1963.7627
  1.3567174e-07       998.62206      -19.196811       68.498542     -0.38147522      0.86415998      -2.1850431       16.745103        16.745103       1963.7539       1963.7539
  1.4151927e-07       998.57322      -19.282164       65.829524     -0.33412974      0.90352021      -2.5648591       16.745103        16.745103       1963.6562       1963.6562
  1.4102999e-07       998.57004      -19.235734       66.834884     -0.35656576      0.84575881      -2.1532779       16.745103        16.745103       1963.6499       1963.6499
  1.5932519e-07       998.44142      -19.361074       62.849206     -0.32702218      0.90308888      -2.5867691       16.745103        16.745103       1963.3926       1963.3926
  1.6234395e-07       998.41601      -19.220094       66.873774     -0.29020664      0.97126027      -3.1139376       16.745103        16.745103       1963.3418       1963.3418
  1.7601551e-07       998.32851      -19.304643       64.991884     -0.32408372      0.94308738      -2.8416843       16.745103        16.745103       1963.1668       1963.1668
  1.8407232e-07       998.27711      -19.390931       62.150124     -0.35108602      0.91836754      -2.6164944       16.745103        16.745103        1963.064        1963.064
  1.8341036e-07       998.27406      -19.227603        66.11315     -0.29470916      0.95702034      -3.0084508       16.745103        16.745103       1963.0579       1963.0579
  1.9100839e-07       998.22683      -19.235611       67.277581     -0.33421555      0.92668333      -2.7112615       16.745103        16.745103       1962.9634       1962.9634
  2.0778333e-07         998.136      -19.150213       69.168919     -0.30461303      0.93635781      -2.8453388       16.745103        16.745103       1962.7818       1962.7818
  2.3438162e-07       998.00891      -19.172687        67.96378     -0.30354454      0.93805884      -2.8629721       16.745103        16.745103       1962.5276       1962.5276
  2.4293779e-07       997.96641      -19.172068       68.070419      -0.3398923       0.8905227      -2.4682984       16.745103        16.745103       1962.4426       1962.4426
  2.6308174e-07        997.8801      -19.205697       67.920805     -0.33350742      0.90679263      -2.5815352       16.745103        16.745103         1962.27         1962.27
  2.6273221e-07       997.87479      -19.189981       67.915375     -0.33307792      0.87771254      -2.4137463       16.745103        16.745103       1962.2594       1962.2594
  2.6200613e-07       997.87091      -19.162536       68.496633     -0.31809883      0.93853354       -2.832435       16.745103        16.745103       1962.2516       1962.2516
  2.7392969e-07       997.81976      -19.204343        67.66862     -0.36835031      0.84454856      -2.1051473       16.745103        16.745103       1962.1493       1962.1493
  2.7408418e-07       997.81255      -19.253146       66.788821     -0.38553194      0.83610621      -2.0090492       16.745103        16.745103       1962.1349       1962.1349
  2.7533448e-07       997.80136      -19.311418       64.544883     -0.33984841      0.87641748      -2.3876937       16.745103        16.745103       1962.1125       1962.1125
  3.1107291e-07       997.67267      -19.217146       67.075841     -0.34384246      0.91527953      -2.6096656       16.745103        16.745103       1961.8551       1961.8551
  3.2232781e-07       997.63049      -19.294621       64.282603     -0.30579282      0.92853457      -2.7975882       16.745103        16.745103       1961.7708       1961.7708
  3.2477324e-07       997.61628      -19.385057       61.850477     -0.31248193      0.93526798      -2.8213308       16.745103        16.745103       1961.7424       1961.7424
  3.3273633e-07       997.58542      -19.258082       65.718963     -0.32039281      0.89852785      -2.5783564       16.745103        16.745103       1961.6806       1961.6806
  3.4681465e-07       997.53733      -19.256764       65.585049     -0.27518607      0.98394786        -3.22542       16.745103        16.745103       1961.5845       1961.5845
  3.4744493e-07       997.52887       -19.24711       65.728053     -0.29055164      0.96192936      -3.0428965       16.745103        16.745103       1961.5675       1961.5675
  3.6772969e-07       997.46548      -19.314608       64.924679     -0.37558949      0.85874936      -2.1684221       16.745103        16.745103       1961.4408       1961.4408
  3.6980529e-07       997.45321      -19.305195       64.838095     -0.39464152      0.82115392      -1.8898899       16.745103        16.745103       1961.4162       1961.4162
  4.2199642e-07       997.31455      -19.343937       63.089748     -0.28425205       1.0006296      -3.3169661       16.745103        16.745103       1961.1389       1961.1389
  4.2367666e-07       997.30393      -19.238698       66.571075     -0.35008219      0.86237814      -2.2652835       16.745103        16.745103       1961.1177       1961.1177
  4.6254053e-07       997.20952      -19.257234       65.689342     -0.29941874      0.93979086      -2.8909326       16.745103        16.745103       1960.9288       1960.9288
  4.6243683e-07        997.2031      -19.223679       67.096585     -0.36117564       0.8599261      -2.2272286       16.745103        16.745103        1960.916        1960.916
  6.2027158e-07       996.90281      -19.386522        61.51203     -0.31243683      0.95610921      -2.9578606       16.745103        16.745103       1960.3154       1960.3154
  6.5458472e-07       996.84232      -19.439719       60.574916     -0.34347258      0.91893138      -2.6370413       16.745103        16.745103       1960.1944       1960.1944
  7.2041273e-07       996.73985       -19.22295       67.322912     -0.37278023      0.83674921      -2.0531931       16.745103        16.745103       1959.9895       1959.9895
  7.7163173e-07       996.66452      -19.387656       62.603265     -0.35612193       0.8870718      -2.4040752       16.745103        16.745103       1959.8388       1959.8388
  7.6687083e-07       996.66407      -19.239294       66.126071     -0.33893178      0.88215857      -2.4188175       16.745103        16.745103       1959.8379       1959.8379
  7.8446202e-07       996.63474      -19.370766        62.37981     -0.35734706      0.88308067      -2.3766833       16.745103        16.745103       1959.7793       1959.7793
  7.9523833e-07       996.61446      -19.394048       62.605983     -0.38854488       0.8552944      -2.1121622       16.745103        16.745103       1959.7387       1959.7387
  7.9026008e-07       996.61409      -19.384187       61.680577     -0.31770588      0.93879654      -2.8311362       16.745103        16.745103        1959.738        1959.738
  7.9297845e-07       996.60401      -19.172632       68.626266     -0.30611806      0.93723055      -2.8531207       16.745103        16.745103       1959.7178       1959.7178
  8.9050339e-07       996.48138      -19.346613       62.890171     -0.31170271      0.93336849      -2.8095506       16.745103        16.745103       1959.4725       1959.4725
   9.785253e-07       996.38047      -19.190962       67.492254     -0.36699507      0.88269208      -2.3440017       16.745103        16.745103       1959.2707       1959.2707
  9.7502615e-07       996.37741      -19.248711       66.674099     -0.34920987      0.86827453      -2.3041796       16.745103        16.745103       1959.2646       1959.2646
  9.9445472e-07       996.35104      -19.272903       65.133539     -0.28594584       0.9879174      -3.2328502       16.745103        16.745103       1959.2119       1959.2119
  9.8795589e-07       996.35095      -19.227072       66.581804     -0.30472199       0.9636773      -3.0202436       16.745103        16.745103       1959.2117       1959.2117
  1.0142741e-06       996.31801      -19.136471       69.575315     -0.30794319       0.9523581      -2.9440329       16.745103        16.745103       1959.1458       1959.1458
  1.0582292e-06       996.26894      -19.273249       65.094128     -0.28624536       1.0004419      -3.3136693       16.745103        16.745103       1959.0477       1959.0477
  1.0649843e-06       996.25594      -19.168101       68.891136      -0.3320854      0.88578183      -2.4604542       16.745103        16.745103       1959.0217       1959.0217
  1.0712053e-06       996.24347      -19.144968       69.203624     -0.31253383       0.9253351      -2.7558268       16.745103        16.745103       1958.9967       1958.9967
    1.12127e-06       996.19115      -19.154789       69.546648     -0.37908387       0.8614237      -2.1795115       16.745103        16.745103       1958.8921       1958.8921
  1.1198851e-06       996.18574      -19.220043       67.481503     -0.37851141      0.85012516      -2.1146557       16.745103        16.745103       1958.8813       1958.8813
  1.4134211e-06       995.94631      -19.302002        64.80157     -0.33393147      0.89141795       -2.487149       16.745103        16.745103       1958.4024       1958.4024
   1.429371e-06       995.92844      -19.264176       65.202384     -0.29577295      0.94558636      -2.9286898       16.745103        16.745103       1958.3667       1958.3667
  1.4872162e-06       995.88212      -19.213539       66.923196     -0.30117958      0.96012974      -3.0150509       16.745103        16.745103        1958.274        1958.274
  1.4899084e-06       995.87367      -19.182989       68.537655     -0.34049889      0.90010039      -2.5304069       16.745103        16.745103       1958.2571       1958.2571
  1.5179021e-06       995.84841      -19.416606       61.034627     -0.32801362      0.92335322      -2.7077642       16.745103        16.745103       1958.2066       1958.2066
  1.7089755e-06        995.7232      -19.307648       64.334742     -0.35808777      0.87058185      -2.2909693       16.745103        16.745103       1957.9562       1957.9562
  1.7565242e-06       995.68911      -19.336618       63.515442     -0.36343941      0.86150025      -2.2226101       16.745103        16.745103        1957.888        1957.888
   1.805475e-06       995.65498      -19.280369        65.12595     -0.30195864      0.94277442      -2.9028024       16.745103        16.745103       1957.8198       1957.8198
  1.8679725e-06       995.61431      -19.331819       64.172708     -0.36185652      0.89479102      -2.4326562       16.745103        16.745103       1957.7384       1957.7384
  1.9811978e-06       995.54882      -19.327733       64.142338      -0.3417766      0.93159196      -2.7246731       16.745103        16.745103       1957.6074       1957.6074
  2.0210066e-06       995.52228      -19.392514        62.09185     -0.32570645      0.91898616      -2.6862824       16.745103        16.745103       1957.5543       1957.5543
  2.1708652e-06        995.4441      -19.189205       67.724029     -0.31597681      0.92839824      -2.7638461       16.745103        16.745103        1957.398        1957.398
   2.219045e-06       995.41551       -19.21311       67.197621     -0.32242331      0.95152748      -2.9007399       16.745103        16.745103       1957.3408       1957.3408
  2.2107149e-06       995.41262      -19.226276       66.427088     -0.30243564      0.93041741      -2.8187966       16.745103        16.745103        1957.335        1957.335
   2.242572e-06       995.39167      -19.225336        66.42405     -0.30607706       0.9616762      -3.0045624       16.745103        16.745103       1957.2931       1957.2931
  2.2573693e-06       995.37845      -19.343533       63.307254     -0.32954754      0.94602955      -2.8522845       16.745103        16.745103       1957.2667       1957.2667
  2.3327773e-06       995.33895      -19.230687       66.267685     -0.30866482      0.94923675      -2.9262475       16.745103        16.745103       1957.1877       1957.1877
   2.321933e-06       995.33696      -19.276534       65.044182     -0.33157159      0.91953502       -2.667588       16.745103        16.745103       1957.1837       1957.1837
  2.3228091e-06       995.32994      -19.158577       69.654588     -0.40668699      0.81538886      -1.8172894       16.745103        16.745103       1957.1697       1957.1697
  2.3248416e-06       995.32242       -19.30533        64.93417     -0.34004685      0.88666256      -2.4430948       16.745103        16.745103       1957.1546       1957.1546
  2.3271292e-06       995.31479      -19.314212       64.419322     -0.36016732       0.8577054      -2.2152856       16.745103        16.745103       1957.1394       1957.1394
  2.4031407e-06       995.27601      -19.388732       61.584403      -0.3080584      0.97275233      -3.0784385       16.745103        16.745103       1957.0618       1957.0618
    2.42338e-06       995.26098      -19.353901       63.470849     -0.37321643      0.86269119      -2.2056404       16.745103        16.745103       1957.0317       1957.0317
  2.4516015e-06       995.24275      -19.363848        63.40263     -0.35840108      0.88456606      -2.3815908       16.745103        16.745103       1956.9953       1956.9953
   2.572841e-06       995.18784      -19.314983       64.632179     -0.34714194        0.878585      -2.3786591       16.745103        16.745103       1956.8855       1956.8855
  2.5900248e-06       995.17454      -19.218897        66.87061     -0.31011208      0.92340973      -2.7590116       16.745103        16.745103       1956.8589       1956.8589
  2.6191022e-06       995.15673      -19.112511       70.844889      -0.3669438      0.86559416      -2.2399585       16.745103        16.745103       1956.8233       1956.8233
  2.6673753e-06       995.13182      -19.276711       66.084558     -0.41793089      0.81216077         -1.7614       16.745103        16.745103       1956.7734       1956.7734
  2.6751737e-06       995.12226      -19.291087       64.918612     -0.36536128      0.86349624      -2.2264399       16.745103        16.745103       1956.7543       1956.7543
  2.9224172e-06       995.02722      -19.358029        63.30097     -0.34043813      0.89530834      -2.4995719       16.745103        16.745103       1956.5642       1956.5642
  2.9141151e-06       995.02342      -19.328218         63.8699      -0.3075646      0.95372763      -2.9578201       16.745103        16.745103       1956.5566       1956.5566
  2.9200888e-06       995.01472      -19.294019       65.500684       -0.361473      0.88662503      -2.3864673       16.745103        16.745103       1956.5392       1956.5392
  2.9406896e-06       995.00105      -19.379504       62.051903     -0.30530414      0.95877844      -2.9896447       16.745103        16.745103       1956.5119       1956.5119
  2.9769862e-06       994.98214       -19.40241         62.1461     -0.37905921      0.87044208      -2.2325687       16.745103        16.745103       1956.4741       1956.4741
  3.1690076e-06       994.91299      -19.210019       67.306172     -0.30780219      0.97178408      -3.0721709       16.745103        16.745103       1956.3358       1956.3358
  3.2454123e-06       994.88252      -19.291656       64.900777     -0.31476553      0.91941809      -2.7121433       16.745103        16.745103       1956.2748       1956.2748
  3.3466832e-06       994.84515      -19.356415       63.423226     -0.38876083      0.84639415      -2.0551701       16.745103        16.745103       1956.2001       1956.2001
  3.6583928e-06       994.74945      -19.264164       65.458671     -0.28803344      0.97969105       -3.165579       16.745103        16.745103       1956.0087       1956.0087
  3.6382984e-06       994.74831      -19.388274       62.221189     -0.33152492      0.91396473      -2.6407464       16.745103        16.745103       1956.0064       1956.0064
  3.6612869e-06       994.73537       -19.41609       61.121233     -0.31185966       0.9545855      -2.9489908       16.745103        16.745103       1955.9805       1955.9805
   4.146778e-06       994.60421      -19.162757       68.722111     -0.35665676      0.88080246      -2.3644271       16.745103        16.745103       1955.7182       1955.7182
  4.4614915e-06       994.52441      -19.165365       68.572619     -0.35649325      0.87357161      -2.3142168       16.745103        16.745103       1955.5586       1955.5586
  4.6319723e-06       994.48027      -19.321948       64.529212     -0.37540567      0.84434315      -2.0858415       16.745103        16.745103       1955.4703       1955.4703
  5.1501202e-06       994.36758      -19.203011       67.167103     -0.32101264      0.90928536      -2.6383517       16.745103        16.745103        1955.245        1955.245
  5.2169909e-06       994.34804      -19.320613       63.527438      -0.3028703      0.94569285      -2.9122261       16.745103        16.745103       1955.2059       1955.2059
  5.2651199e-06       994.33221      -19.246403       66.394176     -0.34964943      0.88442649      -2.3979559       16.745103        16.745103       1955.1742       1955.1742
  5.2624593e-06       994.32607      -19.126765       70.465086     -0.35439874      0.88770775      -2.4118043       16.745103        16.745103       1955.1619       1955.1619
  5.4270488e-06       994.28863      -19.269794       66.094636     -0.40987281      0.81511056      -1.8068816       16.745103        16.745103       1955.0871       1955.0871
  5.4177212e-06       994.28371      -19.322644       63.540501     -0.31168439      0.92864185      -2.7849849       16.745103        16.745103       1955.0772       1955.0772
  5.6225221e-06       994.23996      -19.334319       63.715453     -0.38379819      0.84203851      -2.0473455       16.745103        16.745103       1954.9897       1954.9897
  5.9784296e-06       994.17193      -19.276269       65.909658     -0.34955468      0.90605941      -2.5418315       16.745103        16.745103       1954.8537       1954.8537
  6.1999717e-06        994.1289      -19.200441       67.264249     -0.30185975      0.93900999      -2.8756243       16.745103        16.745103       1954.7676       1954.7676
  6.2707244e-06       994.11091      -19.223119       66.462167     -0.29904815      0.96867101       -3.067592       16.745103        16.745103       1954.7316       1954.7316
   6.273455e-06       994.10383      -19.376074       62.254468     -0.30665634      0.97636805         -3.1051       16.745103        16.745103       1954.7175       1954.7175
  6.2682886e-06       994.09801      -19.198467        68.04038     -0.33231602      0.91151239      -2.6148275       16.745103        16.745103       1954.7058       1954.7058
  6.4056326e-06       994.06969      -19.230865        67.42619     -0.34924735      0.89800842      -2.4910462       16.745103        16.745103       1954.6492       1954.6492
  6.6967279e-06       994.01861      -19.271219       65.651714     -0.30796595      0.95337586      -2.9461244       16.745103        16.745103        1954.547        1954.547
  6.9152692e-06       993.97985      -19.270459       65.458768      -0.2988199      0.96804947      -3.0637217       16.745103        16.745103       1954.4695       1954.4695
  6.8919746e-06       993.97658      -19.282064        65.21874     -0.32856599      0.89718727      -2.5468583       16.745103        16.745103       1954.4629       1954.4629
   7.108306e-06       993.93903      -19.356027       62.831087     -0.31873412      0.91834236      -2.6999445       16.745103        16.745103       1954.3878       1954.3878
  7.4688173e-06       993.88291        -19.2268       66.948053     -0.34579407      0.87051217      -2.3350261       16.745103        16.745103       1954.2756       1954.2756
  7.5262609e-06        993.8686      -19.380451       62.877162     -0.36551235      0.87310512      -2.2892881       16.745103        16.745103        1954.247        1954.247
  7.9103255e-06       993.81219       -19.19365       68.013534     -0.40529748       0.8317788      -1.9179422       16.745103        16.745103       1954.1342       1954.1342
  8.0155481e-06       993.79233       -19.34105       63.856951     -0.34667422      0.91975456      -2.6367104       16.745103        16.745103       1954.0945       1954.0945
  8.4846086e-06       993.72881      -19.193865       68.500181     -0.34363871      0.89332259      -2.4731353       16.745103        16.745103       1953.9674       1953.9674
  8.6435244e-06       993.70361      -19.240419       66.198426     -0.33417915      0.88680153      -2.4606164       16.745103        16.745103        1953.917        1953.917
   9.190382e-06       993.63562      -19.260363       65.584837     -0.29180842      0.96143868      -3.0378954       16.745103        16.745103        1953.781        1953.781
  9.5402995e-06       993.59161      -19.341208       63.267382     -0.31248563      0.93822814      -2.8462526       16.745103        16.745103        1953.693        1953.693
  9.8252478e-06       993.55553       -19.16219       68.647714      -0.3421124      0.88307511      -2.4161709       16.745103        16.745103       1953.6209       1953.6209
  1.1106713e-05        993.4263      -19.241549       66.728123     -0.32461062      0.94144943      -2.8337895       16.745103        16.745103       1953.3624       1953.3624
  1.1440521e-05       993.39004      -19.360768       62.904989     -0.33680082      0.90309187      -2.5594154       16.745103        16.745103       1953.2899       1953.2899
  1.1478817e-05       993.38005      -19.225766       66.522267     -0.29270589      0.95144615      -2.9749216       16.745103        16.745103       1953.2699       1953.2699
   1.157082e-05       993.36543      -19.204166       67.433665      -0.3056992      0.94643125      -2.9057063       16.745103        16.745103       1953.2406       1953.2406
  1.2422949e-05       993.28772      -19.283523       65.365185     -0.33659871      0.88204533      -2.4269136       16.745103        16.745103       1953.0852       1953.0852
  1.2393326e-05       993.28346      -19.220259       66.989863     -0.31592756      0.91017546      -2.6594618       16.745103        16.745103       1953.0767       1953.0767
  1.5398153e-05       993.05973      -19.336025        63.37865      -0.3171607      0.91912323      -2.7074865       16.745103        16.745103       1952.6293       1952.6293
  1.6098682e-05        993.0086      -19.212886       67.733282     -0.34247873      0.91350153      -2.6079028       16.745103        16.745103        1952.527        1952.527
   1.849125e-05       992.86339      -19.129616       70.124543     -0.36949744      0.87880571      -2.3135613       16.745103        16.745103       1952.2366       1952.2366
  1.8837885e-05       992.83817      -19.224099       67.170913      -0.3550467      0.85801189      -2.2270755       16.745103        16.745103       1952.1861       1952.1861
  1.9858315e-05       992.77878      -19.278006       65.327318     -0.33865628      0.93614856      -2.7621734       16.745103        16.745103       1952.0673       1952.0673
  2.0070008e-05       992.76153      -19.289368       65.560011     -0.36514866      0.86158826      -2.2171136       16.745103        16.745103       1952.0329       1952.0329
  2.0995363e-05       992.70981      -19.194166       67.800751     -0.34453628       0.8756873      -2.3681663       16.745103        16.745103       1951.9294       1951.9294
  2.1218193e-05       992.69261      -19.176669       67.911162     -0.30176398      0.95854371      -2.9983733       16.745103        16.745103        1951.895        1951.895
  2.2352913e-05       992.63387      -19.252785       66.516066     -0.34350138      0.91610633       -2.621911       16.745103        16.745103       1951.7775       1951.7775
  2.2487053e-05       992.62124      -19.205106       67.757742     -0.33172127      0.93713118      -2.7870875       16.745103        16.745103       1951.7523       1951.7523
  2.6952811e-05       992.43345      -19.188314       68.238908     -0.33531865      0.89261903       -2.490135       16.745103        16.745103       1951.3767       1951.3767
  2.8211203e-05       992.38117      -19.360478       63.015763     -0.39321125      0.84389315      -2.0290711       16.745103        16.745103       1951.2721       1951.2721
  3.0130772e-05        992.3087      -19.214839       67.823543     -0.33500682      0.91860431      -2.6572397       16.745103        16.745103       1951.1272       1951.1272
  3.0261417e-05       992.29773      -19.244969       65.767686     -0.28991147      0.98834875      -3.2222946       16.745103        16.745103       1951.1052       1951.1052
  3.0359554e-05       992.28784       -19.22464        66.55027      -0.3100709      0.93348451      -2.8129034       16.745103        16.745103       1951.0855       1951.0855
  3.0226746e-05       992.28558      -19.332628        63.36564     -0.32630137       0.9485112      -2.8763326       16.745103        16.745103        1951.081        1951.081
  3.0646134e-05       992.26516      -19.279263       65.552032     -0.32774471      0.90115165      -2.5699553       16.745103        16.745103       1951.0401       1951.0401
  3.2334238e-05       992.20489      -19.229113       66.948545     -0.38839003      0.85501319      -2.1088214       16.745103        16.745103       1950.9196       1950.9196
  3.3085314e-05       992.17529      -19.150189       69.665227     -0.35603876      0.86722366      -2.2805538       16.745103        16.745103       1950.8604       1950.8604
  3.4300751e-05       992.13256      -19.321483       64.635387     -0.38730719      0.85006034      -2.0817053       16.745103        16.745103       1950.7749       1950.7749
  3.5572454e-05       992.08952      -19.234421       66.618605     -0.32788394      0.90213893      -2.5687798       16.745103        16.745103       1950.6888       1950.6888
  3.6677586e-05       992.05228      -19.196888       67.407036     -0.32796407      0.91415593      -2.6441119       16.745103        16.745103       1950.6143       1950.6143
  3.7697662e-05        992.0182      -19.185788       67.876112     -0.34632434      0.89044962      -2.4531846       16.745103        16.745103       1950.5462       1950.5462
  3.8047358e-05       992.00232      -19.263894       65.345428     -0.29047911      0.97628313      -3.1383539       16.745103        16.745103       1950.5144       1950.5144
  4.0262748e-05       991.93908      -19.233624       66.640632     -0.33466503      0.88239192      -2.4344804       16.745103        16.745103        1950.388        1950.388
  4.1951405e-05       991.89135      -19.303829       65.402581     -0.37410667      0.87097505      -2.2509404       16.745103        16.745103       1950.2925       1950.2925
  4.2779795e-05       991.86515      -19.244293       65.860688     -0.31082805      0.96322609      -3.0054195       16.745103        16.745103       1950.2401       1950.2401
   4.256424e-05       991.86356      -19.223037       66.911407     -0.30041355      0.96176312      -3.0256087       16.745103        16.745103       1950.2369       1950.2369
  4.5518934e-05        991.7898      -19.324106       64.145042     -0.30926189      0.95743546       -2.974496       16.745103        16.745103       1950.0894       1950.0894
  4.9664511e-05         991.696      -19.207238        67.37288     -0.31002855      0.96615612      -3.0295729       16.745103        16.745103       1949.9018       1949.9018
  5.0568635e-05       991.67131       -19.24075       66.677301     -0.40583924      0.82982368      -1.9058863       16.745103        16.745103       1949.8524       1949.8524
  5.1805158e-05       991.64051      -19.355441       62.594158     -0.34749135       0.9051807      -2.5382658       16.745103        16.745103       1949.7908       1949.7908
  5.4183754e-05       991.58897      -19.302026       64.712027     -0.34107073      0.88013849      -2.4019295       16.745103        16.745103       1949.6877       1949.6877
  5.8068252e-05       991.51309      -19.318895       63.951879     -0.37608079      0.86085322       -2.181214       16.745103        16.745103        1949.536        1949.536
  6.1191214e-05       991.45406      -19.392927       62.148292     -0.34880623      0.89123669      -2.4484022       16.745103        16.745103       1949.4179       1949.4179
  6.2781398e-05       991.42176      -19.168644       69.042578      -0.3325584      0.90481969      -2.5772858       16.745103        16.745103       1949.3533       1949.3533
  6.3239523e-05       991.40785      -19.231319       66.279711     -0.33056666      0.92277586      -2.6922018       16.745103        16.745103       1949.3255       1949.3255
  6.3452512e-05       991.39784      -19.355778       63.185252     -0.32184337      0.93459205      -2.7918942       16.745103        16.745103       1949.3055       1949.3055
  6.5259524e-05       991.36311       -19.12754       70.015452     -0.35739227      0.87417745      -2.3193622       16.745103        16.745103        1949.236        1949.236
  7.4168834e-05        991.2285      -19.331516       63.564188     -0.33693408      0.89304434      -2.4934794       16.745103        16.745103       1948.9668       1948.9668
  7.6932256e-05       991.18527       -19.18772       67.866207     -0.35436812      0.88681191      -2.4077578       16.745103        16.745103       1948.8803       1948.8803
  7.8214205e-05        991.1621      -19.127455       70.219133     -0.36238692      0.86509101       -2.248981       16.745103        16.745103        1948.834        1948.834
  7.7919853e-05       991.15923      -19.313946       63.790924     -0.30002512      0.96359653      -3.0333104       16.745103        16.745103       1948.8282       1948.8282
  8.0072975e-05       991.12532       -19.23743       66.606247     -0.38783807      0.85758974       -2.126737       16.745103        16.745103       1948.7604       1948.7604
  7.9608209e-05        991.1245      -19.176807       68.842038     -0.33113375      0.92483539      -2.7067116       16.745103        16.745103       1948.7588       1948.7588
  8.1510308e-05       991.09424      -19.231602       66.499799     -0.32355726      0.92186611      -2.7032625       16.745103        16.745103       1948.6983       1948.6983
  8.1406939e-05       991.08887      -19.358934       63.066343      -0.3354849      0.93024394      -2.7296121       16.745103        16.745103       1948.6875       1948.6875
  8.3411984e-05       991.05789      -19.308945       64.915784     -0.38888519      0.85273778      -2.0970217       16.745103        16.745103       1948.6256       1948.6256
   8.484762e-05       991.03418      -19.222126       67.261074     -0.33108641       0.8935534       -2.512337       16.745103        16.745103       1948.5782       1948.5782
  9.1553407e-05       990.95147      -19.250314       66.023559     -0.32231678      0.90544851      -2.6130473       16.745103        16.745103       1948.4127       1948.4127
  9.2500784e-05       990.93453      -19.132804       69.950516     -0.35084005      0.90677559      -2.5394075       16.745103        16.745103       1948.3789       1948.3789
  9.2055851e-05       990.93271      -19.268589       65.454036     -0.30566479      0.96940186      -3.0581529       16.745103        16.745103       1948.3752       1948.3752
  9.1869629e-05       990.92809      -19.144179       69.731422     -0.35197746      0.90184354      -2.5070271       16.745103        16.745103        1948.366        1948.366
  9.1461975e-05       990.92589      -19.238894       66.352804     -0.35398448      0.89062769      -2.4259132       16.745103        16.745103       1948.3616       1948.3616
   9.186949e-05        990.9148       -19.17395       68.700102     -0.33302716      0.90230446      -2.5630772       16.745103        16.745103       1948.3394       1948.3394
  9.2153312e-05       990.90507      -19.313969       63.814381     -0.28997365      0.98224122      -3.1811994       16.745103        16.745103       1948.3199       1948.3199
  0.00011297445       990.69472      -19.334529        63.53867     -0.34840997      0.89690794      -2.4811907       16.745103        16.745103       1947.8992       1947.8992
  0.00011345469       990.68384        -19.4035       61.706195      -0.3299501      0.94207601      -2.8234257       16.745103        16.745103       1947.8775       1947.8775
  0.00014498547       990.43196      -19.231097        66.21617     -0.29618626      0.96305128      -3.0426415       16.745103        16.745103       1947.3737       1947.3737
  0.00014500031       990.42521      -19.248835       65.689852     -0.29381555      0.97794921      -3.1430002       16.745103        16.745103       1947.3602       1947.3602
  0.00014843505       990.39516      -19.218229       67.015604      -0.3016881      0.97069875      -3.0768791       16.745103        16.745103       1947.3001       1947.3001
  0.00014811882       990.39065      -19.162063       69.344629      -0.3602294      0.89320432      -2.4296755       16.745103        16.745103       1947.2911       1947.2911
  0.00015480778       990.33983      -19.329819       64.064357     -0.33453677      0.90925501      -2.5970885       16.745103        16.745103       1947.1895       1947.1895
  0.00018192082        990.1718      -19.180785       68.607676     -0.36905664      0.84920244      -2.1343124       16.745103        16.745103       1946.8534       1946.8534
  0.00018220158       990.16361      -19.264742       66.303054     -0.36943388      0.86097063      -2.2002746       16.745103        16.745103        1946.837        1946.837
  0.00018854605       990.12274       -19.24447       65.981489     -0.30755264      0.94041794      -2.8714947       16.745103        16.745103       1946.7553       1946.7553
  0.00019178521       990.09906      -19.200732       67.335642     -0.34041326       0.8914428      -2.4737948       16.745103        16.745103       1946.7079       1946.7079
  0.00019188009       990.09192      -19.316507       63.696062     -0.34958017      0.89931674      -2.4955805       16.745103        16.745103       1946.6936       1946.6936
   0.0002078782        990.0052      -19.333721       63.908824     -0.32777288      0.91470546      -2.6512452       16.745103        16.745103       1946.5202       1946.5202
  0.00021498381       989.96494      -19.296504       64.886227     -0.31093356      0.96163631      -2.9986434       16.745103        16.745103       1946.4397       1946.4397
  0.00021686596       989.94958      -19.171813       69.277149     -0.37732805      0.85062478      -2.1167875       16.745103        16.745103        1946.409        1946.409
  0.00021642207       989.94499      -19.124118       70.449693     -0.35877315      0.88719502      -2.3954172       16.745103        16.745103       1946.3998       1946.3998
  0.00021569355       989.94171      -19.235833       66.352336      -0.3756042      0.86834163      -2.2286023       16.745103        16.745103       1946.3932       1946.3932
  0.00024638981       989.80201       -19.23443       66.227842     -0.32285442      0.91216034      -2.6498709       16.745103        16.745103       1946.1138       1946.1138
  0.00024554062       989.79882      -19.247282        65.93826     -0.34787587      0.88428287      -2.4055988       16.745103        16.745103       1946.1074       1946.1074
  0.00024630874       989.78905       -19.35663       62.732641     -0.32703734      0.92422198      -2.7121398       16.745103        16.745103       1946.0879       1946.0879
  0.00024485169       989.78834      -19.160773       69.174192     -0.36704267      0.85562553      -2.1790758       16.745103        16.745103       1946.0865       1946.0865
  0.00025080487       989.75767      -19.278651       64.838074     -0.30008158      0.95151977      -2.9566805       16.745103        16.745103       1946.0251       1946.0251
  0.00025230964       989.74505       -19.22518        67.56387     -0.36418847       0.8688373      -2.2682473       16.745103        16.745103       1945.9999       1945.9999
  0.00026036319       989.70698      -19.288404       65.610119     -0.35577116      0.87740788      -2.3439203       16.745103        16.745103       1945.9238       1945.9238
  0.00026123748       989.69699        -19.2712       65.731293     -0.39613539      0.83662579      -1.9773598       16.745103        16.745103       1945.9038       1945.9038
  0.00027859662       989.62601      -19.320191        63.94904     -0.32289427      0.91358647      -2.6612241       16.745103        16.745103       1945.7618       1945.7618
  0.00027709031       989.62478      -19.275484        65.19086     -0.29567303      0.95749496      -3.0064219       16.745103        16.745103       1945.7594       1945.7594
  0.00027774239       989.61579      -19.192412       68.293181     -0.33429419      0.90255421      -2.5597068       16.745103        16.745103       1945.7414       1945.7414
  0.00028291257        989.5907      -19.355872        63.02544     -0.33455395      0.93815028      -2.7849094       16.745103        16.745103       1945.6912       1945.6912
  0.00028379845       989.58093      -19.256735       66.759529     -0.39212885      0.84273608      -2.0257996       16.745103        16.745103       1945.6716       1945.6716
  0.00028745971       989.56146      -19.202447        67.75217     -0.32615787      0.90853282      -2.6205434       16.745103        16.745103       1945.6327       1945.6327
  0.00028617977       989.55928      -19.289591       64.758194     -0.30514576      0.94613932      -2.9071541       16.745103        16.745103       1945.6284       1945.6284
  0.00029641064       989.51751      -19.305519       64.829724     -0.34621029      0.88567527      -2.4186593       16.745103        16.745103       1945.5448       1945.5448
  0.00031741723        989.4424      -19.245103       65.676017     -0.30992298      0.95400795      -2.9484059       16.745103        16.745103       1945.3946       1945.3946
  0.00031708078       989.43681      -19.203801       67.607279     -0.31254235       0.9288597      -2.7824018       16.745103        16.745103       1945.3834       1945.3834
  0.00032912151        989.3929      -19.169364       68.280644     -0.34339315       0.8972283       -2.499635       16.745103        16.745103       1945.2956       1945.2956
  0.00032960232       989.38479      -19.232221       67.065469     -0.32799112      0.93400432       -2.772831       16.745103        16.745103       1945.2794       1945.2794
  0.00033988255       989.34744      -19.318503       64.489665     -0.36399259      0.86101489      -2.2204507       16.745103        16.745103       1945.2047       1945.2047
  0.00037729624       989.23636      -19.179563       68.121056     -0.35368486        0.888542       -2.419795       16.745103        16.745103       1944.9825       1944.9825
  0.00039769376       989.17706      -19.260158       66.224796     -0.38119557      0.84313237      -2.0582779       16.745103        16.745103       1944.8639       1944.8639
  0.00040510518       989.15196      -19.177737       68.367178     -0.32777191      0.90433873       -2.585476       16.745103        16.745103       1944.8137       1944.8137
  0.00040784706       989.13857      -19.291105       65.179331     -0.34995598      0.91812864      -2.6170606       16.745103        16.745103       1944.7869       1944.7869
  0.00040523889       989.13834      -19.282847       65.470978     -0.35011065      0.87229394      -2.3286426       16.745103        16.745103       1944.7865       1944.7865
  0.00040455291       989.13339      -19.196967       67.382346     -0.30623215      0.94865116      -2.9217138       16.745103        16.745103       1944.7766       1944.7766
  0.00041559697       989.09981      -19.344858       63.442966     -0.38597768      0.84848143       -2.077914       16.745103        16.745103       1944.7094       1944.7094
  0.00041312336       989.09913      -19.201146       68.423597     -0.39948252      0.82896303      -1.9195167       16.745103        16.745103       1944.7081       1944.7081
  0.00046727528       988.96932      -19.276606       65.554984      -0.3295337      0.94366021      -2.8350152       16.745103        16.745103       1944.4484       1944.4484
  0.00046592853       988.96556      -19.325582       64.268138     -0.32924702      0.92190587      -2.6949888       16.745103        16.745103       1944.4409       1944.4409
  0.00049246838       988.90352      -19.151778       69.743051     -0.38401558      0.84471912      -2.0600724       16.745103        16.745103       1944.3168       1944.3168
  0.00053514381       988.81377      -19.335349       63.829696     -0.38275296      0.85911191      -2.1507585       16.745103        16.745103       1944.1373       1944.1373
  0.00057057303       988.74302      -19.374814       62.337689     -0.34326633      0.89937943      -2.5152132       16.745103        16.745103       1943.9958       1943.9958
  0.00057165738       988.73447      -19.233851       66.349609     -0.32940568       0.9094794      -2.6115063       16.745103        16.745103       1943.9787       1943.9787
  0.00058453531       988.70555      -19.289722       64.965832     -0.31507866      0.94588109      -2.8875861       16.745103        16.745103       1943.9209       1943.9209
  0.00058835201        988.6924      -19.225422       66.981645     -0.32993535       0.8996471      -2.5555477       16.745103        16.745103       1943.8946       1943.8946
  0.00058558347       988.69047       -19.34522       63.611987     -0.38251058      0.84896022      -2.0925913       16.745103        16.745103       1943.8907       1943.8907
  0.00058830839       988.67918      -19.375316       62.471418     -0.37290909      0.86845477      -2.2395199       16.745103        16.745103       1943.8682       1943.8682
  0.00061312017       988.63123      -19.279319       64.749472     -0.33350934      0.91649181      -2.6500472       16.745103        16.745103       1943.7723       1943.7723
  0.00062834837       988.60005      -19.330844       64.229406     -0.39067865      0.85156395      -2.0815978       16.745103        16.745103       1943.7099       1943.7099
  0.00070321522       988.48084      -19.261387       65.645721     -0.29869411      0.96739932      -3.0615764       16.745103        16.745103       1943.4715       1943.4715
    0.000707324       988.46837      -19.287401       65.212623     -0.39779368      0.83474205      -1.9601168       16.745103        16.745103       1943.4465       1943.4465
  0.00070526076       988.46464      -19.324487        63.62833     -0.31529469      0.95053854      -2.9171714       16.745103        16.745103       1943.4391       1943.4391
  0.00073292657       988.41952      -19.306876       64.765613     -0.36165235       0.8812977      -2.3471041       16.745103        16.745103       1943.3488       1943.3488
   0.0007289225       988.41835      -19.204063       67.781474     -0.33607573      0.93116508      -2.7351776       16.745103        16.745103       1943.3465       1943.3465
  0.00072428509       988.41809      -19.133728       69.915588     -0.34776237      0.90684459       -2.549055       16.745103        16.745103        1943.346        1943.346
    0.000721404       988.41543      -19.311657       64.328035     -0.34090179       0.8980487      -2.5087742       16.745103        16.745103       1943.3407       1943.3407
  0.00073762078       988.38656      -19.299239       64.982285     -0.36670848      0.86286688      -2.2257813       16.745103        16.745103       1943.2829       1943.2829
  0.00076078137         988.349      -19.326222       63.693735     -0.36470308      0.88069736      -2.3399334       16.745103        16.745103       1943.2078       1943.2078
  0.00078175161       988.31516      -19.345688       63.094771     -0.34284665      0.90080104      -2.5223725       16.745103        16.745103       1943.1401       1943.1401
  0.00079998686       988.28546      -19.391392       62.081467     -0.37015963      0.87442709      -2.2843115       16.745103        16.745103       1943.0807       1943.0807
  0.00080272555        988.2754      -19.336337       63.443813     -0.30932679      0.95351296      -2.9455675       16.745103        16.745103       1943.0606       1943.0606
  0.00084477897       988.21769      -19.216368       67.714948     -0.36027854      0.88220799      -2.3567242       16.745103        16.745103       1942.9452       1942.9452
  0.00086341859       988.18922      -19.232808       67.427805     -0.37887452      0.85964272      -2.1683245       16.745103        16.745103       1942.8882       1942.8882
  0.00087031054       988.17463      -19.254279       65.667464     -0.29986044      0.97553558      -3.1135946       16.745103        16.745103        1942.859        1942.859
  0.00094539206       988.08523      -19.241727       66.298849     -0.36973051      0.88712236      -2.3651783       16.745103        16.745103       1942.6803       1942.6803
  0.00094490808        988.0791      -19.201179       67.487059      -0.3295342      0.90378303      -2.5814056       16.745103        16.745103        1942.668        1942.668
  0.00094177153       988.07578      -19.237106       66.378383     -0.33843794      0.88842999      -2.4590639       16.745103        16.745103       1942.6614       1942.6614
  0.00097772901       988.03167      -19.293237       64.633646     -0.32128013      0.95761018      -2.9464162       16.745103        16.745103       1942.5731       1942.5731
  0.00099545635       988.00705      -19.259181       66.560499      -0.4002616      0.83095396      -1.9280645       16.745103        16.745103       1942.5239       1942.5239
  0.00099012439       988.00578      -19.234647       66.229195     -0.33949728      0.89718488       -2.511116       16.745103        16.745103       1942.5214       1942.5214
   0.0010335265       987.95623      -19.185424       67.698818     -0.33400169      0.91356316      -2.6275454       16.745103        16.745103       1942.4223       1942.4223
   0.0011113968       987.87695      -19.159365       68.692864     -0.32248447      0.93433592      -2.7908182       16.745103        16.745103       1942.2637       1942.2637
   0.0011868698        987.8046      -19.263534       65.429264     -0.29784354      0.95855804      -3.0096952       16.745103        16.745103        1942.119        1942.119
   0.0013953305       987.63614      -19.143527       70.026157     -0.36958122       0.8677739      -2.2436361       16.745103        16.745103       1941.7821       1941.7821
   0.0013978313       987.62771      -19.208446       67.615847     -0.33770332      0.88957199      -2.4702071       16.745103        16.745103       1941.7652       1941.7652
   0.0014332965       987.59601      -19.367093       62.641845     -0.36497115      0.89529243      -2.4296073       16.745103        16.745103       1941.7018       1941.7018
   0.0014435728       987.58222      -19.234679       66.903861     -0.35608831      0.87772418       -2.340147       16.745103        16.745103       1941.6742       1941.6742
   0.0014855395       987.54692      -19.346058       63.509277     -0.35604142      0.89724845      -2.4683875       16.745103        16.745103       1941.6036       1941.6036
   0.0014769583       987.54607      -19.324582       64.278966     -0.38346431      0.85453509      -2.1205365       16.745103        16.745103       1941.6019       1941.6019
   0.0014977265       987.52546       -19.16622       68.517627     -0.33823401      0.91860036      -2.6471514       16.745103        16.745103       1941.5607       1941.5607
   0.0015243982       987.50116      -19.312963       63.940916     -0.29729891      0.97579343      -3.1226794       16.745103        16.745103       1941.5121       1941.5121
    0.001542373        987.4828      -19.247898       66.562109     -0.37069919      0.85397726      -2.1598759       16.745103        16.745103       1941.4754       1941.4754
   0.0015955635       987.44225      -19.228398       66.737602     -0.34130399      0.88642864      -2.4372793       16.745103        16.745103       1941.3943       1941.3943
   0.0015883421       987.44014       -19.16209       69.261842     -0.34158684      0.90954996      -2.5813045       16.745103        16.745103       1941.3901       1941.3901
   0.0017497105       987.33674      -19.233765        66.94286     -0.32351822      0.93490311      -2.7930493       16.745103        16.745103       1941.1833       1941.1833
   0.0017485644       987.33075      -19.152057       69.357142     -0.38569257      0.85473584      -2.1161552       16.745103        16.745103       1941.1713       1941.1713
   0.0017467167       987.32516      -19.182433       68.535734      -0.3368202      0.89980825      -2.5327632       16.745103        16.745103       1941.1601       1941.1601
   0.0020231775       987.17158      -19.218606       66.845233     -0.35093784      0.88184748      -2.3835691       16.745103        16.745103        1940.853        1940.853
   0.0020433032       987.15504      -19.262865       66.434745      -0.3646258      0.86986234      -2.2701793       16.745103        16.745103       1940.8199       1940.8199
   0.0021899235        987.0791      -19.208692       67.240387     -0.32936635      0.91063898      -2.6188395       16.745103        16.745103        1940.668        1940.668
   0.0022088395       987.06385      -19.214186       67.507394     -0.38132757      0.84465753       -2.071035       16.745103        16.745103       1940.6375       1940.6375
   0.0023107759       987.01209      -19.228366       67.009667     -0.32592218      0.94248607      -2.8357835       16.745103        16.745103        1940.534        1940.534
   0.0023367026       986.99429      -19.209599       67.446372     -0.34154587      0.89408156      -2.4893015       16.745103        16.745103       1940.4984       1940.4984
   0.0023540303       986.98026      -19.291191       64.697579     -0.30307415      0.97426672      -3.0986903       16.745103        16.745103       1940.4703       1940.4703
   0.0023394435       986.97983      -19.288125       64.481428     -0.30396746      0.96381716      -3.0286351       16.745103        16.745103       1940.4694       1940.4694
   0.0024758761        986.9165      -19.174805       68.728703     -0.33926908      0.90064877      -2.5344693       16.745103        16.745103       1940.3428       1940.3428
   0.0026277444       986.85033      -19.302263       64.617183     -0.36080779      0.88917871      -2.4045269       16.745103        16.745103       1940.2104       1940.2104
   0.0026388472       986.83946      -19.179638       68.756009     -0.38221904      0.84522196       -2.068242       16.745103        16.745103       1940.1887       1940.1887
   0.0027082414       986.80686      -19.192684       67.622256     -0.33977367      0.89714738       -2.509509       16.745103        16.745103       1940.1235       1940.1235
   0.0026996057       986.80341      -19.312843       64.498697     -0.38382682      0.84923035      -2.0907671       16.745103        16.745103       1940.1166       1940.1166
   0.0028181084       986.75381      -19.224979        66.47924     -0.32858767      0.93950803      -2.8096527       16.745103        16.745103       1940.0174       1940.0174
   0.0028516729       986.73532      -19.146101       69.744901     -0.38583605      0.85201002      -2.0988084       16.745103        16.745103       1939.9804       1939.9804
   0.0028406857       986.73254      -19.151763       69.027814     -0.33164287      0.92535274      -2.7090286       16.745103        16.745103       1939.9749       1939.9749
   0.0029306912        986.6947      -19.299473       64.933206     -0.32197209      0.93254074      -2.7817958       16.745103        16.745103       1939.8992       1939.8992
   0.0029528985       986.68051       -19.26894       65.889553     -0.32154754      0.93578383      -2.8029599       16.745103        16.745103       1939.8708       1939.8708
   0.0029395044       986.67841      -19.249868       66.341287     -0.39109064      0.84633092      -2.0480382       16.745103        16.745103       1939.8666       1939.8666
   0.0029421096       986.67088      -19.224334       66.576859     -0.30587488      0.94739447      -2.9156308       16.745103        16.745103       1939.8516       1939.8516
   0.0029487982       986.66196      -19.404304        61.68388     -0.34595847      0.91530012      -2.6089314       16.745103        16.745103       1939.8337       1939.8337
   0.0030339215       986.62686      -19.168167        68.86041     -0.33689094      0.89933621      -2.5314382       16.745103        16.745103       1939.7635       1939.7635
   0.0031381949       986.58642      -19.330599       64.164312      -0.3537895      0.88805981      -2.4125249       16.745103        16.745103       1939.6826       1939.6826
    0.003152826       986.57513      -19.153997       69.475949     -0.37229403      0.86210544      -2.2025151       16.745103        16.745103       1939.6601       1939.6601
   0.0031832231       986.55889      -19.362884       62.748543      -0.3704919      0.87297354      -2.2739459       16.745103        16.745103       1939.6276       1939.6276
   0.0033218912        986.5096      -19.299172       64.984833     -0.36606576       0.8753141      -2.3034486       16.745103        16.745103        1939.529        1939.529
   0.0033814191        986.4852      -19.289769       65.147069     -0.32091844      0.94111863      -2.8406783       16.745103        16.745103       1939.4802       1939.4802
   0.0034279776       986.46488      -19.175092       68.363575      -0.3569288      0.87527458      -2.3267536       16.745103        16.745103       1939.4396       1939.4396
   0.0034131622       986.46257      -19.232549       66.621354     -0.34299681      0.89540756      -2.4861958       16.745103        16.745103       1939.4349       1939.4349
   0.0034813181       986.43615      -19.306386       64.581692      -0.3774559      0.85229815      -2.1279926       16.745103        16.745103       1939.3821       1939.3821
   0.0034672248       986.43356      -19.267513       65.089633     -0.32984274      0.92540994      -2.7157552       16.745103        16.745103       1939.3769       1939.3769
   0.0034729049       986.42528      -19.254218       65.860843     -0.36487267      0.86711345      -2.2529164       16.745103        16.745103       1939.3604       1939.3604
   0.0034546488       986.42391      -19.205143       67.603952     -0.36498757      0.88622479      -2.3696498       16.745103        16.745103       1939.3576       1939.3576
   0.0034727499       986.41204      -19.292364       64.769936      -0.3051013      0.95051346      -2.9400971       16.745103        16.745103       1939.3339       1939.3339
   0.0034748811       986.40478      -19.232537       66.454885     -0.34345976      0.89704408      -2.4958188       16.745103        16.745103       1939.3193       1939.3193
   0.0034552017       986.40381      -19.201378       67.953471       -0.381917        0.842317      -2.0542044       16.745103        16.745103       1939.3174       1939.3174
    0.003434334       986.40323      -19.199802       67.756703     -0.33359514      0.90008282      -2.5425677       16.745103        16.745103       1939.3162       1939.3162
   0.0035095603       986.37491      -19.179738       68.701333     -0.35916282      0.88780987      -2.3952588       16.745103        16.745103       1939.2596       1939.2596
   0.0038777942       986.26849      -19.248255        66.65363     -0.34999035      0.90549343      -2.5362673       16.745103        16.745103       1939.0468       1939.0468
   0.0038880382       986.25921      -19.261526        66.22291       -0.386564      0.84363889      -2.0490653       16.745103        16.745103       1939.0282       1939.0282
   0.0039459634       986.23778      -19.344011       63.401233       -0.329975      0.94038277      -2.8104781       16.745103        16.745103       1938.9853       1938.9853
   0.0040579214       986.20316      -19.220509       67.134145      -0.3739063      0.85579006      -2.1603503       16.745103        16.745103       1938.9161       1938.9161
   0.0040858828       986.18964      -19.346803       63.603604     -0.33983597      0.90966925      -2.5896469       16.745103        16.745103       1938.8891       1938.8891
   0.0041612636       986.16472      -19.177873       68.438799     -0.33636937      0.90413338      -2.5595091       16.745103        16.745103       1938.8392       1938.8392
   0.0041445557        986.1621      -19.283324       65.631995     -0.40142476      0.83588945      -1.9543148       16.745103        16.745103        1938.834        1938.834
   0.0044911773       986.07513      -19.377241        62.57507     -0.33764811      0.91441309      -2.6247679       16.745103        16.745103       1938.6601       1938.6601
   0.0044665649       986.07398      -19.260233       65.727332     -0.30186484      0.95981167      -3.0060299       16.745103        16.745103       1938.6578       1938.6578
   0.0046257787       986.03231      -19.233423       66.209131     -0.32983952       0.9357563      -2.7804096       16.745103        16.745103       1938.5744       1938.5744
   0.0046145548        986.0281      -19.213971       67.224602     -0.35234378      0.90414108      -2.5215137       16.745103        16.745103        1938.566        1938.566
   0.0046212084       986.02001      -19.203772       67.415454     -0.31558169      0.93090826      -2.7877996       16.745103        16.745103       1938.5498       1938.5498
   0.0046389545       986.00954      -19.237608       66.542725     -0.38599558       0.8481118      -2.0748588       16.745103        16.745103       1938.5289       1938.5289
   0.0046825225       985.99354      -19.225979       66.778999     -0.32147704      0.91464372      -2.6678521       16.745103        16.745103       1938.4969       1938.4969
   0.0050701885       985.90736       -19.21461       66.985615     -0.32966736      0.93902666      -2.8022268       16.745103        16.745103       1938.3245       1938.3245
   0.0051710817       985.88101      -19.317642       63.616878     -0.32924741      0.93288238      -2.7645976       16.745103        16.745103       1938.2718       1938.2718
   0.0051981874       985.86914      -19.179072       68.560983     -0.37270596      0.85444983      -2.1526862       16.745103        16.745103       1938.2481       1938.2481
   0.0051696817       985.86799       -19.34419        63.62824     -0.36628085      0.87522039      -2.2975397       16.745103        16.745103       1938.2458       1938.2458
   0.0051474282       985.86566      -19.260994       65.543151     -0.34818061      0.88849528      -2.4314097       16.745103        16.745103       1938.2411       1938.2411
   0.0052175584       985.84548       -19.29574       64.530379     -0.34949459      0.88667754      -2.4180617       16.745103        16.745103       1938.2008       1938.2008
    0.005236037        985.8353      -19.303762       64.153972     -0.30329291      0.96816746      -3.0577229       16.745103        16.745103       1938.1804       1938.1804
   0.0052484864       985.82628      -19.255469       66.215231     -0.34948461      0.90719605      -2.5442496       16.745103        16.745103       1938.1624       1938.1624
   0.0060082057       985.68445      -19.213952        67.37322     -0.34403834      0.89311267      -2.4760658       16.745103        16.745103       1937.8787       1937.8787
   0.0060857697       985.66498       -19.33375       63.827738     -0.35946492      0.87272106      -2.3035218       16.745103        16.745103       1937.8398       1937.8398
    0.006100592       985.65591      -19.205029        67.48071     -0.31739759      0.93702137      -2.8227367       16.745103        16.745103       1937.8216       1937.8216
   0.0065758713       985.57424      -19.298028       65.180309     -0.36277007      0.88146136      -2.3503149       16.745103        16.745103       1937.6583       1937.6583
   0.0068233432       985.53065      -19.187476       67.866771     -0.34928381      0.88711027      -2.4212413       16.745103        16.745103       1937.5711       1937.5711
   0.0068210944       985.52434      -19.249464       66.697262     -0.36073667      0.87991676      -2.3416877       16.745103        16.745103       1937.5585       1937.5585
   0.0071555842       985.46982      -19.213641       67.606988     -0.34907121      0.90879564      -2.5593772       16.745103        16.745103       1937.4494       1937.4494
   0.0072128596        985.4552        -19.2364       66.535949     -0.34070636        0.886963       -2.444429       16.745103        16.745103       1937.4202       1937.4202
   0.0072585093       985.44225      -19.187196       67.895423     -0.33780785      0.91094752      -2.6035739       16.745103        16.745103       1937.3943       1937.3943
   0.0075293523       985.39897      -19.306605       64.880016     -0.36928148       0.8868997      -2.3652091       16.745103        16.745103       1937.3077       1937.3077
   0.0078393548       985.35198      -19.251555       65.598474     -0.32869005      0.92534334      -2.7178452       16.745103        16.745103       1937.2137       1937.2137
   0.0081738425       985.30355      -19.202708       68.047573     -0.38692554      0.84470367       -2.050614       16.745103        16.745103       1937.1169       1937.1169
    0.008502482       985.25749       -19.30479       65.094166     -0.37663707      0.86782943      -2.2225639       16.745103        16.745103       1937.0248       1937.0248
   0.0084708039       985.25458      -19.306543       64.540775      -0.3212743      0.93072374      -2.7686157       16.745103        16.745103       1937.0189       1937.0189
   0.0088581555       985.20322      -19.256735       65.988239     -0.32604675      0.91667598      -2.6660031       16.745103        16.745103       1936.9162       1936.9162
   0.0088443619       985.19813      -19.256277       66.143544     -0.37960219      0.85367493      -2.1306648       16.745103        16.745103       1936.9061       1936.9061
   0.0088690255        985.1887       -19.31882       63.937561     -0.32090668      0.92748341      -2.7534764       16.745103        16.745103       1936.8872       1936.8872
   0.0089284996       985.17537      -19.251262       65.630959      -0.3171315      0.95065137      -2.9092603       16.745103        16.745103       1936.8605       1936.8605
   0.0095030273       985.10637      -19.265756       65.483893       -0.307148      0.94495951      -2.8968688       16.745103        16.745103       1936.7225       1936.7225
   0.0097645934       985.07257      -19.152051       69.385304     -0.37153752      0.86580442      -2.2267968       16.745103        16.745103       1936.6549       1936.6549
   0.0098001663       985.06229      -19.229759       66.888665     -0.32221166      0.91928066      -2.6956477       16.745103        16.745103       1936.6344       1936.6344
   0.0097769009       985.05802      -19.200897       67.419418     -0.32323295      0.93520196      -2.7919047       16.745103        16.745103       1936.6258       1936.6258
   0.0098664171       985.04226      -19.259389       65.410189     -0.32710599      0.92326582      -2.7091123       16.745103        16.745103       1936.5943       1936.5943
    0.010103888       985.01184      -19.318341       63.843727     -0.31034055      0.96511771      -3.0215922       16.745103        16.745103       1936.5335       1936.5335
    0.010232124       984.99258      -19.172502       68.448191     -0.34543355      0.89814997       -2.497878       16.745103        16.745103        1936.495        1936.495
    0.010190204       984.99004      -19.330617       64.149931     -0.33961929      0.91888846      -2.6482194       16.745103        16.745103       1936.4899       1936.4899
    0.010126219       984.98969      -19.320785        64.53213     -0.39140537       0.8467122      -2.0502621       16.745103        16.745103       1936.4892       1936.4892
    0.010470961       984.94957      -19.307182       65.027207      -0.3748822      0.87567313      -2.2770861       16.745103        16.745103       1936.4089       1936.4089
    0.010523501       984.93792      -19.303863       64.213319     -0.30858003      0.95156174      -2.9356751       16.745103        16.745103       1936.3856       1936.3856
    0.010698978       984.91474       -19.36717       62.590443     -0.34638097      0.92002424      -2.6384299       16.745103        16.745103       1936.3393       1936.3393
    0.010703362       984.90769      -19.389278       62.290729     -0.35365374       0.9019692      -2.5029963       16.745103        16.745103       1936.3252       1936.3252
    0.010812447        984.8909      -19.250077       66.027496     -0.33161132      0.90508826      -2.5792467       16.745103        16.745103       1936.2916       1936.2916
    0.010952638       984.87137      -19.261747       65.863114     -0.33375383      0.89848979      -2.5338695       16.745103        16.745103       1936.2525       1936.2525
    0.010903385       984.86924      -19.253978       66.250391     -0.32700761      0.93743381      -2.7978648       16.745103        16.745103       1936.2483       1936.2483
    0.010928968       984.86025      -19.208823       67.359682     -0.32790329      0.90902778      -2.6147473       16.745103        16.745103       1936.2303       1936.2303
    0.011023624       984.84498       -19.25332       65.629742     -0.32052127      0.93260489      -2.7864009       16.745103        16.745103       1936.1998       1936.1998
    0.011071931       984.83396      -19.263635       66.366451      -0.3849925      0.84485093      -2.0594781       16.745103        16.745103       1936.1777       1936.1777
    0.011899842       984.75521       -19.31527       63.796031     -0.32894541      0.92273123       -2.700726       16.745103        16.745103       1936.0202       1936.0202
    0.011948412       984.74449      -19.194586       67.777601     -0.33732509       0.9010549      -2.5382445       16.745103        16.745103       1935.9988       1935.9988
    0.012153945       984.72079      -19.315878       63.974645     -0.32233717      0.92777715      -2.7473674       16.745103        16.745103       1935.9514       1935.9514
    0.012678272       984.67191      -19.314076       64.068974     -0.30693025      0.95783688      -2.9828284       16.745103        16.745103       1935.8536       1935.8536
    0.012860336       984.65101      -19.236741       66.519336     -0.37248109      0.86095555      -2.1952185       16.745103        16.745103       1935.8118       1935.8118
    0.012816076       984.64781      -19.284433       65.688157      -0.3699301      0.88050835      -2.3208198       16.745103        16.745103       1935.8054       1935.8054
    0.013251556       984.60775       -19.33323       63.613145     -0.32086251      0.93340424      -2.7875233       16.745103        16.745103       1935.7253       1935.7253
     0.01349815       984.58267      -19.298332       65.249215     -0.37588423      0.85661481      -2.1568471       16.745103        16.745103       1935.6751       1935.6751
    0.014201189       984.52525      -19.154058       69.583757     -0.36661594      0.87213347      -2.2790617       16.745103        16.745103       1935.5603       1935.5603
    0.015149608       984.45396      -19.176483       68.392383     -0.37249556      0.86687803      -2.2289341       16.745103        16.745103       1935.4177       1935.4177
    0.015078723         984.452      -19.225916       67.197679     -0.38406691      0.84196642      -2.0447538       16.745103        16.745103       1935.4138       1935.4138
    0.015545143       984.41489      -19.341355       63.294204     -0.34742462      0.91319603      -2.5925371       16.745103        16.745103       1935.3396       1935.3396
    0.015658828       984.40096       -19.33815       63.521252     -0.35046714      0.91609542      -2.6024152       16.745103        16.745103       1935.3117       1935.3117
    0.015621515        984.3967      -19.245328       66.401811     -0.32355409      0.91738723      -2.6795591       16.745103        16.745103       1935.3032       1935.3032
    0.015543452       984.39507       -19.26805       65.859341     -0.33638373      0.91174259      -2.6131481       16.745103        16.745103       1935.2999       1935.2999
    0.015816601         984.371      -19.257965       65.915843     -0.36369436      0.86440971      -2.2413694       16.745103        16.745103       1935.2518       1935.2518
    0.015991162       984.35338      -19.266075       66.217799     -0.36435506        0.884251      -2.3593207       16.745103        16.745103       1935.2166       1935.2166
    0.016277281         984.329      -19.267541       65.616344     -0.34684759      0.88750702      -2.4333253       16.745103        16.745103       1935.1678       1935.1678
    0.016342119       984.31838      -19.212538       67.105688     -0.35128893      0.90093585       -2.499896       16.745103        16.745103       1935.1466       1935.1466
    0.016485516         984.303      -19.320669       64.457832      -0.3846166      0.85261284      -2.1060978       16.745103        16.745103       1935.1158       1935.1158
    0.016586327       984.29026      -19.278431       65.514943     -0.34624414      0.88414256      -2.4110619       16.745103        16.745103       1935.0903       1935.0903
    0.016499624       984.28886      -19.301674       64.733567     -0.36827681      0.88489156       -2.355858       16.745103        16.745103       1935.0875       1935.0875
    0.016486721         984.283      -19.196501       68.321985     -0.39033673      0.83979284      -2.0124234       16.745103        16.745103       1935.0758       1935.0758
    0.016807227        984.2571      -19.180191       68.811447     -0.36688324      0.87318515      -2.2859482       16.745103        16.745103        1935.024        1935.024
    0.016794608       984.25121      -19.279134       65.081758      -0.3428917      0.90300157      -2.5350112       16.745103        16.745103       1935.0122       1935.0122
    0.017258415       984.21732      -19.155488       69.475507     -0.36504869      0.87889465      -2.3242224       16.745103        16.745103       1934.9444       1934.9444
    0.017539574       984.19451      -19.213771       67.799685     -0.38779368      0.84084612      -2.0261225       16.745103        16.745103       1934.8988       1934.8988
    0.018089283       984.15701      -19.329256        63.76516     -0.37838957       0.8663358       -2.210221       16.745103        16.745103       1934.8238       1934.8238
    0.018382259        984.1343      -19.211189       67.651129     -0.38685686      0.84619454      -2.0599876       16.745103        16.745103       1934.7784       1934.7784
    0.019772721       984.05474      -19.227024       66.444865     -0.31896426        0.945908      -2.8749836       16.745103        16.745103       1934.6193       1934.6193
    0.022033487       983.93983        -19.1845       68.373229     -0.34816439      0.90442077      -2.5339354       16.745103        16.745103       1934.3895       1934.3895
    0.023875544        983.8529      -19.295853       65.038415     -0.34326002      0.89244267      -2.4719235       16.745103        16.745103       1934.2156       1934.2156
    0.023849352       983.84735      -19.190559       67.665958     -0.34304739      0.91241834      -2.5971453       16.745103        16.745103       1934.2045       1934.2045
    0.024864008       983.79904      -19.258016       65.894235     -0.35570178      0.87398115      -2.3213919       16.745103        16.745103       1934.1079       1934.1079
    0.025034089       983.78558      -19.289019       64.644403     -0.33861923      0.91132231      -2.6000376       16.745103        16.745103        1934.081        1934.081
    0.025666212         983.754       -19.21859       67.462493     -0.37822506      0.85382212      -2.1352722       16.745103        16.745103       1934.0178       1934.0178
    0.026425486        983.7182      -19.253811       66.427242     -0.34727492      0.91517383       -2.604179       16.745103        16.745103       1933.9462       1933.9462
     0.02682401       983.69659        -19.2344       67.107676     -0.36151582       0.8707417      -2.2841808       16.745103        16.745103        1933.903        1933.903
    0.027555646       983.66303      -19.214096       67.896936     -0.36932109      0.87881476      -2.3131155       16.745103        16.745103       1933.8359       1933.8359
    0.027462408       983.65978      -19.188586       68.302679     -0.33545361      0.91879623      -2.6578819       16.745103        16.745103       1933.8293       1933.8293
    0.028280842       983.62377      -19.331532       63.841423     -0.34375358      0.91565107      -2.6142273       16.745103        16.745103       1933.7573       1933.7573
    0.029960918       983.55941      -19.198014       67.711514     -0.32517154       0.9389171      -2.8126555       16.745103        16.745103       1933.6286       1933.6286
    0.030785536       983.52562       -19.29736       64.614694     -0.31097517      0.94927899      -2.9175959       16.745103        16.745103        1933.561        1933.561
    0.030787843        983.5189      -19.276391       65.328433     -0.34351228      0.90591693      -2.5514005       16.745103        16.745103       1933.5476       1933.5476
    0.030786943       983.51228      -19.253575       66.263314     -0.37940641      0.84998002      -2.1081411       16.745103        16.745103       1933.5344       1933.5344
    0.032290833       983.45794      -19.282802       65.092459     -0.34821777      0.90118277      -2.5091187       16.745103        16.745103       1933.4257       1933.4257
    0.033161681       983.42469      -19.302595       65.077624     -0.36225865      0.87505278      -2.3093374       16.745103        16.745103       1933.3592       1933.3592
    0.032973596       983.42373      -19.210933       67.100753     -0.33604199      0.90447497      -2.5656224       16.745103        16.745103       1933.3573       1933.3573
    0.035242589       983.35054      -19.319971       64.192863     -0.34245707      0.89617735      -2.4977769       16.745103        16.745103       1933.2109       1933.2109
    0.035267518       983.34319      -19.189576       67.927907     -0.34463306      0.91331448      -2.5970564       16.745103        16.745103       1933.1962       1933.1962
    0.035527238       983.32921      -19.324718       63.628813     -0.34300977      0.90689656      -2.5612654       16.745103        16.745103       1933.1682       1933.1682
    0.035351465       983.32752      -19.239525       66.789538     -0.35818706      0.87574387      -2.3281007       16.745103        16.745103       1933.1648       1933.1648
    0.035317204       983.32185      -19.300839       64.514435      -0.3098132      0.95252891      -2.9397372       16.745103        16.745103       1933.1535       1933.1535
    0.035952874       983.29736      -19.336672       63.737402     -0.37225405      0.87833806      -2.3009199       16.745103        16.745103       1933.1045       1933.1045
    0.035802236       983.29492      -19.251684       66.714142     -0.38797614      0.85625008      -2.1187598       16.745103        16.745103       1933.0996       1933.0996
    0.036293475       983.27464      -19.258689       66.333431     -0.39182804      0.84744249      -2.0529548       16.745103        16.745103       1933.0591       1933.0591
     0.03699444       983.24887      -19.291611       64.775389     -0.37520982      0.86728015      -2.2245654       16.745103        16.745103       1933.0075       1933.0075
    0.039680191       983.17214      -19.205059       67.564179     -0.35319059      0.87830698       -2.354559       16.745103        16.745103       1932.8541       1932.8541
    0.039958658        983.1585      -19.267204       65.297112     -0.31781706      0.95294435      -2.9243074       16.745103        16.745103       1932.8268       1932.8268
    0.042333144       983.09413      -19.241935       66.820874     -0.34176394      0.90453129      -2.5512317       16.745103        16.745103       1932.6981       1932.6981
    0.042666161       983.07965      -19.244221       66.323709     -0.33056985      0.93892634      -2.8010915       16.745103        16.745103       1932.6691       1932.6691
    0.044793908       983.02434      -19.253213       66.122306     -0.34216665      0.88924586      -2.4551406       16.745103        16.745103       1932.5585       1932.5585
    0.045363116       983.00507      -19.229174       66.942593     -0.34779317      0.88206678      -2.3937877       16.745103        16.745103       1932.5199       1932.5199
    0.045524038       982.99489      -19.282175       64.818337     -0.34365482      0.90550569      -2.5525942       16.745103        16.745103       1932.4996       1932.4996
    0.045257097       982.99412      -19.253538       66.732543     -0.37085571      0.87341937       -2.274712       16.745103        16.745103        1932.498        1932.498
    0.050471124       982.87844      -19.306994       64.378761     -0.34811305       0.8925572      -2.4604435       16.745103        16.745103       1932.2667       1932.2667
    0.050809578       982.86511      -19.259007       65.907873     -0.31495574      0.95031828      -2.9126321       16.745103        16.745103         1932.24         1932.24
    0.050636652       982.86187       -19.33461       63.674407     -0.32197348      0.94007512      -2.8302542       16.745103        16.745103       1932.2335       1932.2335
    0.050510884       982.85771      -19.263772        65.82701     -0.35251464      0.88433454       -2.397597       16.745103        16.745103       1932.2252       1932.2252
    0.053589615        982.7919      -19.218588       67.543548     -0.37548487      0.87321642      -2.2595135       16.745103        16.745103       1932.0936       1932.0936
    0.053497576       982.78698      -19.268329       65.733823      -0.3190115      0.93878845        -2.82809       16.745103        16.745103       1932.0837       1932.0837
      0.0536564       982.77737       -19.19179       68.111673     -0.33132506      0.92285628      -2.6932495       16.745103        16.745103       1932.0645       1932.0645
    0.053941242       982.76543      -19.320623       64.384752      -0.3386911      0.91397502      -2.6190199       16.745103        16.745103       1932.0407       1932.0407
    0.053980332       982.75806       -19.33332        63.81946     -0.38004793      0.86395577      -2.1909575       16.745103        16.745103       1932.0259       1932.0259
    0.054682142        982.7385      -19.161744       69.088398     -0.35977244      0.88031583      -2.3478249       16.745103        16.745103       1931.9868       1931.9868
    0.056091177       982.70641      -19.283716       64.954485     -0.33023834      0.91958333      -2.6738917       16.745103        16.745103       1931.9226       1931.9226
    0.056386613       982.69451      -19.197595       67.554801     -0.32710816      0.93567608      -2.7875542       16.745103        16.745103       1931.8988       1931.8988
    0.056482622       982.68617      -19.285134       64.937816     -0.35994436      0.87773999      -2.3332766       16.745103        16.745103       1931.8821       1931.8821
    0.057673815       982.65865      -19.275129       65.378527     -0.31291577      0.94679301      -2.8948111       16.745103        16.745103       1931.8271       1931.8271
    0.058036362       982.64574      -19.317895       64.490834     -0.37948018      0.86884432      -2.2212677       16.745103        16.745103       1931.8013       1931.8013
    0.058748654        982.6269      -19.283192       65.147927     -0.31957171      0.92876875      -2.7631309       16.745103        16.745103       1931.7636       1931.7636
     0.05939189       982.60937      -19.289002       64.830831     -0.33089009      0.91272734      -2.6297406       16.745103        16.745103       1931.7285       1931.7285
    0.062766456       982.54746      -19.304639       65.096381     -0.38699981      0.85442141      -2.1113567       16.745103        16.745103       1931.6047       1931.6047
    0.062937961       982.53809      -19.278235       65.145767     -0.34035033      0.90333625      -2.5493495       16.745103        16.745103        1931.586        1931.586
    0.065450773       982.49229      -19.319247       64.435203     -0.36798162      0.87642797      -2.3003964       16.745103        16.745103       1931.4944       1931.4944
    0.067322461       982.45745      -19.353805       63.267976     -0.33761003      0.91832369      -2.6498586       16.745103        16.745103       1931.4247       1931.4247
    0.068177228       982.43819      -19.238381        66.57018      -0.3194503      0.93881222      -2.8258965       16.745103        16.745103       1931.3862       1931.3862
    0.068347333       982.42905      -19.165119       68.807536     -0.34611166      0.89692438      -2.4907751       16.745103        16.745103       1931.3679       1931.3679
    0.069038987       982.41234      -19.248043       65.905433     -0.32919469      0.93192646      -2.7563957       16.745103        16.745103       1931.3345       1931.3345
    0.072716018       982.35381      -19.288829       64.588183     -0.32049598      0.93755467      -2.8163606       16.745103        16.745103       1931.2174       1931.2174
    0.072269713       982.35332      -19.317652       64.322734      -0.3614851      0.87304833      -2.2995646       16.745103        16.745103       1931.2164       1931.2164
    0.071983157       982.35065       -19.30709       64.945607     -0.37504138      0.86705448      -2.2249005       16.745103        16.745103       1931.2111       1931.2111
    0.073219952       982.32697      -19.337494       63.780598      -0.3684829      0.86912275      -2.2555541       16.745103        16.745103       1931.1637       1931.1637
    0.075482966       982.28988      -19.357455       62.753137     -0.33368551      0.93163762      -2.7454619       16.745103        16.745103       1931.0896       1931.0896
    0.075054323       982.28893      -19.314999       64.438386     -0.34214949      0.91571866      -2.6224853       16.745103        16.745103       1931.0877       1931.0877
    0.083684698       982.17344      -19.326726       63.971613     -0.36236367      0.88096777      -2.3445085       16.745103        16.745103       1930.8567       1930.8567
    0.083820137       982.16518      -19.194195       68.061366     -0.35939921      0.89370201      -2.4352102       16.745103        16.745103       1930.8402       1930.8402
    0.089947511       982.08798      -19.238482       66.544397     -0.37495963      0.85870598      -2.1721255       16.745103        16.745103       1930.6858       1930.6858
    0.090549383       982.07467      -19.251015       66.388535     -0.34214932      0.90175988      -2.5295943       16.745103        16.745103       1930.6591       1930.6591
    0.090871376       982.06448      -19.305697       64.636157     -0.33535248      0.90809884       -2.591398       16.745103        16.745103       1930.6387       1930.6387
    0.091098852       982.05533      -19.338758       63.653081     -0.34182081      0.92175597       -2.661715       16.745103        16.745103       1930.6205       1930.6205
    0.092359888       982.03494      -19.258329       66.373568     -0.34609416      0.90128078      -2.5180445       16.745103        16.745103       1930.5797       1930.5797
    0.092052005       982.03163      -19.236389       67.175004     -0.38471566       0.8510154      -2.0963196       16.745103        16.745103       1930.5731       1930.5731
    0.098363363       981.95868      -19.334101        63.34055     -0.32524684      0.93919829      -2.8160754       16.745103        16.745103       1930.4271       1930.4271
      0.1003956       981.93158      -19.233962       66.603542     -0.35173273      0.88093633      -2.3758739       16.745103        16.745103        1930.373        1930.373
     0.10043733       981.92452      -19.228919       66.741244     -0.33168461      0.91026063       -2.615281       16.745103        16.745103       1930.3588       1930.3588
     0.10116812       981.91063      -19.291318       64.525025     -0.33377811      0.91975966      -2.6681089       16.745103        16.745103        1930.331        1930.331
     0.10064765       981.90914      -19.246163       66.005429     -0.31728509      0.94019049      -2.8401034       16.745103        16.745103       1930.3281       1930.3281
     0.10000584       981.90889      -19.289224       64.803415     -0.33349648      0.90827589      -2.5970056       16.745103        16.745103       1930.3276       1930.3276
    0.099384808       981.90848      -19.202249       67.633551     -0.34035075       0.8969203      -2.5058736       16.745103        16.745103       1930.3267       1930.3267
    0.099384007       981.90184      -19.267381       65.806755     -0.38099153      0.86348984      -2.1832223       16.745103        16.745103       1930.3135       1930.3135
     0.10132756       981.87583      -19.233218       66.395044     -0.32307236      0.93203988      -2.7758976       16.745103        16.745103       1930.2615       1930.2615
     0.10138535       981.86861      -19.297139       65.035012     -0.34555963      0.90751396        -2.56111       16.745103        16.745103        1930.247        1930.247
     0.10083131       981.86745      -19.200096        67.51237     -0.33150202      0.92430284      -2.7042284       16.745103        16.745103       1930.2447       1930.2447
     0.10050231       981.86407      -19.196335       68.311361     -0.38473799       0.8578778      -2.1390341       16.745103        16.745103       1930.2379       1930.2379
     0.10335699       981.82942      -19.307711       64.138643     -0.32594331      0.93233433      -2.7709607       16.745103        16.745103       1930.1686       1930.1686
     0.10365657       981.81988      -19.265197       66.093746     -0.34097768      0.91663279      -2.6297506       16.745103        16.745103       1930.1496       1930.1496
     0.10325931       981.81708      -19.304886       64.720393     -0.32938085      0.92403382      -2.7070278       16.745103        16.745103       1930.1439       1930.1439
      0.1031532       981.81146      -19.202563       67.809699     -0.34779246      0.88684039      -2.4233962       16.745103        16.745103       1930.1327       1930.1327
     0.10278928       981.80835      -19.249003       66.122845       -0.332551      0.90572841      -2.5835167       16.745103        16.745103       1930.1265       1930.1265
     0.10277795       981.80182      -19.238164        67.04387     -0.35970095      0.87872274      -2.3396714       16.745103        16.745103       1930.1134       1930.1134
     0.10472282       981.77643      -19.205748       67.660567     -0.33006024      0.92811747      -2.7310766       16.745103        16.745103       1930.0626       1930.0626
     0.11076618       981.71368      -19.190012       68.013658     -0.36357181      0.88933415      -2.3954756       16.745103        16.745103       1929.9371       1929.9371
     0.11304979       981.68662      -19.352367       63.219883     -0.33536794      0.92007308      -2.6669123       16.745103        16.745103        1929.883        1929.883
     0.11239509       981.68579      -19.260259       66.050434     -0.38817449      0.85587633      -2.1170695       16.745103        16.745103       1929.8814       1929.8814
       0.114474       981.66082      -19.327154       63.686675     -0.32428535      0.93220577      -2.7717404       16.745103        16.745103       1929.8314       1929.8314
     0.11892587       981.61602      -19.273624       65.634521     -0.38808122      0.85661082      -2.1209411       16.745103        16.745103       1929.7418       1929.7418
     0.11844875       981.61339      -19.219859       67.147007     -0.33260045      0.93220012      -2.7509843       16.745103        16.745103       1929.7366       1929.7366
     0.12572623       981.54712      -19.174277       68.696251     -0.36544717      0.87472798      -2.2993626       16.745103        16.745103        1929.604        1929.604
     0.12943911       981.51138      -19.207814       67.606537     -0.36513064      0.86586351      -2.2449396       16.745103        16.745103       1929.5325       1929.5325
     0.12977558       981.50213      -19.286556       65.093884     -0.33305638      0.91796595       -2.661268       16.745103        16.745103       1929.5141       1929.5141
     0.12959834       981.49686      -19.320857        64.44456     -0.36578561      0.87936416      -2.3278045       16.745103        16.745103       1929.5035       1929.5035
     0.12990782       981.48783      -19.285287       64.884146     -0.34232107      0.90700248      -2.5625893       16.745103        16.745103       1929.4854       1929.4854
     0.12921139       981.48656      -19.330946       63.935844     -0.33665339       0.9252647      -2.6956075       16.745103        16.745103       1929.4829       1929.4829
     0.12872081       981.48372      -19.212887       67.498534      -0.3361124      0.91575699      -2.6376604       16.745103        16.745103       1929.4772       1929.4772
     0.13135209       981.45684      -19.270135       65.463188      -0.3272356      0.92056733      -2.6884966       16.745103        16.745103       1929.4235       1929.4235
     0.13400494        981.4302      -19.302024       64.447591      -0.3164398      0.94291865      -2.8607288       16.745103        16.745103       1929.3702       1929.3702
     0.13648332       981.40523      -19.183716       68.522045      -0.3756552       0.8638374      -2.2027816       16.745103        16.745103       1929.3202       1929.3202
     0.13675793       981.39657      -19.187468       68.190929     -0.35205706      0.88455852        -2.39782       16.745103        16.745103       1929.3029       1929.3029
     0.13614476       981.39442      -19.228281       66.775185     -0.36659703      0.87914019      -2.3211497       16.745103        16.745103       1929.2986       1929.2986
     0.13807478        981.3737      -19.273155        65.12813     -0.32075504      0.93966499      -2.8308557       16.745103        16.745103       1929.2572       1929.2572
     0.14452348       981.32141      -19.271732       65.577732     -0.38102504      0.86714731      -2.2075821       16.745103        16.745103       1929.1526       1929.1526
     0.14412889        981.3175      -19.292714       64.551778     -0.35034292      0.90760681      -2.5470145       16.745103        16.745103       1929.1448       1929.1448
     0.14341918       981.31579      -19.347256       63.128718     -0.33087641      0.93301552      -2.7606513       16.745103        16.745103       1929.1414       1929.1414
     0.15590142       981.22569      -19.190205       67.961427     -0.34579463      0.90276361      -2.5263891       16.745103        16.745103       1928.9612       1928.9612
     0.15866437       981.20148      -19.209435         67.9534     -0.38612572      0.85220391      -2.1000977       16.745103        16.745103       1928.9128       1928.9128
     0.15821474       981.19768      -19.310731       64.399191     -0.34812905       0.8909738      -2.4474463       16.745103        16.745103       1928.9051       1928.9051
     0.16181365       981.16854      -19.283437       65.030553     -0.32770302      0.92557694      -2.7190177       16.745103        16.745103       1928.8469       1928.8469
     0.16660555       981.13271      -19.243345       66.669882     -0.33587277      0.91430602       -2.628101       16.745103        16.745103       1928.7752       1928.7752
     0.16877631       981.11312      -19.335723       63.656914     -0.34181078      0.92497201      -2.6816897       16.745103        16.745103        1928.736        1928.736
     0.16853932       981.10788      -19.221235       67.062638     -0.32924141       0.9301031      -2.7474503       16.745103        16.745103       1928.7256       1928.7256
     0.17358067       981.07176      -19.193641       67.802379     -0.36454198      0.87896321      -2.3268503       16.745103        16.745103       1928.6533       1928.6533
     0.17281471       981.06954      -19.323612       64.184726      -0.3417423       0.9047091      -2.5520392       16.745103        16.745103       1928.6489       1928.6489
     0.17722129       981.03772      -19.289169       64.879022     -0.33624268      0.92198933      -2.6784601       16.745103        16.745103       1928.5852       1928.5852
     0.17897035       981.02125      -19.226201       66.836925     -0.32617418      0.92061623      -2.6941946       16.745103        16.745103       1928.5523       1928.5523
     0.17800916       981.01999      -19.267531       65.663595     -0.32577584      0.93767897      -2.8026211       16.745103        16.745103       1928.5498       1928.5498
     0.18231168       980.98947       -19.34154       63.318699      -0.3516748      0.89637118      -2.4720025       16.745103        16.745103       1928.4887       1928.4887
     0.18487839       980.96884      -19.186392       68.163078     -0.34080328        0.911391      -2.5971601       16.745103        16.745103       1928.4475       1928.4475
     0.18545425       980.95909      -19.275788       65.066639     -0.31868723      0.94807807      -2.8898496       16.745103        16.745103        1928.428        1928.428
     0.18468446        980.9566       -19.27956       65.604938     -0.34557786      0.89890111      -2.5034161       16.745103        16.745103        1928.423        1928.423
     0.18364366       980.95561      -19.326758       63.753169     -0.34533583       0.8998104      -2.5119852       16.745103        16.745103        1928.421        1928.421
     0.18440404       980.94483      -19.201917       67.454321      -0.3381734      0.90925608      -2.5905528       16.745103        16.745103       1928.3995       1928.3995
     0.18626977       980.92812      -19.241898       66.703543     -0.37500351      0.85980226      -2.1777543       16.745103        16.745103        1928.366        1928.366
     0.18583958       980.92379      -19.275531       65.313591     -0.35054825      0.90812018      -2.5483909       16.745103        16.745103       1928.3574       1928.3574
     0.18772808       980.90703      -19.249909          66.632     -0.35159468      0.89765119      -2.4794153       16.745103        16.745103       1928.3239       1928.3239
     0.18662342       980.90629      -19.261315       65.820063     -0.33757148      0.93034602      -2.7270347       16.745103        16.745103       1928.3224       1928.3224
     0.19441565       980.85874      -19.341326       63.560941     -0.35763641      0.90194475      -2.4912425       16.745103        16.745103       1928.2273       1928.2273
     0.19930464       980.82726      -19.338343       63.843077      -0.3479867      0.90496671      -2.5369416       16.745103        16.745103       1928.1643       1928.1643
     0.20285662       980.80295      -19.201854       67.647361      -0.3602508       0.8952335      -2.4418658       16.745103        16.745103       1928.1157       1928.1157
     0.20709285       980.77564      -19.287609       65.486067     -0.37067366      0.87551353      -2.2873952       16.745103        16.745103       1928.0611       1928.0611
     0.21223305       980.74447      -19.328786       63.866805     -0.35651998      0.88385939      -2.3807887       16.745103        16.745103       1927.9987       1927.9987
     0.21093824       980.74395      -19.277041       65.297551      -0.3210298      0.93425346      -2.7952914       16.745103        16.745103       1927.9977       1927.9977
     0.20981943       980.74262      -19.277994        65.40716     -0.34092663      0.90828277      -2.5788592       16.745103        16.745103        1927.995        1927.995
     0.20936122       980.73816      -19.275733       65.089106     -0.35435945      0.90031624      -2.4895707       16.745103        16.745103       1927.9861       1927.9861
     0.21427368       980.70833      -19.272648       65.557499       -0.346614      0.91027452      -2.5759736       16.745103        16.745103       1927.9264       1927.9264
     0.22562429       980.65007      -19.244854       66.294257     -0.34338748      0.89453651      -2.4820649       16.745103        16.745103       1927.8099       1927.8099
     0.22866303       980.63004      -19.270059       65.763979     -0.33361549      0.91305525      -2.6264473       16.745103        16.745103       1927.7699       1927.7699
     0.23392671       980.60064      -19.264705       66.139819     -0.38588447      0.84848319      -2.0777862       16.745103        16.745103       1927.7111       1927.7111
     0.23735699       980.57944       -19.29165       64.573439     -0.33534334      0.92228523      -2.6795028       16.745103        16.745103       1927.6687       1927.6687
     0.24326081       980.54822      -19.193643       68.104706     -0.35296509      0.88815368      -2.4181201       16.745103        16.745103       1927.6062       1927.6062
     0.24283512       980.54333        -19.1731       68.548551     -0.34953454      0.90102196      -2.5065728       16.745103        16.745103       1927.5965       1927.5965
     0.24338451       980.53443      -19.238509        66.43572     -0.32453665      0.93477248      -2.7896994       16.745103        16.745103       1927.5786       1927.5786
     0.24432383       980.52393      -19.286091       64.731328     -0.33259924      0.92060477      -2.6769284       16.745103        16.745103       1927.5577       1927.5577
     0.24802392       980.50226      -19.244348       66.537364     -0.33460077      0.92712098      -2.7127992       16.745103        16.745103       1927.5143       1927.5143
     0.25344916       980.47397      -19.254712       66.119697     -0.34503784      0.89078866       -2.456569       16.745103        16.745103       1927.4577       1927.4577
     0.25528096       980.46013      -19.218164       67.187362       -0.326425       0.9303126      -2.7544183       16.745103        16.745103         1927.43         1927.43
     0.25535359        980.4532      -19.341027       63.337261     -0.34291517      0.90715696      -2.5639584       16.745103        16.745103       1927.4162       1927.4162
     0.25704696       980.43994      -19.220232       67.398769     -0.36116924      0.87449945      -2.3080944       16.745103        16.745103       1927.3897       1927.3897
     0.25640263       980.43581      -19.230932       67.054709     -0.35311742      0.89984502      -2.4885358       16.745103        16.745103       1927.3814       1927.3814
     0.25729633       980.42568      -19.247192       66.069283     -0.32693266      0.91990985      -2.6866224       16.745103        16.745103       1927.3612       1927.3612
     0.25976951       980.40947      -19.256331       65.662223     -0.32470267      0.93195257      -2.7707429       16.745103        16.745103       1927.3287       1927.3287
     0.26277607       980.39132      -19.207365       67.552549     -0.35712653      0.87973025      -2.3517433       16.745103        16.745103       1927.2924       1927.2924
     0.26473715       980.37724      -19.221088       67.308612     -0.35988241      0.87871112      -2.3371091       16.745103        16.745103       1927.2643       1927.2643
     0.26435977       980.37202       -19.25574       65.765537     -0.32404748       0.9436485      -2.8474595       16.745103        16.745103       1927.2538       1927.2538
      0.2690507       980.34779       -19.30251        64.88947     -0.37872208      0.86766767      -2.2178654       16.745103        16.745103       1927.2054       1927.2054
     0.26843944       980.34342      -19.193822       68.069804      -0.3595188      0.89416916      -2.4372551       16.745103        16.745103       1927.1966       1927.1966
     0.28676586       980.27074      -19.254798        66.04533     -0.35023986      0.89802973      -2.4840657       16.745103        16.745103       1927.0513       1927.0513
     0.28742342        980.2618      -19.265163       65.930797     -0.34052791      0.90138403      -2.5347532       16.745103        16.745103       1927.0334       1927.0334
     0.29143456        980.2413       -19.32864       63.874046     -0.33989177      0.91542883      -2.6264115       16.745103        16.745103       1926.9924       1926.9924
     0.30030781       980.20466      -19.263894        65.89731     -0.36150509      0.87110866      -2.2883932       16.745103        16.745103       1926.9191       1926.9191
     0.29987898       980.19944      -19.336078       63.536877     -0.32974963      0.92969541      -2.7419762       16.745103        16.745103       1926.9087       1926.9087
     0.30220936       980.18506      -19.246854       66.514503     -0.35635479      0.89139373      -2.4298657       16.745103        16.745103       1926.8799       1926.8799
     0.30186732       980.17955      -19.220893        67.28067     -0.37909071      0.85743571      -2.1536784       16.745103        16.745103       1926.8689       1926.8689
     0.30252431       980.17073      -19.302822       64.649275     -0.37742541      0.87057255      -2.2392654       16.745103        16.745103       1926.8513       1926.8513
     0.30780809       980.14677       -19.24302       66.728352     -0.39115716      0.84863641      -2.0631885       16.745103        16.745103       1926.8033       1926.8033
     0.30629819       980.14504      -19.280595       65.446462     -0.37115202      0.87365355      -2.2741186       16.745103        16.745103       1926.7999       1926.7999
     0.30571406       980.14031      -19.291081       64.795274     -0.34861023      0.90275527      -2.5190051       16.745103        16.745103       1926.7904       1926.7904
     0.30727564       980.12857      -19.315815       64.215887     -0.32539419      0.93403766       -2.782091       16.745103        16.745103       1926.7669       1926.7669
     0.30710283       980.12248      -19.278839       65.182713     -0.35320678      0.88623628      -2.4053835       16.745103        16.745103       1926.7548       1926.7548
     0.30622708        980.1187      -19.246547       66.334406     -0.34396986      0.90116579       -2.520842       16.745103        16.745103       1926.7472       1926.7472
     0.30827159        980.1054      -19.329471       64.091764     -0.37592354      0.87418315      -2.2654798       16.745103        16.745103       1926.7206       1926.7206
     0.31564625       980.07511      -19.247284       66.333649     -0.37926607      0.86264694      -2.1833151       16.745103        16.745103         1926.66         1926.66
     0.32355291       980.04373      -19.303662       64.752464     -0.36916679      0.87520648       -2.289584       16.745103        16.745103       1926.5972       1926.5972
     0.32376419       980.03643      -19.186234       68.440621     -0.37203934      0.87337856      -2.2717218       16.745103        16.745103       1926.5827       1926.5827
     0.32598651       980.02294      -19.183207       68.569011      -0.3599957      0.88673622      -2.3880802       16.745103        16.745103       1926.5557       1926.5557
     0.34515512       979.95916      -19.327218       63.968883     -0.34995242      0.89956299      -2.4987274       16.745103        16.745103       1926.4281       1926.4281
     0.34976297       979.93925      -19.278018       65.576781      -0.3365165      0.91747808      -2.6455818       16.745103        16.745103       1926.3883       1926.3883
      0.3554637       979.91644      -19.310112       64.083718     -0.33026583      0.92884424      -2.7366617       16.745103        16.745103       1926.3427       1926.3427
      0.3539741         979.914      -19.283095       65.530816     -0.35956732      0.88228409      -2.3607229       16.745103        16.745103       1926.3378       1926.3378
     0.35300956       979.91008      -19.182027       68.582213     -0.37382543      0.86628178      -2.2220467       16.745103        16.745103         1926.33         1926.33
     0.37176377       979.85167      -19.213291       67.718806     -0.37856923       0.8578131      -2.1570399       16.745103        16.745103       1926.2131       1926.2131
     0.37049495       979.84845      -19.288284        64.97459     -0.32247479      0.93292524      -2.7822748       16.745103        16.745103       1926.2067       1926.2067
     0.36913169       979.84549      -19.218024       67.557142     -0.38215698      0.85715742      -2.1426634       16.745103        16.745103       1926.2008       1926.2008
     0.37004407       979.83638      -19.250406       66.368296     -0.33420845       0.9209814      -2.6738387       16.745103        16.745103       1926.1825       1926.1825
     0.36889752       979.83284      -19.249401       66.451483     -0.34398937      0.90973212      -2.5757787       16.745103        16.745103       1926.1755       1926.1755
     0.36766967       979.82952      -19.284467       65.370463      -0.3411319      0.90567219      -2.5604616       16.745103        16.745103       1926.1688       1926.1688
     0.36861707       979.82031      -19.301873        64.97583     -0.34797482      0.90862229      -2.5598547       16.745103        16.745103       1926.1504       1926.1504
     0.37181441       979.80503      -19.204472       67.625021     -0.34833656       0.9015156      -2.5149476       16.745103        16.745103       1926.1198       1926.1198
     0.37519623       979.78933      -19.259161       66.459348     -0.37501391       0.8690425       -2.236147       16.745103        16.745103       1926.0884       1926.0884
     0.37803463       979.77515      -19.213773        67.24663     -0.35251237      0.89971721      -2.4893269       16.745103        16.745103       1926.0601       1926.0601
     0.37928215       979.76521       -19.28408       65.313667      -0.3374068      0.92307268      -2.6813692       16.745103        16.745103       1926.0402       1926.0402
     0.38031823       979.75583      -19.256548       66.082971     -0.32965797      0.93265914      -2.7611753       16.745103        16.745103       1926.0215       1926.0215
      0.3779937       979.75532      -19.211091       67.558101     -0.34277095      0.90848755      -2.5711552       16.745103        16.745103       1926.0204       1926.0204
     0.38102024        979.7407      -19.261236       66.111066     -0.33978193       0.9177985      -2.6392533       16.745103        16.745103       1925.9912       1925.9912
     0.37905365       979.73923      -19.210096       67.250151     -0.35310675      0.88941072      -2.4243948       16.745103        16.745103       1925.9883       1925.9883
     0.37954425       979.73129      -19.270149       65.273538      -0.3334316      0.91620969      -2.6466168       16.745103        16.745103       1925.9724       1925.9724
     0.37746958       979.73013      -19.238989       66.596684     -0.36605731      0.86906724      -2.2630985       16.745103        16.745103       1925.9701       1925.9701
     0.37958287        979.7179       -19.31017       64.183396     -0.35873489      0.89033672      -2.4146318       16.745103        16.745103       1925.9456       1925.9456
     0.38353108       979.70091      -19.222004       66.861517     -0.32980105      0.93213204      -2.7574245       16.745103        16.745103       1925.9116       1925.9116
     0.38241992       979.69717      -19.242101       66.915313     -0.36219174      0.88165656      -2.3509633       16.745103        16.745103       1925.9041       1925.9041
     0.39021646       979.67034      -19.251499       65.815175     -0.32675302      0.93418053      -2.7783957       16.745103        16.745103       1925.8505       1925.8505
     0.39257515       979.65767      -19.272923        65.65522      -0.3770416      0.85797134      -2.1625409       16.745103        16.745103       1925.8251       1925.8251
     0.39122004       979.65448      -19.308902       64.490187     -0.36583741      0.88531594      -2.3625278       16.745103        16.745103       1925.8188       1925.8188
     0.40086351       979.62349      -19.339883        63.60365     -0.36490099      0.88148222      -2.3429851       16.745103        16.745103       1925.7568       1925.7568
     0.40058796       979.61753       -19.29118       64.830038     -0.35535007      0.88807171      -2.4113584       16.745103        16.745103       1925.7449       1925.7449
     0.39806744        979.6172      -19.293395        65.24515     -0.38416994      0.85437683       -2.119194       16.745103        16.745103       1925.7442       1925.7442
     0.40224839        979.6001      -19.243598       66.531526     -0.33391096      0.92095651      -2.6742084       16.745103        16.745103         1925.71         1925.71
     0.40403011       979.58904      -19.322617       63.840365     -0.34897546      0.90953142      -2.5641231       16.745103        16.745103       1925.6879       1925.6879
     0.40303998       979.58485      -19.242598       66.809891     -0.35941446      0.89046239      -2.4146126       16.745103        16.745103       1925.6795       1925.6795
     0.40653369       979.56957      -19.243017       66.783883     -0.37667296      0.86087936      -2.1819657       16.745103        16.745103       1925.6489       1925.6489
     0.40573647       979.56489       -19.23709       66.439299     -0.32928047      0.93573073      -2.7826642       16.745103        16.745103       1925.6396       1925.6396
      0.4062942       979.55687        -19.3325       63.584753     -0.34340383      0.90652354      -2.5587849       16.745103        16.745103       1925.6235       1925.6235
      0.4052053       979.55291      -19.252575       65.820594      -0.3272288      0.92778849      -2.7373927       16.745103        16.745103       1925.6156       1925.6156
     0.41027739       979.53383      -19.263467       66.095514     -0.38582522      0.85053643      -2.0905277       16.745103        16.745103       1925.5775       1925.5775
     0.42395377       979.49439      -19.261905         65.5874     -0.34580706      0.90317191      -2.5295501       16.745103        16.745103       1925.4986       1925.4986
     0.42473011       979.48592      -19.255593       66.416573     -0.36149056      0.88111317      -2.3480718       16.745103        16.745103       1925.4816       1925.4816
     0.42219148       979.48527      -19.217537       67.562058     -0.37826831      0.85980164       -2.170308       16.745103        16.745103       1925.4803       1925.4803
     0.41952592       979.48496      -19.254716       66.353752     -0.36557988      0.87755508      -2.3139954       16.745103        16.745103       1925.4797       1925.4797
     0.43307784       979.44652      -19.284301       65.116967     -0.33415717      0.91022416      -2.6070977       16.745103        16.745103       1925.4028       1925.4028
     0.44785798       979.40632      -19.321425       63.939465     -0.36351029      0.88898521      -2.3936401       16.745103        16.745103       1925.3224       1925.3224
     0.44669316       979.40228      -19.321308       63.862824     -0.33475802      0.92009363      -2.6672089       16.745103        16.745103       1925.3144       1925.3144
     0.44444516       979.40068      -19.286497       64.870224     -0.33081561      0.91841418      -2.6674101       16.745103        16.745103       1925.3112       1925.3112
      0.4587669       979.36232      -19.248692        66.15021     -0.34607199      0.90240239      -2.5232039       16.745103        16.745103       1925.2344       1925.2344
     0.45965795       979.35373      -19.227592        66.89149     -0.35933653      0.87681956       -2.328224       16.745103        16.745103       1925.2173       1925.2173
     0.46435342       979.33693      -19.254733       66.058327     -0.35464169      0.88478644      -2.3898638       16.745103        16.745103       1925.1836       1925.1836
     0.46364709        979.3318      -19.271831       66.009313     -0.36489583      0.87804361        -2.32063       16.745103        16.745103       1925.1734       1925.1734
     0.47200242        979.3073       -19.27993       65.412325      -0.3674408      0.86787545      -2.2504276       16.745103        16.745103       1925.1244       1925.1244
     0.47200697       979.30065      -19.299079       64.669219      -0.3618466      0.89073772      -2.4100668       16.745103        16.745103       1925.1111       1925.1111
     0.48030534       979.27657      -19.262199       65.892505     -0.34390482      0.89566306      -2.4881419       16.745103        16.745103       1925.0629       1925.0629
     0.47932508       979.27197      -19.214212       67.258211     -0.35013472       0.8886919      -2.4278121       16.745103        16.745103       1925.0537       1925.0537
     0.47867222       979.26669      -19.310515        64.60098       -0.351154       0.8920522      -2.4463046       16.745103        16.745103       1925.0432       1925.0432
     0.47647293       979.26465      -19.296378       64.788631     -0.33742149      0.90740037      -2.5798287       16.745103        16.745103       1925.0391       1925.0391
     0.48707697       979.23599      -19.209051       67.586802     -0.33907478      0.91415795      -2.6187241       16.745103        16.745103       1924.9818       1924.9818
     0.48497561       979.23367      -19.244272       66.571487     -0.36126776      0.87260374       -2.297824       16.745103        16.745103       1924.9771       1924.9771
     0.48615844       979.22459      -19.211094       67.744724     -0.37065768      0.87737652       -2.299528       16.745103        16.745103        1924.959        1924.959
     0.48992696       979.21023      -19.195586       67.902568     -0.34359979      0.90395715       -2.542291       16.745103        16.745103       1924.9302       1924.9302
      0.4917554       979.19986      -19.196792       67.715667     -0.34829662      0.90470768       -2.533099       16.745103        16.745103       1924.9095       1924.9095
     0.50233857       979.17192       -19.23721       66.307918     -0.33419757      0.91864845      -2.6590184       16.745103        16.745103       1924.8536       1924.8536
     0.49921645       979.17151      -19.205969       67.779655     -0.37832106      0.85962031      -2.1678272       16.745103        16.745103       1924.8528       1924.8528
     0.49633733       979.17065      -19.250313       66.422203     -0.36833274      0.87291511       -2.280713       16.745103        16.745103       1924.8511       1924.8511
     0.50922131       979.13838      -19.317673       64.135102     -0.34065755      0.91001676      -2.5896877       16.745103        16.745103       1924.7865       1924.7865
      0.5083992       979.13335      -19.241255       66.661087     -0.34979529      0.90195715      -2.5139726       16.745103        16.745103       1924.7765       1924.7765
     0.50958424       979.12438      -19.307472       64.339741     -0.36526992      0.88244102      -2.3472795       16.745103        16.745103       1924.7585       1924.7585
     0.52169096       979.09425      -19.204594       67.480153     -0.35113397      0.90402272       -2.522305       16.745103        16.745103       1924.6983       1924.6983
      0.5383469       979.05618      -19.293506        64.87173     -0.34956123      0.89460042      -2.4685876       16.745103        16.745103       1924.6222       1924.6222
     0.53636128       979.05323      -19.211242       67.331863     -0.36200161      0.87788756      -2.3280447       16.745103        16.745103       1924.6163       1924.6163
     0.54836976       979.02444      -19.192043       68.062083     -0.36823715      0.87977161      -2.3219001       16.745103        16.745103       1924.5587       1924.5587
     0.55274444       979.00985      -19.271603       65.463171     -0.36999685      0.87421907       -2.283179       16.745103        16.745103       1924.5295       1924.5295
     0.56464138       978.98191      -19.223133       66.971648     -0.33368443      0.92781409      -2.7199232       16.745103        16.745103       1924.4736       1924.4736
     0.56415734       978.97613      -19.206008       67.715788     -0.36968725      0.86797307      -2.2438827       16.745103        16.745103        1924.462        1924.462
     0.56466837       978.96858      -19.233356       66.464246      -0.3288869      0.92552696      -2.7180894       16.745103        16.745103       1924.4469       1924.4469
      0.5651067       978.96116      -19.259109       66.103452     -0.34484926      0.89855474      -2.5031907       16.745103        16.745103       1924.4321       1924.4321
     0.56254088       978.95906      -19.257531       65.907848     -0.35760085      0.88210698      -2.3677616       16.745103        16.745103       1924.4279       1924.4279
     0.56257075       978.95236      -19.217028       67.069123     -0.35346889      0.88979227      -2.4264262       16.745103        16.745103       1924.4145       1924.4145
     0.56749561         978.937       -19.26858       65.738465     -0.38060058      0.85859055      -2.1555585       16.745103        16.745103       1924.3838       1924.3838
     0.56473873       978.93523      -19.264827       65.866845     -0.36501992      0.87158141      -2.2816622       16.745103        16.745103       1924.3803       1924.3803
     0.58101271       978.90017      -19.289943       64.967773     -0.35844552      0.89891816      -2.4692481       16.745103        16.745103       1924.3101       1924.3101
     0.58061114       978.89422      -19.237019       66.555836     -0.33993614      0.91466586      -2.6176773       16.745103        16.745103       1924.2982       1924.2982
     0.57901645       978.89033      -19.278874       65.083361     -0.33191419       0.9257785       -2.710351       16.745103        16.745103       1924.2904       1924.2904
     0.58017626       978.88168      -19.293706       65.011382     -0.35506683      0.88336017      -2.3819496       16.745103        16.745103       1924.2732       1924.2732
     0.57933153       978.87649      -19.270936       65.671204     -0.35030319      0.88860368      -2.4264229       16.745103        16.745103       1924.2628       1924.2628
     0.57609982       978.87544      -19.246583       66.518714     -0.38518159      0.85474724      -2.1180313       16.745103        16.745103       1924.2607       1924.2607
     0.57689806       978.86741      -19.225004        67.00085     -0.35753222      0.87878738      -2.3459255       16.745103        16.745103       1924.2446       1924.2446
      0.5743914       978.86512      -19.276303       65.662028     -0.36215751      0.89468772      -2.4326714       16.745103        16.745103         1924.24         1924.24
     0.58418866       978.84157      -19.274721       65.541566     -0.33353776      0.91524676      -2.6404156       16.745103        16.745103       1924.1929       1924.1929
     0.58565683       978.83241      -19.288919       64.717568     -0.33612956      0.91988556      -2.6637894       16.745103        16.745103       1924.1746       1924.1746
     0.58622267        978.8248      -19.284167        64.97688     -0.36217042      0.89038991       -2.405998       16.745103        16.745103       1924.1594       1924.1594
     0.60067065       978.79381      -19.218506        67.38547     -0.37577124      0.86246496      -2.1939692       16.745103        16.745103       1924.0974       1924.0974
     0.60444957       978.78089      -19.248004       66.371281     -0.36509058      0.87121114      -2.2769521       16.745103        16.745103       1924.0716       1924.0716
     0.60176885       978.77869      -19.236526       66.430341     -0.33523668      0.92150508      -2.6767919       16.745103        16.745103       1924.0672       1924.0672
     0.60992946       978.75858       -19.27313       65.469082     -0.34189553      0.90533114      -2.5532755       16.745103        16.745103        1924.027        1924.027
     0.61061708       978.75081      -19.258748       65.773377      -0.3305436      0.92977102      -2.7395053       16.745103        16.745103       1924.0114       1924.0114
     0.61111557       978.74335      -19.299909       64.755545     -0.33569642       0.9137402      -2.6244323       16.745103        16.745103       1923.9965       1923.9965
     0.61135535       978.73631      -19.323825       64.272657     -0.36259831      0.88547282      -2.3743856       16.745103        16.745103       1923.9824       1923.9824
      0.6175171       978.71964      -19.252719       66.367858     -0.36408778      0.87398715      -2.2966221       16.745103        16.745103       1923.9491       1923.9491
     0.62084466       978.70762      -19.224189       66.832223     -0.36088037      0.88886679      -2.3999326       16.745103        16.745103        1923.925        1923.925
     0.63501993        978.6784      -19.200626       67.719852     -0.36856504       0.8763733      -2.2998146       16.745103        16.745103       1923.8666       1923.8666
     0.63155247       978.67723      -19.302057       64.494368     -0.33380159      0.91929736      -2.6641942       16.745103        16.745103       1923.8643       1923.8643
     0.63392115       978.66684      -19.209223       67.381153     -0.34476302      0.90004255      -2.5145777       16.745103        16.745103       1923.8435       1923.8435
     0.64985633       978.63537      -19.249765       65.974193     -0.34740909      0.90286422      -2.5257565       16.745103        16.745103       1923.7805       1923.7805
      0.6622947       978.60977      -19.252151       66.328915     -0.33712358       0.9171912      -2.6426355       16.745103        16.745103       1923.7293       1923.7293
     0.65998095       978.60662       -19.26681       65.496738     -0.33218166      0.91720044      -2.6569466       16.745103        16.745103        1923.723        1923.723
     0.65698639       978.60453        -19.2793       65.441457     -0.35169886      0.88678763      -2.4121634       16.745103        16.745103       1923.7188       1923.7188
     0.65431989       978.60195      -19.338833       63.769365     -0.36412741      0.88462805      -2.3640948       16.745103        16.745103       1923.7137       1923.7137
     0.66429618       978.58017      -19.290835       65.235334     -0.37123701      0.86906208      -2.2480772       16.745103        16.745103       1923.6701       1923.6701
     0.66662085       978.57003      -19.272177       65.343344     -0.33920767      0.90862905      -2.5820117       16.745103        16.745103       1923.6499       1923.6499
     0.66256382       978.56949      -19.288977       64.939228     -0.33197511      0.91937698      -2.6694967       16.745103        16.745103       1923.6488       1923.6488
     0.65944224       978.56757      -19.268651       65.466432     -0.32676741      0.93072824      -2.7577585       16.745103        16.745103       1923.6449       1923.6449
     0.66862304        978.5471      -19.310649       64.581648     -0.36923456       0.8724869      -2.2733263       16.745103        16.745103        1923.604        1923.604
     0.66783607       978.54163      -19.295366       64.915899     -0.36656206      0.87206476      -2.2788291       16.745103        16.745103       1923.5931       1923.5931
     0.68485575       978.50982      -19.277208       65.732397     -0.36725656      0.87833341      -2.3147132       16.745103        16.745103       1923.5294       1923.5294
     0.68265719        978.5064       -19.22725       66.804127     -0.32902696      0.92644082      -2.7231972       16.745103        16.745103       1923.5226       1923.5226
      0.6818266       978.50097      -19.338249       63.765619     -0.36077737      0.89260467      -2.4234312       16.745103        16.745103       1923.5117       1923.5117
      0.6844737       978.49045       -19.24436       66.329944     -0.33610527      0.92501414      -2.6948952       16.745103        16.745103       1923.4907       1923.4907
     0.68496008       978.48309      -19.247873       66.011012     -0.33100981      0.92757257      -2.7262227       16.745103        16.745103        1923.476        1923.476
     0.68135309       978.48173      -19.318529       64.001843     -0.35332869      0.90562777      -2.5266739       16.745103        16.745103       1923.4733       1923.4733
     0.68228513       978.47372      -19.227843        66.75597      -0.3299565      0.92879583      -2.7354438       16.745103        16.745103       1923.4572       1923.4572
     0.68028998          978.47      -19.250808       66.266036     -0.33441928      0.91464509      -2.6334052       16.745103        16.745103       1923.4498       1923.4498
     0.68746627       978.45286      -19.233705       66.690296     -0.34672485      0.91355644      -2.5952681       16.745103        16.745103       1923.4155       1923.4155
     0.68494856       978.44989      -19.250627       66.454463     -0.35424257        0.887946      -2.4132715       16.745103        16.745103       1923.4096       1923.4096
     0.69039556       978.43532      -19.191306       68.084892     -0.36549919      0.88005679      -2.3315543       16.745103        16.745103       1923.3804       1923.3804
     0.68824914       978.43179      -19.318285       64.129079     -0.35867551      0.88624788      -2.3889408       16.745103        16.745103       1923.3734       1923.3734
     0.69159994       978.42029      -19.264567       65.543485     -0.32683915      0.92802345      -2.7385224       16.745103        16.745103       1923.3504       1923.3504
     0.68793623       978.41896      -19.227335       67.102617     -0.36522003      0.87799607       -2.320745       16.745103        16.745103       1923.3477       1923.3477
     0.68435541       978.41753      -19.226396       66.799708     -0.33627854      0.92497969       -2.695162       16.745103        16.745103       1923.3449       1923.3449
     0.68571902        978.4089      -19.244273       66.374938     -0.35007751      0.89540451      -2.4684867       16.745103        16.745103       1923.3276       1923.3276
     0.68855187       978.39813      -19.227853       66.734842     -0.35156695      0.90464339      -2.5241059       16.745103        16.745103       1923.3061       1923.3061
     0.68666726       978.39423      -19.237101       66.653086     -0.33658806      0.91054032      -2.6013438       16.745103        16.745103       1923.2982       1923.2982
     0.68466969       978.39049      -19.310981       64.472257     -0.36544247      0.89009703      -2.3947491       16.745103        16.745103       1923.2908       1923.2908
     0.68725971       978.38007      -19.291406       65.074019      -0.3356827      0.92332432      -2.6855737       16.745103        16.745103       1923.2699       1923.2699
     0.70537473       978.34741      -19.269356         65.7035     -0.35835759      0.88954161      -2.4125379       16.745103        16.745103       1923.2046       1923.2046
     0.71396413       978.32866      -19.237844       66.847643     -0.36847014      0.86712459      -2.2428939       16.745103        16.745103       1923.1671       1923.1671
     0.72019336       978.31333      -19.200967       67.772532     -0.36892055      0.87316449      -2.2785039       16.745103        16.745103       1923.1365       1923.1365
     0.72678582       978.29758      -19.325035       64.000847     -0.34624604      0.90409073      -2.5348734       16.745103        16.745103       1923.1049       1923.1049
     0.74375694       978.26785      -19.203353       67.718093     -0.36719594      0.87653491      -2.3053312       16.745103        16.745103       1923.0455       1923.0455
      0.7450532       978.25946      -19.265635       65.599927     -0.35845404      0.88370594      -2.3745912       16.745103        16.745103       1923.0287       1923.0287
     0.74703742       978.25016      -19.206254       67.736482     -0.35031263      0.90168961      -2.5095799       16.745103        16.745103       1923.0101       1923.0101
     0.74492846       978.24634      -19.315563       64.086352     -0.34980148      0.90554254      -2.5345915       16.745103        16.745103       1923.0025       1923.0025
     0.74257203       978.24287      -19.298646       65.030556     -0.35018256       0.9037302      -2.5222964       16.745103        16.745103       1922.9955       1922.9955
     0.74358379       978.23486      -19.276143       65.400179     -0.33339529      0.92214246      -2.6858864       16.745103        16.745103       1922.9795       1922.9795
     0.74595202       978.22504      -19.241962       66.271308     -0.33461245      0.91922122      -2.6637123       16.745103        16.745103       1922.9599       1922.9599
     0.75022449       978.21268      -19.200966       67.654057     -0.34599826      0.90045755      -2.5129939       16.745103        16.745103       1922.9352       1922.9352
     0.76921532       978.18104      -19.240969       66.253806     -0.34217947       0.9179412      -2.6344775       16.745103        16.745103       1922.8719       1922.8719
     0.77127475       978.17172      -19.189297       68.208143     -0.36283184      0.88227868      -2.3527714       16.745103        16.745103       1922.8532       1922.8532
     0.77043384       978.16616      -19.203153       67.836703      -0.3499184      0.89704589      -2.4807836       16.745103        16.745103       1922.8421       1922.8421
      0.7654978       978.16595      -19.269898       65.487139     -0.34031632      0.90978831      -2.5891956       16.745103        16.745103       1922.8417       1922.8417
     0.77417892       978.14803      -19.264618       65.582699     -0.33195856      0.91816485      -2.6634515       16.745103        16.745103       1922.8058       1922.8058
     0.77388952       978.14176      -19.202505       67.651863     -0.35202554      0.89086377      -2.4364548       16.745103        16.745103       1922.7933       1922.7933
     0.76992181       978.14025      -19.197539       67.750178     -0.34633743      0.90507973      -2.5412611       16.745103        16.745103       1922.7903       1922.7903
     0.76853253       978.13541      -19.283597       65.185173     -0.36697092      0.88076466       -2.330833       16.745103        16.745103       1922.7806       1922.7806
     0.76431733       978.13427      -19.213977       67.445617     -0.34328289      0.90516401      -2.5495682       16.745103        16.745103       1922.7783       1922.7783
      0.7634673       978.12874      -19.277168       65.255817     -0.33796737      0.90784988      -2.5820174       16.745103        16.745103       1922.7673       1922.7673
     0.75929738       978.12757      -19.264463       65.635473     -0.34235566      0.91159646      -2.5919683       16.745103        16.745103       1922.7649       1922.7649
     0.76632336       978.11171       -19.33936       63.639831      -0.3607304      0.89082644      -2.4122651       16.745103        16.745103       1922.7332       1922.7332
     0.77709637       978.09111      -19.330214       63.720893     -0.34037231      0.91749011      -2.6374691       16.745103        16.745103        1922.692        1922.692
     0.80083267       978.05438       -19.27352       65.495451     -0.36592066      0.87339582       -2.288673       16.745103        16.745103       1922.6185       1922.6185
     0.80867647       978.03798      -19.256293       66.349214     -0.35780259      0.88394203      -2.3775397       16.745103        16.745103       1922.5858       1922.5858
     0.80781063       978.03241      -19.286768       65.247888     -0.36618396      0.88564066      -2.3657221       16.745103        16.745103       1922.5746       1922.5746
     0.80283559       978.03194      -19.294193       64.882682     -0.33445898      0.92872057      -2.7248053       16.745103        16.745103       1922.5737       1922.5737
     0.80606004       978.02129      -19.314575        64.16833     -0.35455837      0.89343613      -2.4465982       16.745103        16.745103       1922.5524       1922.5524
     0.80075105       978.02126       -19.29224       65.125242     -0.36133739       0.8813688      -2.3503102       16.745103        16.745103       1922.5523       1922.5523
      0.8035021       978.01118      -19.293264       64.760838     -0.34445044      0.90550007      -2.5507422       16.745103        16.745103       1922.5322       1922.5322
     0.81923841       977.98514       -19.31313       64.401699     -0.35278661      0.89093844      -2.4352206       16.745103        16.745103       1922.4801       1922.4801
     0.81474624         977.984      -19.260835       65.599101     -0.33519188      0.92261563      -2.6835619       16.745103        16.745103       1922.4778       1922.4778
      0.8128019       977.97974      -19.286576        65.36258     -0.35077872      0.90632236       -2.537278       16.745103        16.745103       1922.4693       1922.4693
      0.8281105       977.95444      -19.272302       65.726542     -0.38133558       0.8587622      -2.1543258       16.745103        16.745103       1922.4187       1922.4187
     0.82817663       977.94771      -19.240302       66.415801     -0.33812105       0.9164996      -2.6344848       16.745103        16.745103       1922.4052       1922.4052
     0.82930727        977.9397      -19.233634       66.778488     -0.33603706      0.92088461      -2.6696667       16.745103        16.745103       1922.3892       1922.3892
     0.82776523       977.93492      -19.326058       64.101474     -0.35931738       0.8906955      -2.4148318       16.745103        16.745103       1922.3796       1922.3796
     0.82449845       977.93223      -19.193008        68.13474     -0.36186426      0.88279011      -2.3582273       16.745103        16.745103       1922.3743       1922.3743
      0.8297757        977.9192      -19.329686       63.852018     -0.34905661       0.8999071      -2.5018659       16.745103        16.745103       1922.3482       1922.3482
     0.84057686       977.89963      -19.278114       65.703133     -0.36606682      0.87690587      -2.3111354       16.745103        16.745103        1922.309        1922.309
     0.84891583       977.88311      -19.229604       66.634237     -0.34848105      0.90732394      -2.5504671       16.745103        16.745103        1922.276        1922.276
     0.84669863       977.87908      -19.264343       65.535347     -0.34616926      0.90732607      -2.5573051       16.745103        16.745103        1922.268        1922.268
     0.85633345       977.86112      -19.315393       64.314811     -0.35893163       0.8985453      -2.4660965       16.745103        16.745103        1922.232        1922.232
     0.87388879       977.83418        -19.2995       64.977556     -0.37582576      0.87253433      -2.2558112       16.745103        16.745103       1922.1782       1922.1782
     0.87526885       977.82596      -19.233484       66.696181      -0.3427692      0.91112357      -2.5879463       16.745103        16.745103       1922.1617       1922.1617
     0.87460802       977.82007       -19.27756       65.684207     -0.36472144      0.88014633      -2.3332002       16.745103        16.745103       1922.1499       1922.1499
     0.87774222       977.80985      -19.252298        66.43724     -0.36750448      0.87229243      -2.2785388       16.745103        16.745103       1922.1295       1922.1295
     0.87411201       977.80735       -19.25414       65.876024     -0.34607852      0.90569988      -2.5473146       16.745103        16.745103       1922.1245       1922.1245
     0.87952983       977.79453      -19.237501       66.474891     -0.33286606      0.91952111      -2.6681405       16.745103        16.745103       1922.0988       1922.0988
     0.87454773       977.79356      -19.298833       64.836064     -0.35618977       0.8989077      -2.4749648       16.745103        16.745103       1922.0969       1922.0969
     0.87098151         977.791      -19.230528       66.764123      -0.3444267       0.9036435      -2.5388327       16.745103        16.745103       1922.0918       1922.0918
     0.88323797       977.77039      -19.267146       65.662316     -0.33562765      0.92097613      -2.6698104       16.745103        16.745103       1922.0506       1922.0506
      0.8930517       977.75269      -19.211388       67.417528     -0.36374658      0.88773548      -2.3843767       16.745103        16.745103       1922.0152       1922.0152
     0.89567102       977.74312       -19.23017       66.970356     -0.37193554      0.87731592      -2.2967387       16.745103        16.745103        1921.996        1921.996
     0.89440596       977.73789      -19.234556       66.505112     -0.34545598       0.9009872      -2.5185443       16.745103        16.745103       1921.9856       1921.9856
     0.89330085       977.73248      -19.215966       67.225201       -0.353403      0.89217652      -2.4397006       16.745103        16.745103       1921.9748       1921.9748
     0.90057501       977.71773      -19.332771       63.880545     -0.36348922      0.88631684      -2.3762947       16.745103        16.745103       1921.9452       1921.9452
      0.9104098       977.70022      -19.236049       66.763936      -0.3571961      0.89964187      -2.4781788       16.745103        16.745103       1921.9102       1921.9102
     0.90587848       977.69856      -19.208585       67.676622     -0.35633041      0.88588202      -2.3931277       16.745103        16.745103       1921.9069       1921.9069
     0.89991442       977.69853      -19.280169       65.538776     -0.36816863      0.87004518      -2.2621936       16.745103        16.745103       1921.9068       1921.9068
     0.89856333       977.69338      -19.276977       65.390643     -0.32985711      0.92788804      -2.7302982       16.745103        16.745103       1921.8966       1921.8966
     0.89590412        977.6897      -19.280213       65.241595     -0.34015709      0.91143406      -2.5999863       16.745103        16.745103       1921.8892       1921.8892
     0.89169928       977.68776      -19.258526       66.173423     -0.34310848      0.90761774      -2.5663441       16.745103        16.745103       1921.8853       1921.8853
      0.8880816       977.68518      -19.290729       64.803106     -0.33220833      0.93166566      -2.7493791       16.745103        16.745103       1921.8802       1921.8802
     0.88233185       977.68503      -19.230738       66.861001     -0.34000664      0.90946671      -2.5851776       16.745103        16.745103       1921.8799       1921.8799
     0.88022645       977.68078      -19.261183       65.907027     -0.33791348      0.91829834      -2.6492981       16.745103        16.745103       1921.8714       1921.8714
     0.88883356        977.6644      -19.231431       66.901735     -0.37845849      0.86481197      -2.1997318       16.745103        16.745103       1921.8386       1921.8386
      0.8871764       977.65962      -19.327456       63.982972     -0.35668965      0.89195832      -2.4314194       16.745103        16.745103        1921.829        1921.829
     0.88163295       977.65925      -19.303792       64.806824     -0.36621604      0.87498074      -2.2980116       16.745103        16.745103       1921.8283       1921.8283
     0.88591003       977.64776       -19.25694       65.847866     -0.34340786      0.91427301      -2.6091008       16.745103        16.745103       1921.8053       1921.8053
     0.88794814       977.63882      -19.301819       64.600518     -0.33391104      0.92944831      -2.7302673       16.745103        16.745103       1921.7874       1921.7874
     0.88396349       977.63667      -19.278609       65.362789     -0.35252008      0.88958364      -2.4262906       16.745103        16.745103       1921.7831       1921.7831
     0.88305227       977.63106       -19.21365       67.172873     -0.35067324      0.89977325      -2.4963724       16.745103        16.745103       1921.7719       1921.7719
      0.8806753       977.62711      -19.272246       65.944849     -0.37507445      0.87058187      -2.2454097       16.745103        16.745103        1921.764        1921.764
     0.89947575       977.59934      -19.245297       66.117878     -0.34312038      0.90682719      -2.5606834       16.745103        16.745103       1921.7085       1921.7085
     0.89376001       977.59907      -19.307897       64.423151     -0.35004226      0.89948911      -2.4975433       16.745103        16.745103       1921.7079       1921.7079
     0.90343816       977.58166      -19.304168       64.524547     -0.36186298       0.8883474      -2.3945542       16.745103        16.745103       1921.6731       1921.6731
     0.90544941       977.57279      -19.232696       66.578565     -0.35310137       0.8968937      -2.4705456       16.745103        16.745103       1921.6554       1921.6554
     0.91058349       977.56049      -19.295607       64.622782     -0.35080397      0.90224193      -2.5111715       16.745103        16.745103       1921.6308       1921.6308
     0.91620161        977.5477      -19.296472       64.773858     -0.34069462      0.91331043      -2.6104061       16.745103        16.745103       1921.6052       1921.6052
     0.91021417       977.54761      -19.291884       64.691089     -0.34734144      0.90666021      -2.5491816       16.745103        16.745103        1921.605        1921.605
     0.90654504         977.545      -19.261262       65.606698     -0.33711735      0.92310431      -2.6808416       16.745103        16.745103       1921.5998       1921.5998
     0.91572568       977.52828      -19.241423       66.556984     -0.34225233      0.91623191      -2.6240574       16.745103        16.745103       1921.5664       1921.5664
     0.91467285       977.52279      -19.266071       65.466701     -0.33169005      0.92704811      -2.7207196       16.745103        16.745103       1921.5554       1921.5554
     0.91342283       977.51751      -19.253671       66.033451     -0.36915011      0.87605155        -2.29659       16.745103        16.745103       1921.5448       1921.5448
     0.92241441       977.50107      -19.257912       66.004347     -0.33653628      0.91601507      -2.6380997       16.745103        16.745103       1921.5119       1921.5119
     0.92471271       977.49194      -19.287256       65.444425     -0.36752504      0.87649966      -2.3033216       16.745103        16.745103       1921.4937       1921.4937
     0.91861448       977.49191      -19.228555       66.811873     -0.35897479      0.88327054      -2.3691381       16.745103        16.745103       1921.4936       1921.4936
      0.9282624       977.47482      -19.294932       64.723182     -0.33940275      0.91433377      -2.6201726       16.745103        16.745103       1921.4594       1921.4594
     0.92482636       977.47188      -19.298021       64.729505      -0.3330247      0.92185482      -2.6841038       16.745103        16.745103       1921.4536       1921.4536
     0.94172083       977.44714      -19.282907       65.195006     -0.34011584       0.9150186      -2.6228308       16.745103        16.745103       1921.4041       1921.4041
     0.93575975       977.44684      -19.321279       64.251964     -0.35194168      0.89872017      -2.4860339       16.745103        16.745103       1921.4035       1921.4035
      0.9322776       977.44392      -19.207411       67.749295     -0.36966081      0.87704554      -2.3009787       16.745103        16.745103       1921.3976       1921.3976
     0.92779837        977.4421      -19.242557       66.263937       -0.336097      0.92131389      -2.6712183       16.745103        16.745103        1921.394        1921.394
     0.93142335       977.43155      -19.313932       64.549337     -0.37107669      0.87494928      -2.2840871       16.745103        16.745103       1921.3729       1921.3729
     0.92546406       977.43133      -19.201504       67.851551     -0.35559435      0.89414191       -2.446817       16.745103        16.745103       1921.3724       1921.3724
     0.92523228       977.42493      -19.199368       67.829841     -0.36192359      0.88291895      -2.3589798       16.745103        16.745103       1921.3597       1921.3597
     0.93215868       977.41083      -19.286624       65.189107     -0.35148583      0.89017811      -2.4340642       16.745103        16.745103       1921.3315       1921.3315
     0.92808448       977.40856      -19.254229       66.320226     -0.34664149      0.90439851       -2.535742       16.745103        16.745103       1921.3269       1921.3269
     0.92467107       977.40561      -19.224751       67.219383     -0.37389047      0.86987561      -2.2436012       16.745103        16.745103        1921.321        1921.321
     0.93258902       977.39043      -19.305344       64.386388     -0.34965863      0.89957416      -2.4981447       16.745103        16.745103       1921.2907       1921.2907
     0.93506817       977.38113      -19.267007        65.97266     -0.35451068      0.89586795      -2.4620593       16.745103        16.745103       1921.2721       1921.2721
     0.93929115       977.36998      -19.236549       66.891299     -0.37943326      0.86232062      -2.1819486       16.745103        16.745103       1921.2498       1921.2498
      0.9388842       977.36377      -19.275746        65.71743     -0.35260388      0.90214747       -2.506434       16.745103        16.745103       1921.2373       1921.2373
     0.93630241       977.35988      -19.224378       66.862256     -0.34536679      0.90419664      -2.5375606       16.745103        16.745103       1921.2296       1921.2296
     0.93120927       977.35869      -19.247837       66.274267     -0.36845168      0.87490034      -2.2917997       16.745103        16.745103       1921.2272       1921.2272
     0.92665175       977.35695        -19.2779       65.232528     -0.34291834      0.90491785      -2.5507751       16.745103        16.745103       1921.2237       1921.2237
     0.93057145       977.34609      -19.236484       66.490427     -0.34796575      0.89681165       -2.484475       16.745103        16.745103        1921.202        1921.202
     0.93734394       977.33219      -19.271533        65.31997     -0.33782281      0.91819616      -2.6469175       16.745103        16.745103       1921.1742       1921.1742
     0.93456635       977.32852      -19.293873       65.145761     -0.35807309      0.89297531      -2.4341429       16.745103        16.745103       1921.1668       1921.1668
     0.92915091       977.32768      -19.232434       66.803961     -0.37231692      0.87146557      -2.2581135       16.745103        16.745103       1921.1652       1921.1652
     0.93050048       977.31959      -19.294021       64.696872     -0.33147341      0.92751964      -2.7245064       16.745103        16.745103        1921.149        1921.149
     0.92527531       977.31857      -19.260724       65.780967     -0.35409552      0.88988384      -2.4238977       16.745103        16.745103       1921.1469       1921.1469
     0.93526666       977.30119      -19.298415       64.577447     -0.34596496      0.91005663      -2.5752978       16.745103        16.745103       1921.1122       1921.1122
     0.93843747       977.29116      -19.277898       65.642933     -0.35722536       0.8856584      -2.3897282       16.745103        16.745103       1921.0921       1921.0921
     0.93241503       977.29095      -19.313349       64.137766     -0.34564903      0.91056906      -2.5791112       16.745103        16.745103       1921.0917       1921.0917
     0.92644541       977.29073       -19.32233       64.149431     -0.35247239      0.90506149      -2.5249816       16.745103        16.745103       1921.0913       1921.0913
     0.92536919       977.28525      -19.234878       66.556284     -0.35502886      0.89508882      -2.4556839       16.745103        16.745103       1921.0803       1921.0803
     0.91987347       977.28456      -19.305919       64.625683     -0.35540341       0.8892384      -2.4165482       16.745103        16.745103       1921.0789       1921.0789
     0.91550497       977.28268      -19.274137       65.601488     -0.34436531      0.91006128      -2.5796887       16.745103        16.745103       1921.0751       1921.0751
     0.91741471       977.27395      -19.245966       66.087024     -0.33803949      0.91676521      -2.6381304       16.745103        16.745103       1921.0577       1921.0577
     0.91737621       977.26735       -19.23106       66.780238     -0.36047521      0.89320488      -2.4275764       16.745103        16.745103       1921.0445       1921.0445
     0.91167779       977.26693      -19.224067       67.190836     -0.35708788      0.89250326      -2.4337005       16.745103        16.745103       1921.0437       1921.0437
     0.91113959       977.26088      -19.259315       65.660971     -0.34209445      0.91469402      -2.6142941       16.745103        16.745103       1921.0315       1921.0315
     0.91687437       977.24796      -19.310617       64.374629     -0.35634489      0.89429612      -2.4454492       16.745103        16.745103       1921.0057       1921.0057
     0.91087405       977.24788      -19.254656        66.05089     -0.36420591      0.88569882      -2.3695467       16.745103        16.745103       1921.0056       1921.0056
     0.91270484       977.23923      -19.224303       67.070695     -0.35640426      0.88697094      -2.4010331       16.745103        16.745103       1920.9882       1920.9882
     0.91306841       977.23219       -19.25887       66.006757     -0.37655298      0.86789553       -2.224388       16.745103        16.745103       1920.9742       1920.9742
     0.91623205       977.22208      -19.271144       65.412598     -0.35627145      0.89200418      -2.4328005       16.745103        16.745103        1920.954        1920.954
     0.91649464       977.21515      -19.274107       65.389684      -0.3484043      0.91242308      -2.5835766       16.745103        16.745103       1920.9401       1920.9401
     0.91383433       977.21141      -19.272226       65.645863     -0.36681733      0.88772012      -2.3760895       16.745103        16.745103       1920.9326       1920.9326
     0.93144014       977.18569      -19.319402       64.331003      -0.3613209      0.88828131      -2.3953563       16.745103        16.745103       1920.8812       1920.8812
     0.93040283       977.18016      -19.277543       65.627657     -0.37383871      0.86570151      -2.2186729       16.745103        16.745103       1920.8701       1920.8701
     0.93406297       977.16958      -19.253358       66.211243     -0.34643742       0.8974126      -2.4936033       16.745103        16.745103        1920.849        1920.849
     0.92803998       977.16941      -19.233657       66.805743     -0.36448582      0.87886112       -2.327929       16.745103        16.745103       1920.8486       1920.8486
      0.9360959       977.15412      -19.300461       64.886103     -0.37225995       0.8781408      -2.3007594       16.745103        16.745103        1920.818        1920.818
      0.9343381       977.14936      -19.320597       64.239301     -0.36777988      0.88072213      -2.3292524       16.745103        16.745103       1920.8085       1920.8085
     0.95034043       977.12573      -19.317209       64.158909     -0.35456973      0.89649457      -2.4659419       16.745103        16.745103       1920.7613       1920.7613
     0.95025957       977.11917      -19.288319       65.327849     -0.35982596      0.88644912      -2.3865861       16.745103        16.745103       1920.7481       1920.7481
     0.94843997       977.11444      -19.278689       65.333077     -0.33411743      0.92238496      -2.6833787       16.745103        16.745103       1920.7387       1920.7387
     0.94458098       977.11188       -19.22435       67.048904     -0.36727205       0.8774646      -2.3109671       16.745103        16.745103       1920.7335       1920.7335
     0.94553094       977.10423      -19.223842       66.954853     -0.33957743      0.91041161      -2.5928675       16.745103        16.745103       1920.7182       1920.7182
       0.940186       977.10325      -19.265696       65.887031     -0.35702573      0.89932089      -2.4770179       16.745103        16.745103       1920.7163       1920.7163
     0.93885908       977.09802      -19.252934       66.384477     -0.36171547      0.87871014      -2.3343059       16.745103        16.745103       1920.7058       1920.7058
     0.93905611       977.09116      -19.233314       66.832559     -0.37136434      0.86998425      -2.2515936       16.745103        16.745103       1920.6921       1920.6921
     0.93976976       977.08376      -19.256945       66.317322     -0.37619079       0.8681718      -2.2277006       16.745103        16.745103       1920.6773       1920.6773
     0.95231095       977.06386       -19.22315       67.045679     -0.35373806       0.8967574      -2.4676824       16.745103        16.745103       1920.6375       1920.6375
     0.95060642         977.059      -19.283536       65.208094     -0.35773536      0.88635537      -2.3916068       16.745103        16.745103       1920.6278       1920.6278
     0.94964472       977.05337      -19.254606       66.381956     -0.36597797      0.87849135       -2.321194       16.745103        16.745103       1920.6165       1920.6165
     0.95163834       977.04463      -19.229016        66.98111     -0.35232707      0.88939387      -2.4264253       16.745103        16.745103       1920.5991       1920.5991
     0.95391521        977.0356      -19.234316       66.737745     -0.34688574      0.91053974      -2.5753864       16.745103        16.745103        1920.581        1920.581
     0.95733825       977.02537      -19.275548       65.575219     -0.35343831      0.89808289      -2.4794287       16.745103        16.745103       1920.5605       1920.5605
     0.95645756       977.01965      -19.299726       65.009784     -0.35776174      0.89240246      -2.4305598       16.745103        16.745103       1920.5491       1920.5491
     0.95076287       977.01897      -19.252684       66.027259     -0.33304611      0.91921572      -2.6665872       16.745103        16.745103       1920.5477       1920.5477
     0.94528995        977.0181      -19.312071        64.36945     -0.36635478      0.88406119      -2.3546106       16.745103        16.745103        1920.546        1920.546
     0.95505161       977.00118      -19.230736       66.941379     -0.34348491      0.90903959      -2.5741839       16.745103        16.745103       1920.5122       1920.5122
     0.94881521       977.00109       -19.28626       65.329182     -0.37749141      0.86587311      -2.2091959       16.745103        16.745103        1920.512        1920.512
     0.96173257       976.98092      -19.311185       64.406245     -0.36388121      0.89004101      -2.3988889       16.745103        16.745103       1920.4716       1920.4716
     0.96042381       976.97564       -19.29359        64.91035     -0.36473835      0.88768181      -2.3822204       16.745103        16.745103       1920.4611       1920.4611
     0.97160438       976.95742      -19.300963       64.582832     -0.35118373      0.90565349      -2.5317365       16.745103        16.745103       1920.4246       1920.4246
     0.97435744       976.94795      -19.267071       65.648033     -0.36133113      0.88215355      -2.3556024       16.745103        16.745103       1920.4057       1920.4057
     0.97182427       976.94391      -19.285355       65.115896     -0.34432618      0.91580513      -2.6147509       16.745103        16.745103       1920.3976       1920.3976
      0.9768964       976.93206      -19.302651       64.679938     -0.34049754      0.91961157      -2.6502725       16.745103        16.745103       1920.3739       1920.3739
     0.97798985       976.92429      -19.281942        65.29224     -0.34303866      0.91062672      -2.5869002       16.745103        16.745103       1920.3584       1920.3584
     0.97549476        976.9202      -19.255904       66.397285     -0.37172316      0.87334238      -2.2723973       16.745103        16.745103       1920.3502       1920.3502
     0.97236135       976.91678      -19.306938       64.509444     -0.34007722      0.92098217      -2.6599323       16.745103        16.745103       1920.3433       1920.3433
     0.97377259       976.90868      -19.307471       64.511997     -0.35262674      0.89813258      -2.4797153       16.745103        16.745103       1920.3272       1920.3272
     0.96929091       976.90665      -19.249065       66.031985      -0.3351557      0.92159999      -2.6761923       16.745103        16.745103       1920.3231       1920.3231
     0.96948306       976.89981      -19.246731        66.34213     -0.34122774      0.91398234      -2.6127012       16.745103        16.745103       1920.3094       1920.3094
      0.9704052       976.89221       -19.31689         64.1113     -0.34609664      0.91211347      -2.5877803       16.745103        16.745103       1920.2942       1920.2942
     0.96655893       976.88954      -19.207834        67.52271     -0.35368545      0.89254648      -2.4425514       16.745103        16.745103       1920.2889       1920.2889
     0.96174435       976.88789       -19.21625       67.409078     -0.35215094      0.89644826      -2.4715219       16.745103        16.745103       1920.2856       1920.2856
     0.97781577       976.86467      -19.260975       65.972588     -0.34684753      0.89949747      -2.5059568       16.745103        16.745103       1920.2391       1920.2391
     0.98900087       976.84665       -19.30164       64.573986     -0.34434526      0.91362111      -2.6006306       16.745103        16.745103       1920.2031       1920.2031
      0.9826798       976.84642      -19.268361        65.69235     -0.34127058      0.91983942      -2.6496163       16.745103        16.745103       1920.2026       1920.2026
     0.98038825       976.84211      -19.269199       65.453478     -0.33163902      0.92676557      -2.7188968       16.745103        16.745103        1920.194        1920.194
     0.97450017       976.84149      -19.256026       65.817701     -0.34023988      0.91088047      -2.5948263       16.745103        16.745103       1920.1928       1920.1928
     0.97114304        976.8383       -19.28547       64.974773     -0.33469882      0.91941788      -2.6634713       16.745103        16.745103       1920.1864       1920.1864
     0.97614218       976.82652      -19.247828       66.401191     -0.37566687      0.87065542      -2.2443451       16.745103        16.745103       1920.1628       1920.1628
     0.97465063        976.8214      -19.206601       67.723667     -0.36018128      0.88715405      -2.3904023       16.745103        16.745103       1920.1526       1920.1526
     0.96986142       976.81968      -19.269268       65.614938      -0.3571978      0.88768637      -2.4035521       16.745103        16.745103       1920.1492       1920.1492
     0.96408967       976.81901      -19.246654       66.151929     -0.34061522      0.91456416      -2.6162006       16.745103        16.745103       1920.1478       1920.1478
     0.96075713       976.81582      -19.310797       64.357271     -0.35208202      0.89570331      -2.4665649       16.745103        16.745103       1920.1414       1920.1414
     0.96021581       976.80974      -19.242502        66.69412     -0.35622535      0.88756122      -2.4037439       16.745103        16.745103       1920.1293       1920.1293
     0.95582232       976.80768      -19.293361       64.934902     -0.34284326      0.90588174      -2.5555716       16.745103        16.745103       1920.1252       1920.1252
      0.9553604       976.80152      -19.225437       67.260676     -0.36609279      0.87669357      -2.3089226       16.745103        16.745103       1920.1128       1920.1128
     0.96211338       976.78784      -19.313798       64.338407     -0.34942217      0.90954961      -2.5618141       16.745103        16.745103       1920.0855       1920.0855
     0.96253625       976.78075      -19.231058       66.739659     -0.34559057      0.91212233       -2.588637       16.745103        16.745103       1920.0713       1920.0713
     0.95972671       976.77703       -19.29666       64.801347     -0.35236737      0.90456463      -2.5215399       16.745103        16.745103       1920.0639       1920.0639
     0.95868655       976.77147      -19.242534       66.705731     -0.37810367      0.86563583      -2.2059423       16.745103        16.745103       1920.0527       1920.0527
     0.95459562        976.7691      -19.301487       64.705849     -0.34677207      0.91296821      -2.5914879       16.745103        16.745103        1920.048        1920.048
     0.94867882       976.76867      -19.243984       66.615899     -0.35826646      0.88929158       -2.410394       16.745103        16.745103       1920.0471       1920.0471
     0.97685785       976.73276      -19.248741       66.501634      -0.3736831      0.87170313       -2.255652       16.745103        16.745103       1919.9753       1919.9753
     0.97143748       976.73168       -19.27953       65.648412     -0.37281762      0.87389798      -2.2726795       16.745103        16.745103       1919.9732       1919.9732
     0.96881741       976.72774      -19.262493       65.939488     -0.35045647      0.89626028      -2.4759242       16.745103        16.745103       1919.9653       1919.9653
     0.96405503       976.72602      -19.261568       65.768093      -0.3327689      0.92281865      -2.6899403       16.745103        16.745103       1919.9618       1919.9618
     0.97974878       976.70323      -19.273192        65.50741     -0.33942745      0.91674233      -2.6331335       16.745103        16.745103       1919.9162       1919.9162
     0.99510693       976.68103       -19.25023       66.284585     -0.36895423      0.87104432      -2.2656459       16.745103        16.745103       1919.8718       1919.8718
     0.99600357       976.67348       -19.28571       65.192873     -0.36687545      0.88017055      -2.3276109       16.745103        16.745103       1919.8568       1919.8568
      0.9954217       976.66742      -19.256817       66.280634     -0.37190216      0.86793381      -2.2381327       16.745103        16.745103       1919.8446       1919.8446
     0.99651283       976.65968      -19.273554         65.4675     -0.36018585      0.89553146      -2.4440853       16.745103        16.745103       1919.8292       1919.8292
     0.99340088       976.65617      -19.283547       65.324192     -0.35543571      0.88774191      -2.4083755       16.745103        16.745103       1919.8221       1919.8221
     0.98938295       976.65357      -19.304669       64.461796     -0.34289892      0.91143382      -2.5905612       16.745103        16.745103       1919.8169       1919.8169
     0.98585168        976.6505      -19.293735       64.929061     -0.34911752      0.89635029      -2.4794624       16.745103        16.745103       1919.8108       1919.8108
     0.98370816       976.64604      -19.238703       66.379694     -0.34275752      0.91232591      -2.5975091       16.745103        16.745103       1919.8019       1919.8019
     0.97890681       976.64429      -19.275825       65.536141     -0.36905554      0.88310994      -2.3406087       16.745103        16.745103       1919.7984       1919.7984
     0.97985896       976.63667      -19.326003       63.949748     -0.34863126      0.90673606      -2.5462418       16.745103        16.745103       1919.7831       1919.7831
     0.98540465       976.62438      -19.272393       65.652878     -0.36287704      0.87940858      -2.3340092       16.745103        16.745103       1919.7586       1919.7586
     0.98237229       976.62082      -19.252244       66.315493     -0.34903593      0.90595309      -2.5392058       16.745103        16.745103       1919.7514       1919.7514
     0.98470242        976.6118       -19.25286       66.157859     -0.33632981       0.9189921      -2.6565599       16.745103        16.745103       1919.7334       1919.7334
     0.99833159       976.59141      -19.276557       65.722523     -0.37277762       0.8731142      -2.2680317       16.745103        16.745103       1919.6926       1919.6926
     0.99813039       976.58497      -19.271163       65.833469     -0.36297221      0.88827695      -2.3907684       16.745103        16.745103       1919.6797       1919.6797
              1       976.57645      -19.273896       65.518259     -0.36940214      0.87538485       -2.290905       16.745103        16.745103       1919.6627       1919.6627
     0.99424619       976.57558       -19.25109        66.21929     -0.35876409      0.88237753      -2.3643031       16.745103        16.745103        1919.661        1919.661
     0.98843731        976.5748      -19.262751       65.646847     -0.33590756      0.92119501       -2.672408       16.745103        16.745103       1919.6594       1919.6594
     0.99272805       976.56382      -19.275698       65.634337     -0.36265568       0.8921135      -2.4151737       16.745103        16.745103       1919.6374       1919.6374
     0.99599495       976.55389      -19.239842       66.642123     -0.34405868      0.90604785      -2.5540854       16.745103        16.745103       1919.6176       1919.6176
     0.98955073       976.55374      -19.244347       66.588615     -0.35774732      0.88638673       -2.391742       16.745103        16.745103       1919.6173       1919.6173
     0.98324154       976.55349      -19.280664       65.198326     -0.33409464      0.92173796      -2.6796356       16.745103        16.745103       1919.6168       1919.6168
     0.99142251       976.53856      -19.216454       67.382005     -0.36469149      0.87840581        -2.32294       16.745103        16.745103       1919.5869       1919.5869
     0.98668366        976.5367      -19.226123       66.910789     -0.35585421      0.89564641      -2.4566563       16.745103        16.745103       1919.5832       1919.5832
     0.98240372       976.53441      -19.312909       64.384416     -0.34710864      0.90661264       -2.548813       16.745103        16.745103       1919.5786       1919.5786
     0.97901743       976.53121       -19.27818       65.308272     -0.36260492      0.89138146      -2.4109193       16.745103        16.745103       1919.5722       1919.5722
     0.97615003        976.5275      -19.256193       65.858855     -0.33598145      0.92183762      -2.6753612       16.745103        16.745103       1919.5648       1919.5648
     0.97098735       976.52616      -19.280862       65.248312     -0.34919916      0.91009401      -2.5655596       16.745103        16.745103       1919.5621       1919.5621
     0.96914853       976.52141       -19.27513       65.622865     -0.35350168       0.8929273      -2.4464037       16.745103        16.745103       1919.5526       1919.5526
     0.97121806       976.51264      -19.252561       66.064422     -0.34543809       0.9052049      -2.5435252       16.745103        16.745103       1919.5351       1919.5351
     0.97687279       976.50019      -19.254857       66.050974     -0.34248588      0.90656003      -2.5602108       16.745103        16.745103       1919.5102       1919.5102
     0.97790069       976.49249      -19.229987       66.978503     -0.35125372      0.90254016      -2.5117823       16.745103        16.745103       1919.4948       1919.4948
     0.97379626       976.49005      -19.259228        66.10104     -0.37188003      0.87807762      -2.3014733       16.745103        16.745103       1919.4899       1919.4899
     0.97047472       976.48682      -19.283617       65.392559     -0.36040419      0.88191005      -2.3576937       16.745103        16.745103       1919.4834       1919.4834
     0.96730307       976.48345      -19.281986       65.060856     -0.33765523      0.92212996      -2.6737402       16.745103        16.745103       1919.4767       1919.4767
     0.96823228       976.47585      -19.278999       65.436319     -0.34822628      0.91018618      -2.5686705       16.745103        16.745103       1919.4615       1919.4615
     0.96495571       976.47259      -19.256642       66.225957     -0.36126232      0.87941484      -2.3396277       16.745103        16.745103        1919.455        1919.455
     0.95928859       976.47184      -19.278129       65.374135     -0.35590177      0.88869855      -2.4133058       16.745103        16.745103       1919.4535       1919.4535
     0.95591464       976.46872      -19.273647       65.282865     -0.34615969      0.90594359      -2.5475887       16.745103        16.745103       1919.4472       1919.4472
     0.95209139       976.46608      -19.253858       66.341791     -0.36860544      0.87258415      -2.2756922       16.745103        16.745103        1919.442        1919.442
     0.94677843       976.46503      -19.247556        66.25028     -0.36251721      0.88223751      -2.3540794       16.745103        16.745103       1919.4399       1919.4399
     0.95134751       976.45357      -19.253263         66.2258     -0.34635911      0.90319329      -2.5284935       16.745103        16.745103       1919.4169       1919.4169
     0.95654045       976.44148      -19.260125       66.055697     -0.36959129      0.87700801      -2.3001343       16.745103        16.745103       1919.3928       1919.3928
     0.95346512       976.43806      -19.221929       67.321987     -0.36052031      0.88554795      -2.3796451       16.745103        16.745103       1919.3859       1919.3859
     0.95166331       976.43331      -19.249084       66.258198     -0.36827496      0.87553058      -2.2958905       16.745103        16.745103       1919.3764       1919.3764
     0.94978318       976.42864      -19.306086       64.765608     -0.35860085      0.89215766      -2.4267503       16.745103        16.745103       1919.3671       1919.3671
     0.94622422       976.42575      -19.298851        64.83642     -0.34245215      0.91158373      -2.5935242       16.745103        16.745103       1919.3613       1919.3613
     0.94854096       976.41666      -19.303689       64.582746     -0.34156553      0.91603864      -2.6248713       16.745103        16.745103       1919.3431       1919.3431
     0.94489124       976.41387      -19.274712        65.33007      -0.3367146      0.92046293      -2.6658433       16.745103        16.745103       1919.3375       1919.3375
     0.93921959       976.41325      -19.228618       67.047988     -0.36999403      0.87758238      -2.3029769       16.745103        16.745103       1919.3363       1919.3363
     0.93896586       976.40687      -19.235427       66.618084     -0.34136803      0.91553581      -2.6215678       16.745103        16.745103       1919.3235       1919.3235
     0.93288493       976.40672       -19.25835       65.879012     -0.33512674      0.91812626      -2.6544077       16.745103        16.745103       1919.3232       1919.3232
     0.93243972       976.40056      -19.256717       65.886665      -0.3405652        0.909541      -2.5858583       16.745103        16.745103       1919.3109       1919.3109
     0.93839482       976.38755      -19.305592       64.535045     -0.34996292       0.9083609      -2.5535148       16.745103        16.745103       1919.2849       1919.2849
     0.93318021       976.38647      -19.273747       65.587479     -0.34089205       0.9103638      -2.5897545       16.745103        16.745103       1919.2827       1919.2827
     0.92879131       976.38454      -19.257416       66.073958      -0.3528756      0.90225408      -2.5069697       16.745103        16.745103       1919.2789       1919.2789
      0.9269827       976.37985      -19.229652       66.839711     -0.34610827      0.90111604       -2.516448       16.745103        16.745103       1919.2695       1919.2695
     0.92199365        976.3786      -19.227706       67.002877      -0.3526643      0.90128118      -2.4999195       16.745103        16.745103        1919.267        1919.267
     0.93538756       976.35753      -19.236101       66.597915     -0.35355504      0.89828139      -2.4780679       16.745103        16.745103       1919.2249       1919.2249
     0.94664878       976.33892      -19.285415       65.420375     -0.35755426      0.89194106      -2.4283896       16.745103        16.745103       1919.1876       1919.1876
     0.95222895        976.3264      -19.248201       66.435921     -0.35370465      0.89890994      -2.4817182       16.745103        16.745103       1919.1626       1919.1626
     0.95212869       976.31986       -19.30799       64.557042     -0.35852393      0.89688031      -2.4572036       16.745103        16.745103       1919.1495       1919.1495
     0.94706753       976.31855      -19.300997       64.569685     -0.35624417      0.89770992      -2.4684056       16.745103        16.745103       1919.1469       1919.1469
     0.94893953       976.30993      -19.290298       64.876009     -0.34708586      0.91113425      -2.5778255       16.745103        16.745103       1919.1296       1919.1296
     0.94268356        976.3099      -19.293726       64.797988     -0.33567299      0.92191804      -2.6772928       16.745103        16.745103       1919.1296       1919.1296
     0.94368425       976.30219      -19.248137       66.229702     -0.34767351      0.90248418      -2.5225633       16.745103        16.745103       1919.1142       1919.1142
     0.94000474       976.29945      -19.289943       65.030451     -0.36300262      0.88108366      -2.3447636       16.745103        16.745103       1919.1087       1919.1087
     0.93437863       976.29881      -19.282668       65.082995     -0.35260762      0.89824744      -2.4820711       16.745103        16.745103       1919.1074       1919.1074
     0.92908035       976.29785      -19.236648       66.484064     -0.34821543      0.90063057      -2.5080042       16.745103        16.745103       1919.1055       1919.1055
     0.92631552       976.29419      -19.280618       65.343483     -0.33889946      0.91716237      -2.6379296       16.745103        16.745103       1919.0982       1919.0982
      0.9204652       976.29388      -19.286209       65.072123     -0.35843175      0.89148214      -2.4237172       16.745103        16.745103       1919.0976       1919.0976
     0.91615854       976.29193      -19.301799       64.663609      -0.3456567      0.90613671      -2.5509828       16.745103        16.745103       1919.0936       1919.0936
     0.91552696       976.28597       -19.24064       66.573703      -0.3555788      0.89451646      -2.4485706       16.745103        16.745103       1919.0817       1919.0817
     0.91895624       976.27559      -19.272746       65.718459     -0.36022246      0.88468919      -2.3761249       16.745103        16.745103        1919.061        1919.061
      0.9170623       976.27101      -19.250578       66.521935     -0.36570124      0.87942072      -2.3267717       16.745103        16.745103       1919.0518       1919.0518
     0.91153132       976.27041      -19.249988       66.259081     -0.36529952      0.87738174      -2.3160057       16.745103        16.745103       1919.0506       1919.0506
     0.91009241       976.26535      -19.278181       65.654881     -0.36394054      0.88069499      -2.3397992       16.745103        16.745103       1919.0405       1919.0405
     0.90409965       976.26531      -19.221574       67.241742     -0.35894698      0.88946998      -2.4091078       16.745103        16.745103       1919.0404       1919.0404
     0.89951153       976.26375      -19.244881       66.247804     -0.34500201      0.90991237      -2.5765012       16.745103        16.745103       1919.0373       1919.0373
     0.89702365       976.25988      -19.260945       65.742173     -0.35254285      0.89449383      -2.4580815       16.745103        16.745103       1919.0295       1919.0295
     0.89953423       976.25044      -19.303612       64.624669     -0.36026053      0.88623767      -2.3846014       16.745103        16.745103       1919.0107       1919.0107
      0.8956201       976.24815      -19.218883       67.171928     -0.35398161      0.89180189      -2.4366946       16.745103        16.745103       1919.0061       1919.0061
     0.89057248       976.24716      -19.270006       65.676885     -0.36957235      0.87321371      -2.2777709       16.745103        16.745103       1919.0041       1919.0041
      0.9042678       976.22526      -19.244687       66.286586     -0.35093307      0.89509142      -2.4664695       16.745103        16.745103       1918.9603       1918.9603
     0.89875022       976.22473      -19.273155       65.609673     -0.36533409      0.88402966      -2.3577187       16.745103        16.745103       1918.9593       1918.9593
     0.89762856       976.21934      -19.236476        66.75032     -0.34973092      0.89566034      -2.4727732       16.745103        16.745103       1918.9485       1918.9485
     0.89955012       976.21055      -19.232322       66.888399       -0.362217      0.89031093      -2.4049455       16.745103        16.745103       1918.9309       1918.9309
     0.89509385       976.20887      -19.307165       64.537416     -0.35846442       0.8901087      -2.4147966       16.745103        16.745103       1918.9275       1918.9275
     0.89190665        976.2058      -19.268581        65.83658      -0.3551393      0.88847379      -2.4128025       16.745103        16.745103       1918.9214       1918.9214
     0.88855863       976.20291      -19.238731       66.571227     -0.36824358      0.87901342      -2.3172146       16.745103        16.745103       1918.9156       1918.9156
     0.88355153       976.20192      -19.257975       65.874207     -0.35693076      0.89097904      -2.4244211       16.745103        16.745103       1918.9136       1918.9136
     0.87973548        976.1996      -19.247448       66.357838     -0.34541595      0.91073623      -2.5793515       16.745103        16.745103        1918.909        1918.909
     0.87778187       976.19518      -19.235497       66.781467     -0.34638686      0.90711664      -2.5541895       16.745103        16.745103       1918.9002       1918.9002
     0.87205575       976.19508      -19.244471       66.649978     -0.37001381      0.87331454      -2.2771602       16.745103        16.745103          1918.9          1918.9
     0.87387534       976.18635       -19.22365       67.166277     -0.35107816       0.8984572      -2.4867301       16.745103        16.745103       1918.8825       1918.8825
     0.88270516       976.16966      -19.302988       64.848927     -0.36353849      0.88521203      -2.3696027       16.745103        16.745103       1918.8491       1918.8491
     0.88271861         976.163      -19.276075       65.450419     -0.34337937      0.90435183      -2.5449357       16.745103        16.745103       1918.8358       1918.8358
     0.87690388       976.16296      -19.248738       66.259247      -0.3387132      0.91557822      -2.6288268       16.745103        16.745103       1918.8357       1918.8357
     0.87451668       976.15904      -19.248649       66.289686     -0.33959091      0.91572362      -2.6273458       16.745103        16.745103       1918.8279       1918.8279
     0.86916104       976.15854      -19.247337       66.509848     -0.35398639      0.89241741      -2.4412379       16.745103        16.745103       1918.8269       1918.8269
     0.86897212       976.15211       -19.30074       64.812313     -0.36942011      0.87872684      -2.3122283       16.745103        16.745103        1918.814        1918.814
     0.86772429       976.14691      -19.227806       66.863881     -0.35879933      0.89255202      -2.4281779       16.745103        16.745103       1918.8036       1918.8036
     0.88317686       976.12261      -19.238515        66.65454     -0.34430157      0.90613689      -2.5533086       16.745103        16.745103        1918.755        1918.755
     0.87808029       976.12175      -19.271826        65.66807     -0.35484566      0.90259016      -2.5030733       16.745103        16.745103       1918.7533       1918.7533
     0.87293152       976.12099      -19.230636       66.766059      -0.3534095      0.89692487      -2.4699951       16.745103        16.745103       1918.7518       1918.7518
     0.87336364       976.11385      -19.266989        65.73518     -0.34237929      0.91055909      -2.5877903       16.745103        16.745103       1918.7375       1918.7375
     0.87433687       976.10609      -19.246065       66.309211     -0.34190087      0.90965764       -2.581588       16.745103        16.745103        1918.722        1918.722
      0.8702191       976.10417      -19.269724       65.756054     -0.35929098      0.88258925      -2.3650908       16.745103        16.745103       1918.7181       1918.7181
     0.86574764       976.10267      -19.279191       65.550211     -0.37063411      0.87657795      -2.2958675       16.745103        16.745103       1918.7151       1918.7151
     0.86410248       976.09793      -19.289845       65.006177     -0.33887413      0.91476874      -2.6231586       16.745103        16.745103       1918.7057       1918.7057
     0.86132555       976.09451      -19.253704       66.110735     -0.34736103      0.90159977      -2.5177612       16.745103        16.745103       1918.6988       1918.6988
     0.85910719       976.09044       -19.22369        67.03278     -0.34756177      0.90142922      -2.5146678       16.745103        16.745103       1918.6907       1918.6907
      0.8553833       976.08814      -19.298399       64.705618     -0.35341863      0.89854781       -2.480475       16.745103        16.745103       1918.6861       1918.6861
     0.85117314       976.08643      -19.237027       66.870928     -0.36176504      0.88804337      -2.3919523       16.745103        16.745103       1918.6827       1918.6827
     0.84799119       976.08353      -19.248394       66.487571     -0.35238858      0.89777286      -2.4785557       16.745103        16.745103       1918.6769       1918.6769
     0.84243684       976.08346      -19.239287       66.778765     -0.36212775      0.88159854      -2.3509175       16.745103        16.745103       1918.6767       1918.6767
     0.83770425       976.08245      -19.238725       66.540315     -0.35453578      0.88909976      -2.4184376       16.745103        16.745103       1918.6747       1918.6747
     0.83452088       976.07961      -19.243245       66.610554     -0.37010742      0.87125043      -2.2639336       16.745103        16.745103        1918.669        1918.669
     0.82901462       976.07958      -19.256718       66.137921     -0.36802775      0.87331863       -2.282085       16.745103        16.745103        1918.669        1918.669
     0.82486502       976.07796        -19.2936       64.999232     -0.35485785      0.89036559      -2.4259786       16.745103        16.745103       1918.6657       1918.6657
     0.83532407       976.05871      -19.235473       66.653787     -0.35011008      0.89619817      -2.4745055       16.745103        16.745103       1918.6272       1918.6272
     0.85223367       976.03203      -19.235575       66.659981     -0.34194307      0.91002746      -2.5847163       16.745103        16.745103       1918.5738       1918.5738
     0.84793088       976.03044      -19.263507       65.804486     -0.35791462      0.89566421      -2.4514193       16.745103        16.745103       1918.5707       1918.5707
     0.84570867       976.02642      -19.266915       65.504649     -0.34208478      0.91278868      -2.6019015       16.745103        16.745103       1918.5626       1918.5626
     0.84508342       976.02052      -19.237158       66.890496     -0.36792338      0.87698602      -2.3055106       16.745103        16.745103       1918.5508       1918.5508
     0.84406559       976.01508      -19.266948       65.886794     -0.36099088      0.89007165      -2.4061045       16.745103        16.745103         1918.54         1918.54
     0.83873908       976.01477      -19.304923       64.475321     -0.34340201        0.911747      -2.5923184       16.745103        16.745103       1918.5393       1918.5393
      0.8361548       976.01121       -19.25087       66.079796     -0.34870117      0.90859837      -2.5577678       16.745103        16.745103       1918.5322       1918.5322
     0.84279385       975.99665      -19.261655       65.857535     -0.35001009      0.89597124       -2.474918       16.745103        16.745103       1918.5031       1918.5031
     0.84707724       975.98494      -19.291805       64.926145     -0.34432431      0.90511426      -2.5472022       16.745103        16.745103       1918.4797       1918.4797
     0.84385559       975.98211      -19.258257       66.074215     -0.35570817      0.89979212      -2.4823645       16.745103        16.745103        1918.474        1918.474
     0.84898099       975.96941       -19.23524       66.800227     -0.34946387      0.89820502      -2.4894775       16.745103        16.745103       1918.4486       1918.4486
     0.84557202       975.96678      -19.282051       65.523108     -0.36979322      0.87697348      -2.3003224       16.745103        16.745103       1918.4434       1918.4434
     0.84014819       975.96658      -19.249917       66.325203     -0.36387624       0.8836883      -2.3578315       16.745103        16.745103       1918.4429       1918.4429
     0.83963281       975.96054      -19.269232       65.825043     -0.35116361      0.90383798      -2.5206398       16.745103        16.745103       1918.4309       1918.4309
     0.83597377       975.95827      -19.225085       66.948794     -0.34912137      0.89979583      -2.5007197       16.745103        16.745103       1918.4263       1918.4263
     0.83052119       975.95817      -19.244935       66.666405     -0.36683206       0.8801044      -2.3280183       16.745103        16.745103       1918.4261       1918.4261
     0.82875106       975.95366      -19.280377       65.416675     -0.34715518      0.90673614      -2.5492497       16.745103        16.745103       1918.4171       1918.4171
     0.82390062       975.95288      -19.303697       64.743242     -0.35897337      0.89489931      -2.4433525       16.745103        16.745103       1918.4156       1918.4156
     0.81867024       975.95261      -19.254918       65.938501     -0.35445396      0.89330737      -2.4452453       16.745103        16.745103        1918.415        1918.415
     0.81837425       975.94632      -19.269965       65.776182     -0.36719937      0.87948669      -2.3224213       16.745103        16.745103       1918.4024       1918.4024
     0.81730472       975.94099      -19.239204       66.772183     -0.36201943      0.88152055      -2.3499956       16.745103        16.745103       1918.3918       1918.3918
     0.81254467       975.94018      -19.270248       65.601725     -0.34676025      0.90418562      -2.5337052       16.745103        16.745103       1918.3902       1918.3902
     0.81298254         975.933      -19.223223       67.092144      -0.3563872      0.89286442      -2.4374869       16.745103        16.745103       1918.3758       1918.3758
     0.80946167       975.93069      -19.250588       66.266457     -0.34792505      0.89782321      -2.4911266       16.745103        16.745103       1918.3712       1918.3712
     0.80811341       975.92572       -19.28319       65.211253     -0.36541714      0.88075398      -2.3363685       16.745103        16.745103       1918.3612       1918.3612
     0.81007174       975.91665      -19.254891       66.218138     -0.35795878      0.88766029      -2.3991286       16.745103        16.745103       1918.3431       1918.3431
     0.80801652       975.91255      -19.303225       64.760996     -0.35585964      0.89896548      -2.4771498       16.745103        16.745103       1918.3349       1918.3349
     0.80431321        975.9105      -19.281926       65.251877     -0.34276803       0.9071981      -2.5642346       16.745103        16.745103       1918.3308       1918.3308
     0.80233908       975.90631      -19.263586       65.988681     -0.36356699      0.87903541      -2.3300637       16.745103        16.745103       1918.3224       1918.3224
     0.79955709       975.90314      -19.281699       65.218762     -0.35414154      0.89934954      -2.4851484       16.745103        16.745103       1918.3161       1918.3161
     0.79443748       975.90292        -19.2909       65.140059     -0.37058075      0.87752784      -2.3014292       16.745103        16.745103       1918.3156       1918.3156
     0.79920199       975.89029      -19.257114       66.265557     -0.36999071       0.8741517      -2.2823687       16.745103        16.745103       1918.2904       1918.2904
     0.79404239       975.89013      -19.243802       66.494895     -0.34602318      0.90603898      -2.5489191       16.745103        16.745103         1918.29         1918.29
     0.79290853       975.88491      -19.301333       64.693292     -0.34311001      0.91368749      -2.6049171       16.745103        16.745103       1918.2796       1918.2796
      0.7930532       975.87808       -19.28596       65.143579     -0.35798526      0.89825634      -2.4670552       16.745103        16.745103        1918.266        1918.266
     0.78920707        975.8763      -19.297709       64.983792     -0.36126135      0.88591276      -2.3802635       16.745103        16.745103       1918.2624       1918.2624
     0.78735534       975.87201      -19.270928          65.554     -0.33952543      0.91515319      -2.6231163       16.745103        16.745103       1918.2538       1918.2538
     0.78563459       975.86755      -19.279666       65.378912     -0.35425633       0.8953531      -2.4597044       16.745103        16.745103       1918.2449       1918.2449
      0.7858528       975.86063       -19.25708       66.016489      -0.3528805      0.89901894      -2.4844848       16.745103        16.745103        1918.231        1918.231
     0.78376224       975.85665      -19.285943       65.003785     -0.34492462      0.90657925       -2.554592       16.745103        16.745103       1918.2231       1918.2231
      0.7875998       975.84512      -19.276805       65.532659     -0.36897785      0.87810273      -2.3090098       16.745103        16.745103          1918.2          1918.2
     0.79035235       975.83498      -19.273071       65.657054     -0.35873276       0.8966846      -2.4548373       16.745103        16.745103       1918.1798       1918.1798
     0.78629973       975.83348      -19.237859       66.568352     -0.35880887      0.88563946      -2.3848676       16.745103        16.745103       1918.1768       1918.1768
     0.78415918       975.82956      -19.223235       67.089165     -0.35172925      0.89867662      -2.4859315       16.745103        16.745103       1918.1689       1918.1689
     0.77994344       975.82831      -19.253312       65.984659     -0.33909552      0.91595512      -2.6299828       16.745103        16.745103       1918.1664       1918.1664
     0.77683312       975.82566       -19.22246       67.154673        -0.35358       0.8946011      -2.4557917       16.745103        16.745103       1918.1611       1918.1611
     0.77205978       975.82518      -19.275079       65.521665      -0.3458948      0.90277901      -2.5286997       16.745103        16.745103       1918.1601       1918.1601
     0.76738844        975.8246      -19.290181       64.907142     -0.34707396      0.91102686       -2.577352       16.745103        16.745103        1918.159        1918.159
     0.76527882       975.82071       -19.25735       65.889878     -0.34948607      0.89800378      -2.4886638       16.745103        16.745103       1918.1512       1918.1512
     0.76444605       975.81515      -19.261785       65.992912     -0.37143181      0.87567529      -2.2870945       16.745103        16.745103       1918.1401       1918.1401
     0.75957646        975.8149      -19.243543       66.520677     -0.35236061      0.89774679      -2.4796269       16.745103        16.745103       1918.1396       1918.1396
     0.76594041       975.79991      -19.254545       66.048022      -0.3506758      0.90679275      -2.5411195       16.745103        16.745103       1918.1096       1918.1096
     0.76110065       975.79961      -19.246487        66.55765      -0.3604435      0.88508959      -2.3774499       16.745103        16.745103        1918.109        1918.109
     0.76611536       975.78639      -19.280226       65.265081     -0.36072868      0.88922614      -2.4017585       16.745103        16.745103       1918.0826       1918.0826
     0.76193641       975.78522      -19.246707        66.31965     -0.36633108      0.88184798      -2.3404837       16.745103        16.745103       1918.0802       1918.0802
     0.75842058        975.7832      -19.259508       65.880286     -0.34803574      0.90088757      -2.5112856       16.745103        16.745103       1918.0762       1918.0762
     0.75388153       975.78256      -19.253993       66.339382     -0.35798057      0.88796664       -2.401953       16.745103        16.745103       1918.0749       1918.0749
      0.7574296       975.77122      -19.233284       66.736941     -0.36172262      0.88316509      -2.3615733       16.745103        16.745103       1918.0522       1918.0522
     0.75386307       975.76929        -19.2852       65.037634     -0.34442412      0.91337443      -2.5992375       16.745103        16.745103       1918.0484       1918.0484
     0.75164918       975.76559      -19.271318       65.685213     -0.35664838      0.89009118      -2.4180443       16.745103        16.745103        1918.041        1918.041
     0.74989056       975.76129      -19.292981       64.871788     -0.34309882      0.91169765      -2.5917916       16.745103        16.745103       1918.0324       1918.0324
     0.74576898       975.76016      -19.246762       66.473034     -0.35132433      0.90262861      -2.5127293       16.745103        16.745103       1918.0301       1918.0301
     0.74120911       975.75964      -19.303454       64.530495     -0.34422359      0.91298012      -2.5977055       16.745103        16.745103       1918.0291       1918.0291
     0.73733092       975.75825      -19.255175       66.151317     -0.35049653      0.90475284      -2.5277514       16.745103        16.745103       1918.0263       1918.0263
     0.74018547       975.74774      -19.262634       65.720389     -0.34257619      0.90819385      -2.5717106       16.745103        16.745103       1918.0053       1918.0053
     0.73539587       975.74758      -19.294701       64.786975      -0.3549352      0.89795918      -2.4729968       16.745103        16.745103        1918.005        1918.005
      0.7338088        975.7431      -19.240728        66.66026     -0.35042127      0.89885181      -2.4909239       16.745103        16.745103        1917.996        1917.996
     0.73072894       975.74066      -19.276975        65.38213     -0.34243451      0.91082999      -2.5892844       16.745103        16.745103       1917.9911       1917.9911
     0.72945834       975.73576      -19.258429       65.908362     -0.35613911      0.88886897      -2.4125052       16.745103        16.745103       1917.9813       1917.9813
     0.72531462       975.73481      -19.244839        66.50966     -0.36630245       0.8755466      -2.3010463       16.745103        16.745103       1917.9794       1917.9794
     0.72913864       975.72291      -19.291195       65.172777     -0.35517497      0.89774711      -2.4711844       16.745103        16.745103       1917.9556       1917.9556
     0.72687053       975.71938      -19.264179       65.654739     -0.34112208        0.910938      -2.5926303       16.745103        16.745103       1917.9485       1917.9485
      0.7242186       975.71639      -19.288132       65.147558     -0.36828014      0.88027693      -2.3253703       16.745103        16.745103       1917.9426       1917.9426
     0.72257406       975.71202      -19.234836       66.808406     -0.36562167      0.87721878      -2.3132492       16.745103        16.745103       1917.9338       1917.9338
      0.7208545       975.70775      -19.288954       64.946964      -0.3469751      0.90391111      -2.5329702       16.745103        16.745103       1917.9253       1917.9253
     0.72021758       975.70199      -19.265216       65.635894     -0.33995512      0.91616615      -2.6286916       16.745103        16.745103       1917.9138       1917.9138
     0.71569639       975.70165      -19.272009       65.436255      -0.3548663      0.89363197      -2.4460029       16.745103        16.745103       1917.9131       1917.9131
     0.71146125       975.70094      -19.279371       65.250423     -0.34055155      0.91534223      -2.6229026       16.745103        16.745103       1917.9117       1917.9117
     0.70937819       975.69723      -19.276477       65.693134     -0.36495833      0.88269977      -2.3495202       16.745103        16.745103       1917.9042       1917.9042
     0.70583863       975.69558      -19.227548       66.969986     -0.36021968      0.89054337      -2.4120336       16.745103        16.745103        1917.901        1917.901
     0.70131052       975.69537      -19.266299       65.668923     -0.34951271      0.90740149      -2.5474195       16.745103        16.745103       1917.9005       1917.9005
     0.69681307       975.69516      -19.293482       65.090739     -0.36830823      0.88000191      -2.3233275       16.745103        16.745103       1917.9001       1917.9001
     0.69359801       975.69314       -19.25427       66.215884      -0.3510107      0.90042875      -2.5001951       16.745103        16.745103       1917.8961       1917.8961
     0.69111188       975.69009      -19.250143       66.148337     -0.35862266       0.8874548      -2.3968131       16.745103        16.745103         1917.89         1917.89
     0.68800565       975.68795      -19.264227       65.715887     -0.34074523      0.91613828      -2.6263489       16.745103        16.745103       1917.8857       1917.8857
     0.68526305        975.6853      -19.228421       67.012495     -0.36616872       0.8791954      -2.3238749       16.745103        16.745103       1917.8804       1917.8804
      0.6807866       975.68521      -19.291475       64.914231     -0.35271023      0.89556351      -2.4645911       16.745103        16.745103       1917.8802       1917.8802
     0.67907605       975.68108      -19.226883       66.995018     -0.35759705      0.89210963       -2.428413       16.745103        16.745103        1917.872        1917.872
     0.68139297       975.67103      -19.243244       66.565485      -0.3507187      0.89939627      -2.4941211       16.745103        16.745103       1917.8519       1917.8519
     0.67761481       975.66994      -19.260404       65.742425     -0.34451809      0.90804283       -2.565386       16.745103        16.745103       1917.8497       1917.8497
     0.67788255       975.66291      -19.242355       66.633279     -0.36916145       0.8739091      -2.2830231       16.745103        16.745103       1917.8356       1917.8356
     0.67344693       975.66283      -19.272578       65.702423     -0.35072787      0.89923095      -2.4922412       16.745103        16.745103       1917.8354       1917.8354
     0.66939289       975.66222      -19.300267       64.751389     -0.35683292      0.89815242      -2.4692335       16.745103        16.745103       1917.8342       1917.8342
     0.66674155       975.65954      -19.234483       66.809683     -0.35477869      0.89782153      -2.4723728       16.745103        16.745103       1917.8289       1917.8289
     0.66622508       975.65367      -19.230936         66.9518     -0.36413247       0.8802584      -2.3361522       16.745103        16.745103       1917.8171       1917.8171
     0.66436613       975.64982      -19.264019       65.776221     -0.34806944      0.90476767      -2.5358761       16.745103        16.745103       1917.8094       1917.8094
     0.66214274       975.64653      -19.276675       65.401476     -0.35627717      0.89132924      -2.4270115       16.745103        16.745103       1917.8029       1917.8029
     0.65863186        975.6452      -19.266104       65.707303     -0.34790783      0.90542608      -2.5404884       16.745103        16.745103       1917.8002       1917.8002
     0.66303821       975.63189      -19.256238       66.207827     -0.36388185      0.88204265      -2.3476732       16.745103        16.745103       1917.7736       1917.7736
     0.66246561       975.62611      -19.308809       64.527383     -0.35989356       0.8919577      -2.4219503       16.745103        16.745103        1917.762        1917.762
     0.65926955        975.6243      -19.268982       65.739705     -0.34663393      0.90522516      -2.5410311       16.745103        16.745103       1917.7584       1917.7584
     0.65499342       975.62416      -19.287365       65.265241     -0.36185608      0.88783137      -2.3898527       16.745103        16.745103       1917.7581       1917.7581
     0.65264225       975.62112      -19.281157       65.155891     -0.34096304      0.91704341      -2.6323184       16.745103        16.745103        1917.752        1917.752
     0.65030221       975.61806      -19.303858       64.602248     -0.35612412      0.89644702      -2.4601791       16.745103        16.745103       1917.7459       1917.7459
     0.64862136       975.61401      -19.244679         66.2606     -0.34756883      0.90281914       -2.523917       16.745103        16.745103       1917.7378       1917.7378
     0.65029814       975.60478      -19.257967       66.153824     -0.35524861      0.89760459      -2.4696627       16.745103        16.745103       1917.7194       1917.7194
     0.64965544       975.59912      -19.239353       66.727876     -0.36145739      0.88291203      -2.3601833       16.745103        16.745103        1917.708        1917.708
     0.64783266       975.59529      -19.259367       66.156457     -0.36429127      0.88030232      -2.3368695       16.745103        16.745103       1917.7004       1917.7004
     0.64408604       975.59445      -19.298322       64.823154     -0.34901065      0.90779505      -2.5520752       16.745103        16.745103       1917.6987       1917.6987
     0.64079412       975.59292      -19.255435       66.151057     -0.36420205      0.87803176      -2.3226089       16.745103        16.745103       1917.6956       1917.6956
     0.63655679       975.59291      -19.270844       65.775509     -0.35345104      0.90068141      -2.4945356       16.745103        16.745103       1917.6956       1917.6956
      0.6325683       975.59256      -19.296903       64.852207     -0.35308664      0.89612954       -2.466273       16.745103        16.745103       1917.6949       1917.6949
     0.62847596        975.5924      -19.265231       65.726877     -0.35812763      0.88964649      -2.4113662       16.745103        16.745103       1917.6946       1917.6946
     0.62643313       975.58901      -19.268269       65.609868      -0.3518646      0.89472805      -2.4608627       16.745103        16.745103       1917.6878       1917.6878
     0.62650793       975.58225       -19.27285       65.612008     -0.36297066      0.88054226      -2.3413362       16.745103        16.745103       1917.6743       1917.6743
     0.62420477       975.57929      -19.269941       65.855463     -0.36328982       0.8831733      -2.3575837       16.745103        16.745103       1917.6684       1917.6684
     0.62231876       975.57567      -19.297807       64.857054     -0.35759243      0.89297805      -2.4352597       16.745103        16.745103       1917.6611       1917.6611
     0.62186309       975.56976      -19.271279       65.749256     -0.36104982      0.88908642      -2.4011983       16.745103        16.745103       1917.6493       1917.6493
     0.61936165       975.56714      -19.259041        66.11692     -0.36080421      0.88328118      -2.3642479       16.745103        16.745103       1917.6441       1917.6441
     0.61791852       975.56283      -19.255993       66.208328     -0.35225939      0.89761672      -2.4777657       16.745103        16.745103       1917.6355       1917.6355
      0.6151322       975.56071      -19.253112       66.279848     -0.35531006      0.89895274      -2.4786782       16.745103        16.745103       1917.6312       1917.6312
     0.61151534       975.55996      -19.266099       65.698426     -0.34536725      0.90270299      -2.5292166       16.745103        16.745103       1917.6297       1917.6297
     0.61172653       975.55297      -19.267273       65.660013     -0.34298593      0.90890884      -2.5754466       16.745103        16.745103       1917.6157       1917.6157
      0.6145566       975.54171      -19.298684       64.746621     -0.35592199      0.89826571      -2.4723169       16.745103        16.745103       1917.5932       1917.5932
     0.61758821       975.53014      -19.290344       65.001738     -0.34832215      0.90053842      -2.5074258       16.745103        16.745103       1917.5701       1917.5701
     0.61470378       975.52818      -19.243773       66.457992     -0.35886746      0.88647798      -2.3894517       16.745103        16.745103       1917.5662       1917.5662
     0.61226343       975.52551      -19.255674       66.169026     -0.35058317      0.90196108      -2.5096915       16.745103        16.745103       1917.5608       1917.5608
      0.6085594       975.52494      -19.253139       66.126402     -0.35110758      0.90264749      -2.5125473       16.745103        16.745103       1917.5597       1917.5597
     0.60461982       975.52479      -19.264413        65.70747     -0.35016453      0.90130769      -2.5081556       16.745103        16.745103       1917.5594       1917.5594
     0.60115221       975.52389      -19.264557       65.696527     -0.35476742      0.89493675      -2.4552289       16.745103        16.745103       1917.5576       1917.5576
     0.59763451       975.52312      -19.248573       66.189147      -0.3527632      0.89645162      -2.4689704       16.745103        16.745103        1917.556        1917.556
     0.59705283       975.51745      -19.290847       65.122714       -0.364915      0.88297674      -2.3510394       16.745103        16.745103       1917.5447       1917.5447
     0.59413508        975.5157      -19.250722       66.099595     -0.35625207      0.89296356      -2.4382455       16.745103        16.745103       1917.5412       1917.5412
     0.59656175       975.50498      -19.259901       66.147309     -0.35633334      0.89425907      -2.4459296       16.745103        16.745103       1917.5198       1917.5198
      0.5933876       975.50367      -19.254656       66.105051     -0.34853562      0.89912237      -2.4984827       16.745103        16.745103       1917.5171       1917.5171
     0.59017084       975.50246      -19.242195       66.585818     -0.36715708      0.88199749      -2.3388484       16.745103        16.745103       1917.5147       1917.5147
     0.58988073       975.49631      -19.296723       64.925325     -0.34956622      0.90375897      -2.5245637       16.745103        16.745103       1917.5024       1917.5024
     0.58889945       975.49133      -19.287146       65.261243     -0.35747586      0.88994486      -2.4162082       16.745103        16.745103       1917.4925       1917.4925
     0.58533291       975.49076      -19.256638       65.907896     -0.35529074      0.89601306      -2.4602227       16.745103        16.745103       1917.4913       1917.4913
     0.58224018       975.48941      -19.249145       66.171809      -0.3422609      0.91197228      -2.5958678       16.745103        16.745103       1917.4886       1917.4886
      0.5801478       975.48637      -19.292887       64.914064     -0.35673307      0.89475067      -2.4476013       16.745103        16.745103       1917.4825       1917.4825
     0.57956477       975.48073      -19.244557       66.320874     -0.34336728      0.90863891      -2.5721285       16.745103        16.745103       1917.4713       1917.4713
     0.57779059       975.47715       -19.26905       65.746235     -0.34810494      0.90056241      -2.5079767       16.745103        16.745103       1917.4641       1917.4641
     0.57672558       975.47235       -19.24208       66.516306     -0.35309486      0.89400248      -2.4525419       16.745103        16.745103       1917.4545       1917.4545
     0.57339594        975.4715      -19.263375        65.95705     -0.36739645      0.88325151      -2.3463004       16.745103        16.745103       1917.4528       1917.4528
     0.57191366       975.46744      -19.265721       65.908818     -0.35150237      0.89919524      -2.4898962       16.745103        16.745103       1917.4447       1917.4447
     0.57382658       975.45746      -19.247942       66.183339     -0.34556484      0.90951991      -2.5720287       16.745103        16.745103       1917.4247       1917.4247
     0.57344072       975.45149      -19.243327       66.515138      -0.3603791      0.89197458      -2.4207922       16.745103        16.745103       1917.4128       1917.4128
     0.57130403       975.44857      -19.259964       66.110649     -0.35597978        0.893921      -2.4443113       16.745103        16.745103       1917.4069       1917.4069
     0.56776575       975.44814       -19.27554       65.384055     -0.34794538      0.90309438      -2.5254144       16.745103        16.745103       1917.4061       1917.4061
      0.5642534        975.4477      -19.267168       65.598726     -0.34130169      0.91139565      -2.5952107       16.745103        16.745103       1917.4052       1917.4052
     0.56263643       975.44393      -19.231808       66.841429     -0.36411758       0.8826642      -2.3514143       16.745103        16.745103       1917.3977       1917.3977
     0.55979429       975.44235      -19.299218       64.752322      -0.3508629      0.90430067      -2.5250943       16.745103        16.745103       1917.3945       1917.3945
     0.55615571       975.44222      -19.270013       65.623238     -0.35933891      0.88511643      -2.3803187       16.745103        16.745103       1917.3942       1917.3942
     0.55990968       975.42885       -19.28241       65.249785     -0.36030912       0.8856155      -2.3806082       16.745103        16.745103       1917.3675       1917.3675
     0.55629877       975.42868      -19.277376       65.545008     -0.35476278      0.89732126      -2.4691198       16.745103        16.745103       1917.3672       1917.3672
     0.55549323       975.42348      -19.231516       66.841725     -0.36056208      0.88962194      -2.4049276       16.745103        16.745103       1917.3568       1917.3568
     0.55193397       975.42327      -19.269345       65.662465     -0.36556452       0.8796465      -2.3287428       16.745103        16.745103       1917.3563       1917.3563
     0.54879335       975.42233      -19.264418       65.660304     -0.34746178      0.90899551      -2.5634996       16.745103        16.745103       1917.3545       1917.3545
     0.54518067       975.42229      -19.265699       65.805552     -0.34911223      0.89976143      -2.5010886       16.745103        16.745103       1917.3544       1917.3544
     0.54201237       975.42147      -19.227632       66.905772     -0.35537324      0.89408894      -2.4473447       16.745103        16.745103       1917.3527       1917.3527
     0.53878092       975.42081      -19.251077       66.112495     -0.35000932      0.90421914      -2.5257507       16.745103        16.745103       1917.3514       1917.3514
     0.53648373       975.41844      -19.268353       65.815193     -0.35072629      0.90324141      -2.5178743       16.745103        16.745103       1917.3467       1917.3467
     0.53491325       975.41472      -19.275992       65.301286     -0.34908788      0.90280442      -2.5195416       16.745103        16.745103       1917.3392       1917.3392
     0.53336351       975.41098      -19.239946       66.486086      -0.3509303      0.89772885      -2.4821341       16.745103        16.745103       1917.3318       1917.3318
     0.53403257       975.40308        -19.2957       64.815372     -0.34517354      0.91127842      -2.5840104       16.745103        16.745103        1917.316        1917.316
     0.53050165       975.40307      -19.260496       65.979098     -0.35027404      0.90035799      -2.5017974       16.745103        16.745103       1917.3159       1917.3159
     0.52727044       975.40254      -19.255691       66.104523     -0.35351125      0.90247519       -2.505839       16.745103        16.745103       1917.3149       1917.3149
     0.52489772        975.4004      -19.295813       64.918677      -0.3506683      0.90532752      -2.5317817       16.745103        16.745103       1917.3106       1917.3106
     0.52367594       975.39609      -19.261381        65.97747     -0.35057778      0.89725056      -2.4800623       16.745103        16.745103        1917.302        1917.302
     0.52114392       975.39429      -19.236175       66.600277     -0.34846795      0.90235331      -2.5186928       16.745103        16.745103       1917.2984       1917.2984
     0.51795286       975.39379      -19.257001       65.941893     -0.35811676      0.89444678      -2.4422526       16.745103        16.745103       1917.2974       1917.2974
     0.51494979       975.39296      -19.301368       64.756715     -0.35944582      0.89360586      -2.4336076       16.745103        16.745103       1917.2957       1917.2957
      0.5115948       975.39285      -19.286431       65.327167     -0.36203759        0.885279      -2.3740312       16.745103        16.745103       1917.2955       1917.2955
     0.50823453       975.39279      -19.253609       66.167553     -0.36671591      0.88160742      -2.3380741       16.745103        16.745103       1917.2954       1917.2954
     0.50657937       975.38941      -19.259698       65.822609     -0.35485687      0.89771137      -2.4716667       16.745103        16.745103       1917.2886       1917.2886
     0.50622284       975.38347      -19.286502       65.117035     -0.35296015      0.89521248      -2.4608672       16.745103        16.745103       1917.2767       1917.2767
     0.50297536       975.38326      -19.251216       66.328815     -0.35204374      0.89675969      -2.4730162       16.745103        16.745103       1917.2763       1917.2763
        0.49987       975.38281      -19.296656       64.905045     -0.35326319      0.89872608      -2.4832422       16.745103        16.745103       1917.2754       1917.2754
     0.49663384       975.38266      -19.280029       65.328226     -0.34395899      0.91326199      -2.5998761       16.745103        16.745103       1917.2751       1917.2751
     0.49341162       975.38253      -19.241618        66.51256     -0.36500795      0.88334303      -2.3532845       16.745103        16.745103       1917.2748       1917.2748
     0.49116087       975.38045      -19.258078       66.091193     -0.35325318        0.899873      -2.4893147       16.745103        16.745103       1917.2707       1917.2707
     0.48828058       975.37969      -19.279365       65.541536     -0.36514244      0.88041601      -2.3346383       16.745103        16.745103       1917.2692       1917.2692
     0.48645645       975.37679      -19.244015       66.487121     -0.35752093      0.88688231      -2.3966842       16.745103        16.745103       1917.2634       1917.2634
     0.48343214       975.37638      -19.292844       64.896443     -0.35344002      0.90145303      -2.4992281       16.745103        16.745103       1917.2626       1917.2626
     0.48031865        975.3762      -19.257664       66.104212     -0.35072799      0.90079909      -2.5031816       16.745103        16.745103       1917.2622       1917.2622
     0.47910274       975.37209      -19.288614       65.186923     -0.36018946      0.89107426      -2.4149664       16.745103        16.745103        1917.254        1917.254
     0.47616784       975.37159       -19.26567       65.805086     -0.35971578      0.88418248      -2.3732074       16.745103        16.745103        1917.253        1917.253
      0.4740147       975.36948      -19.255288       66.143561     -0.35652888      0.88994379      -2.4175607       16.745103        16.745103       1917.2487       1917.2487
     0.47169693       975.36773      -19.281723       65.289631     -0.36556976      0.88241853      -2.3460247       16.745103        16.745103       1917.2453       1917.2453
     0.46860873       975.36766      -19.280766       65.302203     -0.35284799      0.90087381      -2.4981863       16.745103        16.745103       1917.2451       1917.2451
     0.46580967         975.367       -19.25775        66.02508     -0.36015167      0.88835137      -2.3990793       16.745103        16.745103       1917.2438       1917.2438
     0.46460261       975.36295      -19.268187       65.551847     -0.35412931      0.89826823      -2.4776116       16.745103        16.745103       1917.2357       1917.2357
     0.46249058       975.36087      -19.273856       65.573074     -0.35712823      0.88802666       -2.404283       16.745103        16.745103       1917.2315       1917.2315
     0.45993346       975.35977      -19.245314       66.343837     -0.34981846      0.89737479      -2.4832167       16.745103        16.745103       1917.2293       1917.2293
      0.4592018       975.35471      -19.251723       66.064778     -0.35243813        0.901131      -2.5000317       16.745103        16.745103       1917.2192       1917.2192
     0.45821514       975.35022      -19.257379       65.899649     -0.35116522      0.89801156      -2.4841235       16.745103        16.745103       1917.2102       1917.2102
      0.4594722       975.34083      -19.264563        65.80355     -0.34353882      0.90790462      -2.5667036       16.745103        16.745103       1917.1915       1917.1915
     0.45798238       975.33744      -19.301424       64.659755     -0.35557176      0.89746586      -2.4687715       16.745103        16.745103       1917.1847       1917.1847
     0.45937807       975.32775      -19.249689       66.376282     -0.36890982      0.87574135      -2.2947454       16.745103        16.745103       1917.1653       1917.1653
     0.45639659       975.32762      -19.245533       66.438128     -0.35001396      0.90108403       -2.505698       16.745103        16.745103        1917.165        1917.165
      0.4537521       975.32678      -19.253989       66.283448     -0.35562723      0.89653625      -2.4621581       16.745103        16.745103       1917.1634       1917.1634
     0.45239432       975.32314      -19.278837       65.293083     -0.34823506      0.90099137      -2.5109391       16.745103        16.745103       1917.1561       1917.1561
     0.44941076       975.32311      -19.276025       65.376614     -0.34756061      0.90988373      -2.5687384       16.745103        16.745103        1917.156        1917.156
     0.44689958       975.32207       -19.25701        66.00322     -0.35104346      0.90284817      -2.5154354       16.745103        16.745103       1917.1539       1917.1539
     0.44458284       975.32062      -19.301664       64.642833      -0.3484895      0.90520317      -2.5369127       16.745103        16.745103        1917.151        1917.151
     0.44246105       975.31876      -19.259929       65.882248     -0.35217651      0.90410174      -2.5197866       16.745103        16.745103       1917.1473       1917.1473
     0.44149549        975.3143      -19.261702       65.771362     -0.35376118      0.89620393      -2.4657472       16.745103        16.745103       1917.1384       1917.1384
     0.43870942       975.31399      -19.280444       65.240084     -0.35308942      0.89527724      -2.4611257       16.745103        16.745103       1917.1378       1917.1378
     0.43707538       975.31107      -19.244205       66.609801     -0.36684629      0.88005565      -2.3275633       16.745103        16.745103       1917.1319       1917.1319
      0.4346498       975.30999      -19.277085       65.438239     -0.36532665      0.88243197      -2.3471931       16.745103        16.745103       1917.1298       1917.1298
     0.43210267       975.30923      -19.267798       65.626983     -0.36000002      0.88822954      -2.3978067       16.745103        16.745103       1917.1282       1917.1282
      0.4292791       975.30914      -19.267329       65.629977     -0.35536302      0.89585936       -2.459402       16.745103        16.745103       1917.1281       1917.1281
     0.42801777       975.30544      -19.250772       66.296354     -0.36084431      0.88608422       -2.381445       16.745103        16.745103       1917.1207       1917.1207
     0.42550412       975.30468      -19.245373       66.273279     -0.34843237      0.90454657      -2.5327658       16.745103        16.745103       1917.1192       1917.1192
     0.42291638       975.30414      -19.263243       65.941001     -0.35091769      0.90221681       -2.510575       16.745103        16.745103       1917.1181       1917.1181
     0.42049356       975.30324      -19.281797       65.338766     -0.34627238      0.90761317       -2.557607       16.745103        16.745103       1917.1163       1917.1163
      0.4189867       975.30018      -19.271734       65.564503     -0.34679809      0.90369733      -2.5321977       16.745103        16.745103       1917.1102       1917.1102
      0.4164712       975.29956      -19.260628       66.048612     -0.36086904      0.89091221      -2.4129475       16.745103        16.745103       1917.1089       1917.1089
     0.41428748       975.29817      -19.245862       66.340766     -0.34871372      0.90018127      -2.5035993       16.745103        16.745103       1917.1061       1917.1061
     0.41242717       975.29603      -19.285525       65.312377     -0.36517654      0.88176342      -2.3434307       16.745103        16.745103       1917.1019       1917.1019
     0.41002101       975.29524      -19.228441       66.933581     -0.35886903      0.88959399      -2.4094643       16.745103        16.745103       1917.1003       1917.1003
      0.4101793       975.28821      -19.261367       65.984536     -0.36889937      0.87621444      -2.2981213       16.745103        16.745103       1917.0862       1917.0862
     0.40760055       975.28787      -19.268326       65.857917     -0.36949236       0.8760044      -2.2951092       16.745103        16.745103       1917.0855       1917.0855
     0.40559473       975.28616      -19.293404       65.009132     -0.35911406      0.89031511      -2.4141503       16.745103        16.745103       1917.0821       1917.0821
     0.40563723       975.27941      -19.283204       65.262936     -0.35934551      0.89499634      -2.4427336       16.745103        16.745103       1917.0686       1917.0686
     0.40309609       975.27905      -19.284836       65.232288     -0.35204609      0.90448426      -2.5225374       16.745103        16.745103       1917.0679       1917.0679
     0.40194514       975.27526      -19.249925        66.31587     -0.36680642      0.87787092      -2.3143621       16.745103        16.745103       1917.0603       1917.0603
     0.40002491       975.27341      -19.297988       64.783618     -0.35519065      0.89653582      -2.4641042       16.745103        16.745103       1917.0566       1917.0566
     0.39863264       975.27025      -19.280812       65.490296     -0.35837474      0.88977203      -2.4121683       16.745103        16.745103       1917.0503       1917.0503
     0.39631004       975.26945      -19.291478       65.018266     -0.35510051      0.89760318      -2.4700801       16.745103        16.745103       1917.0487       1917.0487
     0.39374748       975.26929      -19.265274       65.758856     -0.35086619      0.89968497       -2.495999       16.745103        16.745103       1917.0484       1917.0484
     0.39156193       975.26821      -19.245422       66.398783     -0.35979704      0.88729357       -2.392034       16.745103        16.745103       1917.0462       1917.0462
     0.38904113       975.26802      -19.292996       65.056685     -0.35940896      0.89207633      -2.4243285       16.745103        16.745103       1917.0458       1917.0458
     0.38744423       975.26549      -19.290163       65.066774     -0.35193309       0.8965257      -2.4725857       16.745103        16.745103       1917.0408       1917.0408
     0.38731093       975.25919       -19.23986       66.683687     -0.35480757      0.89479589      -2.4533015       16.745103        16.745103       1917.0282       1917.0282
     0.38557004       975.25705      -19.266927        65.63061     -0.35735949      0.89114992      -2.4237048       16.745103        16.745103       1917.0239       1917.0239
     0.38313608       975.25674      -19.280814       65.395061     -0.34771131      0.90618143      -2.5448534       16.745103        16.745103       1917.0233       1917.0233
     0.38111915       975.25538      -19.301205       64.721956     -0.35184139      0.90278346      -2.5125544       16.745103        16.745103       1917.0205       1917.0205
     0.37924559       975.25366      -19.245266       66.331262     -0.35266929      0.90023082      -2.4941638       16.745103        16.745103       1917.0171       1917.0171
     0.37716949        975.2525      -19.244559       66.431929      -0.3547456      0.89948843      -2.4834495       16.745103        16.745103       1917.0148       1917.0148
     0.37683589       975.24674      -19.284857       65.126767     -0.34609722      0.91155122      -2.5835322       16.745103        16.745103       1917.0033       1917.0033
      0.3747826       975.24556      -19.280757       65.419669     -0.35461771       0.8983371      -2.4760647       16.745103        16.745103       1917.0009       1917.0009
     0.37310611        975.2434      -19.243291       66.472253     -0.34835225      0.90070816      -2.5082505       16.745103        16.745103       1916.9966       1916.9966
     0.37088546       975.24273      -19.246105       66.445209     -0.35715047      0.89607709      -2.4554272       16.745103        16.745103       1916.9952       1916.9952
     0.36982699       975.23894      -19.265192       65.960212     -0.36754328      0.87733959      -2.3089668       16.745103        16.745103       1916.9877       1916.9877
     0.36768795        975.2381      -19.291322       64.914869     -0.34545709      0.90754393      -2.5596216       16.745103        16.745103        1916.986        1916.986
     0.36551788       975.23737      -19.249472       66.427514     -0.36131595      0.88366396      -2.3655413       16.745103        16.745103       1916.9845       1916.9845
     0.36317667       975.23715      -19.268126       65.622118     -0.35565255       0.8969487       -2.465473       16.745103        16.745103       1916.9841       1916.9841
     0.36106774       975.23633      -19.263813       65.696685     -0.34349303      0.91225044      -2.5949371       16.745103        16.745103       1916.9825       1916.9825
     0.35900034       975.23543      -19.266871       65.752244     -0.35473456      0.90071061      -2.4916479       16.745103        16.745103       1916.9807       1916.9807
     0.35784614         975.232      -19.261116       65.959711     -0.35632734      0.89030021      -2.4204409       16.745103        16.745103       1916.9738       1916.9738
       0.356449       975.22927      -19.242303       66.557719     -0.36553483       0.8792531      -2.3264473       16.745103        16.745103       1916.9683       1916.9683
     0.35454296       975.22799      -19.267351       65.666191     -0.35066331      0.89830566      -2.4864034       16.745103        16.745103       1916.9658       1916.9658
      0.3521987       975.22798      -19.255789       66.002433     -0.34755147      0.90091111      -2.5118895       16.745103        16.745103       1916.9658       1916.9658
     0.35018936       975.22706      -19.234793       66.658021     -0.35137666      0.89891887      -2.4889545       16.745103        16.745103       1916.9639       1916.9639
     0.34843089       975.22545      -19.240708        66.58653     -0.36099232      0.88424136      -2.3698178       16.745103        16.745103       1916.9607       1916.9607
     0.34780194       975.22061      -19.251631       66.073924      -0.3528283      0.89791097      -2.4788072       16.745103        16.745103        1916.951        1916.951
     0.34620375       975.21857      -19.284428       65.180532     -0.34855561      0.90833431      -2.5562063       16.745103        16.745103       1916.9469       1916.9469
     0.34523667       975.21472       -19.25434       66.162456     -0.34774325      0.90197837      -2.5183131       16.745103        16.745103       1916.9392       1916.9392
     0.34303929       975.21446      -19.247555       66.319353     -0.35202743      0.90089055      -2.4990701       16.745103        16.745103       1916.9387       1916.9387
     0.34205448       975.21069      -19.250667       66.153662      -0.3530284      0.90152986      -2.5009552       16.745103        16.745103       1916.9312       1916.9312
     0.34145071       975.20581      -19.282725       65.149354     -0.34387787       0.9094439      -2.5760119       16.745103        16.745103       1916.9214       1916.9214
     0.33990286       975.20371      -19.259082       66.115155     -0.36566814      0.87819772      -2.3193234       16.745103        16.745103       1916.9172       1916.9172
     0.33801325       975.20264      -19.245683       66.346799     -0.35850471      0.89278546      -2.4311029       16.745103        16.745103       1916.9151       1916.9151
     0.33590109       975.20227      -19.246919       66.224047     -0.34902103      0.90264246      -2.5186413       16.745103        16.745103       1916.9143       1916.9143
     0.33480488       975.19889      -19.248124       66.409337     -0.35768516      0.89515923      -2.4479209       16.745103        16.745103       1916.9076       1916.9076
     0.33346789       975.19625      -19.265437       65.953137     -0.35639279      0.89492149      -2.4500496       16.745103        16.745103       1916.9023       1916.9023
     0.33401359       975.18797      -19.266193       65.654698     -0.34936683      0.90520296      -2.5337791       16.745103        16.745103       1916.8857       1916.8857
     0.33199916       975.18737      -19.266638       65.886141     -0.35424705      0.89757619      -2.4730013       16.745103        16.745103       1916.8845       1916.8845
       0.331083       975.18349      -19.244543       66.313521     -0.35052198      0.89982725      -2.4967457       16.745103        16.745103       1916.8768       1916.8768
     0.32905521       975.18299      -19.299408       64.777002     -0.35766118      0.89189827      -2.4277249       16.745103        16.745103       1916.8758       1916.8758
     0.32784656       975.18003       -19.28192       65.397011     -0.35303623      0.89730397      -2.4746339       16.745103        16.745103       1916.8698       1916.8698
     0.32568926       975.17998      -19.261087       65.910647     -0.34570604       0.9071805      -2.5560412       16.745103        16.745103       1916.8698       1916.8698
     0.32467936       975.17645      -19.270592       65.686996     -0.36230484      0.88195498       -2.352416       16.745103        16.745103       1916.8627       1916.8627
     0.32285032       975.17545      -19.293839        64.87539     -0.35698806      0.89596089      -2.4552644       16.745103        16.745103       1916.8607       1916.8607
     0.32131824       975.17356      -19.283871       65.364712     -0.35570939      0.89543414      -2.4554942       16.745103        16.745103       1916.8569       1916.8569
     0.31943369        975.1728      -19.265113       65.677778     -0.35238624      0.89632845      -2.4697893       16.745103        16.745103       1916.8554       1916.8554
      0.3173473       975.17271      -19.280474       65.251862      -0.3544219      0.89989845      -2.4867028       16.745103        16.745103       1916.8552       1916.8552
     0.31533551       975.17242      -19.276158       65.521954      -0.3610083      0.88732854      -2.3902322       16.745103        16.745103       1916.8546       1916.8546
     0.31498916       975.16688      -19.257497       66.132634     -0.35763024      0.89010601      -2.4156585       16.745103        16.745103       1916.8436       1916.8436
     0.31304932       975.16641       -19.27094       65.737304     -0.35358368      0.90026581      -2.4916844       16.745103        16.745103       1916.8426       1916.8426
     0.31108652       975.16606      -19.274724       65.536294      -0.3493933       0.8989323      -2.4945272       16.745103        16.745103       1916.8419       1916.8419
     0.30967351       975.16396       -19.25455       66.094989      -0.3632758      0.88560845       -2.372736       16.745103        16.745103       1916.8377       1916.8377
      0.3086784       975.16054      -19.245238       66.310183     -0.34668227      0.90687089      -2.5517944       16.745103        16.745103       1916.8309       1916.8309
     0.30672371       975.16025        -19.2926       64.885918     -0.34557853      0.90892164      -2.5680478       16.745103        16.745103       1916.8303       1916.8303
     0.30528556        975.1583      -19.280173       65.431767     -0.35702087      0.89462315      -2.4459596       16.745103        16.745103       1916.8264       1916.8264
      0.3037317       975.15676      -19.247024       66.466376     -0.36050853      0.88810393      -2.3952385       16.745103        16.745103       1916.8233       1916.8233
     0.30229255       975.15486      -19.259639       65.929633     -0.36039712      0.89044539      -2.4112994       16.745103        16.745103       1916.8195       1916.8195
     0.30041564       975.15445      -19.287768       65.187155     -0.35673345      0.89637361       -2.458831       16.745103        16.745103       1916.8187       1916.8187
     0.29982863       975.14976       -19.26358       65.877882     -0.34835107      0.90428378      -2.5316308       16.745103        16.745103       1916.8093       1916.8093
      0.2979469       975.14941      -19.266659       65.729549     -0.36109432      0.88738619      -2.3891568       16.745103        16.745103       1916.8086       1916.8086
     0.29620794       975.14862      -19.258935       65.863078     -0.35510897      0.89491713       -2.453333       16.745103        16.745103        1916.807        1916.807
     0.29445031       975.14793      -19.267425       65.751504     -0.35102981      0.90230951      -2.5120471       16.745103        16.745103       1916.8056       1916.8056
     0.29309042       975.14591      -19.291815       65.031899     -0.35838317      0.89126487      -2.4221109       16.745103        16.745103       1916.8016       1916.8016
     0.29196576       975.14311      -19.258156       65.932244     -0.34720408      0.90322552      -2.5269553       16.745103        16.745103        1916.796        1916.796
     0.29186583       975.13681      -19.261648       65.766382     -0.34718701      0.90426674      -2.5338729       16.745103        16.745103       1916.7834       1916.7834
     0.29103697       975.13301      -19.267495       65.577874     -0.35122679       0.9010992      -2.5034012       16.745103        16.745103       1916.7758       1916.7758
     0.28939308       975.13203      -19.266682       65.627381     -0.35126709      0.90095094      -2.5026118       16.745103        16.745103       1916.7739       1916.7739
     0.28806715       975.12998      -19.276118       65.610402     -0.36390692      0.88661594      -2.3772783       16.745103        16.745103       1916.7697       1916.7697
     0.28680137       975.12774      -19.253272        66.20672     -0.34942709      0.90495568      -2.5324931       16.745103        16.745103       1916.7653       1916.7653
     0.28501486       975.12734      -19.269988       65.608446     -0.35073123      0.90054327      -2.5017346       16.745103        16.745103       1916.7645       1916.7645
     0.28320298       975.12707      -19.292723       65.005028     -0.35721816      0.89185088      -2.4289214       16.745103        16.745103       1916.7639       1916.7639
     0.28302724       975.12105      -19.286572       65.108702     -0.35050859      0.90490422      -2.5289972       16.745103        16.745103       1916.7519       1916.7519
     0.28134062       975.12038      -19.242543        66.47596     -0.35822067      0.89330984      -2.4345529       16.745103        16.745103       1916.7506       1916.7506
     0.27952764        975.1202       -19.27421       65.477066     -0.36126438      0.88875368      -2.3981833       16.745103        16.745103       1916.7502       1916.7502
     0.27784567       975.11959      -19.281843       65.306672     -0.34814563      0.90267137      -2.5211279       16.745103        16.745103        1916.749        1916.749
     0.27659717       975.11745      -19.262626       65.755275     -0.34640395      0.90941983      -2.5688128       16.745103        16.745103       1916.7447       1916.7447
     0.27551048       975.11474      -19.258009       66.108523     -0.36115842       0.8907392      -2.4103287       16.745103        16.745103       1916.7393       1916.7393
     0.27394914       975.11378      -19.274471       65.542041     -0.36242881      0.89005859      -2.4029107       16.745103        16.745103       1916.7374       1916.7374
     0.27245104       975.11262      -19.263862       65.789331     -0.34887008      0.90593312      -2.5396854       16.745103        16.745103        1916.735        1916.735
     0.27146055       975.10962      -19.277195       65.491637     -0.34934462      0.90535333      -2.5355592       16.745103        16.745103        1916.729        1916.729
     0.27145525       975.10299      -19.268914       65.647358     -0.36129093      0.88620288      -2.3820806       16.745103        16.745103       1916.7158       1916.7158
     0.27021212       975.10094      -19.258715       65.909143     -0.35156873      0.89805135      -2.4823926       16.745103        16.745103       1916.7117       1916.7117
     0.26878961       975.09957      -19.264064       65.760316     -0.34443774      0.90672057      -2.5569074       16.745103        16.745103       1916.7089       1916.7089
     0.26731687       975.09842      -19.265959       65.780676     -0.35877642       0.8887318      -2.4038978       16.745103        16.745103       1916.7066       1916.7066
     0.26595207        975.0969      -19.265404       65.755549     -0.34891056      0.90312714      -2.5215732       16.745103        16.745103       1916.7036       1916.7036
     0.26503481       975.09371      -19.243477       66.412132     -0.34726683      0.90447211      -2.5352763       16.745103        16.745103       1916.6972       1916.6972
     0.26524143       975.08628      -19.289157       65.149137     -0.35767611      0.89040333      -2.4178735       16.745103        16.745103       1916.6824       1916.6824
     0.26461958       975.08199      -19.246069       66.535318     -0.36344718      0.88381015      -2.3607842       16.745103        16.745103       1916.6738       1916.6738
     0.26434691       975.07637      -19.274133       65.475787      -0.3575351      0.89404184      -2.4409396       16.745103        16.745103       1916.6625       1916.6625
     0.26318156       975.07415      -19.276332       65.314405     -0.34951008      0.90461166      -2.5301182       16.745103        16.745103       1916.6581       1916.6581
     0.26215255       975.07142      -19.262624        65.85822     -0.36234273      0.88515827      -2.3718355       16.745103        16.745103       1916.6526       1916.6526
     0.26061587       975.07065       -19.26171       65.897111     -0.34563885      0.90529036      -2.5448082       16.745103        16.745103       1916.6511       1916.6511
     0.25897858       975.07031      -19.256666       66.143523      -0.3612454      0.88469381      -2.3728534       16.745103        16.745103       1916.6504       1916.6504
     0.25805609       975.06723      -19.261104       65.963896     -0.36646256      0.87942589       -2.325016       16.745103        16.745103       1916.6443       1916.6443
      0.2564306       975.06691      -19.247404       66.483697     -0.36059273       0.8860027      -2.3824764       16.745103        16.745103       1916.6436       1916.6436
     0.25678839       975.05887      -19.257671       66.103648     -0.35360453      0.89775673      -2.4749941       16.745103        16.745103       1916.6275       1916.6275
     0.25576739       975.05621      -19.297798       64.839203     -0.35917343      0.89200398      -2.4241712       16.745103        16.745103       1916.6222       1916.6222
     0.25487904       975.05304      -19.262561       65.986121     -0.35627925      0.89031532      -2.4210862       16.745103        16.745103       1916.6159       1916.6159
     0.25354085       975.05166      -19.273131       65.582571     -0.36316054      0.88667445      -2.3791157       16.745103        16.745103       1916.6131       1916.6131
     0.25512844       975.03878      -19.278249       65.480047     -0.36418932      0.88388986      -2.3595879       16.745103        16.745103       1916.5873       1916.5873
     0.25374468       975.03757      -19.274092       65.434788     -0.34477383      0.90791574      -2.5640509       16.745103        16.745103       1916.5849       1916.5849
     0.25219598       975.03705      -19.237613        66.65903      -0.3524169      0.89681116      -2.4728071       16.745103        16.745103       1916.5839       1916.5839
     0.25066129       975.03651      -19.293762       64.994098     -0.36150193      0.88798992      -2.3925726       16.745103        16.745103       1916.5828       1916.5828
     0.25010804       975.03207       -19.27323       65.449903     -0.35101724      0.90442171      -2.5251141       16.745103        16.745103       1916.5739       1916.5739
     0.24892438       975.03017      -19.291742       65.081873     -0.35885611      0.89055172      -2.4155815       16.745103        16.745103       1916.5701       1916.5701
     0.24748473       975.02933      -19.243166       66.431505     -0.35022515      0.90044398      -2.5012576       16.745103        16.745103       1916.5685       1916.5685
     0.24596047       975.02886      -19.269433       65.690163     -0.36382833       0.8817048       -2.346527       16.745103        16.745103       1916.5675       1916.5675
     0.24467207       975.02747      -19.268941        65.72905     -0.35399792      0.89964768      -2.4860353       16.745103        16.745103       1916.5647       1916.5647
     0.24351511       975.02556      -19.251008       66.352614     -0.35552367       0.8953738      -2.4550932       16.745103        16.745103       1916.5609       1916.5609
     0.24203325       975.02502      -19.249836       66.207436     -0.34670261      0.90721262      -2.5538552       16.745103        16.745103       1916.5598       1916.5598
     0.24141319       975.02094      -19.270203       65.745746     -0.36430292      0.88330162      -2.3556025       16.745103        16.745103       1916.5517       1916.5517
     0.23989063       975.02063      -19.261094       65.979171     -0.36236177      0.88291198      -2.3577402       16.745103        16.745103        1916.551        1916.551
     0.23869727       975.01897        -19.2754       65.542448     -0.35891119      0.88665532       -2.391082       16.745103        16.745103       1916.5477       1916.5477
     0.23736304       975.01793      -19.265819       65.637965     -0.34921508      0.90445416      -2.5297241       16.745103        16.745103       1916.5457       1916.5457
     0.23593078       975.01734      -19.266695        65.87664     -0.35889052      0.88711752      -2.3942269       16.745103        16.745103       1916.5445       1916.5445
     0.23447386       975.01689      -19.248666       66.302157     -0.34955575      0.90018279      -2.5021495       16.745103        16.745103       1916.5436       1916.5436
     0.23342842       975.01471       -19.23845        66.56869     -0.35484393      0.89520598      -2.4561874       16.745103        16.745103       1916.5392       1916.5392
      0.2331301       975.00935      -19.282588       65.167404     -0.34545074      0.90931566      -2.5707725       16.745103        16.745103       1916.5285       1916.5285
     0.23180403       975.00841      -19.293611       64.924054      -0.3515816      0.90146539      -2.5050134       16.745103        16.745103       1916.5266       1916.5266
     0.23063719       975.00681      -19.255172       66.124767     -0.34762666      0.90300275      -2.5247665       16.745103        16.745103       1916.5234       1916.5234
      0.2292709        975.0061       -19.24788       66.290317     -0.36073667      0.88737861      -2.3903395       16.745103        16.745103        1916.522        1916.522
     0.22897586       975.00075      -19.243694       66.455227      -0.3507734      0.89800682      -2.4845964       16.745103        16.745103       1916.5113       1916.5113
     0.22778511       974.99932      -19.268673       65.647603     -0.34854182      0.90194829      -2.5163156       16.745103        16.745103       1916.5084       1916.5084
     0.22684318       974.99682      -19.272844       65.596201     -0.35717317      0.89714827      -2.4619368       16.745103        16.745103       1916.5034       1916.5034
     0.22536136       974.99673      -19.259063       66.077455     -0.35334333      0.89687538      -2.4702401       16.745103        16.745103       1916.5032       1916.5032
     0.22439366       974.99438      -19.271442       65.635615     -0.36281273      0.88446111      -2.3670128       16.745103        16.745103       1916.4986       1916.4986
     0.22406661        974.9892      -19.265858       65.947533     -0.36513748      0.88264586      -2.3486937       16.745103        16.745103       1916.4882       1916.4882
     0.22290711       974.98774      -19.247833       66.298469     -0.35289331      0.89485568      -2.4594461       16.745103        16.745103       1916.4853       1916.4853
     0.22177974       974.98617      -19.291811       64.993709     -0.34943655      0.90238134       -2.516145       16.745103        16.745103       1916.4821       1916.4821
     0.22143419       974.98108       -19.26242       66.005825      -0.3664779      0.87879837       -2.320915       16.745103        16.745103        1916.472        1916.472
     0.22003604       974.98077      -19.254543       66.186193     -0.36330609      0.88627233      -2.3761649       16.745103        16.745103       1916.4713       1916.4713
     0.21967843       974.97575      -19.275413       65.428006     -0.35152908      0.89680676       -2.475233       16.745103        16.745103       1916.4613       1916.4613
      0.2189066       974.97263      -19.242099       66.531417     -0.35847873      0.88757655      -2.3981534       16.745103        16.745103       1916.4551       1916.4551
     0.21777636       974.97116      -19.249783       66.347749     -0.35340235      0.89634914      -2.4668077       16.745103        16.745103       1916.4521       1916.4521
     0.21639325       974.97089      -19.275705       65.382235     -0.35414579       0.9000048      -2.4884922       16.745103        16.745103       1916.4516       1916.4516
     0.21504282        974.9705      -19.278474       65.511164     -0.35874608      0.89262134      -2.4294919       16.745103        16.745103       1916.4508       1916.4508
     0.21381521       974.96958      -19.286206        65.16036     -0.34743824      0.90640091      -2.5468684       16.745103        16.745103        1916.449        1916.449
     0.21257384       974.96876      -19.271054       65.651902     -0.34973318      0.90065197      -2.5039352       16.745103        16.745103       1916.4473       1916.4473
     0.21168977       974.96629      -19.279928       65.432053     -0.35669257       0.8945909      -2.4467195       16.745103        16.745103       1916.4424       1916.4424
     0.21090963       974.96333      -19.240381       66.640665     -0.35636709      0.89271628      -2.4362483       16.745103        16.745103       1916.4365       1916.4365
     0.20986257       974.96167      -19.244441       66.513216     -0.35833872      0.88870801      -2.4051826       16.745103        16.745103       1916.4331       1916.4331
     0.20887863       974.95972       -19.25648       66.126219     -0.34981538      0.90064343      -2.5040066       16.745103        16.745103       1916.4292       1916.4292
     0.20773959       974.95854      -19.248257       66.374869     -0.36170472      0.88549105      -2.3755919       16.745103        16.745103       1916.4269       1916.4269
     0.20649105       974.95793      -19.272434       65.498103     -0.35004924      0.90540444      -2.5334782       16.745103        16.745103       1916.4256       1916.4256
     0.20534294       974.95686      -19.248408       66.348458     -0.35063028      0.90151461      -2.5070872       16.745103        16.745103       1916.4235       1916.4235
     0.20411488       974.95621       -19.25084       66.231033     -0.35312209      0.89990126       -2.490838       16.745103        16.745103       1916.4222       1916.4222
     0.20289818       974.95555      -19.245085       66.466452     -0.35467442      0.89782545       -2.473055       16.745103        16.745103       1916.4209       1916.4209
     0.20156799       974.95548      -19.269736        65.53154     -0.35295366      0.89900996      -2.4852519       16.745103        16.745103       1916.4208       1916.4208
     0.20054875        974.9539      -19.280059       65.247932     -0.34813649      0.90594983      -2.5426955       16.745103        16.745103       1916.4176       1916.4176
      0.1997501       974.95125      -19.246199       66.373974     -0.35142009      0.90186809      -2.5076796       16.745103        16.745103       1916.4123       1916.4123
     0.19882104       974.94927      -19.269724       65.687304     -0.35997789       0.8932183      -2.4295148       16.745103        16.745103       1916.4083       1916.4083
     0.19793521       974.94709       -19.24238       66.513149     -0.35884864      0.89196382      -2.4243885       16.745103        16.745103        1916.404        1916.404
     0.19690124       974.94568       -19.24788       66.282228     -0.35660488      0.89545736      -2.4530496       16.745103        16.745103       1916.4012       1916.4012
     0.19572294       974.94504      -19.275093       65.529998     -0.34883548      0.90448384      -2.5314816       16.745103        16.745103       1916.3999       1916.3999
     0.19469771       974.94365      -19.287952       65.226153     -0.36082787      0.88927839      -2.4024561       16.745103        16.745103       1916.3971       1916.3971
     0.19364827       974.94241      -19.258058       66.090086     -0.35066849      0.90109404      -2.5044089       16.745103        16.745103       1916.3946       1916.3946
     0.19338876        974.9371      -19.261548       65.826557     -0.34601223      0.90509987      -2.5424953       16.745103        16.745103        1916.384        1916.384
      0.1922823        974.9362      -19.273464       65.608924     -0.35264697      0.89891347      -2.4860155       16.745103        16.745103       1916.3822       1916.3822
      0.1910647        974.9359      -19.278772       65.354169     -0.35783978      0.89521047      -2.4477852       16.745103        16.745103       1916.3816       1916.3816
     0.18994394       974.93514      -19.288287       65.202419     -0.35740803      0.89268736      -2.4334328       16.745103        16.745103       1916.3801       1916.3801
      0.1888937       974.93404      -19.283424       65.333646     -0.36422251       0.8835022      -2.3567862       16.745103        16.745103       1916.3779       1916.3779
     0.18864735        974.9287      -19.251076       66.167032     -0.35600574      0.89240046      -2.4354887       16.745103        16.745103       1916.3672       1916.3672
     0.18752106       974.92805      -19.273489       65.589801     -0.34954497      0.90172846      -2.5113537       16.745103        16.745103       1916.3659       1916.3659
     0.18659944       974.92633       -19.24916       66.261763     -0.35328261      0.89519807      -2.4598007       16.745103        16.745103       1916.3625       1916.3625
     0.18554929       974.92533      -19.282468       65.209691     -0.35308255      0.89767968      -2.4761768       16.745103        16.745103       1916.3605       1916.3605
     0.18492313       974.92206      -19.269466       65.535202     -0.34959328      0.90290827      -2.5191926       16.745103        16.745103       1916.3539       1916.3539
     0.18403928       974.92021      -19.282053       65.232527     -0.35860826      0.89308307      -2.4325887       16.745103        16.745103       1916.3502       1916.3502
      0.1834303       974.91688      -19.268573        65.82976     -0.36322411      0.88302114      -2.3565856       16.745103        16.745103       1916.3436       1916.3436
     0.18230211       974.91641      -19.278551       65.393262     -0.36026488      0.88874876      -2.4001666       16.745103        16.745103       1916.3426       1916.3426
     0.18189119       974.91202      -19.247034       66.309518     -0.35211934       0.8965601      -2.4717183       16.745103        16.745103       1916.3338       1916.3338
     0.18090898       974.91079      -19.249236       66.236238     -0.35189237      0.90185115      -2.5062877       16.745103        16.745103       1916.3314       1916.3314
     0.17974878       974.91058      -19.269374       65.574697     -0.35515243      0.89409975      -2.4482245       16.745103        16.745103       1916.3309       1916.3309
     0.17860967       974.91029      -19.249802       66.366338      -0.3548911      0.89355702      -2.4455145       16.745103        16.745103       1916.3304       1916.3304
     0.17757151       974.90948      -19.242632       66.493405     -0.35818288      0.88988108      -2.4136445       16.745103        16.745103       1916.3287       1916.3287
     0.17651854       974.90878      -19.274561       65.631847     -0.36198591      0.88668739      -2.3824658       16.745103        16.745103       1916.3274       1916.3274
     0.17587537       974.90578       -19.26876       65.585152     -0.34535119      0.90914578      -2.5698952       16.745103        16.745103       1916.3214       1916.3214
      0.1747191       974.90574      -19.293366       64.952212      -0.3569181      0.89318954       -2.437651       16.745103        16.745103       1916.3213       1916.3213
     0.17391017       974.90373      -19.248907       66.284927     -0.35120651      0.89895898      -2.4891632       16.745103        16.745103       1916.3173       1916.3173
     0.17298593       974.90242      -19.264767       65.953149     -0.36119258      0.88529532      -2.3763653       16.745103        16.745103       1916.3146       1916.3146
     0.17191453       974.90198      -19.254128       66.100551     -0.35564461      0.89125892      -2.4292175       16.745103        16.745103       1916.3138       1916.3138
     0.17079621       974.90187      -19.260502       65.990414     -0.35265512      0.90160289       -2.502665       16.745103        16.745103       1916.3135       1916.3135
     0.16977286       974.90123      -19.255512       66.162982     -0.35231675       0.9000349      -2.4936945       16.745103        16.745103       1916.3123       1916.3123
     0.16953251         974.896      -19.262532       65.953158      -0.3649546      0.88456188      -2.3614336       16.745103        16.745103       1916.3018       1916.3018
     0.16919542       974.89135       -19.27892       65.362127     -0.35024048       0.8994578      -2.4957831       16.745103        16.745103       1916.2925       1916.2925
     0.16842199       974.88929      -19.252079       66.241625     -0.36383718      0.88204274       -2.348382       16.745103        16.745103       1916.2884       1916.2884
     0.16743426       974.88852      -19.263817       65.842949     -0.34629644      0.90658636      -2.5512498       16.745103        16.745103       1916.2868       1916.2868
     0.16641322         974.888       -19.26361       65.773026     -0.34866613      0.90171606      -2.5143167       16.745103        16.745103       1916.2858       1916.2858
      0.1657035       974.88562      -19.248244       66.319286     -0.36288123      0.88545604      -2.3724969       16.745103        16.745103        1916.281        1916.281
     0.16511128       974.88256      -19.270656        65.69649     -0.35935671      0.89146927      -2.4196954       16.745103        16.745103       1916.2749       1916.2749
     0.16421701       974.88135      -19.284406       65.243333     -0.35597707      0.89214454      -2.4339758       16.745103        16.745103       1916.2725       1916.2725
     0.16325803       974.88056      -19.274702       65.488693     -0.35857783      0.88989121      -2.4128231       16.745103        16.745103       1916.2709       1916.2709
     0.16248272       974.87868      -19.249081       66.346371      -0.3578368      0.88926942      -2.4100451       16.745103        16.745103       1916.2671       1916.2671
     0.16246553       974.87214      -19.283285       65.230288      -0.3492709      0.90624744      -2.5413976       16.745103        16.745103       1916.2541       1916.2541
     0.16153945       974.87121      -19.248867        66.32001     -0.35266515      0.89843844      -2.4827713       16.745103        16.745103       1916.2522       1916.2522
     0.16108315       974.86739       -19.25246        66.10395     -0.35158838      0.90119204       -2.502484       16.745103        16.745103       1916.2446       1916.2446
     0.16004603       974.86721      -19.269151       65.729099     -0.35890634      0.88679423      -2.3919948       16.745103        16.745103       1916.2442       1916.2442
     0.15913238       974.86629      -19.247886       66.387363     -0.36075286      0.88951457      -2.4042107       16.745103        16.745103       1916.2424       1916.2424
     0.15808666       974.86624      -19.255667         66.0976     -0.34857207       0.9018521      -2.5148778       16.745103        16.745103       1916.2423       1916.2423
     0.15727258       974.86475      -19.245646       66.424272      -0.3610212      0.88851132      -2.3966426       16.745103        16.745103       1916.2393       1916.2393
     0.15713563       974.85898      -19.264114       65.840988     -0.35019634      0.89850327      -2.4896737       16.745103        16.745103       1916.2278       1916.2278
     0.15622328       974.85816      -19.270856       65.651842     -0.35609716      0.89318508      -2.4405199       16.745103        16.745103       1916.2261       1916.2261
     0.15558478       974.85561      -19.267843       65.828003     -0.35950819      0.89080493      -2.4159586       16.745103        16.745103        1916.221        1916.221
       0.154672       974.85485      -19.283765       65.204894     -0.35942104       0.8902043      -2.4119923       16.745103        16.745103       1916.2195       1916.2195
     0.15392229       974.85306      -19.249611       66.375679     -0.36456758      0.88191556      -2.3457667       16.745103        16.745103       1916.2159       1916.2159
     0.15330206       974.85046      -19.260876       65.984525     -0.36280457      0.88494366      -2.3691656       16.745103        16.745103       1916.2107       1916.2107
     0.15233488       974.85014      -19.250904       66.155425     -0.35221858       0.9005349      -2.4966922       16.745103        16.745103       1916.2101       1916.2101
     0.15170676       974.84763      -19.280404       65.406236     -0.35116178      0.90105418      -2.5030435       16.745103        16.745103       1916.2051       1916.2051
     0.15070417       974.84762      -19.251718       66.333288     -0.35937635      0.88827206      -2.4000908       16.745103        16.745103        1916.205        1916.205
     0.14972609       974.84748      -19.256625       66.020601     -0.34644389      0.90734316      -2.5556344       16.745103        16.745103       1916.2048       1916.2048
     0.14946438       974.84259      -19.253863       66.152036     -0.36071678      0.88565497       -2.380065       16.745103        16.745103        1916.195        1916.195
     0.14848741        974.8425      -19.256586       66.104513      -0.3581823      0.89053129       -2.416899       16.745103        16.745103       1916.1948       1916.1948
     0.14774634       974.84086       -19.25278       66.235666     -0.35503257      0.89477625      -2.4532525       16.745103        16.745103       1916.1915       1916.1915
     0.14709283       974.83865       -19.28608       65.110908     -0.34885246       0.9037618      -2.5267502       16.745103        16.745103       1916.1871       1916.1871
     0.14637556       974.83689       -19.24699        66.36133     -0.35538585      0.89308138      -2.4415242       16.745103        16.745103       1916.1836       1916.1836
     0.14565498       974.83518      -19.260892       65.865414     -0.34622676      0.90830457      -2.5622356       16.745103        16.745103       1916.1802       1916.1802
     0.14495375       974.83336      -19.245054       66.468585     -0.35961093       0.8888057       -2.402276       16.745103        16.745103       1916.1765       1916.1765
     0.14411388       974.83253      -19.262788       65.797975     -0.35698239      0.89346763      -2.4389912       16.745103        16.745103       1916.1749       1916.1749
      0.1435218          974.83      -19.284562       65.230206     -0.35993378      0.88990813       -2.409127       16.745103        16.745103       1916.1698       1916.1698
     0.14270051        974.8291      -19.248845       66.324978     -0.35505444      0.89700849      -2.4665481       16.745103        16.745103        1916.168        1916.168
     0.14181661       974.82866      -19.280836       65.420618     -0.36042969      0.88875575      -2.4004895       16.745103        16.745103       1916.1671       1916.1671
     0.14119581       974.82641      -19.242796       66.496119     -0.35786883      0.89194097      -2.4268695       16.745103        16.745103       1916.1626       1916.1626
     0.14056557       974.82424      -19.282824       65.189387     -0.35416297      0.89671921      -2.4674056       16.745103        16.745103       1916.1583       1916.1583
     0.13996408       974.82188      -19.271521       65.681355     -0.35968307        0.886394      -2.3873229       16.745103        16.745103       1916.1536       1916.1536
     0.13936997       974.81949      -19.277023       65.347015     -0.34735597      0.90633569      -2.5470881       16.745103        16.745103       1916.1488       1916.1488
     0.13861999       974.81824      -19.246334       66.353274     -0.35697724      0.89042157      -2.4201313       16.745103        16.745103       1916.1463       1916.1463
     0.13778599       974.81763      -19.269123       65.562777     -0.34747791      0.90616796      -2.5453971       16.745103        16.745103       1916.1451       1916.1451
     0.13694408       974.81712      -19.267901       65.771464     -0.35098787      0.89869655      -2.4884702       16.745103        16.745103        1916.144        1916.144
     0.13608533       974.81676      -19.255651       66.092951     -0.35785945      0.88821262      -2.4038063       16.745103        16.745103       1916.1433       1916.1433
     0.13541023       974.81509      -19.251941        66.17785     -0.35034186      0.90176592      -2.5093482       16.745103        16.745103         1916.14         1916.14
     0.13458997       974.81452      -19.261171        65.93847     -0.36323423      0.88669395       -2.379542       16.745103        16.745103       1916.1388       1916.1388
     0.13374358       974.81419      -19.251127       66.182421      -0.3592638      0.89058971      -2.4147741       16.745103        16.745103       1916.1382       1916.1382
     0.13288872       974.81395      -19.272753        65.57692     -0.35291869      0.89879519      -2.4845885       16.745103        16.745103       1916.1377       1916.1377
     0.13239102       974.81106       -19.26215       65.882673     -0.35019744      0.90195121      -2.5108346       16.745103        16.745103       1916.1319       1916.1319
     0.13189636       974.80816      -19.270535       65.651551     -0.35245753       0.9024111      -2.5084311       16.745103        16.745103       1916.1261       1916.1261
      0.1310296       974.80811      -19.277986       65.492769     -0.36303823      0.88397464       -2.362821       16.745103        16.745103        1916.126        1916.126
       0.130303       974.80702      -19.251606       66.158659     -0.35093512      0.89817911      -2.4854459       16.745103        16.745103       1916.1238       1916.1238
     0.12975305       974.80461      -19.251998       66.283728     -0.35728142      0.88946774      -2.4131976       16.745103        16.745103        1916.119        1916.119
     0.12905299       974.80337      -19.269209        65.68337     -0.36285269      0.88720416       -2.383835       16.745103        16.745103       1916.1165       1916.1165
     0.12823124       974.80312      -19.271065       65.730193     -0.36469865      0.88243954      -2.3485064       16.745103        16.745103        1916.116        1916.116
     0.12764616       974.80105      -19.266722       65.649735     -0.35086841      0.89963423      -2.4949842       16.745103        16.745103       1916.1119       1916.1119
     0.12684084       974.80073      -19.275331       65.570106     -0.36449691      0.88471904      -2.3634259       16.745103        16.745103       1916.1113       1916.1113
     0.12603338       974.80047      -19.270797       65.587804     -0.34582773       0.9082139      -2.5627405       16.745103        16.745103       1916.1107       1916.1107
     0.12531421       974.79955      -19.267653       65.718816     -0.35755817      0.88906339      -2.4101503       16.745103        16.745103       1916.1089       1916.1089
     0.12452897       974.79919      -19.288014       65.110615     -0.35284329      0.90153625      -2.5016313       16.745103        16.745103       1916.1082       1916.1082
     0.12401343        974.7967      -19.252559       66.111146     -0.34923978      0.90220008      -2.5152298       16.745103        16.745103       1916.1032       1916.1032
     0.12339442       974.79506      -19.259614        66.04272     -0.36129394      0.88922778      -2.4003917       16.745103        16.745103       1916.0999       1916.0999
     0.12260821        974.7948       -19.28566       65.124668     -0.35493924      0.89691316      -2.4669297       16.745103        16.745103       1916.0994       1916.0994
      0.1218015       974.79476      -19.264051       65.892135     -0.35651217      0.89304302      -2.4373354       16.745103        16.745103       1916.0993       1916.0993
     0.12100895       974.79464      -19.247236       66.391005     -0.35681313      0.89315015      -2.4380301       16.745103        16.745103       1916.0991       1916.0991
     0.12023842       974.79439       -19.27053       65.707953     -0.35830754      0.88989852      -2.4127108       16.745103        16.745103       1916.0986       1916.0986
     0.11948819         974.794      -19.251324       66.193317      -0.3568322       0.8924516      -2.4328366       16.745103        16.745103       1916.0978       1916.0978
     0.11875307       974.79353      -19.268579       65.664112     -0.34799082       0.9032593       -2.525889       16.745103        16.745103       1916.0968       1916.0968
     0.11823022        974.7913      -19.286224       65.191616     -0.35968257      0.89226313       -2.424408       16.745103        16.745103       1916.0924       1916.0924
     0.11753115       974.79058      -19.262473       65.916592     -0.35030505      0.89934809      -2.4944239       16.745103        16.745103        1916.091        1916.091
     0.11701746       974.78832      -19.254439       66.259543     -0.36004908      0.88842314      -2.3990914       16.745103        16.745103       1916.0864       1916.0864
     0.11634593       974.78743      -19.253979        66.14319     -0.35064066       0.9014473      -2.5065389       16.745103        16.745103       1916.0847       1916.0847
      0.1156747       974.78657      -19.278028       65.366259      -0.3587471      0.89159844      -2.4229176       16.745103        16.745103       1916.0829       1916.0829
     0.11511834       974.78475      -19.268461       65.800567     -0.36368418      0.88591963      -2.3731127       16.745103        16.745103       1916.0793       1916.0793
     0.11440839       974.78429      -19.278392       65.314735     -0.35448577      0.89635655       -2.464264       16.745103        16.745103       1916.0784       1916.0784
     0.11368666       974.78397      -19.264746       65.858143     -0.36321286        0.886314      -2.3768065       16.745103        16.745103       1916.0777       1916.0777
     0.11304018       974.78303      -19.282985       65.204087      -0.3488557      0.90479875      -2.5328484       16.745103        16.745103       1916.0759       1916.0759
     0.11234807       974.78253      -19.283418       65.241247     -0.35423186      0.89655739      -2.4667733       16.745103        16.745103       1916.0748       1916.0748
     0.11160619       974.78251      -19.252957       66.202715     -0.35506311      0.89616958      -2.4619579       16.745103        16.745103       1916.0748       1916.0748
     0.11100163       974.78129      -19.245152       66.494446     -0.35994165      0.88936155      -2.4053315       16.745103        16.745103       1916.0724       1916.0724
     0.11060154       974.77826      -19.245451       66.375715     -0.35161885      0.90060171      -2.4989041       16.745103        16.745103       1916.0663       1916.0663
     0.10996419        974.7774      -19.262167       65.825843      -0.3522911      0.90181433       -2.505086       16.745103        16.745103       1916.0646       1916.0646
     0.10950718       974.77492      -19.254673       66.197119     -0.36512635      0.88261981       -2.348554       16.745103        16.745103       1916.0596       1916.0596
      0.1088033       974.77472      -19.247495       66.382177     -0.36067893       0.8886621      -2.3990465       16.745103        16.745103       1916.0592       1916.0592
     0.10830402       974.77267       -19.27675       65.504443     -0.35119047      0.90186552      -2.5083293       16.745103        16.745103       1916.0551       1916.0551
     0.10774412       974.77121      -19.248773       66.323611     -0.35616958      0.89328947      -2.4398884       16.745103        16.745103       1916.0522       1916.0522
     0.10704044       974.77112      -19.279551       65.269125     -0.34945961      0.90437678      -2.5289347       16.745103        16.745103        1916.052        1916.052
     0.10667894       974.76786      -19.280986       65.347616      -0.3507324      0.90271191      -2.5145549       16.745103        16.745103       1916.0455       1916.0455
     0.10601011        974.7675      -19.269949       65.599062     -0.35809229      0.89121391      -2.4218293       16.745103        16.745103       1916.0448       1916.0448
     0.10538672       974.76676      -19.263068       65.826698     -0.35417348      0.89641665       -2.466063       16.745103        16.745103       1916.0433       1916.0433
     0.10487862       974.76495      -19.270508       65.650223     -0.36005524       0.8903812      -2.4118199       16.745103        16.745103       1916.0397       1916.0397
     0.10453681       974.76157      -19.266943       65.678091     -0.35091826      0.89866497      -2.4884001       16.745103        16.745103       1916.0329       1916.0329
     0.10399248       974.76014      -19.263318       65.877264     -0.36212554       0.8847392      -2.3699774       16.745103        16.745103       1916.0301       1916.0301
     0.10341473       974.75907      -19.260943       65.887344     -0.35064297      0.90162838      -2.5076283       16.745103        16.745103       1916.0279       1916.0279
     0.10320735       974.75443       -19.27787       65.493746     -0.35491454      0.89721078      -2.4683518       16.745103        16.745103       1916.0187       1916.0187
     0.10259194       974.75377      -19.276839       65.540704      -0.3563454      0.89227521      -2.4335066       16.745103        16.745103       1916.0173       1916.0173
     0.10194429       974.75346      -19.287214       65.137956     -0.35316542      0.90032431      -2.4933552       16.745103        16.745103       1916.0167       1916.0167
     0.10139262       974.75224       -19.28492       65.143276     -0.35025052      0.90155398      -2.5088467       16.745103        16.745103       1916.0143       1916.0143
     0.10073134       974.75214      -19.273046       65.670401     -0.35608017      0.89528368      -2.4531143       16.745103        16.745103       1916.0141       1916.0141
     0.10009191       974.75186       -19.26247       65.844088     -0.35765331      0.89500406      -2.4472074       16.745103        16.745103       1916.0135       1916.0135
    0.099574772        974.7504      -19.267142       65.693328     -0.34955919      0.90161819        -2.51136       16.745103        16.745103       1916.0106       1916.0106
    0.099116763       974.74836      -19.266639       65.763224     -0.36045664      0.89081831      -2.4133299       16.745103        16.745103       1916.0065       1916.0065
    0.098684912       974.74608      -19.243126       66.513875     -0.35656926      0.89310266      -2.4378395       16.745103        16.745103        1916.002        1916.002
    0.098081051       974.74558      -19.255749       66.147841     -0.35425319      0.89453262      -2.4536848       16.745103        16.745103       1916.0009       1916.0009
    0.097804864       974.74175      -19.271905       65.626349     -0.34923402      0.90364884      -2.5245704       16.745103        16.745103       1915.9933       1915.9933
    0.097158362       974.74174      -19.254942       66.184144     -0.35436558      0.89604575      -2.4629183       16.745103        16.745103       1915.9933       1915.9933
    0.096532849       974.74155      -19.271911       65.688597     -0.36121088      0.88806787      -2.3940019       16.745103        16.745103       1915.9929       1915.9929
    0.096053318       974.73989      -19.275054       65.603838       -0.359786      0.89150479       -2.419123       16.745103        16.745103       1915.9896       1915.9896
    0.095441211       974.73964      -19.270014       65.625834      -0.3566888      0.89350098      -2.4407721       16.745103        16.745103       1915.9891       1915.9891
    0.094868512       974.73901      -19.251986       66.261223     -0.35389895      0.89589996      -2.4627057       16.745103        16.745103       1915.9878       1915.9878
    0.094291248       974.73847      -19.268467        65.64502     -0.35027419      0.90192551      -2.5105524       16.745103        16.745103       1915.9867       1915.9867
    0.093692351        974.7382      -19.271495       65.720898     -0.35957178      0.88928774      -2.4061205       16.745103        16.745103       1915.9862       1915.9862
    0.093106602       974.73782      -19.279317        65.31458       -0.354615      0.89730308      -2.4703484       16.745103        16.745103       1915.9854       1915.9854
    0.092490974       974.73781      -19.257492       66.042913     -0.35306361      0.89471626      -2.4579176       16.745103        16.745103       1915.9854       1915.9854
    0.091938778       974.73716      -19.266425       65.694866      -0.3515759      0.89760092        -2.48013       16.745103        16.745103       1915.9841       1915.9841
    0.091357381       974.73686      -19.256514       66.067856     -0.36091282      0.88603096      -2.3814785       16.745103        16.745103       1915.9835       1915.9835
    0.090765003       974.73672      -19.275579       65.579448     -0.36165195      0.88655884       -2.383225       16.745103        16.745103       1915.9832       1915.9832
    0.090168354       974.73667      -19.265596       65.857779     -0.35669345      0.89608719      -2.4564593       16.745103        16.745103       1915.9831       1915.9831
    0.089599705       974.73635      -19.262585       65.964124     -0.36066544      0.88909395      -2.4019572       16.745103        16.745103       1915.9825       1915.9825
    0.089248851       974.73363      -19.258088       65.959008      -0.3577103      0.89242496      -2.4309081       16.745103        16.745103       1915.9771       1915.9771
    0.088784772        974.7322      -19.279067       65.409568      -0.3535539      0.89695455      -2.4702869       16.745103        16.745103       1915.9742       1915.9742
    0.088217334       974.73197      -19.255541       66.157229     -0.35398076      0.89851564      -2.4793023       16.745103        16.745103       1915.9737       1915.9737
    0.087829786       974.72972        -19.2572       66.071553     -0.35512036      0.89697328      -2.4668596       16.745103        16.745103       1915.9692       1915.9692
    0.087381963       974.72819      -19.250566       66.281025     -0.35962119      0.89090491      -2.4156021       16.745103        16.745103       1915.9662       1915.9662
    0.087022256       974.72567      -19.252463       66.125538     -0.35265898       0.8965885      -2.4707216       16.745103        16.745103       1915.9611       1915.9611
     0.08644907       974.72564      -19.254033       66.177558     -0.35782098      0.89448004      -2.4433363       16.745103        16.745103       1915.9611       1915.9611
    0.085887489       974.72551      -19.249657       66.304974     -0.35590417      0.89236735      -2.4355372       16.745103        16.745103       1915.9608       1915.9608
    0.085361465       974.72501      -19.270941       65.587867     -0.35010168      0.90254033      -2.5149321       16.745103        16.745103       1915.9598       1915.9598
    0.084973102       974.72292      -19.277206       65.458755     -0.35091749      0.90331226      -2.5179806       16.745103        16.745103       1915.9556       1915.9556
    0.084458637       974.72235      -19.266261       65.794242     -0.35256861      0.89790581      -2.4797713       16.745103        16.745103       1915.9545       1915.9545
    0.083907815       974.72225      -19.263966       65.802555     -0.35983105       0.8882175      -2.3984612       16.745103        16.745103       1915.9543       1915.9543
    0.083364939        974.7221       -19.25292       66.176558     -0.36094021      0.88641285      -2.3840939       16.745103        16.745103        1915.954        1915.954
    0.082829845       974.72189      -19.282584       65.325185     -0.36133202      0.88698633       -2.386613       16.745103        16.745103       1915.9536       1915.9536
    0.082286995       974.72182      -19.268879       65.586617      -0.3486439      0.90509261      -2.5354145       16.745103        16.745103       1915.9534       1915.9534
    0.081806013       974.72104      -19.273461       65.653466     -0.36385789      0.88491962      -2.3665017       16.745103        16.745103       1915.9519       1915.9519
      0.0812829       974.72081      -19.277849       65.455447     -0.35641969      0.89165155      -2.4296407       16.745103        16.745103       1915.9514       1915.9514
    0.080767973       974.72052      -19.266551       65.731517     -0.35180457       0.8974491      -2.4788492       16.745103        16.745103       1915.9508       1915.9508
    0.080263776       974.72014      -19.263794       65.934217     -0.35613103      0.89279425      -2.4370464       16.745103        16.745103       1915.9501       1915.9501
    0.079812892       974.71913      -19.264091       65.867579     -0.35585961       0.8967219       -2.462562       16.745103        16.745103        1915.948        1915.948
    0.079318591       974.71869      -19.273929       65.579529     -0.35463831      0.89406859      -2.4491875       16.745103        16.745103       1915.9472       1915.9472
    0.078835463       974.71816      -19.264924        65.89776     -0.36196682      0.88506089      -2.3723889       16.745103        16.745103       1915.9461       1915.9461
    0.078507966       974.71568      -19.253319       66.095823     -0.35167809      0.89818327      -2.4835587       16.745103        16.745103       1915.9411       1915.9411
    0.077989676       974.71566       -19.27972       65.380899     -0.35429827      0.89915948        -2.48294       16.745103        16.745103       1915.9411       1915.9411
    0.077475075       974.71563      -19.268831       65.680744     -0.35260486      0.90218107      -2.5064358       16.745103        16.745103       1915.9411       1915.9411
    0.076965094       974.71559      -19.261545       65.981843     -0.36131859      0.88655221      -2.3841772       16.745103        16.745103        1915.941        1915.941
    0.076537291       974.71452      -19.285857       65.222141     -0.35558344      0.89633834      -2.4610761       16.745103        16.745103       1915.9388       1915.9388
    0.076080254       974.71387       -19.26938        65.60294     -0.35311539       0.8973621      -2.4740881       16.745103        16.745103       1915.9375       1915.9375
    0.075601117       974.71354      -19.258736       65.953863     -0.35752456      0.89208474      -2.4293755       16.745103        16.745103       1915.9369       1915.9369
    0.075164279       974.71269      -19.277393       65.398676      -0.3587229      0.89219367      -2.4267393       16.745103        16.745103       1915.9352       1915.9352
    0.074716574       974.71202      -19.251581       66.171459     -0.35404262      0.89644873       -2.466388       16.745103        16.745103       1915.9338       1915.9338
    0.074273603       974.71132      -19.281991        65.29031     -0.35274163      0.89773231      -2.4781243       16.745103        16.745103       1915.9324       1915.9324
    0.073793543       974.71116      -19.260692       65.854331     -0.35554378      0.89517048      -2.4540578       16.745103        16.745103       1915.9321       1915.9321
    0.073347105       974.71058      -19.267419       65.768384     -0.36082484      0.88683324      -2.3866019       16.745103        16.745103        1915.931        1915.931
    0.072934242       974.70959      -19.274888       65.454844     -0.34716926       0.9063453      -2.5472589       16.745103        16.745103        1915.929        1915.929
    0.072495484       974.70897      -19.257535       66.024307     -0.34916557      0.90286399      -2.5196207       16.745103        16.745103       1915.9277       1915.9277
    0.072121852        974.7075      -19.268541       65.610323     -0.35376869      0.89688151      -2.4694413       16.745103        16.745103       1915.9248       1915.9248
    0.071691321       974.70684      -19.267194         65.6578     -0.35480655      0.89685515      -2.4664165       16.745103        16.745103       1915.9235       1915.9235
    0.071286638       974.70586      -19.253029       66.092026     -0.35190767      0.89945978      -2.4910333       16.745103        16.745103       1915.9215       1915.9215
     0.07082254       974.70574      -19.261241       65.956153     -0.35595122      0.89644376      -2.4605588       16.745103        16.745103       1915.9213       1915.9213
    0.070395089       974.70515      -19.276753       65.380102     -0.34757255      0.90579365      -2.5429511       16.745103        16.745103       1915.9201       1915.9201
    0.069997173       974.70418      -19.265334       65.830363     -0.35746969      0.89095152      -2.4216211       16.745103        16.745103       1915.9181       1915.9181
    0.069647508       974.70254      -19.248776        66.26613     -0.35419036      0.89671824      -2.4670956       16.745103        16.745103       1915.9149       1915.9149
    0.069186417       974.70254       -19.24999       66.278926     -0.35619319      0.89446831       -2.448032       16.745103        16.745103       1915.9149       1915.9149
    0.068983846       974.69883      -19.263696       65.878905     -0.36025697       0.8890054      -2.4017479       16.745103        16.745103       1915.9074       1915.9074
    0.068553436       974.69844      -19.254719       66.126631     -0.35454868      0.89550775      -2.4591868       16.745103        16.745103       1915.9067       1915.9067
    0.068140801       974.69783      -19.281199       65.254195     -0.35054039      0.90380439      -2.5223921       16.745103        16.745103       1915.9055       1915.9055
    0.067708664       974.69755      -19.266175       65.677157     -0.35173954      0.89886978      -2.4877437       16.745103        16.745103       1915.9049       1915.9049
    0.067299473       974.69697       -19.26359        65.90056     -0.36040133      0.89031234      -2.4096893       16.745103        16.745103       1915.9037       1915.9037
    0.066890459       974.69642      -19.267302       65.694493     -0.35675864       0.8952517       -2.451482       16.745103        16.745103       1915.9026       1915.9026
    0.066451149       974.69636      -19.269349       65.756503     -0.35676113      0.89571532      -2.4539925       16.745103        16.745103       1915.9025       1915.9025
    0.066074913        974.6954      -19.280121       65.360958     -0.35665284      0.89511539      -2.4502848       16.745103        16.745103       1915.9006       1915.9006
    0.065655944       974.69511      -19.266059       65.705018     -0.35300554      0.89644337      -2.4690997       16.745103        16.745103          1915.9          1915.9
    0.065319564       974.69361      -19.267907       65.707199     -0.35024871      0.90248028      -2.5141792       16.745103        16.745103        1915.897        1915.897
    0.064918868       974.69311      -19.254112       66.219226     -0.35571203      0.89386125      -2.4449516       16.745103        16.745103        1915.896        1915.896
    0.064533819       974.69242      -19.270031       65.738553       -0.359738      0.88786392       -2.396711       16.745103        16.745103       1915.8946       1915.8946
    0.064119942       974.69221      -19.268308        65.79299      -0.3538678       0.8970751      -2.4704115       16.745103        16.745103       1915.8942       1915.8942
    0.063704908       974.69206      -19.280472       65.293902     -0.35311753      0.90117503      -2.4986533       16.745103        16.745103       1915.8939       1915.8939
     0.06330932       974.69164      -19.258377       66.005016     -0.35550846      0.89213361      -2.4351501       16.745103        16.745103       1915.8931       1915.8931
    0.062893967       974.69158      -19.271163        65.53389     -0.34754188       0.9053948      -2.5403569       16.745103        16.745103        1915.893        1915.893
    0.062483741       974.69148      -19.278025       65.435178     -0.35170132      0.90012397      -2.4960814       16.745103        16.745103       1915.8928       1915.8928
    0.062084053       974.69125      -19.257638        65.99495     -0.35632865       0.8946499      -2.4488629       16.745103        16.745103       1915.8923       1915.8923
    0.061752555       974.68996      -19.258425        66.09689      -0.3612118      0.88885164      -2.3983496       16.745103        16.745103       1915.8897       1915.8897
    0.061398236       974.68907      -19.274029       65.627904     -0.35845568      0.89127324      -2.4217128       16.745103        16.745103       1915.8879       1915.8879
    0.061027141       974.68849      -19.267002       65.757433      -0.3530782      0.89825417      -2.4806273       16.745103        16.745103       1915.8868       1915.8868
    0.060651355       974.68802      -19.251278       66.179917     -0.35483409      0.89605495      -2.4616857       16.745103        16.745103       1915.8858       1915.8858
    0.060271175       974.68766      -19.251781       66.137936     -0.35266452      0.89781614      -2.4784914       16.745103        16.745103       1915.8851       1915.8851
    0.059948219       974.68639       -19.27708       65.543181     -0.35955443      0.88936138      -2.4065282       16.745103        16.745103       1915.8826       1915.8826
    0.059564649       974.68617      -19.270351        65.67557     -0.35295799      0.89559766      -2.4637543       16.745103        16.745103       1915.8821       1915.8821
    0.059188323       974.68586      -19.280442       65.359374     -0.35115415      0.90269067      -2.5134404       16.745103        16.745103       1915.8815       1915.8815
    0.058826496       974.68535      -19.265504       65.780272     -0.35055471      0.90124896      -2.5063388       16.745103        16.745103       1915.8805       1915.8805
    0.058475624       974.68469      -19.283048       65.293167     -0.35905417      0.88937794      -2.4078872       16.745103        16.745103       1915.8792       1915.8792
    0.058268036        974.6816      -19.274968       65.476775     -0.35377146      0.89517512      -2.4590647       16.745103        16.745103        1915.873        1915.873
    0.057927766       974.68081      -19.255896       66.157146     -0.36134034        0.885157      -2.3751033       16.745103        16.745103       1915.8714       1915.8714
    0.057632406       974.67928      -19.270691        65.67534     -0.35244253      0.90138355      -2.5017945       16.745103        16.745103       1915.8683       1915.8683
    0.057290577       974.67858      -19.275335       65.439348     -0.34736067      0.90577028        -2.54326       16.745103        16.745103        1915.867        1915.867
     0.05701501       974.67676      -19.272999       65.543645     -0.36008715      0.89001721      -2.4088651       16.745103        16.745103       1915.8633       1915.8633
    0.056708178       974.67551      -19.266844       65.735143      -0.3602192      0.88811969      -2.3965036       16.745103        16.745103       1915.8608       1915.8608
    0.056338907        974.6754      -19.269049       65.749535     -0.35980655      0.89091304      -2.4157731       16.745103        16.745103       1915.8606       1915.8606
     0.05606434       974.67364       -19.24687       66.361157     -0.35389172      0.89641999      -2.4664694       16.745103        16.745103       1915.8571       1915.8571
    0.055735799       974.67287       -19.24806       66.292103     -0.35298672      0.89844774      -2.4814018       16.745103        16.745103       1915.8555       1915.8555
    0.055369161       974.67283      -19.261346       65.976518     -0.36188515      0.88448382      -2.3691656       16.745103        16.745103       1915.8554       1915.8554
    0.055004076        974.6728      -19.272419       65.613988     -0.35498325      0.89292293      -2.4414284       16.745103        16.745103       1915.8554       1915.8554
    0.054669551       974.67225      -19.256291       66.075502     -0.35614678      0.89578104      -2.4564686       16.745103        16.745103       1915.8543       1915.8543
    0.054314065       974.67213      -19.254574       66.080253     -0.35021182      0.90206083      -2.5121913       16.745103        16.745103       1915.8541       1915.8541
     0.05399831       974.67132      -19.267165       65.785619     -0.36093772      0.88835692      -2.3958525       16.745103        16.745103       1915.8524       1915.8524
    0.053664022       974.67088      -19.275142       65.475906     -0.35406545      0.89532511      -2.4586791       16.745103        16.745103       1915.8516       1915.8516
    0.053318277        974.6707      -19.254468       66.060972     -0.35553329      0.89520953      -2.4540966       16.745103        16.745103       1915.8512       1915.8512
    0.052972371       974.67057      -19.263612       65.813753     -0.35403849      0.89961752      -2.4860323       16.745103        16.745103       1915.8509       1915.8509
    0.052665857       974.66973       -19.26648       65.806269     -0.35324246      0.89999382      -2.4909399       16.745103        16.745103       1915.8492       1915.8492
     0.05233823       974.66932      -19.270778       65.555585     -0.34753627      0.90546641      -2.5408876       16.745103        16.745103       1915.8484       1915.8484
     0.05199362       974.66928       -19.26493       65.745658      -0.3546374      0.89808012      -2.4746358       16.745103        16.745103       1915.8484       1915.8484
    0.051751938        974.6673      -19.251793       66.253248     -0.36086753      0.88651093      -2.3845475       16.745103        16.745103       1915.8444       1915.8444
    0.051448685       974.66653      -19.247319       66.334835     -0.35234942      0.89912103      -2.4875159       16.745103        16.745103       1915.8429       1915.8429
     0.05114622       974.66578      -19.254027       66.177063     -0.35643515       0.8951523      -2.4516457       16.745103        16.745103       1915.8414       1915.8414
    0.050853043       974.66489      -19.284232       65.216146       -0.353245       0.8977246      -2.4766592       16.745103        16.745103       1915.8396       1915.8396
    0.050518588       974.66484       -19.27825       65.382163     -0.35713747      0.89554273      -2.4519249       16.745103        16.745103       1915.8395       1915.8395
    0.050191688       974.66469      -19.281726       65.365532     -0.35925627      0.89218048      -2.4249023       16.745103        16.745103       1915.8392       1915.8392
    0.049905668       974.66376      -19.261502       65.849089     -0.34797346      0.90424845      -2.5319564       16.745103        16.745103       1915.8373       1915.8373
    0.049590876       974.66344      -19.258936       66.000279     -0.35899311      0.88773886      -2.3976274       16.745103        16.745103       1915.8367       1915.8367
    0.049376968       974.66112      -19.258216       65.968974      -0.3498285      0.90223657      -2.5138299       16.745103        16.745103        1915.832        1915.832
    0.049180551       974.65846      -19.268371       65.820813     -0.35944141      0.88935963      -2.4065215       16.745103        16.745103       1915.8267       1915.8267
    0.048917718       974.65717      -19.259224       66.011507     -0.35195589      0.89809492      -2.4818804       16.745103        16.745103       1915.8241       1915.8241
    0.048645892        974.6561      -19.260575       65.950727     -0.35770269      0.89261592      -2.4323409       16.745103        16.745103        1915.822        1915.822
     0.04835811       974.65539      -19.265115       65.754601     -0.34760918      0.90482323      -2.5365995       16.745103        16.745103       1915.8206       1915.8206
    0.048088685       974.65433       -19.28284       65.317889     -0.36027355      0.88951777      -2.4052669       16.745103        16.745103       1915.8185       1915.8185
      0.0478421       974.65283      -19.261365       65.957291     -0.35962988      0.88705034      -2.3914331       16.745103        16.745103       1915.8155       1915.8155
    0.047540124       974.65252      -19.261463       65.916424     -0.35604457      0.89708175      -2.4648423       16.745103        16.745103       1915.8148       1915.8148
    0.047250504       974.65198      -19.280612       65.306092     -0.35110123      0.90332866      -2.5176906       16.745103        16.745103       1915.8138       1915.8138
    0.046948204       974.65176      -19.262965       65.895007     -0.35448179      0.89486038      -2.4552855       16.745103        16.745103       1915.8133       1915.8133
    0.046665759       974.65115      -19.264811       65.815516     -0.35263961      0.90023331      -2.4935157       16.745103        16.745103       1915.8121       1915.8121
    0.046363788       974.65099      -19.259762       66.001696     -0.35439854      0.89545002      -2.4592059       16.745103        16.745103       1915.8118       1915.8118
    0.046070606       974.65069      -19.258726       66.059365     -0.35268037      0.89870931      -2.4840778       16.745103        16.745103       1915.8112       1915.8112
    0.045769423       974.65061      -19.263029       65.865069     -0.35685561      0.89102691      -2.4245533       16.745103        16.745103        1915.811        1915.811
    0.045480519        974.6503      -19.252709       66.113151     -0.35230427      0.89883564      -2.4859634       16.745103        16.745103       1915.8104       1915.8104
    0.045229217       974.64919      -19.260741       65.859314     -0.35361336      0.89906874      -2.4838672       16.745103        16.745103       1915.8082       1915.8082
    0.044931852       974.64914      -19.263673       65.834096     -0.35631501      0.89184959      -2.4312161       16.745103        16.745103       1915.8081       1915.8081
    0.044739893       974.64678      -19.254725       66.187252     -0.36250663      0.88454434      -2.3677923       16.745103        16.745103       1915.8034       1915.8034
    0.044522706         974.645      -19.279224       65.396883     -0.35800623      0.89086832       -2.420397       16.745103        16.745103       1915.7998       1915.7998
    0.044333109       974.64263      -19.273144       65.496451     -0.35116362      0.90053676        -2.49951       16.745103        16.745103        1915.795        1915.795
    0.044054582       974.64228      -19.256575       65.997258      -0.3517786      0.90095534      -2.5006117       16.745103        16.745103       1915.7944       1915.7944
    0.043764041       974.64226      -19.256035       66.132737     -0.35635921      0.89437237      -2.4469769       16.745103        16.745103       1915.7943       1915.7943
    0.043506026       974.64152      -19.281596       65.283826     -0.35508559      0.89447488      -2.4509828       16.745103        16.745103       1915.7928       1915.7928
    0.043224121       974.64138       -19.27987       65.348793     -0.35111339      0.90155589      -2.5067129       16.745103        16.745103       1915.7926       1915.7926
    0.042968892       974.64066      -19.282758       65.254074     -0.35344927      0.89864034       -2.481368       16.745103        16.745103       1915.7911       1915.7911
    0.042699613        974.6403      -19.251507       66.214347     -0.35168409      0.89826292      -2.4839848       16.745103        16.745103       1915.7904       1915.7904
    0.042475155       974.63893      -19.253034       66.223025     -0.36118866      0.88872078      -2.3978655       16.745103        16.745103       1915.7876       1915.7876
    0.042221338       974.63828      -19.247501       66.352243     -0.35515143      0.89344866      -2.4440825       16.745103        16.745103       1915.7863       1915.7863
    0.041947026       974.63815      -19.260405        65.92722     -0.35628021      0.89480295      -2.4499934       16.745103        16.745103       1915.7861       1915.7861
    0.041788848       974.63528       -19.27368       65.644879     -0.35834119      0.89117593       -2.421274       16.745103        16.745103       1915.7804       1915.7804
    0.041520344       974.63508      -19.277469       65.506121     -0.35524467      0.89520018      -2.4548541       16.745103        16.745103         1915.78         1915.78
    0.041252448       974.63491      -19.265013       65.883103      -0.3638821      0.88462967      -2.3645812       16.745103        16.745103       1915.7796       1915.7796
    0.041027298       974.63374      -19.250677       66.281179     -0.35617165      0.89544309      -2.4538664       16.745103        16.745103       1915.7773       1915.7773
    0.040775991       974.63324      -19.281031       65.274214     -0.35536592      0.89541286      -2.4559095       16.745103        16.745103       1915.7763       1915.7763
    0.040522192       974.63284      -19.257556       66.025043     -0.36080564      0.88817756      -2.3953113       16.745103        16.745103       1915.7755       1915.7755
    0.040371882       974.62991      -19.268004       65.725798     -0.36192102      0.88634114      -2.3809401       16.745103        16.745103       1915.7696       1915.7696
     0.04015311        974.6287      -19.274333       65.470296     -0.35520301      0.89623287      -2.4619136       16.745103        16.745103       1915.7672       1915.7672
    0.039891738       974.62859      -19.279564       65.418647     -0.35561832       0.8943581       -2.448906       16.745103        16.745103        1915.767        1915.767
     0.03963885        974.6283      -19.249166       66.297397     -0.35775064      0.89026712      -2.4170737       16.745103        16.745103       1915.7664       1915.7664
    0.039395624       974.62781      -19.276353       65.497677     -0.35153387      0.89992197      -2.4947625       16.745103        16.745103       1915.7654       1915.7654
    0.039183356       974.62657       -19.25638       66.157533     -0.35682685      0.89378571      -2.4417328       16.745103        16.745103       1915.7629       1915.7629
    0.038949721       974.62591      -19.280136       65.331937     -0.35361924      0.89963947        -2.48778       16.745103        16.745103       1915.7616       1915.7616
    0.038711878       974.62539      -19.265382       65.877363     -0.36053512      0.88825102      -2.3969582       16.745103        16.745103       1915.7606       1915.7606
    0.038462436       974.62521      -19.277223       65.413818      -0.3520379       0.9021352      -2.5077952       16.745103        16.745103       1915.7602       1915.7602
    0.038254457       974.62398      -19.277347       65.522325     -0.35671696      0.89354436       -2.440451       16.745103        16.745103       1915.7578       1915.7578
    0.038004359        974.6239      -19.255108       66.183504     -0.36088649      0.88602895      -2.3816546       16.745103        16.745103       1915.7576       1915.7576
    0.037754961       974.62384       -19.25292       66.206397     -0.35493911      0.89632159      -2.4625635       16.745103        16.745103       1915.7575       1915.7575
    0.037505715       974.62382      -19.265955       65.800324     -0.35285674      0.90078309      -2.4969386       16.745103        16.745103       1915.7574       1915.7574
    0.037260055       974.62374      -19.258706       66.001178     -0.36129594      0.88722338      -2.3882157       16.745103        16.745103       1915.7573       1915.7573
    0.037019907       974.62357      -19.268247       65.788832     -0.36297943      0.88620257      -2.3771579       16.745103        16.745103       1915.7569       1915.7569
    0.036777891       974.62348      -19.265041       65.834671     -0.35039092      0.90138947      -2.5071387       16.745103        16.745103       1915.7568       1915.7568
    0.036595917        974.6218      -19.268394       65.693231     -0.35003431      0.90282437      -2.5170426       16.745103        16.745103       1915.7534       1915.7534
    0.036415778       974.62009      -19.281162        65.29382     -0.35297029       0.8987815      -2.4841323       16.745103        16.745103         1915.75         1915.75
    0.036181098       974.61991      -19.275903       65.565301     -0.35877878      0.89208186      -2.4257885       16.745103        16.745103       1915.7496       1915.7496
    0.035959058       974.61942      -19.268844       65.762407     -0.35778168      0.89432135      -2.4426195       16.745103        16.745103       1915.7486       1915.7486
    0.035760732        974.6183      -19.265604       65.851926     -0.35452213       0.8943493      -2.4514101       16.745103        16.745103       1915.7464       1915.7464
    0.035543671       974.61775      -19.249746       66.243942     -0.35719524        0.892287      -2.4311486       16.745103        16.745103       1915.7453       1915.7453
     0.03545036       974.61373      -19.276605       65.516231     -0.35570463      0.89697883      -2.4649655       16.745103        16.745103       1915.7373       1915.7373
    0.035229227       974.61334      -19.268377       65.721382     -0.35154266      0.89831659       -2.484862       16.745103        16.745103       1915.7365       1915.7365
    0.035003909       974.61312      -19.263392       65.920699     -0.35388339      0.89653493      -2.4668454       16.745103        16.745103        1915.736        1915.736
     0.03477702       974.61297      -19.277606       65.435487     -0.35485277      0.89864257      -2.4780227       16.745103        16.745103       1915.7357       1915.7357
    0.034547854       974.61294      -19.267538        65.80925     -0.36075263      0.88636886       -2.384335       16.745103        16.745103       1915.7357       1915.7357
    0.034335701       974.61246      -19.274507       65.563694     -0.35479524       0.8984998      -2.4771502       16.745103        16.745103       1915.7347       1915.7347
    0.034109024       974.61244      -19.247792       66.330526     -0.35505494      0.89444022      -2.4504558       16.745103        16.745103       1915.7347       1915.7347
    0.033955979       974.61029      -19.258833       65.952053     -0.35572336      0.89425654      -2.4479651       16.745103        16.745103       1915.7304       1915.7304
    0.033748107       974.60978      -19.261769        65.90992     -0.35371214       0.8994646       -2.485884       16.745103        16.745103       1915.7294       1915.7294
    0.033532227       974.60956      -19.256759       66.057481     -0.35044755      0.90166017      -2.5089215       16.745103        16.745103       1915.7289       1915.7289
    0.033311707       974.60951      -19.255723       66.045807     -0.35538536      0.89624032      -2.4613042       16.745103        16.745103       1915.7288       1915.7288
    0.033166288       974.60724      -19.273199       65.556517     -0.35349396      0.89634211      -2.4672896       16.745103        16.745103       1915.7243       1915.7243
    0.032955443       974.60697      -19.277443       65.359592     -0.35154243      0.90190177      -2.5075222       16.745103        16.745103       1915.7237       1915.7237
    0.032766802       974.60607      -19.283108        65.27696     -0.35318336      0.89762817      -2.4760505       16.745103        16.745103       1915.7219       1915.7219
    0.032618068       974.60397      -19.258592       66.071082     -0.36077196      0.88690011      -2.3872476       16.745103        16.745103       1915.7177       1915.7177
    0.032418319       974.60347      -19.254756       66.058474      -0.3523597      0.89972335      -2.4914476       16.745103        16.745103       1915.7167       1915.7167
    0.032210972       974.60324      -19.274479       65.533136      -0.3520968      0.90164635      -2.5045028       16.745103        16.745103       1915.7163       1915.7163
    0.032003316       974.60307      -19.274715       65.480911     -0.35079288      0.90273449      -2.5145151       16.745103        16.745103       1915.7159       1915.7159
    0.031843332       974.60143       -19.26426       65.835332     -0.35690638      0.89043358      -2.4204049       16.745103        16.745103       1915.7127       1915.7127
    0.031662376       974.60049      -19.266526       65.730816     -0.34923885      0.90184104      -2.5131343       16.745103        16.745103       1915.7108       1915.7108
    0.031454542       974.60043      -19.248843       66.280136     -0.35390531      0.89593988      -2.4631224       16.745103        16.745103       1915.7107       1915.7107
    0.031276786       974.59945      -19.273214       65.585308     -0.35065008      0.90206141      -2.5108529       16.745103        16.745103       1915.7087       1915.7087
    0.031101606       974.59843      -19.261442       65.871053     -0.35420101      0.89500879        -2.45636       16.745103        16.745103       1915.7066       1915.7066
    0.030923035       974.59754      -19.279402        65.42033     -0.35313979      0.89874694      -2.4831548       16.745103        16.745103       1915.7049       1915.7049
    0.030739143       974.59686      -19.269382       65.598545     -0.35212245      0.89881635      -2.4864518       16.745103        16.745103       1915.7035       1915.7035
    0.030552797       974.59629      -19.257638       66.044092     -0.35176394      0.89893285        -2.48819       16.745103        16.745103       1915.7024       1915.7024
    0.030381905       974.59526      -19.264203       65.936588      -0.3588501      0.88971515      -2.4104592       16.745103        16.745103       1915.7003       1915.7003
    0.030216373       974.59408      -19.284087       65.262911     -0.35606132      0.89612961      -2.4586194       16.745103        16.745103        1915.698        1915.698
    0.030017011       974.59405      -19.267903       65.716847     -0.35205613      0.89740408      -2.4773651       16.745103        16.745103       1915.6979       1915.6979
    0.029861055       974.59262      -19.256743       66.042647      -0.3540452      0.89869653      -2.4804789       16.745103        16.745103        1915.695        1915.695
    0.029679721       974.59206       -19.26154       65.863648     -0.35500715      0.89541202      -2.4566381       16.745103        16.745103       1915.6939       1915.6939
    0.029496921        974.5916      -19.262128       65.812614     -0.35158332      0.90080045      -2.5003603       16.745103        16.745103        1915.693        1915.693
    0.029306682       974.59142      -19.257253       66.018995     -0.35182017       0.8990603      -2.4889054       16.745103        16.745103       1915.6926       1915.6926
    0.029138864       974.59052      -19.259268       65.981913     -0.35260589      0.89633425      -2.4691753       16.745103        16.745103       1915.6908       1915.6908
    0.028971213       974.58965      -19.247811       66.373584     -0.35851174      0.89079295      -2.4182181       16.745103        16.745103       1915.6891       1915.6891
    0.028783508        974.5895      -19.275031       65.574706     -0.35688167       0.8937695      -2.4412366       16.745103        16.745103       1915.6888       1915.6888
    0.028611147       974.58886      -19.271729       65.553158     -0.35546043      0.89591115      -2.4586399       16.745103        16.745103       1915.6875       1915.6875
    0.028446952       974.58798      -19.258832       66.088597      -0.3611675      0.88792909      -2.3927323       16.745103        16.745103       1915.6857       1915.6857
    0.028263113       974.58781      -19.262131       65.961906     -0.35580017      0.89415682      -2.4465422       16.745103        16.745103       1915.6854       1915.6854
    0.028076146       974.58781      -19.263135       65.895567     -0.35945692      0.88753672      -2.3952254       16.745103        16.745103       1915.6854       1915.6854
    0.027894128       974.58767      -19.265124       65.870349     -0.36255532      0.88583195      -2.3760446       16.745103        16.745103       1915.6851       1915.6851
    0.027718203       974.58735      -19.278269       65.355683     -0.35010182      0.90183673      -2.5109602       16.745103        16.745103       1915.6845       1915.6845
    0.027556691       974.58655        -19.2646        65.89438     -0.36193821      0.88525134      -2.3738648       16.745103        16.745103       1915.6829       1915.6829
    0.027380736       974.58631      -19.267396       65.763847     -0.35139426      0.89961223      -2.4934704       16.745103        16.745103       1915.6824       1915.6824
    0.027213012       974.58581      -19.267693       65.699109     -0.35237532      0.90135924      -2.5015654       16.745103        16.745103       1915.6814       1915.6814
    0.027046753       974.58529      -19.248004       66.371122     -0.35703014       0.8922742      -2.4315794       16.745103        16.745103       1915.6804       1915.6804
    0.026892685       974.58436      -19.270757       65.609652      -0.3584064      0.89012044      -2.4143455       16.745103        16.745103       1915.6785       1915.6785
    0.026723915       974.58401      -19.280025       65.311427     -0.35135672      0.90077983      -2.5010396       16.745103        16.745103       1915.6778       1915.6778
    0.026563589       974.58339      -19.258469       66.000148     -0.35191441       0.8982642      -2.4835772       16.745103        16.745103       1915.6766       1915.6766
    0.026413874       974.58239      -19.270521         65.5939     -0.35538779        0.896332       -2.461487       16.745103        16.745103       1915.6746       1915.6746
    0.026246628        974.5821      -19.262437       65.837012     -0.35610599      0.89280908      -2.4375584       16.745103        16.745103        1915.674        1915.674
    0.026119723        974.5803      -19.269146       65.782939     -0.35846477      0.89077968      -2.4181956       16.745103        16.745103       1915.6704       1915.6704
    0.025981515       974.57896       -19.25792        66.05352     -0.36138773      0.88833492       -2.394913       16.745103        16.745103       1915.6677       1915.6677
     0.02581901       974.57859      -19.276881       65.481392     -0.35494584      0.89822814      -2.4749367       16.745103        16.745103        1915.667        1915.667
    0.025667497       974.57783      -19.270312       65.712187     -0.35986469      0.89088028      -2.4152898       16.745103        16.745103       1915.6655       1915.6655
    0.025560189       974.57538      -19.261477        65.89733     -0.35668393      0.89577389      -2.4546121       16.745103        16.745103       1915.6606       1915.6606
    0.025412381       974.57453      -19.267831        65.71397     -0.35800255      0.88991049      -2.4139754       16.745103        16.745103       1915.6589       1915.6589
    0.025253641       974.57416      -19.251442       66.213767     -0.35403354      0.89532892      -2.4591417       16.745103        16.745103       1915.6581       1915.6581
    0.025118907       974.57286      -19.284713       65.224195     -0.35680293      0.89369378      -2.4413049       16.745103        16.745103       1915.6555       1915.6555
    0.024957472       974.57266      -19.265864       65.836748     -0.35619177      0.89363347      -2.4421324       16.745103        16.745103       1915.6551       1915.6551
    0.024815816       974.57171      -19.260727       65.982725     -0.35832376       0.8930424      -2.4331252       16.745103        16.745103       1915.6532       1915.6532
    0.024652765       974.57166      -19.275741        65.42268     -0.35028191      0.90151606      -2.5084391       16.745103        16.745103       1915.6531       1915.6531
    0.024489799       974.57165      -19.264546       65.829593     -0.35613513       0.8939539      -2.4442493       16.745103        16.745103       1915.6531       1915.6531
    0.024333684        974.5714      -19.258487       65.960888     -0.35690815      0.89302458      -2.4365211       16.745103        16.745103       1915.6526       1915.6526
    0.024187471       974.57078      -19.266232       65.753196     -0.35798654      0.89372214      -2.4380008       16.745103        16.745103       1915.6514       1915.6514
    0.024031541        974.5706      -19.264047       65.796828     -0.35663304      0.89456155      -2.4469131       16.745103        16.745103        1915.651        1915.651
    0.023879604        974.5703      -19.275708       65.432302      -0.3524922      0.89903793      -2.4869819       16.745103        16.745103       1915.6504       1915.6504
    0.023730167       974.56993      -19.248903       66.293513     -0.35655466      0.89284805      -2.4365686       16.745103        16.745103       1915.6497       1915.6497
    0.023603502       974.56864      -19.270479       65.630835     -0.35604416      0.89236308      -2.4350605       16.745103        16.745103       1915.6471       1915.6471
    0.023456617       974.56824      -19.260422         65.9415     -0.35477106      0.89691253       -2.466719       16.745103        16.745103       1915.6463       1915.6463
    0.023343929       974.56641      -19.278768       65.395588        -0.35657      0.89241893       -2.433922       16.745103        16.745103       1915.6426       1915.6426
    0.023197309       974.56607      -19.253243       66.186372     -0.35699655      0.89190143       -2.429575       16.745103        16.745103       1915.6419       1915.6419
     0.02306878       974.56498       -19.26497       65.832471     -0.35264542      0.89745953       -2.476534       16.745103        16.745103       1915.6397       1915.6397
    0.022933531       974.56421      -19.265084       65.861485     -0.35377577      0.89817026      -2.4775861       16.745103        16.745103       1915.6382       1915.6382
      0.0228111       974.56292      -19.260641        65.95796     -0.35827873      0.89364361      -2.4368403       16.745103        16.745103       1915.6356       1915.6356
    0.022670698       974.56245      -19.273224       65.647852     -0.36020268      0.88874063      -2.4005742       16.745103        16.745103       1915.6347       1915.6347
    0.022526931       974.56217      -19.273809       65.481091     -0.35305303      0.89864047      -2.4824845       16.745103        16.745103       1915.6341       1915.6341
     0.02238522       974.56183      -19.269064       65.657307      -0.3550945      0.89817026      -2.4741357       16.745103        16.745103       1915.6335       1915.6335
    0.022274981       974.56013      -19.255595       66.106264     -0.35426039       0.8943235      -2.4520058       16.745103        16.745103         1915.63         1915.63
    0.022158389       974.55873      -19.277405       65.422562     -0.35324365      0.89873398      -2.4824878       16.745103        16.745103       1915.6273       1915.6273
    0.022012415       974.55869      -19.264014        65.80876     -0.35817451      0.89148029      -2.4236862       16.745103        16.745103       1915.6272       1915.6272
    0.021885983       974.55781      -19.268618       65.718521     -0.35473493      0.89713746      -2.4682629       16.745103        16.745103       1915.6254       1915.6254
    0.021741346        974.5578      -19.257591       66.084308     -0.35351448      0.89691229      -2.4704361       16.745103        16.745103       1915.6254       1915.6254
    0.021605609       974.55741      -19.274726       65.552736     -0.36134747      0.88756387      -2.3902168       16.745103        16.745103       1915.6246       1915.6246
    0.021467607       974.55718      -19.267445       65.700584      -0.3499914      0.90084752      -2.5049426       16.745103        16.745103       1915.6241       1915.6241
    0.021330374       974.55695      -19.280316       65.313952     -0.35134033       0.9020357      -2.5088225       16.745103        16.745103       1915.6237       1915.6237
    0.021191915       974.55681      -19.261591       65.975869     -0.36279027      0.88560096      -2.3737704       16.745103        16.745103       1915.6234       1915.6234
    0.021054042        974.5567      -19.255709       66.090773     -0.35385704      0.89626755      -2.4651413       16.745103        16.745103       1915.6232       1915.6232
    0.020916335       974.55661      -19.259464       65.973625     -0.35553972      0.89713331      -2.4662902       16.745103        16.745103        1915.623        1915.623
    0.020786135       974.55621      -19.273428       65.572941     -0.35444468      0.89554436      -2.4590243       16.745103        16.745103       1915.6222       1915.6222
    0.020664722       974.55543      -19.270999       65.624232     -0.35731096      0.89080658      -2.4215458       16.745103        16.745103       1915.6206       1915.6206
    0.020570169       974.55337       -19.26099       65.950579      -0.3536076      0.89547675      -2.4609518       16.745103        16.745103       1915.6165       1915.6165
    0.020438269       974.55316      -19.256937       66.084901     -0.35716315      0.89305339      -2.4364444       16.745103        16.745103       1915.6161       1915.6161
    0.020321704       974.55223      -19.269222       65.621298     -0.35359982       0.8980391      -2.4776411       16.745103        16.745103       1915.6143       1915.6143
    0.020190267       974.55208      -19.255608       66.058194     -0.35579454      0.89576047      -2.4570396       16.745103        16.745103       1915.6139       1915.6139
    0.020063003       974.55176      -19.269706       65.709018     -0.35975084      0.89074939      -2.4148158       16.745103        16.745103       1915.6133       1915.6133
    0.019938642       974.55133      -19.276664       65.491164     -0.35819047       0.8903496      -2.4164735       16.745103        16.745103       1915.6125       1915.6125
     0.01981326       974.55099      -19.269364       65.756194     -0.36201079       0.8872557       -2.386294       16.745103        16.745103       1915.6118       1915.6118
    0.019692906       974.55044      -19.261829       65.856452     -0.35453935      0.89596351      -2.4619458       16.745103        16.745103       1915.6107       1915.6107
    0.019571505       974.54998      -19.257696       65.993316      -0.3564197      0.89306521        -2.43842       16.745103        16.745103       1915.6098       1915.6098
    0.019450679       974.54953      -19.259624       66.047605     -0.35967317      0.88921654      -2.4052994       16.745103        16.745103       1915.6089       1915.6089
    0.019330111        974.5491      -19.274185        65.59819     -0.36119936      0.88734741      -2.3892215       16.745103        16.745103        1915.608        1915.608
    0.019215753       974.54839       -19.26778       65.678746     -0.35709156      0.89345845      -2.4387843       16.745103        16.745103       1915.6066       1915.6066
    0.019089705       974.54833      -19.263894       65.871692     -0.35543127      0.89742484      -2.4684911       16.745103        16.745103       1915.6064       1915.6064
    0.018971261       974.54791      -19.266946       65.784359     -0.35234873      0.89944244       -2.489831       16.745103        16.745103       1915.6056       1915.6056
    0.018863587       974.54695      -19.257292       66.052026     -0.35771947      0.89286261      -2.4336865       16.745103        16.745103       1915.6037       1915.6037
    0.018739476       974.54691      -19.270956       65.664357      -0.3523056      0.90037955      -2.4957333       16.745103        16.745103       1915.6036       1915.6036
    0.018624428       974.54642      -19.261302       65.873609     -0.35437826       0.8951423      -2.4570913       16.745103        16.745103       1915.6026       1915.6026
    0.018508554       974.54602      -19.276092       65.409765     -0.35294425      0.89850634      -2.4822304       16.745103        16.745103       1915.6018       1915.6018
    0.018402114       974.54514      -19.272047       65.652764     -0.36108318       0.8883298      -2.3954865       16.745103        16.745103       1915.6001       1915.6001
    0.018291644       974.54452      -19.271657       65.650239     -0.35570897      0.89616227      -2.4600546       16.745103        16.745103       1915.5988       1915.5988
    0.018173282       974.54437      -19.274461       65.463302     -0.35357446      0.89897173      -2.4832714       16.745103        16.745103       1915.5985       1915.5985
    0.018068667        974.5435       -19.26809       65.804626     -0.35941941      0.89045181      -2.4137221       16.745103        16.745103       1915.5968       1915.5968
    0.017956575       974.54308      -19.261632       65.984454     -0.35558762      0.89443356      -2.4490333       16.745103        16.745103       1915.5959       1915.5959
    0.017838306       974.54304      -19.263492       65.833448     -0.35667833      0.89341031      -2.4394273       16.745103        16.745103       1915.5959       1915.5959
     0.01772303       974.54288      -19.263262        65.89545     -0.36107701      0.88782353      -2.3926819       16.745103        16.745103       1915.5955       1915.5955
    0.017605972       974.54286      -19.269356       65.694472     -0.35788533      0.89020086      -2.4164287       16.745103        16.745103       1915.5955       1915.5955
    0.017492619       974.54267       -19.26453       65.850896     -0.36010464      0.89011662      -2.4098183       16.745103        16.745103       1915.5951       1915.5951
    0.017387951       974.54203      -19.274503       65.593581      -0.3560752      0.89515486      -2.4523848       16.745103        16.745103       1915.5939       1915.5939
    0.017279177       974.54166      -19.273279       65.610658     -0.35355702       0.8975005      -2.4740116       16.745103        16.745103       1915.5931       1915.5931
      0.0171675        974.5415      -19.265054       65.878649     -0.35883741      0.88889276      -2.4052932       16.745103        16.745103       1915.5928       1915.5928
    0.017053923       974.54149       -19.27183       65.606892     -0.35503425      0.89427387      -2.4499751       16.745103        16.745103       1915.5928       1915.5928
    0.016964985       974.54008      -19.275505       65.565994     -0.35992961      0.88896003      -2.4028126       16.745103        16.745103         1915.59         1915.59
    0.016853564       974.54002      -19.264412       65.874177     -0.35319279      0.89842044      -2.4810094       16.745103        16.745103       1915.5898       1915.5898
    0.016743373       974.53994      -19.264874       65.760696     -0.35264538      0.90001738      -2.4922903       16.745103        16.745103       1915.5897       1915.5897
    0.016646857       974.53908      -19.279909       65.374246     -0.35687072      0.89524291       -2.450757       16.745103        16.745103       1915.5879       1915.5879
    0.016546317       974.53849      -19.268248       65.706668      -0.3527648      0.89949296      -2.4891694       16.745103        16.745103       1915.5868       1915.5868
    0.016442625       974.53813      -19.278654       65.386899      -0.3512772      0.90027222      -2.4978318       16.745103        16.745103       1915.5861       1915.5861
    0.016345632        974.5374      -19.262839       65.902092     -0.35975117      0.89028198      -2.4118508       16.745103        16.745103       1915.5846       1915.5846
    0.016253092       974.53644      -19.253917       66.145114     -0.35356747       0.8959396      -2.4642446       16.745103        16.745103       1915.5827       1915.5827
    0.016157737       974.53568      -19.264543       65.827887     -0.36025592       0.8902975      -2.4103036       16.745103        16.745103       1915.5811       1915.5811
    0.016053587        974.5355      -19.265899       65.792033     -0.35510891      0.89601052      -2.4608105       16.745103        16.745103       1915.5808       1915.5808
    0.015967697       974.53422       -19.26921       65.701695     -0.35884874      0.89106136      -2.4186996       16.745103        16.745103       1915.5782       1915.5782
    0.015881512       974.53298      -19.270715       65.727061     -0.35936683      0.89017249      -2.4119166       16.745103        16.745103       1915.5758       1915.5758
    0.015782599       974.53259      -19.273333       65.562183     -0.35430547      0.89890217      -2.4808344       16.745103        16.745103        1915.575        1915.575
    0.015679876       974.53247      -19.277827       65.409269     -0.35126352       0.9005876      -2.4997457       16.745103        16.745103       1915.5747       1915.5747
    0.015577635       974.53237      -19.256422       66.083471      -0.3520081      0.89889862      -2.4871056       16.745103        16.745103       1915.5745       1915.5745
    0.015497374       974.53089      -19.274736       65.547817     -0.35252763      0.89970542       -2.490791       16.745103        16.745103       1915.5716       1915.5716
    0.015434067       974.52834      -19.267353       65.781903      -0.3572402       0.8943247       -2.444233       16.745103        16.745103       1915.5665       1915.5665
    0.015332442        974.5283      -19.262604       65.917593     -0.35725656      0.89487953      -2.4474194       16.745103        16.745103       1915.5664       1915.5664
    0.015231212       974.52828      -19.260991        65.88026     -0.35093433      0.90181402      -2.5085751       16.745103        16.745103       1915.5664       1915.5664
    0.015136998       974.52784      -19.268097       65.789198     -0.36182026      0.88750787      -2.3884711       16.745103        16.745103       1915.5655       1915.5655
    0.015036789       974.52784      -19.265562       65.864582     -0.35811299      0.89044676      -2.4173067       16.745103        16.745103       1915.5655       1915.5655
    0.014937847        974.5278      -19.278493       65.428922     -0.35831397       0.8911778      -2.4210739       16.745103        16.745103       1915.5654       1915.5654
    0.014851876       974.52692      -19.265264       65.851679      -0.3586881      0.88973284      -2.4108006       16.745103        16.745103       1915.5636       1915.5636
    0.014756958       974.52669      -19.257589       66.040487     -0.35548929      0.89275293      -2.4387704       16.745103        16.745103       1915.5632       1915.5632
    0.014687243       974.52478      -19.271252        65.69993      -0.3602745      0.88919938      -2.4032365       16.745103        16.745103       1915.5594       1915.5594
    0.014591185        974.5247      -19.268286       65.696444      -0.3588229      0.89082871      -2.4174099       16.745103        16.745103       1915.5592       1915.5592
    0.014502652       974.52414      -19.261546       65.865262     -0.35120825      0.90168159      -2.5070033       16.745103        16.745103       1915.5581       1915.5581
    0.014407666       974.52407      -19.267113       65.761244     -0.36106328      0.88732695      -2.3893919       16.745103        16.745103       1915.5579       1915.5579
    0.014317486        974.5237      -19.259675       65.997605     -0.35603746      0.89330388         -2.4411       16.745103        16.745103       1915.5572       1915.5572
    0.014224392       974.52358      -19.278154       65.378403     -0.35215498      0.89885923      -2.4865404       16.745103        16.745103        1915.557        1915.557
    0.014133957       974.52331      -19.277739       65.467896     -0.35691399       0.8935361      -2.4401481       16.745103        16.745103       1915.5564       1915.5564
    0.014042833       974.52314      -19.276275       65.473905     -0.35857978      0.89200744      -2.4259221       16.745103        16.745103       1915.5561       1915.5561
    0.013953749       974.52286      -19.260309       66.022246     -0.35580937      0.89430366      -2.4478103       16.745103        16.745103       1915.5555       1915.5555
    0.013876128       974.52179      -19.283314       65.258248     -0.35499691      0.89686254       -2.466232       16.745103        16.745103       1915.5534       1915.5534
    0.013805383       974.52026      -19.277182       65.491135     -0.35486574      0.89669586      -2.4655567       16.745103        16.745103       1915.5503       1915.5503
    0.013714206       974.52024      -19.268793       65.646656     -0.35128077      0.89935602       -2.492054       16.745103        16.745103       1915.5503       1915.5503
    0.013634197       974.51945      -19.268751       65.681856     -0.35404816      0.89630372      -2.4655168       16.745103        16.745103       1915.5487       1915.5487
    0.013545193       974.51935      -19.280356       65.329215      -0.3558759       0.8943295      -2.4477875       16.745103        16.745103       1915.5485       1915.5485
    0.013457956       974.51917      -19.258577       65.993385     -0.35384936      0.89531861      -2.4593219       16.745103        16.745103       1915.5481       1915.5481
    0.013372134       974.51892      -19.267834       65.766687     -0.35436027      0.89796338      -2.4749773       16.745103        16.745103       1915.5476       1915.5476
    0.013289376       974.51848      -19.271624       65.550731     -0.35138074      0.90164458      -2.5063776       16.745103        16.745103       1915.5468       1915.5468
    0.013212765       974.51762      -19.268007       65.667215     -0.35568552      0.89630095      -2.4607739       16.745103        16.745103        1915.545        1915.545
    0.013126057       974.51756       -19.25985       66.024753     -0.35806232      0.89089735      -2.4198448       16.745103        16.745103       1915.5449       1915.5449
    0.013072875       974.51498      -19.266102       65.735723     -0.35498558      0.89432232      -2.4500197       16.745103        16.745103       1915.5397       1915.5397
    0.012989003       974.51477      -19.259789       65.986216     -0.35605201      0.89314769      -2.4400651       16.745103        16.745103       1915.5393       1915.5393
    0.012903052       974.51476      -19.276196       65.462546     -0.35716644       0.8946221      -2.4459811       16.745103        16.745103       1915.5393       1915.5393
    0.012831683       974.51366      -19.276425       65.533508     -0.35740534      0.89313623      -2.4360492       16.745103        16.745103       1915.5371       1915.5371
    0.012750768       974.51335      -19.277598       65.397517     -0.35247014      0.90053481      -2.4964334       16.745103        16.745103       1915.5365       1915.5365
    0.012670886       974.51299      -19.269187       65.666572     -0.35161726      0.90198596      -2.5077243       16.745103        16.745103       1915.5358       1915.5358
    0.012588233       974.51289      -19.266816       65.749791       -0.360218       0.8894204      -2.4049002       16.745103        16.745103       1915.5356       1915.5356
    0.012506756       974.51273      -19.276835        65.47734     -0.35301929      0.89789703      -2.4780459       16.745103        16.745103       1915.5353       1915.5353
    0.012429299        974.5123      -19.274019       65.555022     -0.35606903      0.89646987      -2.4609293       16.745103        16.745103       1915.5344       1915.5344
    0.012356152       974.51156      -19.265327       65.753842     -0.35561039      0.89387162      -2.4455054       16.745103        16.745103       1915.5329       1915.5329
     0.01227536       974.51148      -19.266093       65.815426     -0.35499376      0.89427649      -2.4495931       16.745103        16.745103       1915.5327       1915.5327
    0.012196098       974.51131      -19.267413       65.767933     -0.35261236      0.89874416       -2.484677       16.745103        16.745103       1915.5324       1915.5324
    0.012119022         974.511      -19.255274        66.09604      -0.3542155      0.89789716      -2.4747897       16.745103        16.745103       1915.5318       1915.5318
    0.012041901       974.51074      -19.270797       65.632417     -0.35546362      0.89636063      -2.4620175       16.745103        16.745103       1915.5313       1915.5313
    0.011975036       974.50967      -19.252843       66.177056     -0.35424354      0.89542572      -2.4591252       16.745103        16.745103       1915.5291       1915.5291
    0.011900658       974.50925      -19.273409       65.624191     -0.36034692      0.88958105      -2.4056148       16.745103        16.745103       1915.5283       1915.5283
    0.011822387       974.50921      -19.257879       66.030263     -0.35872087      0.89080122       -2.417887       16.745103        16.745103       1915.5282       1915.5282
    0.011744315       974.50919       -19.27568       65.537901     -0.35495048      0.89536491      -2.4567876       16.745103        16.745103       1915.5282       1915.5282
     0.01167062       974.50884      -19.279738       65.375361     -0.35738435      0.89336185      -2.4377217       16.745103        16.745103       1915.5275       1915.5275
     0.01162953       974.50572      -19.265578       65.783356     -0.35580031      0.89299748      -2.4393397       16.745103        16.745103       1915.5212       1915.5212
    0.011553305       974.50565      -19.265362       65.775456     -0.35576269       0.8963332      -2.4609213       16.745103        16.745103       1915.5211       1915.5211
    0.011477691       974.50557       -19.27295       65.534747     -0.35158792      0.90010453      -2.4961353       16.745103        16.745103       1915.5209       1915.5209
    0.011414412       974.50446      -19.259285       66.045166     -0.35897806      0.88908525      -2.4060522       16.745103        16.745103       1915.5187       1915.5187
      0.0113452        974.5039      -19.262494       65.871866     -0.35678648      0.89519718      -2.4508419       16.745103        16.745103       1915.5176       1915.5176
    0.011272037       974.50372      -19.272974       65.569137     -0.35081391      0.90148769      -2.5067855       16.745103        16.745103       1915.5172       1915.5172
    0.011204859       974.50305      -19.261375       65.972166     -0.36169643      0.88710166      -2.3862632       16.745103        16.745103       1915.5159       1915.5159
    0.011131461       974.50298      -19.279709       65.346561     -0.35469697      0.89670876      -2.4658749       16.745103        16.745103       1915.5158       1915.5158
    0.011067142       974.50213      -19.268489       65.646061     -0.35535593      0.89583252      -2.4586303       16.745103        16.745103       1915.5141       1915.5141
    0.010998033       974.50175      -19.256695       66.109728     -0.35871762      0.88950603      -2.4093795       16.745103        16.745103       1915.5133       1915.5133
    0.010936671        974.5007      -19.271377       65.555555     -0.35149775      0.90058641       -2.499329       16.745103        16.745103       1915.5112       1915.5112
    0.010867807       974.50037      -19.280522        65.34156      -0.3569398      0.89429827       -2.444618       16.745103        16.745103       1915.5105       1915.5105
    0.010800971        974.4999      -19.277619       65.411067     -0.35595469      0.89385384      -2.4445307       16.745103        16.745103       1915.5096       1915.5096
    0.010732037       974.49966      -19.266872       65.768658     -0.35422577      0.89559542      -2.4604902       16.745103        16.745103       1915.5091       1915.5091
    0.010664121       974.49936      -19.274331       65.594299     -0.35976224      0.89012839      -2.4105599       16.745103        16.745103       1915.5085       1915.5085
    0.010594908       974.49923      -19.276022       65.483155     -0.35674341      0.89562496      -2.4536329       16.745103        16.745103       1915.5082       1915.5082
    0.010525076        974.4992      -19.261034       65.915164     -0.35907959      0.89097733       -2.417832       16.745103        16.745103       1915.5082       1915.5082
    0.010458319       974.49891      -19.253045       66.193677     -0.35688206      0.89199649      -2.4301042       16.745103        16.745103       1915.5076       1915.5076
    0.010398221       974.49803      -19.256196       66.113433     -0.35636558      0.89222232      -2.4331694       16.745103        16.745103       1915.5059       1915.5059
    0.010335236       974.49746      -19.276034       65.497388     -0.35380375      0.89891067      -2.4824637       16.745103        16.745103       1915.5047       1915.5047
    0.010273681       974.49679      -19.269938        65.66822     -0.35624604       0.8940688      -2.4454179       16.745103        16.745103       1915.5034       1915.5034
    0.010211513       974.49622       -19.26039        65.91559     -0.35358369      0.89719018      -2.4722651       16.745103        16.745103       1915.5022       1915.5022
    0.010144535       974.49615      -19.255498       66.117483     -0.35916691      0.88903423       -2.405325       16.745103        16.745103       1915.5021       1915.5021
    0.010083478       974.49555      -19.266226       65.742589     -0.35455433      0.89456016      -2.4527809       16.745103        16.745103       1915.5009       1915.5009
    0.010018527       974.49536      -19.260515       66.019925     -0.35750405      0.89289568      -2.4342068       16.745103        16.745103       1915.5005       1915.5005
   0.0099530939       974.49527      -19.267697       65.792415     -0.35671668      0.89257835      -2.4342382       16.745103        16.745103       1915.5003       1915.5003
   0.0098900007       974.49499      -19.263886       65.784641     -0.35488421      0.89592087      -2.4605171       16.745103        16.745103       1915.4998       1915.4998
   0.0098261142       974.49482      -19.274576       65.465707      -0.3540992       0.8979153      -2.4752451       16.745103        16.745103       1915.4994       1915.4994
   0.0097666733       974.49425      -19.276085       65.504942     -0.35518112      0.89441331      -2.4502009       16.745103        16.745103       1915.4983       1915.4983
   0.0097104029       974.49338       -19.28036       65.379597     -0.35776454      0.89288881      -2.4335246       16.745103        16.745103       1915.4966       1915.4966
   0.0096522992       974.49274      -19.269225       65.674588     -0.35490733       0.8942336      -2.4499602       16.745103        16.745103       1915.4953       1915.4953
   0.0095925142       974.49231      -19.261463       65.956511     -0.35812409      0.89118662      -2.4214739       16.745103        16.745103       1915.4944       1915.4944
    0.009534174       974.49176      -19.273409       65.554411     -0.35145251      0.90119222      -2.5030799       16.745103        16.745103       1915.4933       1915.4933
   0.0094774197       974.49109       -19.26741       65.758337     -0.35731693      0.89468177       -2.446186       16.745103        16.745103        1915.492        1915.492
   0.0094185637       974.49067       -19.26209        65.89404     -0.35722237      0.89372272      -2.4404631       16.745103        16.745103       1915.4911       1915.4911
   0.0093573855       974.49054      -19.265466       65.784245     -0.35350228        0.896902      -2.4701585       16.745103        16.745103       1915.4909       1915.4909
    0.009301651       974.48987      -19.267219        65.70474     -0.35369149      0.89930836      -2.4851268       16.745103        16.745103       1915.4895       1915.4895
   0.0092437005       974.48948       -19.26076       66.015479     -0.35754995      0.89225821       -2.430075       16.745103        16.745103       1915.4888       1915.4888
   0.0091922346       974.48842      -19.269327       65.663773     -0.35466089      0.89675601      -2.4660967       16.745103        16.745103       1915.4866       1915.4866
   0.0091358719       974.48792      -19.265955       65.768158     -0.35308307      0.89684722      -2.4714361       16.745103        16.745103       1915.4856       1915.4856
   0.0090755556        974.4879      -19.272503       65.588635     -0.35826618      0.89076675      -2.4189183       16.745103        16.745103       1915.4856       1915.4856
   0.0090158239       974.48786      -19.273214       65.587638     -0.35814787      0.89360197      -2.4369396       16.745103        16.745103       1915.4855       1915.4855
   0.0089596389       974.48747      -19.277553       65.441286     -0.35365135      0.89911526      -2.4840886       16.745103        16.745103       1915.4847       1915.4847
   0.0089014747       974.48734      -19.280813       65.344397     -0.35590865      0.89451153      -2.4488392       16.745103        16.745103       1915.4845       1915.4845
   0.0088434071       974.48724      -19.268419       65.770899     -0.35870844       0.8918987      -2.4248079       16.745103        16.745103       1915.4843       1915.4843
   0.0087899325       974.48666      -19.254009       66.128591     -0.35693016      0.89296978      -2.4362852       16.745103        16.745103       1915.4831       1915.4831
   0.0087343847       974.48635      -19.267361       65.737798     -0.35330994      0.89646776      -2.4684087       16.745103        16.745103       1915.4825       1915.4825
    0.008685424       974.48533      -19.270312       65.612334     -0.35531103      0.89567849      -2.4580422       16.745103        16.745103       1915.4805       1915.4805
   0.0086360438       974.48439       -19.26092       65.893645     -0.35409989      0.89749327      -2.4723729       16.745103        16.745103       1915.4786       1915.4786
   0.0085830115        974.4839       -19.26498       65.794213     -0.35389293      0.89729589      -2.4715778       16.745103        16.745103       1915.4776       1915.4776
   0.0085282235       974.48366      -19.276991        65.44161     -0.35760188      0.89210604      -2.4290324       16.745103        16.745103       1915.4771       1915.4771
   0.0084727093       974.48355      -19.258609       65.979814     -0.35700744       0.8921738      -2.4309558       16.745103        16.745103       1915.4769       1915.4769
   0.0084167554       974.48353      -19.256703       66.065685     -0.35737883      0.89136493      -2.4250503       16.745103        16.745103       1915.4769       1915.4769
   0.0083644733       974.48311      -19.275567       65.484048     -0.35294519      0.89986313      -2.4906086       16.745103        16.745103        1915.476        1915.476
   0.0083098288       974.48302      -19.258274       66.038985     -0.35592058      0.89282004      -2.4382053       16.745103        16.745103       1915.4758       1915.4758
     0.00826264       974.48207      -19.261776       65.932077     -0.36032771      0.88960558       -2.405826       16.745103        16.745103       1915.4739       1915.4739
   0.0082086292       974.48199      -19.261581       65.880836     -0.35507473      0.89689726      -2.4660226       16.745103        16.745103       1915.4738       1915.4738
   0.0081544988       974.48196      -19.260322       65.976697     -0.36015126      0.88853071      -2.3993208       16.745103        16.745103       1915.4737       1915.4737
    0.008100496       974.48196      -19.258092       66.059808     -0.36041601      0.88881138      -2.4005786       16.745103        16.745103       1915.4737       1915.4737
   0.0080476475       974.48186      -19.268205        65.75618     -0.35864147      0.89156652      -2.4229936       16.745103        16.745103       1915.4735       1915.4735
   0.0080000782       974.48114      -19.258528       66.034869      -0.3583661       0.8899435      -2.4130928       16.745103        16.745103       1915.4721       1915.4721
   0.0079556427       974.48007      -19.256877       66.032424     -0.35314974       0.8973284      -2.4739317       16.745103        16.745103       1915.4699       1915.4699
   0.0079034722       974.48001      -19.272188       65.621081     -0.35765891      0.89401521      -2.4410591       16.745103        16.745103       1915.4698       1915.4698
   0.0078533787       974.47972      -19.256147       66.073968     -0.35398953      0.89645106      -2.4660471       16.745103        16.745103       1915.4692       1915.4692
   0.0078034071       974.47946      -19.279285       65.379864     -0.35673138      0.89468419      -2.4476181       16.745103        16.745103       1915.4687       1915.4687
   0.0077545294        974.4791      -19.258351       66.002776     -0.35304985      0.89671507      -2.4704688       16.745103        16.745103        1915.468        1915.468
   0.0077082845       974.47843      -19.278669        65.41896       -0.355061      0.89671316      -2.4651875       16.745103        16.745103       1915.4667       1915.4667
   0.0076593833       974.47815      -19.252423       66.212728      -0.3557022      0.89410163      -2.4467101       16.745103        16.745103       1915.4661       1915.4661
    0.007608684       974.47815      -19.259461       65.998048     -0.35436055      0.89670635      -2.4670696       16.745103        16.745103       1915.4661       1915.4661
   0.0075616804        974.4777      -19.258877        65.98915      -0.3541515      0.89587915      -2.4624106       16.745103        16.745103       1915.4652       1915.4652
   0.0075207528       974.47648      -19.275116       65.508437     -0.35353213        0.898304      -2.4794839       16.745103        16.745103       1915.4628       1915.4628
   0.0074719024       974.47636      -19.278467       65.429447     -0.35512044      0.89650621      -2.4634877       16.745103        16.745103       1915.4625       1915.4625
   0.0074226845       974.47632      -19.271964       65.571267     -0.35137154      0.90129706      -2.5042141       16.745103        16.745103       1915.4624       1915.4624
   0.0073736935        974.4763      -19.268723       65.701943      -0.3597884      0.88924125      -2.4050183       16.745103        16.745103       1915.4624       1915.4624
   0.0073263053        974.4761      -19.272213       65.595389     -0.35922793      0.89143653      -2.4203738       16.745103        16.745103        1915.462        1915.462
    0.007277938       974.47608      -19.267206       65.701387     -0.35575631      0.89523653      -2.4539688       16.745103        16.745103        1915.462        1915.462
   0.0072323551       974.47572      -19.263084       65.860999     -0.35405718      0.89790012      -2.4750136       16.745103        16.745103       1915.4612       1915.4612
   0.0071878017       974.47525       -19.26294       65.826621     -0.35269154      0.89992954       -2.491842       16.745103        16.745103       1915.4603       1915.4603
   0.0071448277       974.47461      -19.260028       65.994111     -0.35369937      0.89717079      -2.4716846       16.745103        16.745103        1915.459        1915.459
   0.0070987327       974.47443      -19.263304       65.885563     -0.36076112      0.88819627      -2.3957492       16.745103        16.745103       1915.4587       1915.4587
   0.0070526073       974.47431      -19.274564       65.548019     -0.35563016      0.89677489      -2.4638787       16.745103        16.745103       1915.4584       1915.4584
   0.0070109616       974.47359       -19.26665       65.743517     -0.35306068      0.89684658      -2.4714469       16.745103        16.745103        1915.457        1915.457
   0.0069704899       974.47273      -19.260333       65.941227     -0.35770928      0.89116873      -2.4228956       16.745103        16.745103       1915.4553       1915.4553
   0.0069244567       974.47271      -19.273091       65.532019      -0.3562156      0.89463511      -2.4489106       16.745103        16.745103       1915.4552       1915.4552
   0.0068820438       974.47221      -19.280115       65.370257     -0.35462993      0.89688038      -2.4673042       16.745103        16.745103       1915.4542       1915.4542
   0.0068389994       974.47184      -19.266339       65.761202     -0.35711074      0.89456293      -2.4457186       16.745103        16.745103       1915.4535       1915.4535
   0.0067947746       974.47168      -19.253029       66.186018     -0.35679054      0.89245761      -2.4333251       16.745103        16.745103       1915.4532       1915.4532
   0.0067527761       974.47124      -19.258728        66.03335     -0.35958819      0.89067695      -2.4145064       16.745103        16.745103       1915.4523       1915.4523
   0.0067104335       974.47089       -19.27227       65.623612     -0.35981392      0.88892654       -2.402971       16.745103        16.745103       1915.4516       1915.4516
   0.0066705436        974.4702      -19.268436       65.656157     -0.35447305      0.89580999      -2.4609499       16.745103        16.745103       1915.4502       1915.4502
   0.0066267816       974.47014      -19.257745       66.053415     -0.35605898      0.89555877      -2.4549467       16.745103        16.745103       1915.4501       1915.4501
   0.0065836559       974.47003      -19.260853       65.956336     -0.35322854      0.89865438      -2.4823383       16.745103        16.745103       1915.4498       1915.4498
   0.0065416889       974.46978      -19.265567       65.823893     -0.36033012      0.88874151      -2.4001573       16.745103        16.745103       1915.4493       1915.4493
    0.006502005       974.46922      -19.257544       66.024267     -0.35613792      0.89287844      -2.4379283       16.745103        16.745103       1915.4482       1915.4482
    0.006462469       974.46867      -19.271045       65.609795     -0.35533968      0.89579349      -2.4582127       16.745103        16.745103       1915.4471       1915.4471
   0.0064227302       974.46819      -19.258434       66.051709     -0.35650105      0.89469378      -2.4482479       16.745103        16.745103       1915.4462       1915.4462
    0.006380377       974.46817       -19.26316       65.937692      -0.3575794      0.89175865      -2.4267797       16.745103        16.745103       1915.4461       1915.4461
   0.0063381596       974.46816       -19.27765       65.446965     -0.35789331      0.89300776      -2.4338383       16.745103        16.745103       1915.4461       1915.4461
   0.0062969622       974.46804      -19.269419       65.719254      -0.3589701      0.88944871      -2.4086232       16.745103        16.745103       1915.4459       1915.4459
   0.0062556169       974.46798      -19.277068        65.44277     -0.35654827      0.89318573      -2.4387675       16.745103        16.745103       1915.4458       1915.4458
   0.0062156756       974.46774       -19.26828       65.780369     -0.36044328      0.88856917      -2.3989438       16.745103        16.745103       1915.4453       1915.4453
   0.0061770493       974.46733      -19.266616       65.745219      -0.3552389        0.897414      -2.4690232       16.745103        16.745103       1915.4445       1915.4445
   0.0061363366        974.4673      -19.272015       65.561293     -0.35514846      0.89715811      -2.4676757       16.745103        16.745103       1915.4444       1915.4444
   0.0060992752       974.46671      -19.267099        65.81071     -0.35674734      0.89272449      -2.4353221       16.745103        16.745103       1915.4432       1915.4432
    0.006061183       974.46633      -19.270801        65.65813     -0.35363809      0.89815951      -2.4782339       16.745103        16.745103       1915.4425       1915.4425
   0.0060226696       974.46606      -19.254169       66.132732     -0.35454402      0.89617037      -2.4628603       16.745103        16.745103       1915.4419       1915.4419
   0.0059837825       974.46589       -19.27816       65.421948     -0.35645505      0.89530756      -2.4524684       16.745103        16.745103       1915.4416       1915.4416
   0.0059451323       974.46573      -19.264869       65.798842     -0.35156393      0.90124171      -2.5031239       16.745103        16.745103       1915.4413       1915.4413
   0.0059066846       974.46557      -19.260309       65.938169     -0.35325322      0.89833653      -2.4799716       16.745103        16.745103       1915.4409       1915.4409
   0.0058683023       974.46545      -19.272228       65.607382      -0.3552305      0.89461039      -2.4510779       16.745103        16.745103       1915.4407       1915.4407
   0.0058312446       974.46514      -19.271781        65.66034     -0.35604257      0.89449405      -2.4484661       16.745103        16.745103       1915.4401       1915.4401
   0.0057928115       974.46511      -19.262816       65.892531     -0.35290661      0.89937507      -2.4876667       16.745103        16.745103         1915.44         1915.44
   0.0057544497       974.46511      -19.263237       65.913895     -0.35864198      0.88951456      -2.4098875       16.745103        16.745103         1915.44         1915.44
   0.0057178006       974.46485      -19.262229       65.873545     -0.35685465      0.89466513      -2.4471541       16.745103        16.745103       1915.4395       1915.4395
   0.0056805676       974.46474      -19.258366       66.014679     -0.35623014      0.89248278      -2.4349949       16.745103        16.745103       1915.4393       1915.4393
   0.0056460956       974.46418      -19.258939       65.991307     -0.35481141      0.89519164      -2.4558268       16.745103        16.745103       1915.4382       1915.4382
   0.0056117562       974.46364       -19.27337       65.563657     -0.35585368      0.89553909      -2.4552346       16.745103        16.745103       1915.4371       1915.4371
   0.0055747049       974.46362      -19.256128       66.057525     -0.35297359      0.89787743      -2.4780112       16.745103        16.745103        1915.437        1915.437
   0.0055378251       974.46361      -19.271231       65.579802     -0.35360455      0.89673813      -2.4691869       16.745103        16.745103        1915.437        1915.437
   0.0055015554       974.46354      -19.255855       66.072541     -0.35438915      0.89558143      -2.4597509       16.745103        16.745103       1915.4369       1915.4369
   0.0054658308       974.46341      -19.257412       66.013099     -0.35331219      0.89811744      -2.4787254       16.745103        16.745103       1915.4366       1915.4366
    0.005433129       974.46276      -19.264477       65.794489     -0.35523739      0.89625166      -2.4614354       16.745103        16.745103       1915.4353       1915.4353
   0.0053980439        974.4626      -19.267244       65.741553     -0.35208884       0.9001008      -2.4943593       16.745103        16.745103        1915.435        1915.435
   0.0053623882       974.46258      -19.253203       66.180335     -0.35551048       0.8949426      -2.4525463       16.745103        16.745103        1915.435        1915.435
   0.0053297024       974.46205      -19.277408       65.466918     -0.35746152      0.89257472      -2.4322667       16.745103        16.745103       1915.4339       1915.4339
   0.0052946176       974.46201      -19.278444       65.423816     -0.35784414      0.89229937      -2.4296194       16.745103        16.745103       1915.4338       1915.4338
   0.0052599917       974.46193      -19.258862       66.032648     -0.35504559      0.89636775      -2.4628763       16.745103        16.745103       1915.4336       1915.4336
   0.0052252761        974.4619      -19.275501       65.533086     -0.35512455      0.89530674      -2.4560164       16.745103        16.745103       1915.4336       1915.4336
    0.005191048       974.46183      -19.270338       65.595199     -0.35304144      0.89856723      -2.4821458       16.745103        16.745103       1915.4335       1915.4335
   0.0051584789       974.46148      -19.272179       65.602859     -0.35325887      0.89698998      -2.4715971       16.745103        16.745103       1915.4328       1915.4328
   0.0051313071       974.46012      -19.267741       65.749134     -0.35864318      0.89133573      -2.4215214       16.745103        16.745103         1915.43         1915.43
   0.0050993141       974.45973      -19.263247       65.867599     -0.35665075       0.8929629      -2.4367277       16.745103        16.745103       1915.4292       1915.4292
   0.0050690424       974.45904      -19.259116       66.041059     -0.35786431      0.89136645      -2.4237384       16.745103        16.745103       1915.4279       1915.4279
   0.0050377037       974.45859      -19.262422       65.858859     -0.35531307      0.89548766      -2.4567832       16.745103        16.745103        1915.427        1915.427
   0.0050059986       974.45826      -19.269521        65.65524     -0.35317475      0.89855019      -2.4815354       16.745103        16.745103       1915.4263       1915.4263
   0.0049746069       974.45791      -19.274544       65.550727     -0.35372704      0.89809886      -2.4774754       16.745103        16.745103       1915.4256       1915.4256
   0.0049447279       974.45729      -19.259556       66.004754      -0.3553513      0.89475936      -2.4520544       16.745103        16.745103       1915.4244       1915.4244
   0.0049184809       974.45597       -19.26823       65.776074     -0.35719438      0.89319384      -2.4370936       16.745103        16.745103       1915.4217       1915.4217
    0.004886476       974.45585      -19.267543       65.772852     -0.35779488      0.89135634       -2.423956       16.745103        16.745103       1915.4215       1915.4215
   0.0048574522       974.45516      -19.254892        66.15218     -0.35657653      0.89267847      -2.4353598       16.745103        16.745103       1915.4201       1915.4201
     0.00482533       974.45515      -19.264303       65.890807     -0.35637901      0.89411017      -2.4448455       16.745103        16.745103       1915.4201       1915.4201
   0.0047947243       974.45487      -19.259113       66.001408     -0.35654772      0.89269921      -2.4353856       16.745103        16.745103       1915.4195       1915.4195
   0.0047634664       974.45477      -19.261621       65.939645     -0.35895414      0.89016351      -2.4132246       16.745103        16.745103       1915.4193       1915.4193
   0.0047319613       974.45476      -19.257462       66.036931     -0.35305374      0.89810539      -2.4793266       16.745103        16.745103       1915.4193       1915.4193
   0.0047030702       974.45424      -19.271217       65.624029     -0.35737666       0.8931694      -2.4365626       16.745103        16.745103       1915.4183       1915.4183
   0.0046751541       974.45355      -19.271373       65.661592     -0.35609925      0.89460599      -2.4490773       16.745103        16.745103       1915.4169       1915.4169
   0.0046444279        974.4535      -19.260663       66.009762     -0.35843585      0.89114748      -2.4205801       16.745103        16.745103       1915.4168       1915.4168
   0.0046139703       974.45343      -19.269377       65.707723     -0.35906279      0.89197741      -2.4242218       16.745103        16.745103       1915.4167       1915.4167
   0.0045845628       974.45318      -19.276743       65.475695     -0.35751506      0.89222503      -2.4299386       16.745103        16.745103       1915.4162       1915.4162
   0.0045547173       974.45307      -19.254911       66.132691     -0.35537659      0.89469145      -2.4514442       16.745103        16.745103       1915.4159       1915.4159
   0.0045253798       974.45289      -19.261415        65.92707     -0.35387905      0.89559243      -2.4611727       16.745103        16.745103       1915.4156       1915.4156
   0.0044955183       974.45286      -19.270148       65.643404     -0.35831224      0.89125428      -2.4216277       16.745103        16.745103       1915.4155       1915.4155
   0.0044664237       974.45271      -19.266403       65.740575     -0.35419274      0.89839554      -2.4779541       16.745103        16.745103       1915.4152       1915.4152
   0.0044380253       974.45244      -19.258435       66.012041     -0.35682161      0.89299616      -2.4369186       16.745103        16.745103       1915.4147       1915.4147
   0.0044091216       974.45233      -19.271448       65.673701     -0.35711928      0.89251868      -2.4330075       16.745103        16.745103       1915.4145       1915.4145
   0.0043804133       974.45222      -19.265324       65.803451     -0.35708922      0.89318755      -2.4369612       16.745103        16.745103       1915.4142       1915.4142
   0.0043521647       974.45205      -19.261542       65.908288     -0.35496114      0.89606007       -2.460903       16.745103        16.745103       1915.4139       1915.4139
   0.0043236627       974.45197      -19.260686       65.928079     -0.35644306      0.89342544      -2.4406684       16.745103        16.745103       1915.4137       1915.4137
    0.004295228       974.45193      -19.277678        65.45557     -0.35515256      0.89628001      -2.4620269       16.745103        16.745103       1915.4136       1915.4136
   0.0042676544       974.45172      -19.264242       65.833512     -0.35920831      0.89023485      -2.4128939       16.745103        16.745103       1915.4132       1915.4132
   0.0042398678       974.45161      -19.263863       65.876817     -0.35765177      0.89158334      -2.4253183       16.745103        16.745103        1915.413        1915.413
   0.0042131414       974.45129      -19.269466       65.734627     -0.35950476      0.89076148      -2.4152762       16.745103        16.745103       1915.4124       1915.4124
   0.0041859223       974.45113      -19.265816       65.772748     -0.35668869      0.89378201      -2.4418369       16.745103        16.745103        1915.412        1915.412
   0.0041608997       974.45048      -19.260164       66.011325     -0.35958938      0.88888235       -2.403161       16.745103        16.745103       1915.4107       1915.4107
    0.004133768       974.45037      -19.260121       65.928659      -0.3548028      0.89586902      -2.4605342       16.745103        16.745103       1915.4105       1915.4105
   0.0041086923       974.44981      -19.272631       65.551311     -0.35125889      0.90087785      -2.5016831       16.745103        16.745103       1915.4094       1915.4094
   0.0040822868       974.44962       -19.26959       65.681678     -0.35965584      0.89008424      -2.4105737       16.745103        16.745103        1915.409        1915.409
    0.004059502       974.44857      -19.260997       65.945392     -0.35756489      0.89344789      -2.4374036       16.745103        16.745103       1915.4069       1915.4069
    0.004032715       974.44855       -19.25844       66.049469     -0.35853919      0.89092349      -2.4190986       16.745103        16.745103       1915.4069       1915.4069
   0.0040064859       974.44843      -19.277623       65.423359     -0.35425854      0.89810997      -2.4761102       16.745103        16.745103       1915.4066       1915.4066
   0.0039809344       974.44818      -19.272954       65.590374     -0.35368515      0.89682615      -2.4694159       16.745103        16.745103       1915.4062       1915.4062
   0.0039565176       974.44769      -19.263729       65.883483     -0.35361291      0.89719136      -2.4719232       16.745103        16.745103       1915.4052       1915.4052
   0.0039352456       974.44643      -19.273796        65.58657     -0.35933873      0.89071906      -2.4155678       16.745103        16.745103       1915.4027       1915.4027
   0.0039095489       974.44634      -19.269328       65.706335     -0.35829722      0.89046134      -2.4166006       16.745103        16.745103       1915.4025       1915.4025
   0.0039120944       974.44569      -19.274978       65.513234     -0.35598529      0.89488369      -2.4507744       16.745103        16.745103       1915.4012       1915.4012
   0.0039133564       974.44537      -19.259326       65.956856     -0.35495072      0.89675301      -2.4655375       16.745103        16.745103       1915.4005       1915.4005
   0.0039161695       974.44465      -19.265461       65.771787     -0.35226999      0.89905227      -2.4872082       16.745103        16.745103       1915.3991       1915.3991
   0.0039187332       974.44399      -19.265849       65.783118     -0.35669579      0.89297588      -2.4367255       16.745103        16.745103       1915.3978       1915.3978
    0.003920974       974.44342      -19.262064       65.903479     -0.35294705      0.89745166      -2.4755108       16.745103        16.745103       1915.3966       1915.3966
   0.0039211021       974.44339      -19.271588        65.63871     -0.35926198      0.88971002      -2.4094246       16.745103        16.745103       1915.3966       1915.3966
   0.0039234768       974.44278      -19.274179       65.508562     -0.35455381      0.89698373      -2.4683146       16.745103        16.745103       1915.3954       1915.3954
   0.0039236654       974.44274      -19.266148       65.826259     -0.35943168      0.89099876      -2.4169496       16.745103        16.745103       1915.3953       1915.3953
   0.0039275894       974.44174      -19.263247       65.903358     -0.35830704      0.89134197      -2.4224399       16.745103        16.745103       1915.3933       1915.3933
   0.0039296168       974.44122      -19.268832       65.693007     -0.35463417      0.89526401      -2.4572277       16.745103        16.745103       1915.3922       1915.3922
   0.0039309252       974.44089      -19.262254       65.939282     -0.35893496      0.89161345        -2.42227       16.745103        16.745103       1915.3916       1915.3916
   0.0039320998       974.44059      -19.261017       65.940769     -0.35659181      0.89316057      -2.4386153       16.745103        16.745103        1915.391        1915.391
   0.0039322692       974.44055      -19.274164       65.521308     -0.35508775      0.89590101      -2.4596512       16.745103        16.745103       1915.3909       1915.3909
    0.003932466        974.4405      -19.274337       65.499291      -0.3539962      0.89674162       -2.468039       16.745103        16.745103       1915.3908       1915.3908
   0.0039337639       974.44017      -19.276852        65.42341     -0.35402947      0.89778103      -2.4745954       16.745103        16.745103       1915.3901       1915.3901
   0.0039344596       974.43999      -19.263735       65.845368     -0.35899586      0.89091383      -2.4176245       16.745103        16.745103       1915.3898       1915.3898
   0.0039368857       974.43937      -19.259448        65.97831     -0.35828586      0.89071112      -2.4183355       16.745103        16.745103       1915.3885       1915.3885
    0.003938575       974.43894      -19.274326       65.563325     -0.35770099      0.89161775      -2.4257055       16.745103        16.745103       1915.3877       1915.3877
   0.0039392618       974.43877      -19.274353       65.521796     -0.35284467      0.89858226      -2.4827675       16.745103        16.745103       1915.3873       1915.3873
   0.0039412294       974.43827       -19.26574       65.749189     -0.35321911      0.89847199      -2.4809929       16.745103        16.745103       1915.3863       1915.3863
   0.0039423242       974.43799       -19.26348       65.857637     -0.35617642      0.89448648      -2.4481445       16.745103        16.745103       1915.3858       1915.3858
   0.0039426743        974.4379      -19.264745       65.879916     -0.35738042      0.89325976      -2.4368697       16.745103        16.745103       1915.3856       1915.3856
   0.0039434849        974.4377      -19.273915       65.547935     -0.35427373      0.89827224      -2.4770421       16.745103        16.745103       1915.3852       1915.3852
   0.0039435397       974.43768      -19.266024       65.832307     -0.35558082      0.89546194      -2.4556936       16.745103        16.745103       1915.3852       1915.3852
   0.0039459164       974.43708      -19.265882       65.802855     -0.35420269      0.89618488      -2.4638083       16.745103        16.745103        1915.384        1915.384
   0.0039461171       974.43703       -19.26874       65.688291     -0.35364384      0.89679543      -2.4692035       16.745103        16.745103       1915.3839       1915.3839
   0.0039461451       974.43702      -19.275781       65.464559     -0.35462286      0.89626495      -2.4633047       16.745103        16.745103       1915.3838       1915.3838
   0.0039461884       974.43701      -19.266163       65.790943     -0.35268068      0.89814972       -2.480556       16.745103        16.745103       1915.3838       1915.3838
   0.0039481882       974.43651       -19.27625       65.474107     -0.35505454        0.896973      -2.4666361       16.745103        16.745103       1915.3828       1915.3828
   0.0039485845       974.43641      -19.265199       65.815351     -0.35783346      0.89210829       -2.428593       16.745103        16.745103       1915.3826       1915.3826
   0.0039509016       974.43582      -19.262862       65.923591     -0.36022288      0.88851714      -2.3991549       16.745103        16.745103       1915.3814       1915.3814
   0.0039509238       974.43581      -19.265541        65.75253     -0.35459528      0.89612988      -2.4627193       16.745103        16.745103       1915.3814       1915.3814
   0.0039509408       974.43581      -19.268575       65.763978     -0.35727207      0.89337374      -2.4378862       16.745103        16.745103       1915.3814       1915.3814
   0.0039514388       974.43568      -19.262878       65.875331     -0.35267194      0.89900009      -2.4858276       16.745103        16.745103       1915.3812       1915.3812
   0.0039523029       974.43546      -19.270811       65.598651     -0.35499552      0.89525996      -2.4560509       16.745103        16.745103       1915.3807       1915.3807
   0.0039538321       974.43508      -19.264831       65.811256     -0.35792983      0.89097822      -2.4210466       16.745103        16.745103       1915.3799       1915.3799
   0.0039553472       974.43469      -19.269647       65.639713     -0.35293201      0.89769887      -2.4771385       16.745103        16.745103       1915.3792       1915.3792
    0.003956733       974.43434       -19.26582       65.796325     -0.35369157      0.89733007      -2.4724286       16.745103        16.745103       1915.3785       1915.3785
   0.0039568972        974.4343      -19.272274       65.608868     -0.35702264      0.89217203      -2.4311163       16.745103        16.745103       1915.3784       1915.3784
   0.0039602696       974.43345      -19.259672       65.988514     -0.35470728      0.89701883      -2.4678688       16.745103        16.745103       1915.3767       1915.3767
   0.0039608886       974.43329       -19.26348       65.879373     -0.35392951       0.8967607      -2.4685292       16.745103        16.745103       1915.3764       1915.3764
   0.0039611041       974.43324      -19.260343       66.001915     -0.35615608      0.89398438      -2.4446977       16.745103        16.745103       1915.3763       1915.3763
   0.0039628127       974.43281       -19.26512       65.788802     -0.35454833      0.89490884      -2.4549836       16.745103        16.745103       1915.3754       1915.3754
   0.0039631802       974.43272      -19.262372       65.935647     -0.35907615      0.89048804      -2.4145912       16.745103        16.745103       1915.3752       1915.3752
    0.003964795       974.43231      -19.258807       66.008797     -0.35476198      0.89494391      -2.4545063       16.745103        16.745103       1915.3744       1915.3744
   0.0039651354       974.43222      -19.263999       65.870283     -0.35973927      0.88956664      -2.4070054       16.745103        16.745103       1915.3742       1915.3742
   0.0039659585       974.43202      -19.271325       65.626929     -0.35431569      0.89796771      -2.4751416       16.745103        16.745103       1915.3738       1915.3738
   0.0039678783       974.43153      -19.259067       66.038124     -0.35739304      0.89269492      -2.4331473       16.745103        16.745103       1915.3729       1915.3729
   0.0039693701       974.43116       -19.27788       65.418666     -0.35498535      0.89660929       -2.464562       16.745103        16.745103       1915.3721       1915.3721
   0.0039708859       974.43077       -19.27222       65.567742     -0.35481713      0.89532722      -2.4570218       16.745103        16.745103       1915.3713       1915.3713
   0.0039717006       974.43057      -19.258119       66.052577     -0.35925692      0.89023093      -2.4125835       16.745103        16.745103       1915.3709       1915.3709
   0.0039773872       974.42914      -19.276705       65.473475     -0.35607031      0.89527165      -2.4531122       16.745103        16.745103       1915.3681       1915.3681
   0.0039810919       974.42821      -19.262441       65.919738     -0.35607125      0.89319473      -2.4398867       16.745103        16.745103       1915.3662       1915.3662
   0.0039845209       974.42735      -19.272177       65.634136     -0.35646886      0.89350734      -2.4408227       16.745103        16.745103       1915.3645       1915.3645
   0.0039846174       974.42732      -19.270173       65.611924     -0.35355152      0.89859019      -2.4810744       16.745103        16.745103       1915.3644       1915.3644
   0.0039847193        974.4273      -19.260787       65.959947     -0.35752844      0.89291198      -2.4344324       16.745103        16.745103       1915.3644       1915.3644
   0.0039866645       974.42681      -19.266594       65.714057     -0.35326201      0.89846319      -2.4810129       16.745103        16.745103       1915.3634       1915.3634
   0.0039867093        974.4268      -19.268212       65.680999     -0.35568011      0.89505291      -2.4527259       16.745103        16.745103       1915.3634       1915.3634
   0.0039873248       974.42664      -19.267535       65.757784     -0.35517377      0.89437481      -2.4500625       16.745103        16.745103       1915.3631       1915.3631
   0.0039898377       974.42601      -19.264279       65.862908     -0.35439712      0.89571307      -2.4605767       16.745103        16.745103       1915.3618       1915.3618
   0.0039900314       974.42596      -19.259744       65.956812     -0.35277328      0.89879935      -2.4843849       16.745103        16.745103       1915.3617       1915.3617
   0.0039940129       974.42497      -19.265798       65.794703     -0.35357138      0.89739092      -2.4735288       16.745103        16.745103       1915.3597       1915.3597
   0.0039940144       974.42497      -19.262045       65.893577     -0.35718971      0.89214763       -2.430497       16.745103        16.745103       1915.3597       1915.3597
   0.0039959437       974.42448      -19.265186        65.78776     -0.35655465      0.89399655      -2.4436146       16.745103        16.745103       1915.3588       1915.3588
   0.0039981262       974.42394      -19.260017       65.954667     -0.35753439      0.89270484      -2.4330279       16.745103        16.745103       1915.3577       1915.3577
   0.0039996682       974.42355      -19.265966       65.793355     -0.35400721      0.89817125      -2.4770189       16.745103        16.745103       1915.3569       1915.3569
    0.004002537       974.42283      -19.257902       66.055687     -0.35694325       0.8924214      -2.4328577       16.745103        16.745103       1915.3555       1915.3555
   0.0040038762        974.4225      -19.264652       65.826042     -0.35824762      0.89126958      -2.4217981       16.745103        16.745103       1915.3548       1915.3548
   0.0040039326       974.42249      -19.259929       65.995926     -0.35567141      0.89520528      -2.4536899       16.745103        16.745103       1915.3548       1915.3548
   0.0040040036       974.42247      -19.261524       65.965911     -0.35835078      0.89088388      -2.4191038       16.745103        16.745103       1915.3547       1915.3547
   0.0040044123       974.42237      -19.266091       65.818942     -0.35554746      0.89441123      -2.4492603       16.745103        16.745103       1915.3545       1915.3545
   0.0040078705        974.4215      -19.264151       65.846509     -0.35365503      0.89711325      -2.4715176       16.745103        16.745103       1915.3528       1915.3528
   0.0040081867       974.42142      -19.266708       65.735884     -0.35584264      0.89439859      -2.4484306       16.745103        16.745103       1915.3526       1915.3526
   0.0040087335       974.42129      -19.261658       65.899463     -0.35638633      0.89296099      -2.4376084       16.745103        16.745103       1915.3524       1915.3524
   0.0040098264       974.42102      -19.263748       65.832531     -0.35745472      0.89329652      -2.4369153       16.745103        16.745103       1915.3518       1915.3518
   0.0040172976       974.41915      -19.261278       65.976286     -0.35929981       0.8901694      -2.4121134       16.745103        16.745103       1915.3481       1915.3481
   0.0040179129         974.419      -19.262402       65.911636     -0.35580439      0.89328897      -2.4412804       16.745103        16.745103       1915.3478       1915.3478
   0.0040219442         974.418      -19.263822       65.860806     -0.35691788       0.8920705      -2.4307668       16.745103        16.745103       1915.3458       1915.3458
   0.0040227292        974.4178      -19.263052       65.847152      -0.3557645      0.89500498        -2.45245       16.745103        16.745103       1915.3454       1915.3454
   0.0040250305       974.41723      -19.265941       65.815272     -0.35437766      0.89598748       -2.462222       16.745103        16.745103       1915.3443       1915.3443
   0.0040288924       974.41627       -19.26317       65.848004     -0.35257009      0.89904749      -2.4864332       16.745103        16.745103       1915.3423       1915.3423
    0.004030023       974.41599      -19.268998       65.700203     -0.35907346      0.89043579      -2.4144281       16.745103        16.745103       1915.3418       1915.3418
   0.0040325031       974.41538      -19.266105       65.814115     -0.35452518      0.89645877      -2.4648051       16.745103        16.745103       1915.3405       1915.3405
    0.004033562       974.41511      -19.268016       65.775369     -0.35707832       0.8927975      -2.4348325       16.745103        16.745103         1915.34         1915.34
    0.004033922       974.41502      -19.271513         65.5837     -0.35249644      0.89918334      -2.4875602       16.745103        16.745103       1915.3398       1915.3398
   0.0040366249       974.41435      -19.267618       65.746653     -0.35816055      0.89286571      -2.4323342       16.745103        16.745103       1915.3385       1915.3385
    0.004038878        974.4138      -19.262895       65.914634     -0.35531648       0.8946554      -2.4512647       16.745103        16.745103       1915.3374       1915.3374
   0.0040410978       974.41325      -19.267451       65.739158     -0.35364096      0.89821121      -2.4785126       16.745103        16.745103       1915.3363       1915.3363
   0.0040411767       974.41323      -19.268129       65.758334     -0.35667156      0.89258355      -2.4345544       16.745103        16.745103       1915.3362       1915.3362
   0.0040412767        974.4132      -19.268028       65.707952     -0.35309076      0.89751334       -2.475327       16.745103        16.745103       1915.3362       1915.3362
   0.0040418073       974.41307      -19.270574       65.681522     -0.35712666      0.89262876      -2.4337309       16.745103        16.745103       1915.3359       1915.3359
     0.00404438       974.41243      -19.260865       65.966103     -0.35810221      0.89128901      -2.4225926       16.745103        16.745103       1915.3347       1915.3347
   0.0040453009       974.41221      -19.272936       65.594142     -0.35517966       0.8956184      -2.4576632       16.745103        16.745103       1915.3342       1915.3342
   0.0040553525       974.40973      -19.261146       65.949723     -0.35653947      0.89256896      -2.4348922       16.745103        16.745103       1915.3292       1915.3292
    0.004059164       974.40879      -19.263064        65.90033     -0.35594832      0.89387268       -2.444488       16.745103        16.745103       1915.3274       1915.3274
   0.0040605431       974.40845      -19.260055       65.983913      -0.3552829      0.89474831      -2.4518592       16.745103        16.745103       1915.3267       1915.3267
   0.0040628798       974.40787      -19.271266       65.669923     -0.35685268      0.89347292      -2.4397082       16.745103        16.745103       1915.3255       1915.3255
   0.0040642071       974.40754      -19.275748       65.501352      -0.3556879       0.8949352      -2.4520541       16.745103        16.745103       1915.3249       1915.3249
   0.0040663012       974.40703       -19.26189       65.897424     -0.35305528      0.89817231      -2.4795889       16.745103        16.745103       1915.3239       1915.3239
   0.0040664992       974.40698      -19.264369       65.809162     -0.35594528      0.89543835      -2.4544891       16.745103        16.745103       1915.3238       1915.3238
   0.0040668188        974.4069      -19.264547       65.840293     -0.35358042      0.89806623      -2.4776358       16.745103        16.745103       1915.3236       1915.3236
   0.0040739512       974.40515      -19.267763       65.692186     -0.35501929       0.8955537      -2.4577866       16.745103        16.745103       1915.3201       1915.3201
   0.0040741244       974.40511      -19.274365       65.560205     -0.35629887      0.89468858      -2.4488651       16.745103        16.745103         1915.32         1915.32
   0.0040785817       974.40401      -19.270813       65.652043     -0.35608682      0.89397694      -2.4451132       16.745103        16.745103       1915.3178       1915.3178
   0.0040837125       974.40276      -19.265412       65.789422     -0.35454746      0.89522172      -2.4570558       16.745103        16.745103       1915.3153       1915.3153
   0.0040884964       974.40159      -19.275704       65.485403      -0.3545988      0.89661215      -2.4656352       16.745103        16.745103        1915.313        1915.313
   0.0040885951       974.40156       -19.27298       65.597185     -0.35541848      0.89556719      -2.4567379       16.745103        16.745103       1915.3129       1915.3129
   0.0040906873       974.40105      -19.265399       65.827584     -0.35739367      0.89182781      -2.4279336       16.745103        16.745103       1915.3119       1915.3119
   0.0040960461       974.39974       -19.25831       66.032081     -0.35597894      0.89372782       -2.443579       16.745103        16.745103       1915.3093       1915.3093
   0.0040980604       974.39925      -19.263191       65.863172     -0.35736287      0.89331483      -2.4373548       16.745103        16.745103       1915.3083       1915.3083
   0.0040989184       974.39904      -19.274268       65.530192     -0.35617807      0.89450762       -2.447978       16.745103        16.745103       1915.3079       1915.3079
   0.0041018785       974.39832      -19.262616       65.911244     -0.35619045      0.89311008      -2.4391096       16.745103        16.745103       1915.3064       1915.3064
   0.0041046024       974.39765      -19.262995       65.889494     -0.35701293      0.89366422      -2.4402789       16.745103        16.745103       1915.3051       1915.3051
   0.0041095918       974.39644      -19.266011        65.76445     -0.35463207      0.89640302      -2.4643933       16.745103        16.745103       1915.3027       1915.3027
   0.0041120127       974.39585      -19.273012       65.586984     -0.35604491      0.89410225      -2.4457767       16.745103        16.745103       1915.3015       1915.3015
   0.0041124645       974.39574      -19.270656       65.619089     -0.35365772      0.89734582      -2.4729463       16.745103        16.745103       1915.3013       1915.3013
   0.0041128209       974.39565      -19.272096       65.587468     -0.35413627      0.89707991      -2.4700037       16.745103        16.745103       1915.3011       1915.3011
    0.004115689       974.39496      -19.258658       66.034891     -0.35708632        0.892921      -2.4355365       16.745103        16.745103       1915.2997       1915.2997
    0.004119004       974.39415      -19.264519        65.84218     -0.35611528      0.89313605      -2.4394802       16.745103        16.745103       1915.2981       1915.2981
   0.0041247791       974.39275       -19.26234       65.900828     -0.35843427      0.89126469      -2.4214168       16.745103        16.745103       1915.2953       1915.2953
   0.0041276629       974.39205      -19.271163        65.62632     -0.35330997      0.89848717      -2.4810377       16.745103        16.745103       1915.2939       1915.2939
   0.0041334956       974.39064      -19.263478       65.836013     -0.35338693      0.89739013      -2.4738619       16.745103        16.745103       1915.2911       1915.2911
   0.0041338672       974.39055      -19.264554       65.843552     -0.35616035      0.89330343      -2.4405844       16.745103        16.745103       1915.2909       1915.2909
   0.0041345555       974.39038      -19.271751       65.600477     -0.35373772       0.8973602      -2.4728145       16.745103        16.745103       1915.2906       1915.2906
   0.0041414959       974.38871      -19.266275       65.817875     -0.35823208      0.89112704      -2.4210858       16.745103        16.745103       1915.2872       1915.2872
   0.0041417833       974.38864      -19.266213       65.756133     -0.35465729      0.89723322      -2.4694598       16.745103        16.745103       1915.2871       1915.2871
   0.0041432763       974.38828      -19.265933       65.768358     -0.35441144      0.89661933      -2.4660422       16.745103        16.745103       1915.2863       1915.2863
   0.0041438836       974.38813      -19.269013       65.670617     -0.35642971      0.89418371      -2.4452803       16.745103        16.745103       1915.2861       1915.2861
   0.0041475687       974.38724      -19.266139       65.750472     -0.35381224      0.89715427      -2.4711161       16.745103        16.745103       1915.2843       1915.2843
   0.0041496398       974.38674      -19.263869       65.830502     -0.35551491      0.89564377      -2.4569198       16.745103        16.745103       1915.2833       1915.2833
   0.0041584839       974.38461      -19.264529       65.818515     -0.35477361       0.8970701      -2.4680712       16.745103        16.745103        1915.279        1915.279
   0.0041597936        974.3843      -19.272538       65.577046     -0.35569619      0.89464122      -2.4501787       16.745103        16.745103       1915.2784       1915.2784
   0.0041598013        974.3843      -19.270199       65.653365     -0.35615131      0.89527997      -2.4529328       16.745103        16.745103       1915.2784       1915.2784
   0.0041648654       974.38308      -19.272098       65.599149     -0.35555068      0.89524293      -2.4542964       16.745103        16.745103        1915.276        1915.276
   0.0041668488        974.3826       -19.26829       65.740871     -0.35802706      0.89164995      -2.4250495       16.745103        16.745103        1915.275        1915.275
   0.0041706618       974.38169      -19.267714       65.736489     -0.35435861      0.89752051       -2.472018       16.745103        16.745103       1915.2732       1915.2732
   0.0041715717       974.38147      -19.266407       65.778742     -0.35640087      0.89308438       -2.438363       16.745103        16.745103       1915.2727       1915.2727
   0.0041729635       974.38114      -19.265273       65.792584     -0.35378414      0.89807329       -2.477128       16.745103        16.745103       1915.2721       1915.2721
   0.0041781624       974.37989      -19.268734       65.709203     -0.35506104      0.89652334      -2.4639241       16.745103        16.745103       1915.2696       1915.2696
   0.0041962551       974.37557      -19.267624       65.747495     -0.35773514      0.89300744      -2.4343098       16.745103        16.745103       1915.2609       1915.2609
   0.0042107245       974.37213      -19.265103       65.829525     -0.35728109      0.89327166      -2.4371297       16.745103        16.745103       1915.2541       1915.2541
   0.0042185336       974.37028      -19.268514       65.716448     -0.35736325      0.89347688      -2.4383169       16.745103        16.745103       1915.2503       1915.2503
   0.0042267106       974.36834      -19.267354       65.751786     -0.35688406      0.89302988       -2.436687       16.745103        16.745103       1915.2465       1915.2465
   0.0042361722        974.3661      -19.263354       65.859586     -0.35568432      0.89481758      -2.4512339       16.745103        16.745103        1915.242        1915.242
   0.0042495425       974.36295      -19.268541       65.730223     -0.35662047      0.89418112      -2.4447403       16.745103        16.745103       1915.2357       1915.2357
   0.0042613015       974.36019       -19.26634       65.762536     -0.35623482      0.89418682      -2.4458182       16.745103        16.745103       1915.2302       1915.2302
   0.0042670454       974.35884      -19.266052       65.780066     -0.35448606      0.89615197      -2.4630721       16.745103        16.745103       1915.2275       1915.2275
   0.0042736823       974.35729      -19.264499       65.854625     -0.35655809      0.89371311       -2.441963       16.745103        16.745103       1915.2244       1915.2244
   0.0042779884       974.35628      -19.264705       65.845587     -0.35664996        0.893696      -2.4415766       16.745103        16.745103       1915.2224       1915.2224
